[0.000000] (-) TimerEvent: {}
[0.000144] (aruco_detector) JobQueued: {'identifier': 'aruco_detector', 'dependencies': OrderedDict()}
[0.000182] (ekf_adapter) JobQueued: {'identifier': 'ekf_adapter', 'dependencies': OrderedDict()}
[0.000205] (ibvs) JobQueued: {'identifier': 'ibvs', 'dependencies': OrderedDict()}
[0.000224] (servo_control) JobQueued: {'identifier': 'servo_control', 'dependencies': OrderedDict()}
[0.000241] (vdt_msgs) JobQueued: {'identifier': 'vdt_msgs', 'dependencies': OrderedDict()}
[0.000258] (vdt_takeoff) JobQueued: {'identifier': 'vdt_takeoff', 'dependencies': OrderedDict()}
[0.000274] (xrce_bridge_manager) JobQueued: {'identifier': 'xrce_bridge_manager', 'dependencies': OrderedDict()}
[0.000290] (fsm_state_machine) JobQueued: {'identifier': 'fsm_state_machine', 'dependencies': OrderedDict({'vdt_msgs': '/home/vdt_2026/VDT_project/install/vdt_msgs'})}
[0.000313] (input_state_cache) JobQueued: {'identifier': 'input_state_cache', 'dependencies': OrderedDict({'vdt_msgs': '/home/vdt_2026/VDT_project/install/vdt_msgs'})}
[0.000331] (offboard_manager) JobQueued: {'identifier': 'offboard_manager', 'dependencies': OrderedDict({'vdt_msgs': '/home/vdt_2026/VDT_project/install/vdt_msgs'})}
[0.000349] (rc_parser) JobQueued: {'identifier': 'rc_parser', 'dependencies': OrderedDict({'vdt_msgs': '/home/vdt_2026/VDT_project/install/vdt_msgs'})}
[0.000367] (apf_planner) JobQueued: {'identifier': 'apf_planner', 'dependencies': OrderedDict({'vdt_msgs': '/home/vdt_2026/VDT_project/install/vdt_msgs', 'offboard_manager': '/home/vdt_2026/VDT_project/install/offboard_manager'})}
[0.000397] (gimbal_control) JobQueued: {'identifier': 'gimbal_control', 'dependencies': OrderedDict({'vdt_msgs': '/home/vdt_2026/VDT_project/install/vdt_msgs', 'fsm_state_machine': '/home/vdt_2026/VDT_project/install/fsm_state_machine', 'input_state_cache': '/home/vdt_2026/VDT_project/install/input_state_cache'})}
[0.000539] (kill_switch) JobQueued: {'identifier': 'kill_switch', 'dependencies': OrderedDict({'vdt_msgs': '/home/vdt_2026/VDT_project/install/vdt_msgs', 'rc_parser': '/home/vdt_2026/VDT_project/install/rc_parser'})}
[0.000561] (offboard_safety_monitor) JobQueued: {'identifier': 'offboard_safety_monitor', 'dependencies': OrderedDict({'vdt_msgs': '/home/vdt_2026/VDT_project/install/vdt_msgs', 'offboard_manager': '/home/vdt_2026/VDT_project/install/offboard_manager'})}
[0.000581] (px4_state_bridge) JobQueued: {'identifier': 'px4_state_bridge', 'dependencies': OrderedDict({'vdt_msgs': '/home/vdt_2026/VDT_project/install/vdt_msgs', 'fsm_state_machine': '/home/vdt_2026/VDT_project/install/fsm_state_machine'})}
[0.000600] (vision_interface_bridge) JobQueued: {'identifier': 'vision_interface_bridge', 'dependencies': OrderedDict({'vdt_msgs': '/home/vdt_2026/VDT_project/install/vdt_msgs', 'fsm_state_machine': '/home/vdt_2026/VDT_project/install/fsm_state_machine'})}
[0.000619] (vdt_bringup) JobQueued: {'identifier': 'vdt_bringup', 'dependencies': OrderedDict({'servo_control': '/home/vdt_2026/VDT_project/install/servo_control', 'vdt_msgs': '/home/vdt_2026/VDT_project/install/vdt_msgs', 'xrce_bridge_manager': '/home/vdt_2026/VDT_project/install/xrce_bridge_manager', 'fsm_state_machine': '/home/vdt_2026/VDT_project/install/fsm_state_machine', 'input_state_cache': '/home/vdt_2026/VDT_project/install/input_state_cache', 'offboard_manager': '/home/vdt_2026/VDT_project/install/offboard_manager', 'rc_parser': '/home/vdt_2026/VDT_project/install/rc_parser', 'gimbal_control': '/home/vdt_2026/VDT_project/install/gimbal_control', 'kill_switch': '/home/vdt_2026/VDT_project/install/kill_switch', 'offboard_safety_monitor': '/home/vdt_2026/VDT_project/install/offboard_safety_monitor'})}
[0.001022] (vdt_msgs) JobStarted: {'identifier': 'vdt_msgs'}
[0.007858] (servo_control) JobStarted: {'identifier': 'servo_control'}
[0.014407] (xrce_bridge_manager) JobStarted: {'identifier': 'xrce_bridge_manager'}
[0.020443] (aruco_detector) JobStarted: {'identifier': 'aruco_detector'}
[0.027971] (vdt_msgs) JobProgress: {'identifier': 'vdt_msgs', 'progress': 'cmake'}
[0.028726] (vdt_msgs) Command: {'cmd': ['/usr/bin/cmake', '/home/vdt_2026/VDT_project/ros2_ws/src/vdt_msgs', '-DCMAKE_INSTALL_PREFIX=/home/vdt_2026/VDT_project/install/vdt_msgs'], 'cwd': '/home/vdt_2026/VDT_project/build/vdt_msgs', 'env': OrderedDict({'LESSOPEN': '| /usr/bin/lesspipe %s', 'USER': 'vdt_2026', 'SSH_CLIENT': '100.101.240.43 57783 22', 'XDG_SESSION_TYPE': 'tty', 'SHLVL': '1', 'LD_LIBRARY_PATH': '/home/vdt_2026/ros2_ws/install/px4_msgs/lib:/opt/ros/jazzy/lib/aarch64-linux-gnu:/opt/ros/jazzy/lib', 'HOME': '/home/vdt_2026', 'OLDPWD': '/home/vdt_2026', 'SSH_TTY': '/dev/pts/3', 'ROS_PYTHON_VERSION': '3', 'DBUS_SESSION_BUS_ADDRESS': 'unix:path=/run/user/1000/bus', 'COLCON_PREFIX_PATH': '/home/vdt_2026/ros2_ws/install', 'ROS_DISTRO': 'jazzy', 'LOGNAME': 'vdt_2026', '_': '/usr/bin/colcon', 'ROS_VERSION': '2', 'XDG_SESSION_CLASS': 'user', 'TERM': 'xterm-256color', 'XDG_SESSION_ID': '11', 'PATH': '/home/vdt_2026/.local/bin:/opt/ros/jazzy/bin:/usr/local/sbin:/usr/local/bin:/usr/sbin:/usr/bin:/sbin:/bin:/usr/games:/usr/local/games:/snap/bin', 'XDG_RUNTIME_DIR': '/run/user/1000', 'LANG': 'en_US.UTF-8', 'LS_COLORS': 'rs=0:di=01;34:ln=01;36:mh=00:pi=40;33:so=01;35:do=01;35:bd=40;33;01:cd=40;33;01:or=40;31;01:mi=00:su=37;41:sg=30;43:ca=00:tw=30;42:ow=34;42:st=37;44:ex=01;32:*.tar=01;31:*.tgz=01;31:*.arc=01;31:*.arj=01;31:*.taz=01;31:*.lha=01;31:*.lz4=01;31:*.lzh=01;31:*.lzma=01;31:*.tlz=01;31:*.txz=01;31:*.tzo=01;31:*.t7z=01;31:*.zip=01;31:*.z=01;31:*.dz=01;31:*.gz=01;31:*.lrz=01;31:*.lz=01;31:*.lzo=01;31:*.xz=01;31:*.zst=01;31:*.tzst=01;31:*.bz2=01;31:*.bz=01;31:*.tbz=01;31:*.tbz2=01;31:*.tz=01;31:*.deb=01;31:*.rpm=01;31:*.jar=01;31:*.war=01;31:*.ear=01;31:*.sar=01;31:*.rar=01;31:*.alz=01;31:*.ace=01;31:*.zoo=01;31:*.cpio=01;31:*.7z=01;31:*.rz=01;31:*.cab=01;31:*.wim=01;31:*.swm=01;31:*.dwm=01;31:*.esd=01;31:*.avif=01;35:*.jpg=01;35:*.jpeg=01;35:*.mjpg=01;35:*.mjpeg=01;35:*.gif=01;35:*.bmp=01;35:*.pbm=01;35:*.pgm=01;35:*.ppm=01;35:*.tga=01;35:*.xbm=01;35:*.xpm=01;35:*.tif=01;35:*.tiff=01;35:*.png=01;35:*.svg=01;35:*.svgz=01;35:*.mng=01;35:*.pcx=01;35:*.mov=01;35:*.mpg=01;35:*.mpeg=01;35:*.m2v=01;35:*.mkv=01;35:*.webm=01;35:*.webp=01;35:*.ogm=01;35:*.mp4=01;35:*.m4v=01;35:*.mp4v=01;35:*.vob=01;35:*.qt=01;35:*.nuv=01;35:*.wmv=01;35:*.asf=01;35:*.rm=01;35:*.rmvb=01;35:*.flc=01;35:*.avi=01;35:*.fli=01;35:*.flv=01;35:*.gl=01;35:*.dl=01;35:*.xcf=01;35:*.xwd=01;35:*.yuv=01;35:*.cgm=01;35:*.emf=01;35:*.ogv=01;35:*.ogx=01;35:*.aac=00;36:*.au=00;36:*.flac=00;36:*.m4a=00;36:*.mid=00;36:*.midi=00;36:*.mka=00;36:*.mp3=00;36:*.mpc=00;36:*.ogg=00;36:*.ra=00;36:*.wav=00;36:*.oga=00;36:*.opus=00;36:*.spx=00;36:*.xspf=00;36:*~=00;90:*#=00;90:*.bak=00;90:*.crdownload=00;90:*.dpkg-dist=00;90:*.dpkg-new=00;90:*.dpkg-old=00;90:*.dpkg-tmp=00;90:*.old=00;90:*.orig=00;90:*.part=00;90:*.rej=00;90:*.rpmnew=00;90:*.rpmorig=00;90:*.rpmsave=00;90:*.swp=00;90:*.tmp=00;90:*.ucf-dist=00;90:*.ucf-new=00;90:*.ucf-old=00;90:', 'AMENT_PREFIX_PATH': '/home/vdt_2026/ros2_ws/install/px4_msgs:/opt/ros/jazzy', 'SHELL': '/bin/bash', 'LESSCLOSE': '/usr/bin/lesspipe %s %s', 'ROS_AUTOMATIC_DISCOVERY_RANGE': 'SUBNET', 'PWD': '/home/vdt_2026/VDT_project/build/vdt_msgs', 'LC_ALL': 'en_US.UTF-8', 'SSH_CONNECTION': '100.101.240.43 57783 100.65.242.75 22', 'XDG_DATA_DIRS': '/usr/local/share:/usr/share:/var/lib/snapd/desktop', 'PYTHONPATH': '/home/vdt_2026/ros2_ws/install/px4_msgs/lib/python3.12/site-packages:/opt/ros/jazzy/lib/python3.12/site-packages:/home/vdt_2026/librealsense/build/Release', 'COLCON': '1', 'CMAKE_PREFIX_PATH': '/home/vdt_2026/ros2_ws/install/px4_msgs:/opt/ros/jazzy'}), 'shell': False}
[0.099728] (-) TimerEvent: {}
[0.200022] (-) TimerEvent: {}
[0.300465] (-) TimerEvent: {}
[0.400794] (-) TimerEvent: {}
[0.501109] (-) TimerEvent: {}
[0.601518] (-) TimerEvent: {}
[0.699589] (vdt_msgs) StdoutLine: {'line': b'-- The C compiler identification is GNU 13.3.0\n'}
[0.700594] (vdt_msgs) StdoutLine: {'line': b'-- The CXX compiler identification is GNU 13.3.0\n'}
[0.700907] (vdt_msgs) StdoutLine: {'line': b'-- Detecting C compiler ABI info\n'}
[0.701077] (vdt_msgs) StdoutLine: {'line': b'-- Detecting C compiler ABI info - done\n'}
[0.701207] (vdt_msgs) StdoutLine: {'line': b'-- Check for working C compiler: /usr/bin/cc - skipped\n'}
[0.701303] (vdt_msgs) StdoutLine: {'line': b'-- Detecting C compile features\n'}
[0.701416] (vdt_msgs) StdoutLine: {'line': b'-- Detecting C compile features - done\n'}
[0.701751] (-) TimerEvent: {}
[0.701973] (vdt_msgs) StdoutLine: {'line': b'-- Detecting CXX compiler ABI info\n'}
[0.702180] (vdt_msgs) StdoutLine: {'line': b'-- Detecting CXX compiler ABI info - done\n'}
[0.702297] (vdt_msgs) StdoutLine: {'line': b'-- Check for working CXX compiler: /usr/bin/c++ - skipped\n'}
[0.702427] (vdt_msgs) StdoutLine: {'line': b'-- Detecting CXX compile features\n'}
[0.702553] (vdt_msgs) StdoutLine: {'line': b'-- Detecting CXX compile features - done\n'}
[0.702642] (vdt_msgs) StdoutLine: {'line': b'-- Found ament_cmake: 2.5.6 (/opt/ros/jazzy/share/ament_cmake/cmake)\n'}
[0.801890] (-) TimerEvent: {}
[0.902110] (-) TimerEvent: {}
[1.002453] (-) TimerEvent: {}
[1.030824] (vdt_msgs) StdoutLine: {'line': b'-- Found Python3: /usr/bin/python3 (found version "3.12.3") found components: Interpreter \n'}
[1.042315] (vdt_msgs) StdoutLine: {'line': b'-- Found std_msgs: 5.3.8 (/opt/ros/jazzy/share/std_msgs/cmake)\n'}
[1.103491] (vdt_msgs) StdoutLine: {'line': b'-- Found rosidl_generator_c: 4.6.9 (/opt/ros/jazzy/share/rosidl_generator_c/cmake)\n'}
[1.103847] (-) TimerEvent: {}
[1.124871] (vdt_msgs) StdoutLine: {'line': b'-- Found rosidl_generator_cpp: 4.6.9 (/opt/ros/jazzy/share/rosidl_generator_cpp/cmake)\n'}
[1.156597] (vdt_msgs) StdoutLine: {'line': b'-- Using all available rosidl_typesupport_c: rosidl_typesupport_fastrtps_c;rosidl_typesupport_introspection_c\n'}
[1.193554] (vdt_msgs) StdoutLine: {'line': b'-- Using all available rosidl_typesupport_cpp: rosidl_typesupport_fastrtps_cpp;rosidl_typesupport_introspection_cpp\n'}
[1.204062] (-) TimerEvent: {}
[1.253354] (vdt_msgs) StdoutLine: {'line': b'-- Found rosidl_default_generators: 1.6.1 (/opt/ros/jazzy/share/rosidl_default_generators/cmake)\n'}
[1.281652] (vdt_msgs) StdoutLine: {'line': b'-- Found rosidl_adapter: 4.6.9 (/opt/ros/jazzy/share/rosidl_adapter/cmake)\n'}
[1.304182] (-) TimerEvent: {}
[1.404468] (-) TimerEvent: {}
[1.504724] (-) TimerEvent: {}
[1.604988] (-) TimerEvent: {}
[1.705251] (-) TimerEvent: {}
[1.805464] (-) TimerEvent: {}
[1.905742] (-) TimerEvent: {}
[2.007615] (-) TimerEvent: {}
[2.109717] (-) TimerEvent: {}
[2.123849] (servo_control) Command: {'cmd': ['/usr/bin/python3', '-W', 'ignore:setup.py install is deprecated', '-W', 'ignore:easy_install command is deprecated', 'setup.py', 'egg_info', '--egg-base', '../../../build/servo_control', 'build', '--build-base', '/home/vdt_2026/VDT_project/build/servo_control/build', 'install', '--record', '/home/vdt_2026/VDT_project/build/servo_control/install.log', '--install-scripts', '$base/lib/servo_control', '--single-version-externally-managed', 'install_data'], 'cwd': '/home/vdt_2026/VDT_project/ros2_ws/src/servo_control', 'env': OrderedDict({'LESSOPEN': '| /usr/bin/lesspipe %s', 'USER': 'vdt_2026', 'SSH_CLIENT': '100.101.240.43 57783 22', 'XDG_SESSION_TYPE': 'tty', 'SHLVL': '1', 'LD_LIBRARY_PATH': '/home/vdt_2026/ros2_ws/install/px4_msgs/lib:/opt/ros/jazzy/lib/aarch64-linux-gnu:/opt/ros/jazzy/lib', 'HOME': '/home/vdt_2026', 'OLDPWD': '/home/vdt_2026', 'SSH_TTY': '/dev/pts/3', 'ROS_PYTHON_VERSION': '3', 'DBUS_SESSION_BUS_ADDRESS': 'unix:path=/run/user/1000/bus', 'COLCON_PREFIX_PATH': '/home/vdt_2026/ros2_ws/install', 'ROS_DISTRO': 'jazzy', 'LOGNAME': 'vdt_2026', '_': '/usr/bin/colcon', 'ROS_VERSION': '2', 'XDG_SESSION_CLASS': 'user', 'TERM': 'xterm-256color', 'XDG_SESSION_ID': '11', 'PATH': '/home/vdt_2026/.local/bin:/opt/ros/jazzy/bin:/usr/local/sbin:/usr/local/bin:/usr/sbin:/usr/bin:/sbin:/bin:/usr/games:/usr/local/games:/snap/bin', 'XDG_RUNTIME_DIR': '/run/user/1000', 'LANG': 'en_US.UTF-8', 'LS_COLORS': 'rs=0:di=01;34:ln=01;36:mh=00:pi=40;33:so=01;35:do=01;35:bd=40;33;01:cd=40;33;01:or=40;31;01:mi=00:su=37;41:sg=30;43:ca=00:tw=30;42:ow=34;42:st=37;44:ex=01;32:*.tar=01;31:*.tgz=01;31:*.arc=01;31:*.arj=01;31:*.taz=01;31:*.lha=01;31:*.lz4=01;31:*.lzh=01;31:*.lzma=01;31:*.tlz=01;31:*.txz=01;31:*.tzo=01;31:*.t7z=01;31:*.zip=01;31:*.z=01;31:*.dz=01;31:*.gz=01;31:*.lrz=01;31:*.lz=01;31:*.lzo=01;31:*.xz=01;31:*.zst=01;31:*.tzst=01;31:*.bz2=01;31:*.bz=01;31:*.tbz=01;31:*.tbz2=01;31:*.tz=01;31:*.deb=01;31:*.rpm=01;31:*.jar=01;31:*.war=01;31:*.ear=01;31:*.sar=01;31:*.rar=01;31:*.alz=01;31:*.ace=01;31:*.zoo=01;31:*.cpio=01;31:*.7z=01;31:*.rz=01;31:*.cab=01;31:*.wim=01;31:*.swm=01;31:*.dwm=01;31:*.esd=01;31:*.avif=01;35:*.jpg=01;35:*.jpeg=01;35:*.mjpg=01;35:*.mjpeg=01;35:*.gif=01;35:*.bmp=01;35:*.pbm=01;35:*.pgm=01;35:*.ppm=01;35:*.tga=01;35:*.xbm=01;35:*.xpm=01;35:*.tif=01;35:*.tiff=01;35:*.png=01;35:*.svg=01;35:*.svgz=01;35:*.mng=01;35:*.pcx=01;35:*.mov=01;35:*.mpg=01;35:*.mpeg=01;35:*.m2v=01;35:*.mkv=01;35:*.webm=01;35:*.webp=01;35:*.ogm=01;35:*.mp4=01;35:*.m4v=01;35:*.mp4v=01;35:*.vob=01;35:*.qt=01;35:*.nuv=01;35:*.wmv=01;35:*.asf=01;35:*.rm=01;35:*.rmvb=01;35:*.flc=01;35:*.avi=01;35:*.fli=01;35:*.flv=01;35:*.gl=01;35:*.dl=01;35:*.xcf=01;35:*.xwd=01;35:*.yuv=01;35:*.cgm=01;35:*.emf=01;35:*.ogv=01;35:*.ogx=01;35:*.aac=00;36:*.au=00;36:*.flac=00;36:*.m4a=00;36:*.mid=00;36:*.midi=00;36:*.mka=00;36:*.mp3=00;36:*.mpc=00;36:*.ogg=00;36:*.ra=00;36:*.wav=00;36:*.oga=00;36:*.opus=00;36:*.spx=00;36:*.xspf=00;36:*~=00;90:*#=00;90:*.bak=00;90:*.crdownload=00;90:*.dpkg-dist=00;90:*.dpkg-new=00;90:*.dpkg-old=00;90:*.dpkg-tmp=00;90:*.old=00;90:*.orig=00;90:*.part=00;90:*.rej=00;90:*.rpmnew=00;90:*.rpmorig=00;90:*.rpmsave=00;90:*.swp=00;90:*.tmp=00;90:*.ucf-dist=00;90:*.ucf-new=00;90:*.ucf-old=00;90:', 'AMENT_PREFIX_PATH': '/home/vdt_2026/ros2_ws/install/px4_msgs:/opt/ros/jazzy', 'SHELL': '/bin/bash', 'LESSCLOSE': '/usr/bin/lesspipe %s %s', 'ROS_AUTOMATIC_DISCOVERY_RANGE': 'SUBNET', 'PWD': '/home/vdt_2026/VDT_project/build/servo_control', 'LC_ALL': 'en_US.UTF-8', 'SSH_CONNECTION': '100.101.240.43 57783 100.65.242.75 22', 'XDG_DATA_DIRS': '/usr/local/share:/usr/share:/var/lib/snapd/desktop', 'PYTHONPATH': '/home/vdt_2026/VDT_project/build/servo_control/prefix_override:/usr/lib/python3/dist-packages/colcon_core/task/python/colcon_distutils_commands:/home/vdt_2026/VDT_project/install/servo_control/lib/python3.12/site-packages:/home/vdt_2026/ros2_ws/install/px4_msgs/lib/python3.12/site-packages:/opt/ros/jazzy/lib/python3.12/site-packages:/home/vdt_2026/librealsense/build/Release', 'COLCON': '1', 'CMAKE_PREFIX_PATH': '/home/vdt_2026/ros2_ws/install/px4_msgs'}), 'shell': False}
[2.128499] (xrce_bridge_manager) Command: {'cmd': ['/usr/bin/python3', '-W', 'ignore:setup.py install is deprecated', '-W', 'ignore:easy_install command is deprecated', 'setup.py', 'egg_info', '--egg-base', '../../../build/xrce_bridge_manager', 'build', '--build-base', '/home/vdt_2026/VDT_project/build/xrce_bridge_manager/build', 'install', '--record', '/home/vdt_2026/VDT_project/build/xrce_bridge_manager/install.log', '--install-scripts', '$base/lib/xrce_bridge_manager', '--single-version-externally-managed', 'install_data'], 'cwd': '/home/vdt_2026/VDT_project/ros2_ws/src/xrce_bridge_manager', 'env': OrderedDict({'LESSOPEN': '| /usr/bin/lesspipe %s', 'USER': 'vdt_2026', 'SSH_CLIENT': '100.101.240.43 57783 22', 'XDG_SESSION_TYPE': 'tty', 'SHLVL': '1', 'LD_LIBRARY_PATH': '/home/vdt_2026/ros2_ws/install/px4_msgs/lib:/opt/ros/jazzy/lib/aarch64-linux-gnu:/opt/ros/jazzy/lib', 'HOME': '/home/vdt_2026', 'OLDPWD': '/home/vdt_2026', 'SSH_TTY': '/dev/pts/3', 'ROS_PYTHON_VERSION': '3', 'DBUS_SESSION_BUS_ADDRESS': 'unix:path=/run/user/1000/bus', 'COLCON_PREFIX_PATH': '/home/vdt_2026/ros2_ws/install', 'ROS_DISTRO': 'jazzy', 'LOGNAME': 'vdt_2026', '_': '/usr/bin/colcon', 'ROS_VERSION': '2', 'XDG_SESSION_CLASS': 'user', 'TERM': 'xterm-256color', 'XDG_SESSION_ID': '11', 'PATH': '/home/vdt_2026/.local/bin:/opt/ros/jazzy/bin:/usr/local/sbin:/usr/local/bin:/usr/sbin:/usr/bin:/sbin:/bin:/usr/games:/usr/local/games:/snap/bin', 'XDG_RUNTIME_DIR': '/run/user/1000', 'LANG': 'en_US.UTF-8', 'LS_COLORS': 'rs=0:di=01;34:ln=01;36:mh=00:pi=40;33:so=01;35:do=01;35:bd=40;33;01:cd=40;33;01:or=40;31;01:mi=00:su=37;41:sg=30;43:ca=00:tw=30;42:ow=34;42:st=37;44:ex=01;32:*.tar=01;31:*.tgz=01;31:*.arc=01;31:*.arj=01;31:*.taz=01;31:*.lha=01;31:*.lz4=01;31:*.lzh=01;31:*.lzma=01;31:*.tlz=01;31:*.txz=01;31:*.tzo=01;31:*.t7z=01;31:*.zip=01;31:*.z=01;31:*.dz=01;31:*.gz=01;31:*.lrz=01;31:*.lz=01;31:*.lzo=01;31:*.xz=01;31:*.zst=01;31:*.tzst=01;31:*.bz2=01;31:*.bz=01;31:*.tbz=01;31:*.tbz2=01;31:*.tz=01;31:*.deb=01;31:*.rpm=01;31:*.jar=01;31:*.war=01;31:*.ear=01;31:*.sar=01;31:*.rar=01;31:*.alz=01;31:*.ace=01;31:*.zoo=01;31:*.cpio=01;31:*.7z=01;31:*.rz=01;31:*.cab=01;31:*.wim=01;31:*.swm=01;31:*.dwm=01;31:*.esd=01;31:*.avif=01;35:*.jpg=01;35:*.jpeg=01;35:*.mjpg=01;35:*.mjpeg=01;35:*.gif=01;35:*.bmp=01;35:*.pbm=01;35:*.pgm=01;35:*.ppm=01;35:*.tga=01;35:*.xbm=01;35:*.xpm=01;35:*.tif=01;35:*.tiff=01;35:*.png=01;35:*.svg=01;35:*.svgz=01;35:*.mng=01;35:*.pcx=01;35:*.mov=01;35:*.mpg=01;35:*.mpeg=01;35:*.m2v=01;35:*.mkv=01;35:*.webm=01;35:*.webp=01;35:*.ogm=01;35:*.mp4=01;35:*.m4v=01;35:*.mp4v=01;35:*.vob=01;35:*.qt=01;35:*.nuv=01;35:*.wmv=01;35:*.asf=01;35:*.rm=01;35:*.rmvb=01;35:*.flc=01;35:*.avi=01;35:*.fli=01;35:*.flv=01;35:*.gl=01;35:*.dl=01;35:*.xcf=01;35:*.xwd=01;35:*.yuv=01;35:*.cgm=01;35:*.emf=01;35:*.ogv=01;35:*.ogx=01;35:*.aac=00;36:*.au=00;36:*.flac=00;36:*.m4a=00;36:*.mid=00;36:*.midi=00;36:*.mka=00;36:*.mp3=00;36:*.mpc=00;36:*.ogg=00;36:*.ra=00;36:*.wav=00;36:*.oga=00;36:*.opus=00;36:*.spx=00;36:*.xspf=00;36:*~=00;90:*#=00;90:*.bak=00;90:*.crdownload=00;90:*.dpkg-dist=00;90:*.dpkg-new=00;90:*.dpkg-old=00;90:*.dpkg-tmp=00;90:*.old=00;90:*.orig=00;90:*.part=00;90:*.rej=00;90:*.rpmnew=00;90:*.rpmorig=00;90:*.rpmsave=00;90:*.swp=00;90:*.tmp=00;90:*.ucf-dist=00;90:*.ucf-new=00;90:*.ucf-old=00;90:', 'AMENT_PREFIX_PATH': '/home/vdt_2026/ros2_ws/install/px4_msgs:/opt/ros/jazzy', 'SHELL': '/bin/bash', 'LESSCLOSE': '/usr/bin/lesspipe %s %s', 'ROS_AUTOMATIC_DISCOVERY_RANGE': 'SUBNET', 'PWD': '/home/vdt_2026/VDT_project/build/xrce_bridge_manager', 'LC_ALL': 'en_US.UTF-8', 'SSH_CONNECTION': '100.101.240.43 57783 100.65.242.75 22', 'XDG_DATA_DIRS': '/usr/local/share:/usr/share:/var/lib/snapd/desktop', 'PYTHONPATH': '/home/vdt_2026/VDT_project/build/xrce_bridge_manager/prefix_override:/usr/lib/python3/dist-packages/colcon_core/task/python/colcon_distutils_commands:/home/vdt_2026/VDT_project/install/xrce_bridge_manager/lib/python3.12/site-packages:/home/vdt_2026/ros2_ws/install/px4_msgs/lib/python3.12/site-packages:/opt/ros/jazzy/lib/python3.12/site-packages:/home/vdt_2026/librealsense/build/Release', 'COLCON': '1', 'CMAKE_PREFIX_PATH': '/home/vdt_2026/ros2_ws/install/px4_msgs'}), 'shell': False}
[2.170791] (aruco_detector) Command: {'cmd': ['/usr/bin/python3', '-W', 'ignore:setup.py install is deprecated', '-W', 'ignore:easy_install command is deprecated', 'setup.py', 'egg_info', '--egg-base', '../../../build/aruco_detector', 'build', '--build-base', '/home/vdt_2026/VDT_project/build/aruco_detector/build', 'install', '--record', '/home/vdt_2026/VDT_project/build/aruco_detector/install.log', '--install-scripts', '$base/lib/aruco_detector', '--single-version-externally-managed', 'install_data'], 'cwd': '/home/vdt_2026/VDT_project/ros2_ws/src/aruco_detector', 'env': OrderedDict({'LESSOPEN': '| /usr/bin/lesspipe %s', 'USER': 'vdt_2026', 'SSH_CLIENT': '100.101.240.43 57783 22', 'XDG_SESSION_TYPE': 'tty', 'SHLVL': '1', 'LD_LIBRARY_PATH': '/home/vdt_2026/ros2_ws/install/px4_msgs/lib:/opt/ros/jazzy/lib/aarch64-linux-gnu:/opt/ros/jazzy/lib', 'HOME': '/home/vdt_2026', 'OLDPWD': '/home/vdt_2026', 'SSH_TTY': '/dev/pts/3', 'ROS_PYTHON_VERSION': '3', 'DBUS_SESSION_BUS_ADDRESS': 'unix:path=/run/user/1000/bus', 'COLCON_PREFIX_PATH': '/home/vdt_2026/ros2_ws/install', 'ROS_DISTRO': 'jazzy', 'LOGNAME': 'vdt_2026', '_': '/usr/bin/colcon', 'ROS_VERSION': '2', 'XDG_SESSION_CLASS': 'user', 'TERM': 'xterm-256color', 'XDG_SESSION_ID': '11', 'PATH': '/home/vdt_2026/.local/bin:/opt/ros/jazzy/bin:/usr/local/sbin:/usr/local/bin:/usr/sbin:/usr/bin:/sbin:/bin:/usr/games:/usr/local/games:/snap/bin', 'XDG_RUNTIME_DIR': '/run/user/1000', 'LANG': 'en_US.UTF-8', 'LS_COLORS': 'rs=0:di=01;34:ln=01;36:mh=00:pi=40;33:so=01;35:do=01;35:bd=40;33;01:cd=40;33;01:or=40;31;01:mi=00:su=37;41:sg=30;43:ca=00:tw=30;42:ow=34;42:st=37;44:ex=01;32:*.tar=01;31:*.tgz=01;31:*.arc=01;31:*.arj=01;31:*.taz=01;31:*.lha=01;31:*.lz4=01;31:*.lzh=01;31:*.lzma=01;31:*.tlz=01;31:*.txz=01;31:*.tzo=01;31:*.t7z=01;31:*.zip=01;31:*.z=01;31:*.dz=01;31:*.gz=01;31:*.lrz=01;31:*.lz=01;31:*.lzo=01;31:*.xz=01;31:*.zst=01;31:*.tzst=01;31:*.bz2=01;31:*.bz=01;31:*.tbz=01;31:*.tbz2=01;31:*.tz=01;31:*.deb=01;31:*.rpm=01;31:*.jar=01;31:*.war=01;31:*.ear=01;31:*.sar=01;31:*.rar=01;31:*.alz=01;31:*.ace=01;31:*.zoo=01;31:*.cpio=01;31:*.7z=01;31:*.rz=01;31:*.cab=01;31:*.wim=01;31:*.swm=01;31:*.dwm=01;31:*.esd=01;31:*.avif=01;35:*.jpg=01;35:*.jpeg=01;35:*.mjpg=01;35:*.mjpeg=01;35:*.gif=01;35:*.bmp=01;35:*.pbm=01;35:*.pgm=01;35:*.ppm=01;35:*.tga=01;35:*.xbm=01;35:*.xpm=01;35:*.tif=01;35:*.tiff=01;35:*.png=01;35:*.svg=01;35:*.svgz=01;35:*.mng=01;35:*.pcx=01;35:*.mov=01;35:*.mpg=01;35:*.mpeg=01;35:*.m2v=01;35:*.mkv=01;35:*.webm=01;35:*.webp=01;35:*.ogm=01;35:*.mp4=01;35:*.m4v=01;35:*.mp4v=01;35:*.vob=01;35:*.qt=01;35:*.nuv=01;35:*.wmv=01;35:*.asf=01;35:*.rm=01;35:*.rmvb=01;35:*.flc=01;35:*.avi=01;35:*.fli=01;35:*.flv=01;35:*.gl=01;35:*.dl=01;35:*.xcf=01;35:*.xwd=01;35:*.yuv=01;35:*.cgm=01;35:*.emf=01;35:*.ogv=01;35:*.ogx=01;35:*.aac=00;36:*.au=00;36:*.flac=00;36:*.m4a=00;36:*.mid=00;36:*.midi=00;36:*.mka=00;36:*.mp3=00;36:*.mpc=00;36:*.ogg=00;36:*.ra=00;36:*.wav=00;36:*.oga=00;36:*.opus=00;36:*.spx=00;36:*.xspf=00;36:*~=00;90:*#=00;90:*.bak=00;90:*.crdownload=00;90:*.dpkg-dist=00;90:*.dpkg-new=00;90:*.dpkg-old=00;90:*.dpkg-tmp=00;90:*.old=00;90:*.orig=00;90:*.part=00;90:*.rej=00;90:*.rpmnew=00;90:*.rpmorig=00;90:*.rpmsave=00;90:*.swp=00;90:*.tmp=00;90:*.ucf-dist=00;90:*.ucf-new=00;90:*.ucf-old=00;90:', 'AMENT_PREFIX_PATH': '/home/vdt_2026/ros2_ws/install/px4_msgs:/opt/ros/jazzy', 'SHELL': '/bin/bash', 'LESSCLOSE': '/usr/bin/lesspipe %s %s', 'ROS_AUTOMATIC_DISCOVERY_RANGE': 'SUBNET', 'PWD': '/home/vdt_2026/VDT_project/build/aruco_detector', 'LC_ALL': 'en_US.UTF-8', 'SSH_CONNECTION': '100.101.240.43 57783 100.65.242.75 22', 'XDG_DATA_DIRS': '/usr/local/share:/usr/share:/var/lib/snapd/desktop', 'PYTHONPATH': '/home/vdt_2026/VDT_project/build/aruco_detector/prefix_override:/usr/lib/python3/dist-packages/colcon_core/task/python/colcon_distutils_commands:/home/vdt_2026/VDT_project/install/aruco_detector/lib/python3.12/site-packages:/home/vdt_2026/ros2_ws/install/px4_msgs/lib/python3.12/site-packages:/opt/ros/jazzy/lib/python3.12/site-packages:/home/vdt_2026/librealsense/build/Release', 'COLCON': '1', 'CMAKE_PREFIX_PATH': '/home/vdt_2026/ros2_ws/install/px4_msgs'}), 'shell': False}
[2.211523] (-) TimerEvent: {}
[2.311826] (-) TimerEvent: {}
[2.412055] (-) TimerEvent: {}
[2.512265] (-) TimerEvent: {}
[2.563141] (servo_control) StdoutLine: {'line': b'running egg_info\n'}
[2.564372] (servo_control) StdoutLine: {'line': b'creating ../../../build/servo_control/servo_control.egg-info\n'}
[2.573088] (xrce_bridge_manager) StdoutLine: {'line': b'running egg_info\n'}
[2.575473] (xrce_bridge_manager) StdoutLine: {'line': b'creating ../../../build/xrce_bridge_manager/xrce_bridge_manager.egg-info\n'}
[2.589154] (servo_control) StdoutLine: {'line': b'writing ../../../build/servo_control/servo_control.egg-info/PKG-INFO\n'}
[2.590491] (servo_control) StdoutLine: {'line': b'writing dependency_links to ../../../build/servo_control/servo_control.egg-info/dependency_links.txt\n'}
[2.593471] (servo_control) StdoutLine: {'line': b'writing entry points to ../../../build/servo_control/servo_control.egg-info/entry_points.txt\n'}
[2.593920] (servo_control) StdoutLine: {'line': b'writing requirements to ../../../build/servo_control/servo_control.egg-info/requires.txt\n'}
[2.594048] (servo_control) StdoutLine: {'line': b'writing top-level names to ../../../build/servo_control/servo_control.egg-info/top_level.txt\n'}
[2.594135] (servo_control) StdoutLine: {'line': b"writing manifest file '../../../build/servo_control/servo_control.egg-info/SOURCES.txt'\n"}
[2.597244] (xrce_bridge_manager) StdoutLine: {'line': b'writing ../../../build/xrce_bridge_manager/xrce_bridge_manager.egg-info/PKG-INFO\n'}
[2.598138] (xrce_bridge_manager) StdoutLine: {'line': b'writing dependency_links to ../../../build/xrce_bridge_manager/xrce_bridge_manager.egg-info/dependency_links.txt\n'}
[2.600697] (aruco_detector) StdoutLine: {'line': b'running egg_info\n'}
[2.601128] (xrce_bridge_manager) StdoutLine: {'line': b'writing entry points to ../../../build/xrce_bridge_manager/xrce_bridge_manager.egg-info/entry_points.txt\n'}
[2.601304] (xrce_bridge_manager) StdoutLine: {'line': b'writing requirements to ../../../build/xrce_bridge_manager/xrce_bridge_manager.egg-info/requires.txt\n'}
[2.601443] (aruco_detector) StdoutLine: {'line': b'creating ../../../build/aruco_detector/aruco_detector.egg-info\n'}
[2.601568] (xrce_bridge_manager) StdoutLine: {'line': b'writing top-level names to ../../../build/xrce_bridge_manager/xrce_bridge_manager.egg-info/top_level.txt\n'}
[2.601687] (xrce_bridge_manager) StdoutLine: {'line': b"writing manifest file '../../../build/xrce_bridge_manager/xrce_bridge_manager.egg-info/SOURCES.txt'\n"}
[2.613479] (-) TimerEvent: {}
[2.623133] (aruco_detector) StdoutLine: {'line': b'writing ../../../build/aruco_detector/aruco_detector.egg-info/PKG-INFO\n'}
[2.625473] (aruco_detector) StdoutLine: {'line': b'writing dependency_links to ../../../build/aruco_detector/aruco_detector.egg-info/dependency_links.txt\n'}
[2.625967] (aruco_detector) StdoutLine: {'line': b'writing entry points to ../../../build/aruco_detector/aruco_detector.egg-info/entry_points.txt\n'}
[2.626077] (aruco_detector) StdoutLine: {'line': b'writing requirements to ../../../build/aruco_detector/aruco_detector.egg-info/requires.txt\n'}
[2.626166] (aruco_detector) StdoutLine: {'line': b'writing top-level names to ../../../build/aruco_detector/aruco_detector.egg-info/top_level.txt\n'}
[2.626248] (aruco_detector) StdoutLine: {'line': b"writing manifest file '../../../build/aruco_detector/aruco_detector.egg-info/SOURCES.txt'\n"}
[2.645297] (servo_control) StdoutLine: {'line': b"reading manifest file '../../../build/servo_control/servo_control.egg-info/SOURCES.txt'\n"}
[2.648731] (servo_control) StdoutLine: {'line': b"writing manifest file '../../../build/servo_control/servo_control.egg-info/SOURCES.txt'\n"}
[2.649080] (servo_control) StdoutLine: {'line': b'running build\n'}
[2.649367] (servo_control) StdoutLine: {'line': b'running build_py\n'}
[2.649523] (servo_control) StdoutLine: {'line': b'creating /home/vdt_2026/VDT_project/build/servo_control/build\n'}
[2.651141] (xrce_bridge_manager) StdoutLine: {'line': b"reading manifest file '../../../build/xrce_bridge_manager/xrce_bridge_manager.egg-info/SOURCES.txt'\n"}
[2.651828] (xrce_bridge_manager) StdoutLine: {'line': b"writing manifest file '../../../build/xrce_bridge_manager/xrce_bridge_manager.egg-info/SOURCES.txt'\n"}
[2.652731] (xrce_bridge_manager) StdoutLine: {'line': b'running build\n'}
[2.653217] (xrce_bridge_manager) StdoutLine: {'line': b'running build_py\n'}
[2.654700] (xrce_bridge_manager) StdoutLine: {'line': b'creating /home/vdt_2026/VDT_project/build/xrce_bridge_manager/build\n'}
[2.655115] (xrce_bridge_manager) StdoutLine: {'line': b'creating /home/vdt_2026/VDT_project/build/xrce_bridge_manager/build/lib\n'}
[2.655339] (xrce_bridge_manager) StdoutLine: {'line': b'creating /home/vdt_2026/VDT_project/build/xrce_bridge_manager/build/lib/xrce_bridge_manager\n'}
[2.655653] (xrce_bridge_manager) StdoutLine: {'line': b'copying xrce_bridge_manager/__init__.py -> /home/vdt_2026/VDT_project/build/xrce_bridge_manager/build/lib/xrce_bridge_manager\n'}
[2.656108] (xrce_bridge_manager) StdoutLine: {'line': b'copying xrce_bridge_manager/xrce_node.py -> /home/vdt_2026/VDT_project/build/xrce_bridge_manager/build/lib/xrce_bridge_manager\n'}
[2.656250] (servo_control) StdoutLine: {'line': b'creating /home/vdt_2026/VDT_project/build/servo_control/build/lib\n'}
[2.656359] (servo_control) StdoutLine: {'line': b'creating /home/vdt_2026/VDT_project/build/servo_control/build/lib/servo_control\n'}
[2.656493] (servo_control) StdoutLine: {'line': b'copying servo_control/__init__.py -> /home/vdt_2026/VDT_project/build/servo_control/build/lib/servo_control\n'}
[2.656598] (servo_control) StdoutLine: {'line': b'copying servo_control/servo_node.py -> /home/vdt_2026/VDT_project/build/servo_control/build/lib/servo_control\n'}
[2.656688] (xrce_bridge_manager) StdoutLine: {'line': b'copying xrce_bridge_manager/xrce_logic.py -> /home/vdt_2026/VDT_project/build/xrce_bridge_manager/build/lib/xrce_bridge_manager\n'}
[2.657173] (servo_control) StdoutLine: {'line': b'copying servo_control/servo_logic.py -> /home/vdt_2026/VDT_project/build/servo_control/build/lib/servo_control\n'}
[2.657602] (xrce_bridge_manager) StdoutLine: {'line': b'running install\n'}
[2.659282] (servo_control) StdoutLine: {'line': b'running install\n'}
[2.667457] (vdt_msgs) StdoutLine: {'line': b'-- Found ament_cmake_ros: 0.12.1 (/opt/ros/jazzy/share/ament_cmake_ros/cmake)\n'}
[2.668646] (xrce_bridge_manager) StdoutLine: {'line': b'running install_lib\n'}
[2.673633] (servo_control) StdoutLine: {'line': b'running install_lib\n'}
[2.678474] (aruco_detector) StdoutLine: {'line': b"reading manifest file '../../../build/aruco_detector/aruco_detector.egg-info/SOURCES.txt'\n"}
[2.678752] (aruco_detector) StdoutLine: {'line': b"writing manifest file '../../../build/aruco_detector/aruco_detector.egg-info/SOURCES.txt'\n"}
[2.679003] (aruco_detector) StdoutLine: {'line': b'running build\n'}
[2.679285] (aruco_detector) StdoutLine: {'line': b'running build_py\n'}
[2.679554] (aruco_detector) StdoutLine: {'line': b'creating /home/vdt_2026/VDT_project/build/aruco_detector/build\n'}
[2.679768] (aruco_detector) StdoutLine: {'line': b'creating /home/vdt_2026/VDT_project/build/aruco_detector/build/lib\n'}
[2.679866] (aruco_detector) StdoutLine: {'line': b'creating /home/vdt_2026/VDT_project/build/aruco_detector/build/lib/aruco_detector\n'}
[2.679951] (aruco_detector) StdoutLine: {'line': b'copying aruco_detector/geometry_utils.py -> /home/vdt_2026/VDT_project/build/aruco_detector/build/lib/aruco_detector\n'}
[2.680911] (aruco_detector) StdoutLine: {'line': b'copying aruco_detector/camera_model.py -> /home/vdt_2026/VDT_project/build/aruco_detector/build/lib/aruco_detector\n'}
[2.683425] (aruco_detector) StdoutLine: {'line': b'copying aruco_detector/aruco_logic.py -> /home/vdt_2026/VDT_project/build/aruco_detector/build/lib/aruco_detector\n'}
[2.683685] (aruco_detector) StdoutLine: {'line': b'copying aruco_detector/image_conversion.py -> /home/vdt_2026/VDT_project/build/aruco_detector/build/lib/aruco_detector\n'}
[2.683800] (aruco_detector) StdoutLine: {'line': b'copying aruco_detector/__init__.py -> /home/vdt_2026/VDT_project/build/aruco_detector/build/lib/aruco_detector\n'}
[2.683989] (aruco_detector) StdoutLine: {'line': b'copying aruco_detector/message_builders.py -> /home/vdt_2026/VDT_project/build/aruco_detector/build/lib/aruco_detector\n'}
[2.684346] (aruco_detector) StdoutLine: {'line': b'copying aruco_detector/depth_to_image_node.py -> /home/vdt_2026/VDT_project/build/aruco_detector/build/lib/aruco_detector\n'}
[2.685165] (aruco_detector) StdoutLine: {'line': b'copying aruco_detector/aruco_node.py -> /home/vdt_2026/VDT_project/build/aruco_detector/build/lib/aruco_detector\n'}
[2.686005] (aruco_detector) StdoutLine: {'line': b'copying aruco_detector/annotation.py -> /home/vdt_2026/VDT_project/build/aruco_detector/build/lib/aruco_detector\n'}
[2.686781] (aruco_detector) StdoutLine: {'line': b'copying aruco_detector/detection_filter.py -> /home/vdt_2026/VDT_project/build/aruco_detector/build/lib/aruco_detector\n'}
[2.687839] (aruco_detector) StdoutLine: {'line': b'running install\n'}
[2.693445] (xrce_bridge_manager) StdoutLine: {'line': b'creating /home/vdt_2026/VDT_project/install/xrce_bridge_manager/lib/python3.12/site-packages/xrce_bridge_manager\n'}
[2.693694] (xrce_bridge_manager) StdoutLine: {'line': b'copying /home/vdt_2026/VDT_project/build/xrce_bridge_manager/build/lib/xrce_bridge_manager/__init__.py -> /home/vdt_2026/VDT_project/install/xrce_bridge_manager/lib/python3.12/site-packages/xrce_bridge_manager\n'}
[2.693849] (xrce_bridge_manager) StdoutLine: {'line': b'copying /home/vdt_2026/VDT_project/build/xrce_bridge_manager/build/lib/xrce_bridge_manager/xrce_node.py -> /home/vdt_2026/VDT_project/install/xrce_bridge_manager/lib/python3.12/site-packages/xrce_bridge_manager\n'}
[2.693948] (xrce_bridge_manager) StdoutLine: {'line': b'copying /home/vdt_2026/VDT_project/build/xrce_bridge_manager/build/lib/xrce_bridge_manager/xrce_logic.py -> /home/vdt_2026/VDT_project/install/xrce_bridge_manager/lib/python3.12/site-packages/xrce_bridge_manager\n'}
[2.694189] (xrce_bridge_manager) StdoutLine: {'line': b'byte-compiling /home/vdt_2026/VDT_project/install/xrce_bridge_manager/lib/python3.12/site-packages/xrce_bridge_manager/__init__.py to __init__.cpython-312.pyc\n'}
[2.694440] (xrce_bridge_manager) StdoutLine: {'line': b'byte-compiling /home/vdt_2026/VDT_project/install/xrce_bridge_manager/lib/python3.12/site-packages/xrce_bridge_manager/xrce_node.py to xrce_node.cpython-312.pyc\n'}
[2.696402] (xrce_bridge_manager) StdoutLine: {'line': b'byte-compiling /home/vdt_2026/VDT_project/install/xrce_bridge_manager/lib/python3.12/site-packages/xrce_bridge_manager/xrce_logic.py to xrce_logic.cpython-312.pyc\n'}
[2.697326] (xrce_bridge_manager) StdoutLine: {'line': b'running install_data\n'}
[2.701477] (servo_control) StdoutLine: {'line': b'creating /home/vdt_2026/VDT_project/install/servo_control/lib/python3.12/site-packages/servo_control\n'}
[2.701747] (servo_control) StdoutLine: {'line': b'copying /home/vdt_2026/VDT_project/build/servo_control/build/lib/servo_control/__init__.py -> /home/vdt_2026/VDT_project/install/servo_control/lib/python3.12/site-packages/servo_control\n'}
[2.701853] (servo_control) StdoutLine: {'line': b'copying /home/vdt_2026/VDT_project/build/servo_control/build/lib/servo_control/servo_node.py -> /home/vdt_2026/VDT_project/install/servo_control/lib/python3.12/site-packages/servo_control\n'}
[2.701945] (servo_control) StdoutLine: {'line': b'copying /home/vdt_2026/VDT_project/build/servo_control/build/lib/servo_control/servo_logic.py -> /home/vdt_2026/VDT_project/install/servo_control/lib/python3.12/site-packages/servo_control\n'}
[2.702032] (servo_control) StdoutLine: {'line': b'byte-compiling /home/vdt_2026/VDT_project/install/servo_control/lib/python3.12/site-packages/servo_control/__init__.py to __init__.cpython-312.pyc\n'}
[2.702118] (servo_control) StdoutLine: {'line': b'byte-compiling /home/vdt_2026/VDT_project/install/servo_control/lib/python3.12/site-packages/servo_control/servo_node.py to servo_node.cpython-312.pyc\n'}
[2.702201] (xrce_bridge_manager) StdoutLine: {'line': b'creating /home/vdt_2026/VDT_project/install/xrce_bridge_manager/share/ament_index\n'}
[2.702303] (xrce_bridge_manager) StdoutLine: {'line': b'creating /home/vdt_2026/VDT_project/install/xrce_bridge_manager/share/ament_index/resource_index\n'}
[2.702403] (xrce_bridge_manager) StdoutLine: {'line': b'creating /home/vdt_2026/VDT_project/install/xrce_bridge_manager/share/ament_index/resource_index/packages\n'}
[2.702518] (xrce_bridge_manager) StdoutLine: {'line': b'copying resource/xrce_bridge_manager -> /home/vdt_2026/VDT_project/install/xrce_bridge_manager/share/ament_index/resource_index/packages\n'}
[2.702610] (xrce_bridge_manager) StdoutLine: {'line': b'copying package.xml -> /home/vdt_2026/VDT_project/install/xrce_bridge_manager/share/xrce_bridge_manager\n'}
[2.702898] (xrce_bridge_manager) StdoutLine: {'line': b'running install_egg_info\n'}
[2.702992] (aruco_detector) StdoutLine: {'line': b'running install_lib\n'}
[2.703095] (servo_control) StdoutLine: {'line': b'byte-compiling /home/vdt_2026/VDT_project/install/servo_control/lib/python3.12/site-packages/servo_control/servo_logic.py to servo_logic.cpython-312.pyc\n'}
[2.704447] (servo_control) StdoutLine: {'line': b'running install_data\n'}
[2.707471] (servo_control) StdoutLine: {'line': b'creating /home/vdt_2026/VDT_project/install/servo_control/share/ament_index\n'}
[2.707661] (servo_control) StdoutLine: {'line': b'creating /home/vdt_2026/VDT_project/install/servo_control/share/ament_index/resource_index\n'}
[2.707778] (servo_control) StdoutLine: {'line': b'creating /home/vdt_2026/VDT_project/install/servo_control/share/ament_index/resource_index/packages\n'}
[2.707865] (servo_control) StdoutLine: {'line': b'copying resource/servo_control -> /home/vdt_2026/VDT_project/install/servo_control/share/ament_index/resource_index/packages\n'}
[2.707946] (servo_control) StdoutLine: {'line': b'copying package.xml -> /home/vdt_2026/VDT_project/install/servo_control/share/servo_control\n'}
[2.708026] (servo_control) StdoutLine: {'line': b'running install_egg_info\n'}
[2.713583] (-) TimerEvent: {}
[2.720381] (aruco_detector) StdoutLine: {'line': b'creating /home/vdt_2026/VDT_project/install/aruco_detector/lib/python3.12/site-packages/aruco_detector\n'}
[2.721725] (aruco_detector) StdoutLine: {'line': b'copying /home/vdt_2026/VDT_project/build/aruco_detector/build/lib/aruco_detector/geometry_utils.py -> /home/vdt_2026/VDT_project/install/aruco_detector/lib/python3.12/site-packages/aruco_detector\n'}
[2.721986] (aruco_detector) StdoutLine: {'line': b'copying /home/vdt_2026/VDT_project/build/aruco_detector/build/lib/aruco_detector/camera_model.py -> /home/vdt_2026/VDT_project/install/aruco_detector/lib/python3.12/site-packages/aruco_detector\n'}
[2.722107] (aruco_detector) StdoutLine: {'line': b'copying /home/vdt_2026/VDT_project/build/aruco_detector/build/lib/aruco_detector/aruco_logic.py -> /home/vdt_2026/VDT_project/install/aruco_detector/lib/python3.12/site-packages/aruco_detector\n'}
[2.722210] (aruco_detector) StdoutLine: {'line': b'copying /home/vdt_2026/VDT_project/build/aruco_detector/build/lib/aruco_detector/image_conversion.py -> /home/vdt_2026/VDT_project/install/aruco_detector/lib/python3.12/site-packages/aruco_detector\n'}
[2.722552] (aruco_detector) StdoutLine: {'line': b'copying /home/vdt_2026/VDT_project/build/aruco_detector/build/lib/aruco_detector/__init__.py -> /home/vdt_2026/VDT_project/install/aruco_detector/lib/python3.12/site-packages/aruco_detector\n'}
[2.722880] (aruco_detector) StdoutLine: {'line': b'copying /home/vdt_2026/VDT_project/build/aruco_detector/build/lib/aruco_detector/message_builders.py -> /home/vdt_2026/VDT_project/install/aruco_detector/lib/python3.12/site-packages/aruco_detector\n'}
[2.723018] (aruco_detector) StdoutLine: {'line': b'copying /home/vdt_2026/VDT_project/build/aruco_detector/build/lib/aruco_detector/depth_to_image_node.py -> /home/vdt_2026/VDT_project/install/aruco_detector/lib/python3.12/site-packages/aruco_detector\n'}
[2.723122] (aruco_detector) StdoutLine: {'line': b'copying /home/vdt_2026/VDT_project/build/aruco_detector/build/lib/aruco_detector/aruco_node.py -> /home/vdt_2026/VDT_project/install/aruco_detector/lib/python3.12/site-packages/aruco_detector\n'}
[2.723220] (aruco_detector) StdoutLine: {'line': b'copying /home/vdt_2026/VDT_project/build/aruco_detector/build/lib/aruco_detector/annotation.py -> /home/vdt_2026/VDT_project/install/aruco_detector/lib/python3.12/site-packages/aruco_detector\n'}
[2.724444] (xrce_bridge_manager) StdoutLine: {'line': b'Copying ../../../build/xrce_bridge_manager/xrce_bridge_manager.egg-info to /home/vdt_2026/VDT_project/install/xrce_bridge_manager/lib/python3.12/site-packages/xrce_bridge_manager-0.1.0-py3.12.egg-info\n'}
[2.724694] (aruco_detector) StdoutLine: {'line': b'copying /home/vdt_2026/VDT_project/build/aruco_detector/build/lib/aruco_detector/detection_filter.py -> /home/vdt_2026/VDT_project/install/aruco_detector/lib/python3.12/site-packages/aruco_detector\n'}
[2.724827] (aruco_detector) StdoutLine: {'line': b'byte-compiling /home/vdt_2026/VDT_project/install/aruco_detector/lib/python3.12/site-packages/aruco_detector/geometry_utils.py to geometry_utils.cpython-312.pyc\n'}
[2.725086] (xrce_bridge_manager) StdoutLine: {'line': b'running install_scripts\n'}
[2.726458] (aruco_detector) StdoutLine: {'line': b'byte-compiling /home/vdt_2026/VDT_project/install/aruco_detector/lib/python3.12/site-packages/aruco_detector/camera_model.py to camera_model.cpython-312.pyc\n'}
[2.728477] (aruco_detector) StdoutLine: {'line': b'byte-compiling /home/vdt_2026/VDT_project/install/aruco_detector/lib/python3.12/site-packages/aruco_detector/aruco_logic.py to aruco_logic.cpython-312.pyc\n'}
[2.730343] (aruco_detector) StdoutLine: {'line': b'byte-compiling /home/vdt_2026/VDT_project/install/aruco_detector/lib/python3.12/site-packages/aruco_detector/image_conversion.py to image_conversion.cpython-312.pyc\n'}
[2.733530] (aruco_detector) StdoutLine: {'line': b'byte-compiling /home/vdt_2026/VDT_project/install/aruco_detector/lib/python3.12/site-packages/aruco_detector/__init__.py to __init__.cpython-312.pyc\n'}
[2.733884] (aruco_detector) StdoutLine: {'line': b'byte-compiling /home/vdt_2026/VDT_project/install/aruco_detector/lib/python3.12/site-packages/aruco_detector/message_builders.py to message_builders.cpython-312.pyc\n'}
[2.736495] (aruco_detector) StdoutLine: {'line': b'byte-compiling /home/vdt_2026/VDT_project/install/aruco_detector/lib/python3.12/site-packages/aruco_detector/depth_to_image_node.py to depth_to_image_node.cpython-312.pyc\n'}
[2.737301] (servo_control) StdoutLine: {'line': b'Copying ../../../build/servo_control/servo_control.egg-info to /home/vdt_2026/VDT_project/install/servo_control/lib/python3.12/site-packages/servo_control-0.1.0-py3.12.egg-info\n'}
[2.737519] (aruco_detector) StdoutLine: {'line': b'byte-compiling /home/vdt_2026/VDT_project/install/aruco_detector/lib/python3.12/site-packages/aruco_detector/aruco_node.py to aruco_node.cpython-312.pyc\n'}
[2.739457] (servo_control) StdoutLine: {'line': b'running install_scripts\n'}
[2.740768] (aruco_detector) StdoutLine: {'line': b'byte-compiling /home/vdt_2026/VDT_project/install/aruco_detector/lib/python3.12/site-packages/aruco_detector/annotation.py to annotation.cpython-312.pyc\n'}
[2.742706] (aruco_detector) StdoutLine: {'line': b'byte-compiling /home/vdt_2026/VDT_project/install/aruco_detector/lib/python3.12/site-packages/aruco_detector/detection_filter.py to detection_filter.cpython-312.pyc\n'}
[2.743605] (aruco_detector) StdoutLine: {'line': b'running install_data\n'}
[2.746451] (aruco_detector) StdoutLine: {'line': b'creating /home/vdt_2026/VDT_project/install/aruco_detector/share/ament_index\n'}
[2.746700] (aruco_detector) StdoutLine: {'line': b'creating /home/vdt_2026/VDT_project/install/aruco_detector/share/ament_index/resource_index\n'}
[2.746797] (aruco_detector) StdoutLine: {'line': b'creating /home/vdt_2026/VDT_project/install/aruco_detector/share/ament_index/resource_index/packages\n'}
[2.746888] (aruco_detector) StdoutLine: {'line': b'copying resource/aruco_detector -> /home/vdt_2026/VDT_project/install/aruco_detector/share/ament_index/resource_index/packages\n'}
[2.746981] (aruco_detector) StdoutLine: {'line': b'copying package.xml -> /home/vdt_2026/VDT_project/install/aruco_detector/share/aruco_detector\n'}
[2.747070] (aruco_detector) StdoutLine: {'line': b'creating /home/vdt_2026/VDT_project/install/aruco_detector/share/aruco_detector/launch\n'}
[2.747153] (aruco_detector) StdoutLine: {'line': b'copying launch/aruco.launch.py -> /home/vdt_2026/VDT_project/install/aruco_detector/share/aruco_detector/launch\n'}
[2.748581] (aruco_detector) StdoutLine: {'line': b'running install_egg_info\n'}
[2.776024] (aruco_detector) StdoutLine: {'line': b'Copying ../../../build/aruco_detector/aruco_detector.egg-info to /home/vdt_2026/VDT_project/install/aruco_detector/lib/python3.12/site-packages/aruco_detector-0.1.0-py3.12.egg-info\n'}
[2.788189] (aruco_detector) StdoutLine: {'line': b'running install_scripts\n'}
[2.814493] (-) TimerEvent: {}
[2.914727] (-) TimerEvent: {}
[2.920834] (xrce_bridge_manager) StdoutLine: {'line': b'Installing xrce_bridge_node script to /home/vdt_2026/VDT_project/install/xrce_bridge_manager/lib/xrce_bridge_manager\n'}
[2.923496] (xrce_bridge_manager) StdoutLine: {'line': b"writing list of installed files to '/home/vdt_2026/VDT_project/build/xrce_bridge_manager/install.log'\n"}
[2.938550] (servo_control) StdoutLine: {'line': b'Installing servo_node script to /home/vdt_2026/VDT_project/install/servo_control/lib/servo_control\n'}
[2.939404] (servo_control) StdoutLine: {'line': b"writing list of installed files to '/home/vdt_2026/VDT_project/build/servo_control/install.log'\n"}
[3.015513] (-) TimerEvent: {}
[3.029992] (aruco_detector) StdoutLine: {'line': b'Installing aruco_node script to /home/vdt_2026/VDT_project/install/aruco_detector/lib/aruco_detector\n'}
[3.035623] (aruco_detector) StdoutLine: {'line': b'Installing depth_to_image_node script to /home/vdt_2026/VDT_project/install/aruco_detector/lib/aruco_detector\n'}
[3.036277] (aruco_detector) StdoutLine: {'line': b"writing list of installed files to '/home/vdt_2026/VDT_project/build/aruco_detector/install.log'\n"}
[3.083722] (xrce_bridge_manager) CommandEnded: {'returncode': 0}
[3.108492] (xrce_bridge_manager) JobEnded: {'identifier': 'xrce_bridge_manager', 'rc': 0}
[3.110241] (ekf_adapter) JobStarted: {'identifier': 'ekf_adapter'}
[3.115875] (-) TimerEvent: {}
[3.121461] (servo_control) CommandEnded: {'returncode': 0}
[3.133934] (servo_control) JobEnded: {'identifier': 'servo_control', 'rc': 0}
[3.138477] (ibvs) JobStarted: {'identifier': 'ibvs'}
[3.216015] (-) TimerEvent: {}
[3.316266] (-) TimerEvent: {}
[3.416507] (-) TimerEvent: {}
[3.477299] (aruco_detector) CommandEnded: {'returncode': 0}
[3.485479] (aruco_detector) JobEnded: {'identifier': 'aruco_detector', 'rc': 0}
[3.487224] (vdt_takeoff) JobStarted: {'identifier': 'vdt_takeoff'}
[3.516624] (-) TimerEvent: {}
[3.616822] (-) TimerEvent: {}
[3.717016] (-) TimerEvent: {}
[3.817256] (-) TimerEvent: {}
[3.920484] (-) TimerEvent: {}
[4.020698] (-) TimerEvent: {}
[4.121007] (-) TimerEvent: {}
[4.179527] (vdt_msgs) StdoutLine: {'line': b'-- Using all available rosidl_typesupport_c: rosidl_typesupport_fastrtps_c;rosidl_typesupport_introspection_c\n'}
[4.221107] (-) TimerEvent: {}
[4.321370] (-) TimerEvent: {}
[4.421619] (-) TimerEvent: {}
[4.521835] (-) TimerEvent: {}
[4.622122] (-) TimerEvent: {}
[4.720892] (vdt_msgs) StdoutLine: {'line': b'-- Using all available rosidl_typesupport_cpp: rosidl_typesupport_fastrtps_cpp;rosidl_typesupport_introspection_cpp\n'}
[4.722605] (-) TimerEvent: {}
[4.729538] (vdt_msgs) StdoutLine: {'line': b'-- Found python_cmake_module: 0.11.1 (/opt/ros/jazzy/share/python_cmake_module/cmake)\n'}
[4.813316] (ekf_adapter) Command: {'cmd': ['/usr/bin/python3', '-W', 'ignore:setup.py install is deprecated', '-W', 'ignore:easy_install command is deprecated', 'setup.py', 'egg_info', '--egg-base', '../../../build/ekf_adapter', 'build', '--build-base', '/home/vdt_2026/VDT_project/build/ekf_adapter/build', 'install', '--record', '/home/vdt_2026/VDT_project/build/ekf_adapter/install.log', '--install-scripts', '$base/lib/ekf_adapter', '--single-version-externally-managed', 'install_data'], 'cwd': '/home/vdt_2026/VDT_project/ros2_ws/src/ekf_adapter', 'env': OrderedDict({'LESSOPEN': '| /usr/bin/lesspipe %s', 'USER': 'vdt_2026', 'SSH_CLIENT': '100.101.240.43 57783 22', 'XDG_SESSION_TYPE': 'tty', 'SHLVL': '1', 'LD_LIBRARY_PATH': '/home/vdt_2026/ros2_ws/install/px4_msgs/lib:/opt/ros/jazzy/lib/aarch64-linux-gnu:/opt/ros/jazzy/lib', 'HOME': '/home/vdt_2026', 'OLDPWD': '/home/vdt_2026', 'SSH_TTY': '/dev/pts/3', 'ROS_PYTHON_VERSION': '3', 'DBUS_SESSION_BUS_ADDRESS': 'unix:path=/run/user/1000/bus', 'COLCON_PREFIX_PATH': '/home/vdt_2026/ros2_ws/install', 'ROS_DISTRO': 'jazzy', 'LOGNAME': 'vdt_2026', '_': '/usr/bin/colcon', 'ROS_VERSION': '2', 'XDG_SESSION_CLASS': 'user', 'TERM': 'xterm-256color', 'XDG_SESSION_ID': '11', 'PATH': '/home/vdt_2026/.local/bin:/opt/ros/jazzy/bin:/usr/local/sbin:/usr/local/bin:/usr/sbin:/usr/bin:/sbin:/bin:/usr/games:/usr/local/games:/snap/bin', 'XDG_RUNTIME_DIR': '/run/user/1000', 'LANG': 'en_US.UTF-8', 'LS_COLORS': 'rs=0:di=01;34:ln=01;36:mh=00:pi=40;33:so=01;35:do=01;35:bd=40;33;01:cd=40;33;01:or=40;31;01:mi=00:su=37;41:sg=30;43:ca=00:tw=30;42:ow=34;42:st=37;44:ex=01;32:*.tar=01;31:*.tgz=01;31:*.arc=01;31:*.arj=01;31:*.taz=01;31:*.lha=01;31:*.lz4=01;31:*.lzh=01;31:*.lzma=01;31:*.tlz=01;31:*.txz=01;31:*.tzo=01;31:*.t7z=01;31:*.zip=01;31:*.z=01;31:*.dz=01;31:*.gz=01;31:*.lrz=01;31:*.lz=01;31:*.lzo=01;31:*.xz=01;31:*.zst=01;31:*.tzst=01;31:*.bz2=01;31:*.bz=01;31:*.tbz=01;31:*.tbz2=01;31:*.tz=01;31:*.deb=01;31:*.rpm=01;31:*.jar=01;31:*.war=01;31:*.ear=01;31:*.sar=01;31:*.rar=01;31:*.alz=01;31:*.ace=01;31:*.zoo=01;31:*.cpio=01;31:*.7z=01;31:*.rz=01;31:*.cab=01;31:*.wim=01;31:*.swm=01;31:*.dwm=01;31:*.esd=01;31:*.avif=01;35:*.jpg=01;35:*.jpeg=01;35:*.mjpg=01;35:*.mjpeg=01;35:*.gif=01;35:*.bmp=01;35:*.pbm=01;35:*.pgm=01;35:*.ppm=01;35:*.tga=01;35:*.xbm=01;35:*.xpm=01;35:*.tif=01;35:*.tiff=01;35:*.png=01;35:*.svg=01;35:*.svgz=01;35:*.mng=01;35:*.pcx=01;35:*.mov=01;35:*.mpg=01;35:*.mpeg=01;35:*.m2v=01;35:*.mkv=01;35:*.webm=01;35:*.webp=01;35:*.ogm=01;35:*.mp4=01;35:*.m4v=01;35:*.mp4v=01;35:*.vob=01;35:*.qt=01;35:*.nuv=01;35:*.wmv=01;35:*.asf=01;35:*.rm=01;35:*.rmvb=01;35:*.flc=01;35:*.avi=01;35:*.fli=01;35:*.flv=01;35:*.gl=01;35:*.dl=01;35:*.xcf=01;35:*.xwd=01;35:*.yuv=01;35:*.cgm=01;35:*.emf=01;35:*.ogv=01;35:*.ogx=01;35:*.aac=00;36:*.au=00;36:*.flac=00;36:*.m4a=00;36:*.mid=00;36:*.midi=00;36:*.mka=00;36:*.mp3=00;36:*.mpc=00;36:*.ogg=00;36:*.ra=00;36:*.wav=00;36:*.oga=00;36:*.opus=00;36:*.spx=00;36:*.xspf=00;36:*~=00;90:*#=00;90:*.bak=00;90:*.crdownload=00;90:*.dpkg-dist=00;90:*.dpkg-new=00;90:*.dpkg-old=00;90:*.dpkg-tmp=00;90:*.old=00;90:*.orig=00;90:*.part=00;90:*.rej=00;90:*.rpmnew=00;90:*.rpmorig=00;90:*.rpmsave=00;90:*.swp=00;90:*.tmp=00;90:*.ucf-dist=00;90:*.ucf-new=00;90:*.ucf-old=00;90:', 'AMENT_PREFIX_PATH': '/home/vdt_2026/ros2_ws/install/px4_msgs:/opt/ros/jazzy', 'SHELL': '/bin/bash', 'LESSCLOSE': '/usr/bin/lesspipe %s %s', 'ROS_AUTOMATIC_DISCOVERY_RANGE': 'SUBNET', 'PWD': '/home/vdt_2026/VDT_project/build/ekf_adapter', 'LC_ALL': 'en_US.UTF-8', 'SSH_CONNECTION': '100.101.240.43 57783 100.65.242.75 22', 'XDG_DATA_DIRS': '/usr/local/share:/usr/share:/var/lib/snapd/desktop', 'PYTHONPATH': '/home/vdt_2026/VDT_project/build/ekf_adapter/prefix_override:/usr/lib/python3/dist-packages/colcon_core/task/python/colcon_distutils_commands:/home/vdt_2026/VDT_project/install/ekf_adapter/lib/python3.12/site-packages:/home/vdt_2026/ros2_ws/install/px4_msgs/lib/python3.12/site-packages:/opt/ros/jazzy/lib/python3.12/site-packages:/home/vdt_2026/librealsense/build/Release', 'COLCON': '1', 'CMAKE_PREFIX_PATH': '/home/vdt_2026/ros2_ws/install/px4_msgs'}), 'shell': False}
[4.825483] (-) TimerEvent: {}
[4.925703] (-) TimerEvent: {}
[5.025955] (-) TimerEvent: {}
[5.078867] (vdt_msgs) StdoutLine: {'line': b'-- Found PythonExtra: /usr/bin/python3  \n'}
[5.126152] (-) TimerEvent: {}
[5.227591] (-) TimerEvent: {}
[5.258962] (vdt_takeoff) Command: {'cmd': ['/usr/bin/python3', '-W', 'ignore:setup.py install is deprecated', '-W', 'ignore:easy_install command is deprecated', 'setup.py', 'egg_info', '--egg-base', '../../../build/vdt_takeoff', 'build', '--build-base', '/home/vdt_2026/VDT_project/build/vdt_takeoff/build', 'install', '--record', '/home/vdt_2026/VDT_project/build/vdt_takeoff/install.log', '--install-scripts', '$base/lib/vdt_takeoff', '--single-version-externally-managed', 'install_data'], 'cwd': '/home/vdt_2026/VDT_project/ros2_ws/src/takeoff', 'env': OrderedDict({'LESSOPEN': '| /usr/bin/lesspipe %s', 'USER': 'vdt_2026', 'SSH_CLIENT': '100.101.240.43 57783 22', 'XDG_SESSION_TYPE': 'tty', 'SHLVL': '1', 'LD_LIBRARY_PATH': '/home/vdt_2026/ros2_ws/install/px4_msgs/lib:/opt/ros/jazzy/lib/aarch64-linux-gnu:/opt/ros/jazzy/lib', 'HOME': '/home/vdt_2026', 'OLDPWD': '/home/vdt_2026', 'SSH_TTY': '/dev/pts/3', 'ROS_PYTHON_VERSION': '3', 'DBUS_SESSION_BUS_ADDRESS': 'unix:path=/run/user/1000/bus', 'COLCON_PREFIX_PATH': '/home/vdt_2026/ros2_ws/install', 'ROS_DISTRO': 'jazzy', 'LOGNAME': 'vdt_2026', '_': '/usr/bin/colcon', 'ROS_VERSION': '2', 'XDG_SESSION_CLASS': 'user', 'TERM': 'xterm-256color', 'XDG_SESSION_ID': '11', 'PATH': '/home/vdt_2026/.local/bin:/opt/ros/jazzy/bin:/usr/local/sbin:/usr/local/bin:/usr/sbin:/usr/bin:/sbin:/bin:/usr/games:/usr/local/games:/snap/bin', 'XDG_RUNTIME_DIR': '/run/user/1000', 'LANG': 'en_US.UTF-8', 'LS_COLORS': 'rs=0:di=01;34:ln=01;36:mh=00:pi=40;33:so=01;35:do=01;35:bd=40;33;01:cd=40;33;01:or=40;31;01:mi=00:su=37;41:sg=30;43:ca=00:tw=30;42:ow=34;42:st=37;44:ex=01;32:*.tar=01;31:*.tgz=01;31:*.arc=01;31:*.arj=01;31:*.taz=01;31:*.lha=01;31:*.lz4=01;31:*.lzh=01;31:*.lzma=01;31:*.tlz=01;31:*.txz=01;31:*.tzo=01;31:*.t7z=01;31:*.zip=01;31:*.z=01;31:*.dz=01;31:*.gz=01;31:*.lrz=01;31:*.lz=01;31:*.lzo=01;31:*.xz=01;31:*.zst=01;31:*.tzst=01;31:*.bz2=01;31:*.bz=01;31:*.tbz=01;31:*.tbz2=01;31:*.tz=01;31:*.deb=01;31:*.rpm=01;31:*.jar=01;31:*.war=01;31:*.ear=01;31:*.sar=01;31:*.rar=01;31:*.alz=01;31:*.ace=01;31:*.zoo=01;31:*.cpio=01;31:*.7z=01;31:*.rz=01;31:*.cab=01;31:*.wim=01;31:*.swm=01;31:*.dwm=01;31:*.esd=01;31:*.avif=01;35:*.jpg=01;35:*.jpeg=01;35:*.mjpg=01;35:*.mjpeg=01;35:*.gif=01;35:*.bmp=01;35:*.pbm=01;35:*.pgm=01;35:*.ppm=01;35:*.tga=01;35:*.xbm=01;35:*.xpm=01;35:*.tif=01;35:*.tiff=01;35:*.png=01;35:*.svg=01;35:*.svgz=01;35:*.mng=01;35:*.pcx=01;35:*.mov=01;35:*.mpg=01;35:*.mpeg=01;35:*.m2v=01;35:*.mkv=01;35:*.webm=01;35:*.webp=01;35:*.ogm=01;35:*.mp4=01;35:*.m4v=01;35:*.mp4v=01;35:*.vob=01;35:*.qt=01;35:*.nuv=01;35:*.wmv=01;35:*.asf=01;35:*.rm=01;35:*.rmvb=01;35:*.flc=01;35:*.avi=01;35:*.fli=01;35:*.flv=01;35:*.gl=01;35:*.dl=01;35:*.xcf=01;35:*.xwd=01;35:*.yuv=01;35:*.cgm=01;35:*.emf=01;35:*.ogv=01;35:*.ogx=01;35:*.aac=00;36:*.au=00;36:*.flac=00;36:*.m4a=00;36:*.mid=00;36:*.midi=00;36:*.mka=00;36:*.mp3=00;36:*.mpc=00;36:*.ogg=00;36:*.ra=00;36:*.wav=00;36:*.oga=00;36:*.opus=00;36:*.spx=00;36:*.xspf=00;36:*~=00;90:*#=00;90:*.bak=00;90:*.crdownload=00;90:*.dpkg-dist=00;90:*.dpkg-new=00;90:*.dpkg-old=00;90:*.dpkg-tmp=00;90:*.old=00;90:*.orig=00;90:*.part=00;90:*.rej=00;90:*.rpmnew=00;90:*.rpmorig=00;90:*.rpmsave=00;90:*.swp=00;90:*.tmp=00;90:*.ucf-dist=00;90:*.ucf-new=00;90:*.ucf-old=00;90:', 'AMENT_PREFIX_PATH': '/home/vdt_2026/ros2_ws/install/px4_msgs:/opt/ros/jazzy', 'SHELL': '/bin/bash', 'LESSCLOSE': '/usr/bin/lesspipe %s %s', 'ROS_AUTOMATIC_DISCOVERY_RANGE': 'SUBNET', 'PWD': '/home/vdt_2026/VDT_project/build/vdt_takeoff', 'LC_ALL': 'en_US.UTF-8', 'SSH_CONNECTION': '100.101.240.43 57783 100.65.242.75 22', 'XDG_DATA_DIRS': '/usr/local/share:/usr/share:/var/lib/snapd/desktop', 'PYTHONPATH': '/home/vdt_2026/VDT_project/build/vdt_takeoff/prefix_override:/usr/lib/python3/dist-packages/colcon_core/task/python/colcon_distutils_commands:/home/vdt_2026/VDT_project/install/vdt_takeoff/lib/python3.12/site-packages:/home/vdt_2026/ros2_ws/install/px4_msgs/lib/python3.12/site-packages:/opt/ros/jazzy/lib/python3.12/site-packages:/home/vdt_2026/librealsense/build/Release', 'COLCON': '1', 'CMAKE_PREFIX_PATH': '/home/vdt_2026/ros2_ws/install/px4_msgs'}), 'shell': False}
[5.268170] (ibvs) Command: {'cmd': ['/usr/bin/python3', '-W', 'ignore:setup.py install is deprecated', '-W', 'ignore:easy_install command is deprecated', 'setup.py', 'egg_info', '--egg-base', '../../../build/ibvs', 'build', '--build-base', '/home/vdt_2026/VDT_project/build/ibvs/build', 'install', '--record', '/home/vdt_2026/VDT_project/build/ibvs/install.log', '--install-scripts', '$base/lib/ibvs', '--single-version-externally-managed', 'install_data'], 'cwd': '/home/vdt_2026/VDT_project/ros2_ws/src/ibvs', 'env': OrderedDict({'LESSOPEN': '| /usr/bin/lesspipe %s', 'USER': 'vdt_2026', 'SSH_CLIENT': '100.101.240.43 57783 22', 'XDG_SESSION_TYPE': 'tty', 'SHLVL': '1', 'LD_LIBRARY_PATH': '/home/vdt_2026/ros2_ws/install/px4_msgs/lib:/opt/ros/jazzy/lib/aarch64-linux-gnu:/opt/ros/jazzy/lib', 'HOME': '/home/vdt_2026', 'OLDPWD': '/home/vdt_2026', 'SSH_TTY': '/dev/pts/3', 'ROS_PYTHON_VERSION': '3', 'DBUS_SESSION_BUS_ADDRESS': 'unix:path=/run/user/1000/bus', 'COLCON_PREFIX_PATH': '/home/vdt_2026/ros2_ws/install', 'ROS_DISTRO': 'jazzy', 'LOGNAME': 'vdt_2026', '_': '/usr/bin/colcon', 'ROS_VERSION': '2', 'XDG_SESSION_CLASS': 'user', 'TERM': 'xterm-256color', 'XDG_SESSION_ID': '11', 'PATH': '/home/vdt_2026/.local/bin:/opt/ros/jazzy/bin:/usr/local/sbin:/usr/local/bin:/usr/sbin:/usr/bin:/sbin:/bin:/usr/games:/usr/local/games:/snap/bin', 'XDG_RUNTIME_DIR': '/run/user/1000', 'LANG': 'en_US.UTF-8', 'LS_COLORS': 'rs=0:di=01;34:ln=01;36:mh=00:pi=40;33:so=01;35:do=01;35:bd=40;33;01:cd=40;33;01:or=40;31;01:mi=00:su=37;41:sg=30;43:ca=00:tw=30;42:ow=34;42:st=37;44:ex=01;32:*.tar=01;31:*.tgz=01;31:*.arc=01;31:*.arj=01;31:*.taz=01;31:*.lha=01;31:*.lz4=01;31:*.lzh=01;31:*.lzma=01;31:*.tlz=01;31:*.txz=01;31:*.tzo=01;31:*.t7z=01;31:*.zip=01;31:*.z=01;31:*.dz=01;31:*.gz=01;31:*.lrz=01;31:*.lz=01;31:*.lzo=01;31:*.xz=01;31:*.zst=01;31:*.tzst=01;31:*.bz2=01;31:*.bz=01;31:*.tbz=01;31:*.tbz2=01;31:*.tz=01;31:*.deb=01;31:*.rpm=01;31:*.jar=01;31:*.war=01;31:*.ear=01;31:*.sar=01;31:*.rar=01;31:*.alz=01;31:*.ace=01;31:*.zoo=01;31:*.cpio=01;31:*.7z=01;31:*.rz=01;31:*.cab=01;31:*.wim=01;31:*.swm=01;31:*.dwm=01;31:*.esd=01;31:*.avif=01;35:*.jpg=01;35:*.jpeg=01;35:*.mjpg=01;35:*.mjpeg=01;35:*.gif=01;35:*.bmp=01;35:*.pbm=01;35:*.pgm=01;35:*.ppm=01;35:*.tga=01;35:*.xbm=01;35:*.xpm=01;35:*.tif=01;35:*.tiff=01;35:*.png=01;35:*.svg=01;35:*.svgz=01;35:*.mng=01;35:*.pcx=01;35:*.mov=01;35:*.mpg=01;35:*.mpeg=01;35:*.m2v=01;35:*.mkv=01;35:*.webm=01;35:*.webp=01;35:*.ogm=01;35:*.mp4=01;35:*.m4v=01;35:*.mp4v=01;35:*.vob=01;35:*.qt=01;35:*.nuv=01;35:*.wmv=01;35:*.asf=01;35:*.rm=01;35:*.rmvb=01;35:*.flc=01;35:*.avi=01;35:*.fli=01;35:*.flv=01;35:*.gl=01;35:*.dl=01;35:*.xcf=01;35:*.xwd=01;35:*.yuv=01;35:*.cgm=01;35:*.emf=01;35:*.ogv=01;35:*.ogx=01;35:*.aac=00;36:*.au=00;36:*.flac=00;36:*.m4a=00;36:*.mid=00;36:*.midi=00;36:*.mka=00;36:*.mp3=00;36:*.mpc=00;36:*.ogg=00;36:*.ra=00;36:*.wav=00;36:*.oga=00;36:*.opus=00;36:*.spx=00;36:*.xspf=00;36:*~=00;90:*#=00;90:*.bak=00;90:*.crdownload=00;90:*.dpkg-dist=00;90:*.dpkg-new=00;90:*.dpkg-old=00;90:*.dpkg-tmp=00;90:*.old=00;90:*.orig=00;90:*.part=00;90:*.rej=00;90:*.rpmnew=00;90:*.rpmorig=00;90:*.rpmsave=00;90:*.swp=00;90:*.tmp=00;90:*.ucf-dist=00;90:*.ucf-new=00;90:*.ucf-old=00;90:', 'AMENT_PREFIX_PATH': '/home/vdt_2026/ros2_ws/install/px4_msgs:/opt/ros/jazzy', 'SHELL': '/bin/bash', 'LESSCLOSE': '/usr/bin/lesspipe %s %s', 'ROS_AUTOMATIC_DISCOVERY_RANGE': 'SUBNET', 'PWD': '/home/vdt_2026/VDT_project/build/ibvs', 'LC_ALL': 'en_US.UTF-8', 'SSH_CONNECTION': '100.101.240.43 57783 100.65.242.75 22', 'XDG_DATA_DIRS': '/usr/local/share:/usr/share:/var/lib/snapd/desktop', 'PYTHONPATH': '/home/vdt_2026/VDT_project/build/ibvs/prefix_override:/usr/lib/python3/dist-packages/colcon_core/task/python/colcon_distutils_commands:/home/vdt_2026/VDT_project/install/ibvs/lib/python3.12/site-packages:/home/vdt_2026/ros2_ws/install/px4_msgs/lib/python3.12/site-packages:/opt/ros/jazzy/lib/python3.12/site-packages:/home/vdt_2026/librealsense/build/Release', 'COLCON': '1', 'CMAKE_PREFIX_PATH': '/home/vdt_2026/ros2_ws/install/px4_msgs'}), 'shell': False}
[5.327835] (-) TimerEvent: {}
[5.338793] (ekf_adapter) StdoutLine: {'line': b'running egg_info\n'}
[5.340615] (ekf_adapter) StdoutLine: {'line': b'creating ../../../build/ekf_adapter/ekf_adapter.egg-info\n'}
[5.373011] (ekf_adapter) StdoutLine: {'line': b'writing ../../../build/ekf_adapter/ekf_adapter.egg-info/PKG-INFO\n'}
[5.376771] (ekf_adapter) StdoutLine: {'line': b'writing dependency_links to ../../../build/ekf_adapter/ekf_adapter.egg-info/dependency_links.txt\n'}
[5.377058] (ekf_adapter) StdoutLine: {'line': b'writing entry points to ../../../build/ekf_adapter/ekf_adapter.egg-info/entry_points.txt\n'}
[5.377175] (ekf_adapter) StdoutLine: {'line': b'writing requirements to ../../../build/ekf_adapter/ekf_adapter.egg-info/requires.txt\n'}
[5.377275] (ekf_adapter) StdoutLine: {'line': b'writing top-level names to ../../../build/ekf_adapter/ekf_adapter.egg-info/top_level.txt\n'}
[5.377368] (ekf_adapter) StdoutLine: {'line': b"writing manifest file '../../../build/ekf_adapter/ekf_adapter.egg-info/SOURCES.txt'\n"}
[5.427941] (-) TimerEvent: {}
[5.438444] (ekf_adapter) StdoutLine: {'line': b"reading manifest file '../../../build/ekf_adapter/ekf_adapter.egg-info/SOURCES.txt'\n"}
[5.440610] (ekf_adapter) StdoutLine: {'line': b"writing manifest file '../../../build/ekf_adapter/ekf_adapter.egg-info/SOURCES.txt'\n"}
[5.441637] (ekf_adapter) StdoutLine: {'line': b'running build\n'}
[5.443592] (ekf_adapter) StdoutLine: {'line': b'running build_py\n'}
[5.444127] (ekf_adapter) StdoutLine: {'line': b'creating /home/vdt_2026/VDT_project/build/ekf_adapter/build\n'}
[5.444460] (ekf_adapter) StdoutLine: {'line': b'creating /home/vdt_2026/VDT_project/build/ekf_adapter/build/lib\n'}
[5.445335] (ekf_adapter) StdoutLine: {'line': b'creating /home/vdt_2026/VDT_project/build/ekf_adapter/build/lib/ekf_adapter\n'}
[5.445738] (ekf_adapter) StdoutLine: {'line': b'copying ekf_adapter/odom_tf_node.py -> /home/vdt_2026/VDT_project/build/ekf_adapter/build/lib/ekf_adapter\n'}
[5.446196] (ekf_adapter) StdoutLine: {'line': b'copying ekf_adapter/ekf_logic.py -> /home/vdt_2026/VDT_project/build/ekf_adapter/build/lib/ekf_adapter\n'}
[5.447583] (ekf_adapter) StdoutLine: {'line': b'copying ekf_adapter/__init__.py -> /home/vdt_2026/VDT_project/build/ekf_adapter/build/lib/ekf_adapter\n'}
[5.448014] (ekf_adapter) StdoutLine: {'line': b'copying ekf_adapter/target_state_ekf.py -> /home/vdt_2026/VDT_project/build/ekf_adapter/build/lib/ekf_adapter\n'}
[5.448756] (ekf_adapter) StdoutLine: {'line': b'copying ekf_adapter/tracking_policy.py -> /home/vdt_2026/VDT_project/build/ekf_adapter/build/lib/ekf_adapter\n'}
[5.450545] (ekf_adapter) StdoutLine: {'line': b'copying ekf_adapter/target_state_simulation.py -> /home/vdt_2026/VDT_project/build/ekf_adapter/build/lib/ekf_adapter\n'}
[5.452359] (ekf_adapter) StdoutLine: {'line': b'copying ekf_adapter/ekf_node.py -> /home/vdt_2026/VDT_project/build/ekf_adapter/build/lib/ekf_adapter\n'}
[5.455770] (ekf_adapter) StdoutLine: {'line': b'running install\n'}
[5.466906] (ekf_adapter) StdoutLine: {'line': b'running install_lib\n'}
[5.498665] (ekf_adapter) StdoutLine: {'line': b'creating /home/vdt_2026/VDT_project/install/ekf_adapter/lib/python3.12/site-packages/ekf_adapter\n'}
[5.498920] (ekf_adapter) StdoutLine: {'line': b'copying /home/vdt_2026/VDT_project/build/ekf_adapter/build/lib/ekf_adapter/odom_tf_node.py -> /home/vdt_2026/VDT_project/install/ekf_adapter/lib/python3.12/site-packages/ekf_adapter\n'}
[5.499024] (ekf_adapter) StdoutLine: {'line': b'copying /home/vdt_2026/VDT_project/build/ekf_adapter/build/lib/ekf_adapter/ekf_logic.py -> /home/vdt_2026/VDT_project/install/ekf_adapter/lib/python3.12/site-packages/ekf_adapter\n'}
[5.499111] (ekf_adapter) StdoutLine: {'line': b'copying /home/vdt_2026/VDT_project/build/ekf_adapter/build/lib/ekf_adapter/__init__.py -> /home/vdt_2026/VDT_project/install/ekf_adapter/lib/python3.12/site-packages/ekf_adapter\n'}
[5.499189] (ekf_adapter) StdoutLine: {'line': b'copying /home/vdt_2026/VDT_project/build/ekf_adapter/build/lib/ekf_adapter/target_state_ekf.py -> /home/vdt_2026/VDT_project/install/ekf_adapter/lib/python3.12/site-packages/ekf_adapter\n'}
[5.499270] (ekf_adapter) StdoutLine: {'line': b'copying /home/vdt_2026/VDT_project/build/ekf_adapter/build/lib/ekf_adapter/tracking_policy.py -> /home/vdt_2026/VDT_project/install/ekf_adapter/lib/python3.12/site-packages/ekf_adapter\n'}
[5.499349] (ekf_adapter) StdoutLine: {'line': b'copying /home/vdt_2026/VDT_project/build/ekf_adapter/build/lib/ekf_adapter/target_state_simulation.py -> /home/vdt_2026/VDT_project/install/ekf_adapter/lib/python3.12/site-packages/ekf_adapter\n'}
[5.499471] (ekf_adapter) StdoutLine: {'line': b'copying /home/vdt_2026/VDT_project/build/ekf_adapter/build/lib/ekf_adapter/ekf_node.py -> /home/vdt_2026/VDT_project/install/ekf_adapter/lib/python3.12/site-packages/ekf_adapter\n'}
[5.502466] (ekf_adapter) StdoutLine: {'line': b'byte-compiling /home/vdt_2026/VDT_project/install/ekf_adapter/lib/python3.12/site-packages/ekf_adapter/odom_tf_node.py to odom_tf_node.cpython-312.pyc\n'}
[5.503551] (ekf_adapter) StdoutLine: {'line': b'byte-compiling /home/vdt_2026/VDT_project/install/ekf_adapter/lib/python3.12/site-packages/ekf_adapter/ekf_logic.py to ekf_logic.cpython-312.pyc\n'}
[5.509097] (ekf_adapter) StdoutLine: {'line': b'byte-compiling /home/vdt_2026/VDT_project/install/ekf_adapter/lib/python3.12/site-packages/ekf_adapter/__init__.py to __init__.cpython-312.pyc\n'}
[5.510631] (ekf_adapter) StdoutLine: {'line': b'byte-compiling /home/vdt_2026/VDT_project/install/ekf_adapter/lib/python3.12/site-packages/ekf_adapter/target_state_ekf.py to target_state_ekf.cpython-312.pyc\n'}
[5.516663] (ekf_adapter) StdoutLine: {'line': b'byte-compiling /home/vdt_2026/VDT_project/install/ekf_adapter/lib/python3.12/site-packages/ekf_adapter/tracking_policy.py to tracking_policy.cpython-312.pyc\n'}
[5.516942] (ekf_adapter) StdoutLine: {'line': b'byte-compiling /home/vdt_2026/VDT_project/install/ekf_adapter/lib/python3.12/site-packages/ekf_adapter/target_state_simulation.py to target_state_simulation.cpython-312.pyc\n'}
[5.523722] (ekf_adapter) StdoutLine: {'line': b'byte-compiling /home/vdt_2026/VDT_project/install/ekf_adapter/lib/python3.12/site-packages/ekf_adapter/ekf_node.py to ekf_node.cpython-312.pyc\n'}
[5.528068] (-) TimerEvent: {}
[5.529989] (ekf_adapter) StdoutLine: {'line': b'running install_data\n'}
[5.530244] (ekf_adapter) StdoutLine: {'line': b'creating /home/vdt_2026/VDT_project/install/ekf_adapter/share/ament_index\n'}
[5.530355] (ekf_adapter) StdoutLine: {'line': b'creating /home/vdt_2026/VDT_project/install/ekf_adapter/share/ament_index/resource_index\n'}
[5.530471] (ekf_adapter) StdoutLine: {'line': b'creating /home/vdt_2026/VDT_project/install/ekf_adapter/share/ament_index/resource_index/packages\n'}
[5.530564] (ekf_adapter) StdoutLine: {'line': b'copying resource/ekf_adapter -> /home/vdt_2026/VDT_project/install/ekf_adapter/share/ament_index/resource_index/packages\n'}
[5.530645] (ekf_adapter) StdoutLine: {'line': b'copying package.xml -> /home/vdt_2026/VDT_project/install/ekf_adapter/share/ekf_adapter\n'}
[5.530723] (ekf_adapter) StdoutLine: {'line': b'creating /home/vdt_2026/VDT_project/install/ekf_adapter/share/ekf_adapter/launch\n'}
[5.530801] (ekf_adapter) StdoutLine: {'line': b'copying launch/ekf.launch.py -> /home/vdt_2026/VDT_project/install/ekf_adapter/share/ekf_adapter/launch\n'}
[5.534460] (ekf_adapter) StdoutLine: {'line': b'running install_egg_info\n'}
[5.560656] (ekf_adapter) StdoutLine: {'line': b'Copying ../../../build/ekf_adapter/ekf_adapter.egg-info to /home/vdt_2026/VDT_project/install/ekf_adapter/lib/python3.12/site-packages/ekf_adapter-0.1.0-py3.12.egg-info\n'}
[5.560935] (ekf_adapter) StdoutLine: {'line': b'running install_scripts\n'}
[5.628214] (-) TimerEvent: {}
[5.693970] (ibvs) StdoutLine: {'line': b'running egg_info\n'}
[5.695242] (ibvs) StdoutLine: {'line': b'creating ../../../build/ibvs/ibvs.egg-info\n'}
[5.716408] (ibvs) StdoutLine: {'line': b'writing ../../../build/ibvs/ibvs.egg-info/PKG-INFO\n'}
[5.717555] (ibvs) StdoutLine: {'line': b'writing dependency_links to ../../../build/ibvs/ibvs.egg-info/dependency_links.txt\n'}
[5.719698] (ibvs) StdoutLine: {'line': b'writing entry points to ../../../build/ibvs/ibvs.egg-info/entry_points.txt\n'}
[5.719910] (ibvs) StdoutLine: {'line': b'writing requirements to ../../../build/ibvs/ibvs.egg-info/requires.txt\n'}
[5.719999] (ibvs) StdoutLine: {'line': b'writing top-level names to ../../../build/ibvs/ibvs.egg-info/top_level.txt\n'}
[5.720083] (ibvs) StdoutLine: {'line': b"writing manifest file '../../../build/ibvs/ibvs.egg-info/SOURCES.txt'\n"}
[5.727782] (vdt_takeoff) StdoutLine: {'line': b'running egg_info\n'}
[5.728268] (-) TimerEvent: {}
[5.729231] (vdt_takeoff) StdoutLine: {'line': b'creating ../../../build/vdt_takeoff/takeoff.egg-info\n'}
[5.753264] (vdt_takeoff) StdoutLine: {'line': b'writing ../../../build/vdt_takeoff/takeoff.egg-info/PKG-INFO\n'}
[5.755613] (vdt_takeoff) StdoutLine: {'line': b'writing dependency_links to ../../../build/vdt_takeoff/takeoff.egg-info/dependency_links.txt\n'}
[5.755868] (vdt_takeoff) StdoutLine: {'line': b'writing entry points to ../../../build/vdt_takeoff/takeoff.egg-info/entry_points.txt\n'}
[5.755966] (vdt_takeoff) StdoutLine: {'line': b'writing requirements to ../../../build/vdt_takeoff/takeoff.egg-info/requires.txt\n'}
[5.756047] (vdt_takeoff) StdoutLine: {'line': b'writing top-level names to ../../../build/vdt_takeoff/takeoff.egg-info/top_level.txt\n'}
[5.756124] (vdt_takeoff) StdoutLine: {'line': b"writing manifest file '../../../build/vdt_takeoff/takeoff.egg-info/SOURCES.txt'\n"}
[5.768468] (ibvs) StdoutLine: {'line': b"reading manifest file '../../../build/ibvs/ibvs.egg-info/SOURCES.txt'\n"}
[5.769176] (ibvs) StdoutLine: {'line': b"writing manifest file '../../../build/ibvs/ibvs.egg-info/SOURCES.txt'\n"}
[5.770463] (ibvs) StdoutLine: {'line': b'running build\n'}
[5.770748] (ibvs) StdoutLine: {'line': b'running build_py\n'}
[5.770962] (ibvs) StdoutLine: {'line': b'creating /home/vdt_2026/VDT_project/build/ibvs/build\n'}
[5.771690] (ibvs) StdoutLine: {'line': b'creating /home/vdt_2026/VDT_project/build/ibvs/build/lib\n'}
[5.771919] (ibvs) StdoutLine: {'line': b'creating /home/vdt_2026/VDT_project/build/ibvs/build/lib/ibvs\n'}
[5.772092] (ibvs) StdoutLine: {'line': b'copying ibvs/ibvs_controller.py -> /home/vdt_2026/VDT_project/build/ibvs/build/lib/ibvs\n'}
[5.772748] (ibvs) StdoutLine: {'line': b'copying ibvs/__init__.py -> /home/vdt_2026/VDT_project/build/ibvs/build/lib/ibvs\n'}
[5.772995] (ibvs) StdoutLine: {'line': b'copying ibvs/ibvs_logic.py -> /home/vdt_2026/VDT_project/build/ibvs/build/lib/ibvs\n'}
[5.774131] (ekf_adapter) StdoutLine: {'line': b'Installing ekf_node script to /home/vdt_2026/VDT_project/install/ekf_adapter/lib/ekf_adapter\n'}
[5.776574] (ibvs) StdoutLine: {'line': b'running install\n'}
[5.777522] (ekf_adapter) StdoutLine: {'line': b'Installing odom_tf_node script to /home/vdt_2026/VDT_project/install/ekf_adapter/lib/ekf_adapter\n'}
[5.777857] (ekf_adapter) StdoutLine: {'line': b"writing list of installed files to '/home/vdt_2026/VDT_project/build/ekf_adapter/install.log'\n"}
[5.792507] (ibvs) StdoutLine: {'line': b'running install_lib\n'}
[5.828430] (-) TimerEvent: {}
[5.830754] (vdt_takeoff) StdoutLine: {'line': b"reading manifest file '../../../build/vdt_takeoff/takeoff.egg-info/SOURCES.txt'\n"}
[5.833550] (ibvs) StdoutLine: {'line': b'creating /home/vdt_2026/VDT_project/install/ibvs/lib/python3.12/site-packages/ibvs\n'}
[5.834117] (ibvs) StdoutLine: {'line': b'copying /home/vdt_2026/VDT_project/build/ibvs/build/lib/ibvs/ibvs_controller.py -> /home/vdt_2026/VDT_project/install/ibvs/lib/python3.12/site-packages/ibvs\n'}
[5.834228] (ibvs) StdoutLine: {'line': b'copying /home/vdt_2026/VDT_project/build/ibvs/build/lib/ibvs/__init__.py -> /home/vdt_2026/VDT_project/install/ibvs/lib/python3.12/site-packages/ibvs\n'}
[5.834313] (ibvs) StdoutLine: {'line': b'copying /home/vdt_2026/VDT_project/build/ibvs/build/lib/ibvs/ibvs_logic.py -> /home/vdt_2026/VDT_project/install/ibvs/lib/python3.12/site-packages/ibvs\n'}
[5.834440] (ibvs) StdoutLine: {'line': b'byte-compiling /home/vdt_2026/VDT_project/install/ibvs/lib/python3.12/site-packages/ibvs/ibvs_controller.py to ibvs_controller.cpython-312.pyc\n'}
[5.834572] (vdt_takeoff) StdoutLine: {'line': b"writing manifest file '../../../build/vdt_takeoff/takeoff.egg-info/SOURCES.txt'\n"}
[5.834682] (vdt_takeoff) StdoutLine: {'line': b'running build\n'}
[5.834767] (vdt_takeoff) StdoutLine: {'line': b'running build_py\n'}
[5.834867] (vdt_takeoff) StdoutLine: {'line': b'creating /home/vdt_2026/VDT_project/build/vdt_takeoff/build\n'}
[5.834959] (vdt_takeoff) StdoutLine: {'line': b'creating /home/vdt_2026/VDT_project/build/vdt_takeoff/build/lib\n'}
[5.835062] (vdt_takeoff) StdoutLine: {'line': b'creating /home/vdt_2026/VDT_project/build/vdt_takeoff/build/lib/takeoff\n'}
[5.835154] (vdt_takeoff) StdoutLine: {'line': b'copying takeoff/takeoff_cmd.py -> /home/vdt_2026/VDT_project/build/vdt_takeoff/build/lib/takeoff\n'}
[5.838340] (ibvs) StdoutLine: {'line': b'byte-compiling /home/vdt_2026/VDT_project/install/ibvs/lib/python3.12/site-packages/ibvs/__init__.py to __init__.cpython-312.pyc\n'}
[5.840465] (ibvs) StdoutLine: {'line': b'byte-compiling /home/vdt_2026/VDT_project/install/ibvs/lib/python3.12/site-packages/ibvs/ibvs_logic.py to ibvs_logic.cpython-312.pyc\n'}
[5.840843] (ibvs) StdoutLine: {'line': b'running install_data\n'}
[5.840971] (ibvs) StdoutLine: {'line': b'creating /home/vdt_2026/VDT_project/install/ibvs/share/ament_index\n'}
[5.841210] (ibvs) StdoutLine: {'line': b'creating /home/vdt_2026/VDT_project/install/ibvs/share/ament_index/resource_index\n'}
[5.841340] (ibvs) StdoutLine: {'line': b'creating /home/vdt_2026/VDT_project/install/ibvs/share/ament_index/resource_index/packages\n'}
[5.841605] (ibvs) StdoutLine: {'line': b'copying resource/ibvs -> /home/vdt_2026/VDT_project/install/ibvs/share/ament_index/resource_index/packages\n'}
[5.841888] (ibvs) StdoutLine: {'line': b'copying package.xml -> /home/vdt_2026/VDT_project/install/ibvs/share/ibvs\n'}
[5.842248] (ibvs) StdoutLine: {'line': b'creating /home/vdt_2026/VDT_project/install/ibvs/share/ibvs/launch\n'}
[5.843474] (ibvs) StdoutLine: {'line': b'copying launch/ibvs.launch.py -> /home/vdt_2026/VDT_project/install/ibvs/share/ibvs/launch\n'}
[5.849521] (vdt_takeoff) StdoutLine: {'line': b'copying takeoff/__init__.py -> /home/vdt_2026/VDT_project/build/vdt_takeoff/build/lib/takeoff\n'}
[5.850451] (vdt_takeoff) StdoutLine: {'line': b'running install\n'}
[5.850726] (ibvs) StdoutLine: {'line': b'running install_egg_info\n'}
[5.863231] (vdt_takeoff) StdoutLine: {'line': b'running install_lib\n'}
[5.882051] (ibvs) StdoutLine: {'line': b'Copying ../../../build/ibvs/ibvs.egg-info to /home/vdt_2026/VDT_project/install/ibvs/lib/python3.12/site-packages/ibvs-0.1.0-py3.12.egg-info\n'}
[5.888690] (ibvs) StdoutLine: {'line': b'running install_scripts\n'}
[5.893101] (vdt_takeoff) StdoutLine: {'line': b'creating /home/vdt_2026/VDT_project/install/vdt_takeoff/lib/python3.12/site-packages/takeoff\n'}
[5.894003] (vdt_takeoff) StdoutLine: {'line': b'copying /home/vdt_2026/VDT_project/build/vdt_takeoff/build/lib/takeoff/takeoff_cmd.py -> /home/vdt_2026/VDT_project/install/vdt_takeoff/lib/python3.12/site-packages/takeoff\n'}
[5.894950] (vdt_takeoff) StdoutLine: {'line': b'copying /home/vdt_2026/VDT_project/build/vdt_takeoff/build/lib/takeoff/__init__.py -> /home/vdt_2026/VDT_project/install/vdt_takeoff/lib/python3.12/site-packages/takeoff\n'}
[5.896917] (vdt_takeoff) StdoutLine: {'line': b'byte-compiling /home/vdt_2026/VDT_project/install/vdt_takeoff/lib/python3.12/site-packages/takeoff/takeoff_cmd.py to takeoff_cmd.cpython-312.pyc\n'}
[5.900177] (vdt_takeoff) StdoutLine: {'line': b'byte-compiling /home/vdt_2026/VDT_project/install/vdt_takeoff/lib/python3.12/site-packages/takeoff/__init__.py to __init__.cpython-312.pyc\n'}
[5.901795] (vdt_takeoff) StdoutLine: {'line': b'running install_data\n'}
[5.901991] (vdt_takeoff) StdoutLine: {'line': b'copying resource/takeoff -> /home/vdt_2026/VDT_project/install/vdt_takeoff/share/ament_index/resource_index/packages\n'}
[5.902078] (vdt_takeoff) StdoutLine: {'line': b'creating /home/vdt_2026/VDT_project/install/vdt_takeoff/share/takeoff\n'}
[5.902155] (vdt_takeoff) StdoutLine: {'line': b'copying package.xml -> /home/vdt_2026/VDT_project/install/vdt_takeoff/share/takeoff\n'}
[5.902662] (vdt_takeoff) StdoutLine: {'line': b'running install_egg_info\n'}
[5.934366] (ekf_adapter) CommandEnded: {'returncode': 0}
[5.934691] (-) TimerEvent: {}
[5.934721] (ekf_adapter) JobEnded: {'identifier': 'ekf_adapter', 'rc': 0}
[5.943531] (vdt_takeoff) StdoutLine: {'line': b'Copying ../../../build/vdt_takeoff/takeoff.egg-info to /home/vdt_2026/VDT_project/install/vdt_takeoff/lib/python3.12/site-packages/takeoff-0.1.0-py3.12.egg-info\n'}
[5.943779] (vdt_takeoff) StdoutLine: {'line': b'running install_scripts\n'}
[6.034852] (-) TimerEvent: {}
[6.042104] (vdt_msgs) StdoutLine: {'line': b'-- Found Python3: /usr/bin/python3 (found version "3.12.3") found components: Interpreter Development NumPy Development.Module Development.Embed \n'}
[6.085173] (ibvs) StdoutLine: {'line': b'Installing ibvs_controller script to /home/vdt_2026/VDT_project/install/ibvs/lib/ibvs\n'}
[6.088675] (ibvs) StdoutLine: {'line': b"writing list of installed files to '/home/vdt_2026/VDT_project/build/ibvs/install.log'\n"}
[6.102790] (vdt_takeoff) StdoutLine: {'line': b'Installing takeoff script to /home/vdt_2026/VDT_project/install/vdt_takeoff/lib/vdt_takeoff\n'}
[6.104849] (vdt_takeoff) StdoutLine: {'line': b"writing list of installed files to '/home/vdt_2026/VDT_project/build/vdt_takeoff/install.log'\n"}
[6.135006] (-) TimerEvent: {}
[6.204034] (ibvs) CommandEnded: {'returncode': 0}
[6.218969] (ibvs) JobEnded: {'identifier': 'ibvs', 'rc': 0}
[6.219775] (vdt_msgs) StdoutLine: {'line': b'-- Found Python3: /usr/bin/python3 (found version "3.12.3") found components: Interpreter \n'}
[6.225695] (vdt_takeoff) CommandEnded: {'returncode': 0}
[6.233533] (vdt_takeoff) JobEnded: {'identifier': 'vdt_takeoff', 'rc': 0}
[6.234121] (vdt_msgs) StdoutLine: {'line': b'-- Configuring done (6.2s)\n'}
[6.235053] (-) TimerEvent: {}
[6.303439] (vdt_msgs) StdoutLine: {'line': b'-- Generating done (0.1s)\n'}
[6.321820] (vdt_msgs) StdoutLine: {'line': b'-- Build files have been written to: /home/vdt_2026/VDT_project/build/vdt_msgs\n'}
[6.335171] (-) TimerEvent: {}
[6.336316] (vdt_msgs) CommandEnded: {'returncode': 0}
[6.336972] (vdt_msgs) JobProgress: {'identifier': 'vdt_msgs', 'progress': 'build'}
[6.337840] (vdt_msgs) Command: {'cmd': ['/usr/bin/cmake', '--build', '/home/vdt_2026/VDT_project/build/vdt_msgs', '--', '-j4', '-l4'], 'cwd': '/home/vdt_2026/VDT_project/build/vdt_msgs', 'env': OrderedDict({'LESSOPEN': '| /usr/bin/lesspipe %s', 'USER': 'vdt_2026', 'SSH_CLIENT': '100.101.240.43 57783 22', 'XDG_SESSION_TYPE': 'tty', 'SHLVL': '1', 'LD_LIBRARY_PATH': '/home/vdt_2026/ros2_ws/install/px4_msgs/lib:/opt/ros/jazzy/lib/aarch64-linux-gnu:/opt/ros/jazzy/lib', 'HOME': '/home/vdt_2026', 'OLDPWD': '/home/vdt_2026', 'SSH_TTY': '/dev/pts/3', 'ROS_PYTHON_VERSION': '3', 'DBUS_SESSION_BUS_ADDRESS': 'unix:path=/run/user/1000/bus', 'COLCON_PREFIX_PATH': '/home/vdt_2026/ros2_ws/install', 'ROS_DISTRO': 'jazzy', 'LOGNAME': 'vdt_2026', '_': '/usr/bin/colcon', 'ROS_VERSION': '2', 'XDG_SESSION_CLASS': 'user', 'TERM': 'xterm-256color', 'XDG_SESSION_ID': '11', 'PATH': '/home/vdt_2026/.local/bin:/opt/ros/jazzy/bin:/usr/local/sbin:/usr/local/bin:/usr/sbin:/usr/bin:/sbin:/bin:/usr/games:/usr/local/games:/snap/bin', 'XDG_RUNTIME_DIR': '/run/user/1000', 'LANG': 'en_US.UTF-8', 'LS_COLORS': 'rs=0:di=01;34:ln=01;36:mh=00:pi=40;33:so=01;35:do=01;35:bd=40;33;01:cd=40;33;01:or=40;31;01:mi=00:su=37;41:sg=30;43:ca=00:tw=30;42:ow=34;42:st=37;44:ex=01;32:*.tar=01;31:*.tgz=01;31:*.arc=01;31:*.arj=01;31:*.taz=01;31:*.lha=01;31:*.lz4=01;31:*.lzh=01;31:*.lzma=01;31:*.tlz=01;31:*.txz=01;31:*.tzo=01;31:*.t7z=01;31:*.zip=01;31:*.z=01;31:*.dz=01;31:*.gz=01;31:*.lrz=01;31:*.lz=01;31:*.lzo=01;31:*.xz=01;31:*.zst=01;31:*.tzst=01;31:*.bz2=01;31:*.bz=01;31:*.tbz=01;31:*.tbz2=01;31:*.tz=01;31:*.deb=01;31:*.rpm=01;31:*.jar=01;31:*.war=01;31:*.ear=01;31:*.sar=01;31:*.rar=01;31:*.alz=01;31:*.ace=01;31:*.zoo=01;31:*.cpio=01;31:*.7z=01;31:*.rz=01;31:*.cab=01;31:*.wim=01;31:*.swm=01;31:*.dwm=01;31:*.esd=01;31:*.avif=01;35:*.jpg=01;35:*.jpeg=01;35:*.mjpg=01;35:*.mjpeg=01;35:*.gif=01;35:*.bmp=01;35:*.pbm=01;35:*.pgm=01;35:*.ppm=01;35:*.tga=01;35:*.xbm=01;35:*.xpm=01;35:*.tif=01;35:*.tiff=01;35:*.png=01;35:*.svg=01;35:*.svgz=01;35:*.mng=01;35:*.pcx=01;35:*.mov=01;35:*.mpg=01;35:*.mpeg=01;35:*.m2v=01;35:*.mkv=01;35:*.webm=01;35:*.webp=01;35:*.ogm=01;35:*.mp4=01;35:*.m4v=01;35:*.mp4v=01;35:*.vob=01;35:*.qt=01;35:*.nuv=01;35:*.wmv=01;35:*.asf=01;35:*.rm=01;35:*.rmvb=01;35:*.flc=01;35:*.avi=01;35:*.fli=01;35:*.flv=01;35:*.gl=01;35:*.dl=01;35:*.xcf=01;35:*.xwd=01;35:*.yuv=01;35:*.cgm=01;35:*.emf=01;35:*.ogv=01;35:*.ogx=01;35:*.aac=00;36:*.au=00;36:*.flac=00;36:*.m4a=00;36:*.mid=00;36:*.midi=00;36:*.mka=00;36:*.mp3=00;36:*.mpc=00;36:*.ogg=00;36:*.ra=00;36:*.wav=00;36:*.oga=00;36:*.opus=00;36:*.spx=00;36:*.xspf=00;36:*~=00;90:*#=00;90:*.bak=00;90:*.crdownload=00;90:*.dpkg-dist=00;90:*.dpkg-new=00;90:*.dpkg-old=00;90:*.dpkg-tmp=00;90:*.old=00;90:*.orig=00;90:*.part=00;90:*.rej=00;90:*.rpmnew=00;90:*.rpmorig=00;90:*.rpmsave=00;90:*.swp=00;90:*.tmp=00;90:*.ucf-dist=00;90:*.ucf-new=00;90:*.ucf-old=00;90:', 'AMENT_PREFIX_PATH': '/home/vdt_2026/ros2_ws/install/px4_msgs:/opt/ros/jazzy', 'SHELL': '/bin/bash', 'LESSCLOSE': '/usr/bin/lesspipe %s %s', 'ROS_AUTOMATIC_DISCOVERY_RANGE': 'SUBNET', 'PWD': '/home/vdt_2026/VDT_project/build/vdt_msgs', 'LC_ALL': 'en_US.UTF-8', 'SSH_CONNECTION': '100.101.240.43 57783 100.65.242.75 22', 'XDG_DATA_DIRS': '/usr/local/share:/usr/share:/var/lib/snapd/desktop', 'PYTHONPATH': '/home/vdt_2026/ros2_ws/install/px4_msgs/lib/python3.12/site-packages:/opt/ros/jazzy/lib/python3.12/site-packages:/home/vdt_2026/librealsense/build/Release', 'COLCON': '1', 'CMAKE_PREFIX_PATH': '/home/vdt_2026/ros2_ws/install/px4_msgs:/opt/ros/jazzy'}), 'shell': False}
[6.426989] (vdt_msgs) StdoutLine: {'line': b'[  2%] Generating Rust code for ROS interfaces\n'}
[6.427478] (vdt_msgs) StdoutLine: {'line': b'[  2%] Generating type hashes for ROS interfaces\n'}
[6.435445] (-) TimerEvent: {}
[6.445370] (vdt_msgs) StdoutLine: {'line': b'[  2%] Built target ament_cmake_python_copy_vdt_msgs\n'}
[6.535562] (-) TimerEvent: {}
[6.635821] (-) TimerEvent: {}
[6.736000] (-) TimerEvent: {}
[6.739225] (vdt_msgs) StdoutLine: {'line': b'running egg_info\n'}
[6.740425] (vdt_msgs) StdoutLine: {'line': b'creating vdt_msgs.egg-info\n'}
[6.761209] (vdt_msgs) StdoutLine: {'line': b'writing vdt_msgs.egg-info/PKG-INFO\n'}
[6.763579] (vdt_msgs) StdoutLine: {'line': b'writing dependency_links to vdt_msgs.egg-info/dependency_links.txt\n'}
[6.763887] (vdt_msgs) StdoutLine: {'line': b'writing top-level names to vdt_msgs.egg-info/top_level.txt\n'}
[6.764016] (vdt_msgs) StdoutLine: {'line': b"writing manifest file 'vdt_msgs.egg-info/SOURCES.txt'\n"}
[6.822161] (vdt_msgs) StdoutLine: {'line': b"reading manifest file 'vdt_msgs.egg-info/SOURCES.txt'\n"}
[6.822882] (vdt_msgs) StdoutLine: {'line': b"writing manifest file 'vdt_msgs.egg-info/SOURCES.txt'\n"}
[6.836120] (-) TimerEvent: {}
[6.913615] (vdt_msgs) StdoutLine: {'line': b'[  2%] Built target ament_cmake_python_build_vdt_msgs_egg\n'}
[6.937348] (-) TimerEvent: {}
[6.983185] (vdt_msgs) StdoutLine: {'line': b'[  2%] Built target vdt_msgs__rosidl_generator_type_description\n'}
[7.001880] (vdt_msgs) StdoutLine: {'line': b'[  2%] Built target vdt_msgs__rs\n'}
[7.003808] (vdt_msgs) StdoutLine: {'line': b'[  3%] Generating C code for ROS interfaces\n'}
[7.020913] (vdt_msgs) StdoutLine: {'line': b'[  3%] Generating C++ code for ROS interfaces\n'}
[7.037449] (-) TimerEvent: {}
[7.137657] (-) TimerEvent: {}
[7.237861] (-) TimerEvent: {}
[7.338016] (-) TimerEvent: {}
[7.438143] (-) TimerEvent: {}
[7.538269] (-) TimerEvent: {}
[7.638444] (-) TimerEvent: {}
[7.739684] (-) TimerEvent: {}
[7.840016] (-) TimerEvent: {}
[7.914111] (vdt_msgs) StdoutLine: {'line': b'[  3%] Built target vdt_msgs__cpp\n'}
[7.940376] (-) TimerEvent: {}
[8.043326] (-) TimerEvent: {}
[8.143943] (-) TimerEvent: {}
[8.149888] (vdt_msgs) StdoutLine: {'line': b'[  7%] Building C object CMakeFiles/vdt_msgs__rosidl_generator_c.dir/rosidl_generator_c/vdt_msgs/msg/detail/alt_estimate__functions.c.o\n'}
[8.150346] (vdt_msgs) StdoutLine: {'line': b'[  7%] Building C object CMakeFiles/vdt_msgs__rosidl_generator_c.dir/rosidl_generator_c/vdt_msgs/msg/detail/alt_estimate__type_support.c.o\n'}
[8.150623] (vdt_msgs) StdoutLine: {'line': b'[  7%] Building C object CMakeFiles/vdt_msgs__rosidl_generator_c.dir/rosidl_generator_c/vdt_msgs/msg/detail/vision_marker__description.c.o\n'}
[8.150827] (vdt_msgs) StdoutLine: {'line': b'[  7%] Building C object CMakeFiles/vdt_msgs__rosidl_generator_c.dir/rosidl_generator_c/vdt_msgs/msg/detail/alt_estimate__description.c.o\n'}
[8.220470] (vdt_msgs) StdoutLine: {'line': b'[  8%] Building C object CMakeFiles/vdt_msgs__rosidl_generator_c.dir/rosidl_generator_c/vdt_msgs/msg/detail/vision_marker__functions.c.o\n'}
[8.245487] (vdt_msgs) StdoutLine: {'line': b'[ 10%] Building C object CMakeFiles/vdt_msgs__rosidl_generator_c.dir/rosidl_generator_c/vdt_msgs/msg/detail/vision_marker__type_support.c.o\n'}
[8.245870] (-) TimerEvent: {}
[8.245914] (vdt_msgs) StdoutLine: {'line': b'[ 10%] Building C object CMakeFiles/vdt_msgs__rosidl_generator_c.dir/rosidl_generator_c/vdt_msgs/msg/detail/input_snapshot__description.c.o\n'}
[8.305720] (vdt_msgs) StdoutLine: {'line': b'[ 11%] Building C object CMakeFiles/vdt_msgs__rosidl_generator_c.dir/rosidl_generator_c/vdt_msgs/msg/detail/input_snapshot__functions.c.o\n'}
[8.315498] (vdt_msgs) StdoutLine: {'line': b'[ 12%] Building C object CMakeFiles/vdt_msgs__rosidl_generator_c.dir/rosidl_generator_c/vdt_msgs/msg/detail/input_snapshot__type_support.c.o\n'}
[8.334516] (vdt_msgs) StdoutLine: {'line': b'[ 13%] Building C object CMakeFiles/vdt_msgs__rosidl_generator_c.dir/rosidl_generator_c/vdt_msgs/msg/detail/timeout_flags__description.c.o\n'}
[8.338041] (vdt_msgs) StdoutLine: {'line': b'[ 14%] Building C object CMakeFiles/vdt_msgs__rosidl_generator_c.dir/rosidl_generator_c/vdt_msgs/msg/detail/timeout_flags__functions.c.o\n'}
[8.346118] (-) TimerEvent: {}
[8.390643] (vdt_msgs) StdoutLine: {'line': b'[ 15%] Building C object CMakeFiles/vdt_msgs__rosidl_generator_c.dir/rosidl_generator_c/vdt_msgs/msg/detail/timeout_flags__type_support.c.o\n'}
[8.419010] (vdt_msgs) StdoutLine: {'line': b'[ 16%] Building C object CMakeFiles/vdt_msgs__rosidl_generator_c.dir/rosidl_generator_c/vdt_msgs/msg/detail/planner_output__functions.c.o\n'}
[8.419565] (vdt_msgs) StdoutLine: {'line': b'[ 17%] Building C object CMakeFiles/vdt_msgs__rosidl_generator_c.dir/rosidl_generator_c/vdt_msgs/msg/detail/planner_output__description.c.o\n'}
[8.448534] (-) TimerEvent: {}
[8.450038] (vdt_msgs) StdoutLine: {'line': b'[ 18%] Building C object CMakeFiles/vdt_msgs__rosidl_generator_c.dir/rosidl_generator_c/vdt_msgs/msg/detail/planner_output__type_support.c.o\n'}
[8.467798] (vdt_msgs) StdoutLine: {'line': b'[ 19%] Building C object CMakeFiles/vdt_msgs__rosidl_generator_c.dir/rosidl_generator_c/vdt_msgs/msg/detail/offboard_status__description.c.o\n'}
[8.506909] (vdt_msgs) StdoutLine: {'line': b'[ 20%] Building C object CMakeFiles/vdt_msgs__rosidl_generator_c.dir/rosidl_generator_c/vdt_msgs/msg/detail/offboard_status__functions.c.o\n'}
[8.526576] (vdt_msgs) StdoutLine: {'line': b'[ 21%] Building C object CMakeFiles/vdt_msgs__rosidl_generator_c.dir/rosidl_generator_c/vdt_msgs/msg/detail/offboard_status__type_support.c.o\n'}
[8.534668] (vdt_msgs) StdoutLine: {'line': b'[ 21%] Building C object CMakeFiles/vdt_msgs__rosidl_generator_c.dir/rosidl_generator_c/vdt_msgs/msg/detail/rc_fsm_input__description.c.o\n'}
[8.548723] (-) TimerEvent: {}
[8.559497] (vdt_msgs) StdoutLine: {'line': b'[ 22%] Building C object CMakeFiles/vdt_msgs__rosidl_generator_c.dir/rosidl_generator_c/vdt_msgs/msg/detail/rc_fsm_input__functions.c.o\n'}
[8.599829] (vdt_msgs) StdoutLine: {'line': b'[ 23%] Building C object CMakeFiles/vdt_msgs__rosidl_generator_c.dir/rosidl_generator_c/vdt_msgs/msg/detail/rc_fsm_input__type_support.c.o\n'}
[8.620780] (vdt_msgs) StdoutLine: {'line': b'[ 25%] Building C object CMakeFiles/vdt_msgs__rosidl_generator_c.dir/rosidl_generator_c/vdt_msgs/msg/detail/rc_channels_raw__functions.c.o\n'}
[8.622542] (vdt_msgs) StdoutLine: {'line': b'[ 25%] Building C object CMakeFiles/vdt_msgs__rosidl_generator_c.dir/rosidl_generator_c/vdt_msgs/msg/detail/rc_channels_raw__description.c.o\n'}
[8.650429] (-) TimerEvent: {}
[8.670334] (vdt_msgs) StdoutLine: {'line': b'[ 26%] Building C object CMakeFiles/vdt_msgs__rosidl_generator_c.dir/rosidl_generator_c/vdt_msgs/msg/detail/rc_channels_raw__type_support.c.o\n'}
[8.725571] (vdt_msgs) StdoutLine: {'line': b'[ 27%] Linking C shared library libvdt_msgs__rosidl_generator_c.so\n'}
[8.750489] (-) TimerEvent: {}
[8.811113] (vdt_msgs) StdoutLine: {'line': b'[ 27%] Built target vdt_msgs__rosidl_generator_c\n'}
[8.834700] (vdt_msgs) StdoutLine: {'line': b'[ 31%] Generating C type support for eProsima Fast-RTPS\n'}
[8.835127] (vdt_msgs) StdoutLine: {'line': b'[ 31%] Generating C++ type support for eProsima Fast-RTPS\n'}
[8.835234] (vdt_msgs) StdoutLine: {'line': b'[ 31%] Generating C introspection for ROS interfaces\n'}
[8.835323] (vdt_msgs) StdoutLine: {'line': b'[ 31%] Generating C++ type support dispatch for ROS interfaces\n'}
[8.851528] (-) TimerEvent: {}
[8.951849] (-) TimerEvent: {}
[9.052161] (-) TimerEvent: {}
[9.154498] (-) TimerEvent: {}
[9.254736] (-) TimerEvent: {}
[9.355006] (-) TimerEvent: {}
[9.455299] (-) TimerEvent: {}
[9.529203] (vdt_msgs) StdoutLine: {'line': b'[ 32%] Building CXX object CMakeFiles/vdt_msgs__rosidl_typesupport_cpp.dir/rosidl_typesupport_cpp/vdt_msgs/msg/alt_estimate__type_support.cpp.o\n'}
[9.555430] (-) TimerEvent: {}
[9.655766] (-) TimerEvent: {}
[9.758587] (-) TimerEvent: {}
[9.813542] (vdt_msgs) StdoutLine: {'line': b'[ 33%] Building C object CMakeFiles/vdt_msgs__rosidl_typesupport_introspection_c.dir/rosidl_typesupport_introspection_c/vdt_msgs/msg/detail/alt_estimate__type_support.c.o\n'}
[9.858762] (-) TimerEvent: {}
[9.906701] (vdt_msgs) StdoutLine: {'line': b'[ 34%] Building C object CMakeFiles/vdt_msgs__rosidl_typesupport_introspection_c.dir/rosidl_typesupport_introspection_c/vdt_msgs/msg/detail/vision_marker__type_support.c.o\n'}
[9.960784] (-) TimerEvent: {}
[9.995350] (vdt_msgs) StdoutLine: {'line': b'[ 35%] Building C object CMakeFiles/vdt_msgs__rosidl_typesupport_introspection_c.dir/rosidl_typesupport_introspection_c/vdt_msgs/msg/detail/input_snapshot__type_support.c.o\n'}
[10.018021] (vdt_msgs) StdoutLine: {'line': b'[ 36%] Building CXX object CMakeFiles/vdt_msgs__rosidl_typesupport_fastrtps_cpp.dir/rosidl_typesupport_fastrtps_cpp/vdt_msgs/msg/detail/dds_fastrtps/alt_estimate__type_support.cpp.o\n'}
[10.060954] (-) TimerEvent: {}
[10.077754] (vdt_msgs) StdoutLine: {'line': b'[ 37%] Building CXX object CMakeFiles/vdt_msgs__rosidl_typesupport_fastrtps_c.dir/rosidl_typesupport_fastrtps_c/vdt_msgs/msg/detail/alt_estimate__type_support_c.cpp.o\n'}
[10.078121] (vdt_msgs) StdoutLine: {'line': b'[ 38%] Building C object CMakeFiles/vdt_msgs__rosidl_typesupport_introspection_c.dir/rosidl_typesupport_introspection_c/vdt_msgs/msg/detail/timeout_flags__type_support.c.o\n'}
[10.156642] (vdt_msgs) StdoutLine: {'line': b'[ 39%] Building C object CMakeFiles/vdt_msgs__rosidl_typesupport_introspection_c.dir/rosidl_typesupport_introspection_c/vdt_msgs/msg/detail/planner_output__type_support.c.o\n'}
[10.161089] (-) TimerEvent: {}
[10.238494] (vdt_msgs) StdoutLine: {'line': b'[ 39%] Building C object CMakeFiles/vdt_msgs__rosidl_typesupport_introspection_c.dir/rosidl_typesupport_introspection_c/vdt_msgs/msg/detail/offboard_status__type_support.c.o\n'}
[10.263507] (-) TimerEvent: {}
[10.294784] (vdt_msgs) StdoutLine: {'line': b'[ 40%] Building CXX object CMakeFiles/vdt_msgs__rosidl_typesupport_cpp.dir/rosidl_typesupport_cpp/vdt_msgs/msg/vision_marker__type_support.cpp.o\n'}
[10.320148] (vdt_msgs) StdoutLine: {'line': b'[ 41%] Building C object CMakeFiles/vdt_msgs__rosidl_typesupport_introspection_c.dir/rosidl_typesupport_introspection_c/vdt_msgs/msg/detail/rc_fsm_input__type_support.c.o\n'}
[10.363665] (-) TimerEvent: {}
[10.401522] (vdt_msgs) StdoutLine: {'line': b'[ 42%] Building C object CMakeFiles/vdt_msgs__rosidl_typesupport_introspection_c.dir/rosidl_typesupport_introspection_c/vdt_msgs/msg/detail/rc_channels_raw__type_support.c.o\n'}
[10.464527] (-) TimerEvent: {}
[10.492053] (vdt_msgs) StdoutLine: {'line': b'[ 43%] Linking C shared library libvdt_msgs__rosidl_typesupport_introspection_c.so\n'}
[10.564725] (-) TimerEvent: {}
[10.577899] (vdt_msgs) StdoutLine: {'line': b'[ 43%] Built target vdt_msgs__rosidl_typesupport_introspection_c\n'}
[10.598728] (vdt_msgs) StdoutLine: {'line': b'[ 44%] Building CXX object CMakeFiles/vdt_msgs__rosidl_typesupport_cpp.dir/rosidl_typesupport_cpp/vdt_msgs/msg/input_snapshot__type_support.cpp.o\n'}
[10.664894] (-) TimerEvent: {}
[10.765197] (-) TimerEvent: {}
[10.865542] (-) TimerEvent: {}
[10.962242] (vdt_msgs) StdoutLine: {'line': b'[ 45%] Building CXX object CMakeFiles/vdt_msgs__rosidl_typesupport_cpp.dir/rosidl_typesupport_cpp/vdt_msgs/msg/timeout_flags__type_support.cpp.o\n'}
[10.965724] (-) TimerEvent: {}
[11.039019] (vdt_msgs) StdoutLine: {'line': b'[ 46%] Building CXX object CMakeFiles/vdt_msgs__rosidl_typesupport_fastrtps_cpp.dir/rosidl_typesupport_fastrtps_cpp/vdt_msgs/msg/detail/dds_fastrtps/vision_marker__type_support.cpp.o\n'}
[11.066540] (-) TimerEvent: {}
[11.077523] (vdt_msgs) StdoutLine: {'line': b'[ 47%] Building CXX object CMakeFiles/vdt_msgs__rosidl_typesupport_fastrtps_c.dir/rosidl_typesupport_fastrtps_c/vdt_msgs/msg/detail/vision_marker__type_support_c.cpp.o\n'}
[11.166690] (-) TimerEvent: {}
[11.254072] (vdt_msgs) StdoutLine: {'line': b'[ 48%] Building CXX object CMakeFiles/vdt_msgs__rosidl_typesupport_fastrtps_cpp.dir/rosidl_typesupport_fastrtps_cpp/vdt_msgs/msg/detail/dds_fastrtps/input_snapshot__type_support.cpp.o\n'}
[11.266873] (-) TimerEvent: {}
[11.368495] (-) TimerEvent: {}
[11.468756] (-) TimerEvent: {}
[11.569047] (-) TimerEvent: {}
[11.611109] (vdt_msgs) StdoutLine: {'line': b'[ 49%] Building CXX object CMakeFiles/vdt_msgs__rosidl_typesupport_cpp.dir/rosidl_typesupport_cpp/vdt_msgs/msg/planner_output__type_support.cpp.o\n'}
[11.669225] (-) TimerEvent: {}
[11.769557] (-) TimerEvent: {}
[11.869894] (-) TimerEvent: {}
[11.970206] (-) TimerEvent: {}
[12.013552] (vdt_msgs) StdoutLine: {'line': b'[ 50%] Building CXX object CMakeFiles/vdt_msgs__rosidl_typesupport_fastrtps_c.dir/rosidl_typesupport_fastrtps_c/vdt_msgs/msg/detail/input_snapshot__type_support_c.cpp.o\n'}
[12.046618] (vdt_msgs) StdoutLine: {'line': b'[ 51%] Building CXX object CMakeFiles/vdt_msgs__rosidl_typesupport_fastrtps_cpp.dir/rosidl_typesupport_fastrtps_cpp/vdt_msgs/msg/detail/dds_fastrtps/timeout_flags__type_support.cpp.o\n'}
[12.070359] (-) TimerEvent: {}
[12.170714] (-) TimerEvent: {}
[12.269925] (vdt_msgs) StdoutLine: {'line': b'[ 52%] Building CXX object CMakeFiles/vdt_msgs__rosidl_typesupport_cpp.dir/rosidl_typesupport_cpp/vdt_msgs/msg/offboard_status__type_support.cpp.o\n'}
[12.272569] (-) TimerEvent: {}
[12.279975] (vdt_msgs) StdoutLine: {'line': b'[ 53%] Building CXX object CMakeFiles/vdt_msgs__rosidl_typesupport_fastrtps_c.dir/rosidl_typesupport_fastrtps_c/vdt_msgs/msg/detail/timeout_flags__type_support_c.cpp.o\n'}
[12.372744] (-) TimerEvent: {}
[12.475543] (-) TimerEvent: {}
[12.575857] (-) TimerEvent: {}
[12.676176] (-) TimerEvent: {}
[12.776494] (-) TimerEvent: {}
[12.876754] (-) TimerEvent: {}
[12.919435] (vdt_msgs) StdoutLine: {'line': b'[ 54%] Building CXX object CMakeFiles/vdt_msgs__rosidl_typesupport_cpp.dir/rosidl_typesupport_cpp/vdt_msgs/msg/rc_fsm_input__type_support.cpp.o\n'}
[12.972718] (vdt_msgs) StdoutLine: {'line': b'[ 55%] Building CXX object CMakeFiles/vdt_msgs__rosidl_typesupport_cpp.dir/rosidl_typesupport_cpp/vdt_msgs/msg/rc_channels_raw__type_support.cpp.o\n'}
[12.978552] (-) TimerEvent: {}
[13.063848] (vdt_msgs) StdoutLine: {'line': b'[ 56%] Building CXX object CMakeFiles/vdt_msgs__rosidl_typesupport_fastrtps_cpp.dir/rosidl_typesupport_fastrtps_cpp/vdt_msgs/msg/detail/dds_fastrtps/planner_output__type_support.cpp.o\n'}
[13.078682] (-) TimerEvent: {}
[13.181523] (-) TimerEvent: {}
[13.231300] (vdt_msgs) StdoutLine: {'line': b'[ 56%] Building CXX object CMakeFiles/vdt_msgs__rosidl_typesupport_fastrtps_c.dir/rosidl_typesupport_fastrtps_c/vdt_msgs/msg/detail/planner_output__type_support_c.cpp.o\n'}
[13.281685] (-) TimerEvent: {}
[13.381980] (-) TimerEvent: {}
[13.482298] (-) TimerEvent: {}
[13.577624] (vdt_msgs) StdoutLine: {'line': b'[ 57%] Building CXX object CMakeFiles/vdt_msgs__rosidl_typesupport_fastrtps_cpp.dir/rosidl_typesupport_fastrtps_cpp/vdt_msgs/msg/detail/dds_fastrtps/offboard_status__type_support.cpp.o\n'}
[13.583151] (-) TimerEvent: {}
[13.634524] (vdt_msgs) StdoutLine: {'line': b'[ 58%] Linking CXX shared library libvdt_msgs__rosidl_typesupport_cpp.so\n'}
[13.684517] (-) TimerEvent: {}
[13.732628] (vdt_msgs) StdoutLine: {'line': b'[ 58%] Built target vdt_msgs__rosidl_typesupport_cpp\n'}
[13.756024] (vdt_msgs) StdoutLine: {'line': b'[ 59%] Generating C type support dispatch for ROS interfaces\n'}
[13.784679] (-) TimerEvent: {}
[13.884947] (-) TimerEvent: {}
[13.985229] (-) TimerEvent: {}
[14.085512] (-) TimerEvent: {}
[14.092871] (vdt_msgs) StdoutLine: {'line': b'[ 60%] Building CXX object CMakeFiles/vdt_msgs__rosidl_typesupport_fastrtps_cpp.dir/rosidl_typesupport_fastrtps_cpp/vdt_msgs/msg/detail/dds_fastrtps/rc_fsm_input__type_support.cpp.o\n'}
[14.185751] (-) TimerEvent: {}
[14.196233] (vdt_msgs) StdoutLine: {'line': b'[ 61%] Building CXX object CMakeFiles/vdt_msgs__rosidl_typesupport_fastrtps_c.dir/rosidl_typesupport_fastrtps_c/vdt_msgs/msg/detail/offboard_status__type_support_c.cpp.o\n'}
[14.285866] (-) TimerEvent: {}
[14.387536] (-) TimerEvent: {}
[14.487878] (-) TimerEvent: {}
[14.576500] (vdt_msgs) StdoutLine: {'line': b'[ 62%] Building CXX object CMakeFiles/vdt_msgs__rosidl_typesupport_c.dir/rosidl_typesupport_c/vdt_msgs/msg/alt_estimate__type_support.cpp.o\n'}
[14.590678] (-) TimerEvent: {}
[14.611532] (vdt_msgs) StdoutLine: {'line': b'[ 63%] Building CXX object CMakeFiles/vdt_msgs__rosidl_typesupport_fastrtps_cpp.dir/rosidl_typesupport_fastrtps_cpp/vdt_msgs/msg/detail/dds_fastrtps/rc_channels_raw__type_support.cpp.o\n'}
[14.670764] (vdt_msgs) StdoutLine: {'line': b'[ 64%] Building CXX object CMakeFiles/vdt_msgs__rosidl_typesupport_c.dir/rosidl_typesupport_c/vdt_msgs/msg/vision_marker__type_support.cpp.o\n'}
[14.690818] (-) TimerEvent: {}
[14.758711] (vdt_msgs) StdoutLine: {'line': b'[ 65%] Building CXX object CMakeFiles/vdt_msgs__rosidl_typesupport_c.dir/rosidl_typesupport_c/vdt_msgs/msg/input_snapshot__type_support.cpp.o\n'}
[14.790997] (-) TimerEvent: {}
[14.849892] (vdt_msgs) StdoutLine: {'line': b'[ 65%] Building CXX object CMakeFiles/vdt_msgs__rosidl_typesupport_c.dir/rosidl_typesupport_c/vdt_msgs/msg/timeout_flags__type_support.cpp.o\n'}
[14.891173] (-) TimerEvent: {}
[14.940770] (vdt_msgs) StdoutLine: {'line': b'[ 66%] Building CXX object CMakeFiles/vdt_msgs__rosidl_typesupport_c.dir/rosidl_typesupport_c/vdt_msgs/msg/planner_output__type_support.cpp.o\n'}
[14.991350] (-) TimerEvent: {}
[15.032558] (vdt_msgs) StdoutLine: {'line': b'[ 67%] Building CXX object CMakeFiles/vdt_msgs__rosidl_typesupport_c.dir/rosidl_typesupport_c/vdt_msgs/msg/offboard_status__type_support.cpp.o\n'}
[15.091538] (-) TimerEvent: {}
[15.112883] (vdt_msgs) StdoutLine: {'line': b'[ 68%] Building CXX object CMakeFiles/vdt_msgs__rosidl_typesupport_fastrtps_c.dir/rosidl_typesupport_fastrtps_c/vdt_msgs/msg/detail/rc_fsm_input__type_support_c.cpp.o\n'}
[15.127005] (vdt_msgs) StdoutLine: {'line': b'[ 69%] Building CXX object CMakeFiles/vdt_msgs__rosidl_typesupport_c.dir/rosidl_typesupport_c/vdt_msgs/msg/rc_fsm_input__type_support.cpp.o\n'}
[15.168665] (vdt_msgs) StdoutLine: {'line': b'[ 70%] Building CXX object CMakeFiles/vdt_msgs__rosidl_typesupport_fastrtps_c.dir/rosidl_typesupport_fastrtps_c/vdt_msgs/msg/detail/rc_channels_raw__type_support_c.cpp.o\n'}
[15.191672] (-) TimerEvent: {}
[15.219206] (vdt_msgs) StdoutLine: {'line': b'[ 71%] Building CXX object CMakeFiles/vdt_msgs__rosidl_typesupport_c.dir/rosidl_typesupport_c/vdt_msgs/msg/rc_channels_raw__type_support.cpp.o\n'}
[15.291916] (-) TimerEvent: {}
[15.306579] (vdt_msgs) StdoutLine: {'line': b'[ 72%] Linking CXX shared library libvdt_msgs__rosidl_typesupport_c.so\n'}
[15.392057] (-) TimerEvent: {}
[15.408521] (vdt_msgs) StdoutLine: {'line': b'[ 72%] Built target vdt_msgs__rosidl_typesupport_c\n'}
[15.432792] (vdt_msgs) StdoutLine: {'line': b'[ 73%] Generating C++ introspection for ROS interfaces\n'}
[15.492201] (-) TimerEvent: {}
[15.592572] (-) TimerEvent: {}
[15.662005] (vdt_msgs) StdoutLine: {'line': b'[ 74%] Linking CXX shared library libvdt_msgs__rosidl_typesupport_fastrtps_cpp.so\n'}
[15.692766] (-) TimerEvent: {}
[15.793093] (-) TimerEvent: {}
[15.865467] (vdt_msgs) StdoutLine: {'line': b'[ 74%] Built target vdt_msgs__rosidl_typesupport_fastrtps_cpp\n'}
[15.893232] (-) TimerEvent: {}
[15.993482] (-) TimerEvent: {}
[16.080651] (vdt_msgs) StdoutLine: {'line': b'[ 75%] Linking CXX shared library libvdt_msgs__rosidl_typesupport_fastrtps_c.so\n'}
[16.093612] (-) TimerEvent: {}
[16.187930] (vdt_msgs) StdoutLine: {'line': b'[ 75%] Built target vdt_msgs__rosidl_typesupport_fastrtps_c\n'}
[16.194560] (-) TimerEvent: {}
[16.259796] (vdt_msgs) StdoutLine: {'line': b'[ 79%] Building CXX object CMakeFiles/vdt_msgs__rosidl_typesupport_introspection_cpp.dir/rosidl_typesupport_introspection_cpp/vdt_msgs/msg/detail/alt_estimate__type_support.cpp.o\n'}
[16.260212] (vdt_msgs) StdoutLine: {'line': b'[ 79%] Building CXX object CMakeFiles/vdt_msgs__rosidl_typesupport_introspection_cpp.dir/rosidl_typesupport_introspection_cpp/vdt_msgs/msg/detail/input_snapshot__type_support.cpp.o\n'}
[16.260341] (vdt_msgs) StdoutLine: {'line': b'[ 79%] Building CXX object CMakeFiles/vdt_msgs__rosidl_typesupport_introspection_cpp.dir/rosidl_typesupport_introspection_cpp/vdt_msgs/msg/detail/vision_marker__type_support.cpp.o\n'}
[16.260579] (vdt_msgs) StdoutLine: {'line': b'[ 79%] Building CXX object CMakeFiles/vdt_msgs__rosidl_typesupport_introspection_cpp.dir/rosidl_typesupport_introspection_cpp/vdt_msgs/msg/detail/timeout_flags__type_support.cpp.o\n'}
[16.297565] (-) TimerEvent: {}
[16.397836] (-) TimerEvent: {}
[16.498232] (-) TimerEvent: {}
[16.598538] (-) TimerEvent: {}
[16.698871] (-) TimerEvent: {}
[16.799193] (-) TimerEvent: {}
[16.885950] (vdt_msgs) StdoutLine: {'line': b'[ 81%] Building CXX object CMakeFiles/vdt_msgs__rosidl_typesupport_introspection_cpp.dir/rosidl_typesupport_introspection_cpp/vdt_msgs/msg/detail/planner_output__type_support.cpp.o\n'}
[16.886503] (vdt_msgs) StdoutLine: {'line': b'[ 81%] Building CXX object CMakeFiles/vdt_msgs__rosidl_typesupport_introspection_cpp.dir/rosidl_typesupport_introspection_cpp/vdt_msgs/msg/detail/offboard_status__type_support.cpp.o\n'}
[16.891310] (vdt_msgs) StdoutLine: {'line': b'[ 82%] Building CXX object CMakeFiles/vdt_msgs__rosidl_typesupport_introspection_cpp.dir/rosidl_typesupport_introspection_cpp/vdt_msgs/msg/detail/rc_fsm_input__type_support.cpp.o\n'}
[16.898555] (vdt_msgs) StdoutLine: {'line': b'[ 83%] Building CXX object CMakeFiles/vdt_msgs__rosidl_typesupport_introspection_cpp.dir/rosidl_typesupport_introspection_cpp/vdt_msgs/msg/detail/rc_channels_raw__type_support.cpp.o\n'}
[16.899313] (-) TimerEvent: {}
[16.999779] (-) TimerEvent: {}
[17.100090] (-) TimerEvent: {}
[17.201537] (-) TimerEvent: {}
[17.301876] (-) TimerEvent: {}
[17.402156] (-) TimerEvent: {}
[17.502452] (-) TimerEvent: {}
[17.517271] (vdt_msgs) StdoutLine: {'line': b'[ 84%] Linking CXX shared library libvdt_msgs__rosidl_typesupport_introspection_cpp.so\n'}
[17.602575] (-) TimerEvent: {}
[17.658982] (vdt_msgs) StdoutLine: {'line': b'[ 84%] Built target vdt_msgs__rosidl_typesupport_introspection_cpp\n'}
[17.694557] (vdt_msgs) StdoutLine: {'line': b'[ 84%] Built target vdt_msgs\n'}
[17.702700] (-) TimerEvent: {}
[17.729949] (vdt_msgs) StdoutLine: {'line': b'[ 85%] Generating Python code for ROS interfaces\n'}
[17.802827] (-) TimerEvent: {}
[17.903018] (-) TimerEvent: {}
[18.003176] (-) TimerEvent: {}
[18.103298] (-) TimerEvent: {}
[18.203428] (-) TimerEvent: {}
[18.303573] (-) TimerEvent: {}
[18.403700] (-) TimerEvent: {}
[18.503807] (-) TimerEvent: {}
[18.603904] (-) TimerEvent: {}
[18.705498] (-) TimerEvent: {}
[18.759524] (vdt_msgs) StdoutLine: {'line': b'[ 85%] Built target vdt_msgs__py\n'}
[18.797338] (vdt_msgs) StdoutLine: {'line': b'[ 89%] Building C object CMakeFiles/vdt_msgs__rosidl_generator_py.dir/rosidl_generator_py/vdt_msgs/msg/_alt_estimate_s.c.o\n'}
[18.797696] (vdt_msgs) StdoutLine: {'line': b'[ 89%] Building C object CMakeFiles/vdt_msgs__rosidl_generator_py.dir/rosidl_generator_py/vdt_msgs/msg/_timeout_flags_s.c.o\n'}
[18.797832] (vdt_msgs) StdoutLine: {'line': b'[ 89%] Building C object CMakeFiles/vdt_msgs__rosidl_generator_py.dir/rosidl_generator_py/vdt_msgs/msg/_input_snapshot_s.c.o\n'}
[18.797957] (vdt_msgs) StdoutLine: {'line': b'[ 89%] Building C object CMakeFiles/vdt_msgs__rosidl_generator_py.dir/rosidl_generator_py/vdt_msgs/msg/_vision_marker_s.c.o\n'}
[18.805692] (-) TimerEvent: {}
[18.905995] (-) TimerEvent: {}
[19.006213] (-) TimerEvent: {}
[19.107555] (-) TimerEvent: {}
[19.121792] (vdt_msgs) StdoutLine: {'line': b'[ 91%] Building C object CMakeFiles/vdt_msgs__rosidl_generator_py.dir/rosidl_generator_py/vdt_msgs/msg/_offboard_status_s.c.o\n'}
[19.122183] (vdt_msgs) StdoutLine: {'line': b'[ 91%] Building C object CMakeFiles/vdt_msgs__rosidl_generator_py.dir/rosidl_generator_py/vdt_msgs/msg/_planner_output_s.c.o\n'}
[19.125174] (vdt_msgs) StdoutLine: {'line': b'[ 92%] Building C object CMakeFiles/vdt_msgs__rosidl_generator_py.dir/rosidl_generator_py/vdt_msgs/msg/_rc_fsm_input_s.c.o\n'}
[19.142863] (vdt_msgs) StdoutLine: {'line': b'[ 93%] Building C object CMakeFiles/vdt_msgs__rosidl_generator_py.dir/rosidl_generator_py/vdt_msgs/msg/_rc_channels_raw_s.c.o\n'}
[19.207714] (-) TimerEvent: {}
[19.310535] (-) TimerEvent: {}
[19.382192] (vdt_msgs) StdoutLine: {'line': b'[ 94%] Linking C shared library libvdt_msgs__rosidl_generator_py.so\n'}
[19.410651] (-) TimerEvent: {}
[19.466457] (vdt_msgs) StdoutLine: {'line': b'[ 94%] Built target vdt_msgs__rosidl_generator_py\n'}
[19.504691] (vdt_msgs) StdoutLine: {'line': b'[ 97%] Building C object CMakeFiles/vdt_msgs_s__rosidl_typesupport_c.dir/rosidl_generator_py/vdt_msgs/_vdt_msgs_s.ep.rosidl_typesupport_c.c.o\n'}
[19.505034] (vdt_msgs) StdoutLine: {'line': b'[ 97%] Building C object CMakeFiles/vdt_msgs_s__rosidl_typesupport_introspection_c.dir/rosidl_generator_py/vdt_msgs/_vdt_msgs_s.ep.rosidl_typesupport_introspection_c.c.o\n'}
[19.505200] (vdt_msgs) StdoutLine: {'line': b'[ 97%] Building C object CMakeFiles/vdt_msgs_s__rosidl_typesupport_fastrtps_c.dir/rosidl_generator_py/vdt_msgs/_vdt_msgs_s.ep.rosidl_typesupport_fastrtps_c.c.o\n'}
[19.510807] (-) TimerEvent: {}
[19.611019] (-) TimerEvent: {}
[19.708154] (vdt_msgs) StdoutLine: {'line': b'[ 99%] Linking C shared module rosidl_generator_py/vdt_msgs/vdt_msgs_s__rosidl_typesupport_introspection_c.so\n'}
[19.708565] (vdt_msgs) StdoutLine: {'line': b'[ 99%] Linking C shared module rosidl_generator_py/vdt_msgs/vdt_msgs_s__rosidl_typesupport_c.so\n'}
[19.711209] (-) TimerEvent: {}
[19.719309] (vdt_msgs) StdoutLine: {'line': b'[100%] Linking C shared module rosidl_generator_py/vdt_msgs/vdt_msgs_s__rosidl_typesupport_fastrtps_c.so\n'}
[19.766171] (vdt_msgs) StdoutLine: {'line': b'[100%] Built target vdt_msgs_s__rosidl_typesupport_c\n'}
[19.768443] (vdt_msgs) StdoutLine: {'line': b'[100%] Built target vdt_msgs_s__rosidl_typesupport_introspection_c\n'}
[19.779888] (vdt_msgs) StdoutLine: {'line': b'[100%] Built target vdt_msgs_s__rosidl_typesupport_fastrtps_c\n'}
[19.802140] (vdt_msgs) CommandEnded: {'returncode': 0}
[19.802934] (vdt_msgs) JobProgress: {'identifier': 'vdt_msgs', 'progress': 'install'}
[19.811268] (-) TimerEvent: {}
[19.818154] (vdt_msgs) Command: {'cmd': ['/usr/bin/cmake', '--install', '/home/vdt_2026/VDT_project/build/vdt_msgs'], 'cwd': '/home/vdt_2026/VDT_project/build/vdt_msgs', 'env': OrderedDict({'LESSOPEN': '| /usr/bin/lesspipe %s', 'USER': 'vdt_2026', 'SSH_CLIENT': '100.101.240.43 57783 22', 'XDG_SESSION_TYPE': 'tty', 'SHLVL': '1', 'LD_LIBRARY_PATH': '/home/vdt_2026/ros2_ws/install/px4_msgs/lib:/opt/ros/jazzy/lib/aarch64-linux-gnu:/opt/ros/jazzy/lib', 'HOME': '/home/vdt_2026', 'OLDPWD': '/home/vdt_2026', 'SSH_TTY': '/dev/pts/3', 'ROS_PYTHON_VERSION': '3', 'DBUS_SESSION_BUS_ADDRESS': 'unix:path=/run/user/1000/bus', 'COLCON_PREFIX_PATH': '/home/vdt_2026/ros2_ws/install', 'ROS_DISTRO': 'jazzy', 'LOGNAME': 'vdt_2026', '_': '/usr/bin/colcon', 'ROS_VERSION': '2', 'XDG_SESSION_CLASS': 'user', 'TERM': 'xterm-256color', 'XDG_SESSION_ID': '11', 'PATH': '/home/vdt_2026/.local/bin:/opt/ros/jazzy/bin:/usr/local/sbin:/usr/local/bin:/usr/sbin:/usr/bin:/sbin:/bin:/usr/games:/usr/local/games:/snap/bin', 'XDG_RUNTIME_DIR': '/run/user/1000', 'LANG': 'en_US.UTF-8', 'LS_COLORS': 'rs=0:di=01;34:ln=01;36:mh=00:pi=40;33:so=01;35:do=01;35:bd=40;33;01:cd=40;33;01:or=40;31;01:mi=00:su=37;41:sg=30;43:ca=00:tw=30;42:ow=34;42:st=37;44:ex=01;32:*.tar=01;31:*.tgz=01;31:*.arc=01;31:*.arj=01;31:*.taz=01;31:*.lha=01;31:*.lz4=01;31:*.lzh=01;31:*.lzma=01;31:*.tlz=01;31:*.txz=01;31:*.tzo=01;31:*.t7z=01;31:*.zip=01;31:*.z=01;31:*.dz=01;31:*.gz=01;31:*.lrz=01;31:*.lz=01;31:*.lzo=01;31:*.xz=01;31:*.zst=01;31:*.tzst=01;31:*.bz2=01;31:*.bz=01;31:*.tbz=01;31:*.tbz2=01;31:*.tz=01;31:*.deb=01;31:*.rpm=01;31:*.jar=01;31:*.war=01;31:*.ear=01;31:*.sar=01;31:*.rar=01;31:*.alz=01;31:*.ace=01;31:*.zoo=01;31:*.cpio=01;31:*.7z=01;31:*.rz=01;31:*.cab=01;31:*.wim=01;31:*.swm=01;31:*.dwm=01;31:*.esd=01;31:*.avif=01;35:*.jpg=01;35:*.jpeg=01;35:*.mjpg=01;35:*.mjpeg=01;35:*.gif=01;35:*.bmp=01;35:*.pbm=01;35:*.pgm=01;35:*.ppm=01;35:*.tga=01;35:*.xbm=01;35:*.xpm=01;35:*.tif=01;35:*.tiff=01;35:*.png=01;35:*.svg=01;35:*.svgz=01;35:*.mng=01;35:*.pcx=01;35:*.mov=01;35:*.mpg=01;35:*.mpeg=01;35:*.m2v=01;35:*.mkv=01;35:*.webm=01;35:*.webp=01;35:*.ogm=01;35:*.mp4=01;35:*.m4v=01;35:*.mp4v=01;35:*.vob=01;35:*.qt=01;35:*.nuv=01;35:*.wmv=01;35:*.asf=01;35:*.rm=01;35:*.rmvb=01;35:*.flc=01;35:*.avi=01;35:*.fli=01;35:*.flv=01;35:*.gl=01;35:*.dl=01;35:*.xcf=01;35:*.xwd=01;35:*.yuv=01;35:*.cgm=01;35:*.emf=01;35:*.ogv=01;35:*.ogx=01;35:*.aac=00;36:*.au=00;36:*.flac=00;36:*.m4a=00;36:*.mid=00;36:*.midi=00;36:*.mka=00;36:*.mp3=00;36:*.mpc=00;36:*.ogg=00;36:*.ra=00;36:*.wav=00;36:*.oga=00;36:*.opus=00;36:*.spx=00;36:*.xspf=00;36:*~=00;90:*#=00;90:*.bak=00;90:*.crdownload=00;90:*.dpkg-dist=00;90:*.dpkg-new=00;90:*.dpkg-old=00;90:*.dpkg-tmp=00;90:*.old=00;90:*.orig=00;90:*.part=00;90:*.rej=00;90:*.rpmnew=00;90:*.rpmorig=00;90:*.rpmsave=00;90:*.swp=00;90:*.tmp=00;90:*.ucf-dist=00;90:*.ucf-new=00;90:*.ucf-old=00;90:', 'AMENT_PREFIX_PATH': '/home/vdt_2026/ros2_ws/install/px4_msgs:/opt/ros/jazzy', 'SHELL': '/bin/bash', 'LESSCLOSE': '/usr/bin/lesspipe %s %s', 'ROS_AUTOMATIC_DISCOVERY_RANGE': 'SUBNET', 'PWD': '/home/vdt_2026/VDT_project/build/vdt_msgs', 'LC_ALL': 'en_US.UTF-8', 'SSH_CONNECTION': '100.101.240.43 57783 100.65.242.75 22', 'XDG_DATA_DIRS': '/usr/local/share:/usr/share:/var/lib/snapd/desktop', 'PYTHONPATH': '/home/vdt_2026/ros2_ws/install/px4_msgs/lib/python3.12/site-packages:/opt/ros/jazzy/lib/python3.12/site-packages:/home/vdt_2026/librealsense/build/Release', 'COLCON': '1', 'CMAKE_PREFIX_PATH': '/home/vdt_2026/ros2_ws/install/px4_msgs:/opt/ros/jazzy'}), 'shell': False}
[19.832602] (vdt_msgs) StdoutLine: {'line': b'-- Install configuration: ""\n'}
[19.832881] (vdt_msgs) StdoutLine: {'line': b'-- Installing: /home/vdt_2026/VDT_project/install/vdt_msgs/share/ament_index/resource_index/rosidl_interfaces/vdt_msgs\n'}
[19.833349] (vdt_msgs) StdoutLine: {'line': b'-- Installing: /home/vdt_2026/VDT_project/install/vdt_msgs/share/vdt_msgs/msg/AltEstimate.json\n'}
[19.833593] (vdt_msgs) StdoutLine: {'line': b'-- Installing: /home/vdt_2026/VDT_project/install/vdt_msgs/share/vdt_msgs/msg/VisionMarker.json\n'}
[19.833824] (vdt_msgs) StdoutLine: {'line': b'-- Installing: /home/vdt_2026/VDT_project/install/vdt_msgs/share/vdt_msgs/msg/InputSnapshot.json\n'}
[19.834159] (vdt_msgs) StdoutLine: {'line': b'-- Installing: /home/vdt_2026/VDT_project/install/vdt_msgs/share/vdt_msgs/msg/TimeoutFlags.json\n'}
[19.834323] (vdt_msgs) StdoutLine: {'line': b'-- Installing: /home/vdt_2026/VDT_project/install/vdt_msgs/share/vdt_msgs/msg/PlannerOutput.json\n'}
[19.834694] (vdt_msgs) StdoutLine: {'line': b'-- Installing: /home/vdt_2026/VDT_project/install/vdt_msgs/share/vdt_msgs/msg/OffboardStatus.json\n'}
[19.834888] (vdt_msgs) StdoutLine: {'line': b'-- Installing: /home/vdt_2026/VDT_project/install/vdt_msgs/share/vdt_msgs/msg/RcFsmInput.json\n'}
[19.834997] (vdt_msgs) StdoutLine: {'line': b'-- Installing: /home/vdt_2026/VDT_project/install/vdt_msgs/share/vdt_msgs/msg/RcChannelsRaw.json\n'}
[19.835237] (vdt_msgs) StdoutLine: {'line': b'-- Installing: /home/vdt_2026/VDT_project/install/vdt_msgs/include/vdt_msgs/vdt_msgs\n'}
[19.835374] (vdt_msgs) StdoutLine: {'line': b'-- Installing: /home/vdt_2026/VDT_project/install/vdt_msgs/include/vdt_msgs/vdt_msgs/msg\n'}
[19.835492] (vdt_msgs) StdoutLine: {'line': b'-- Installing: /home/vdt_2026/VDT_project/install/vdt_msgs/include/vdt_msgs/vdt_msgs/msg/vision_marker.h\n'}
[19.835600] (vdt_msgs) StdoutLine: {'line': b'-- Installing: /home/vdt_2026/VDT_project/install/vdt_msgs/include/vdt_msgs/vdt_msgs/msg/planner_output.h\n'}
[19.835811] (vdt_msgs) StdoutLine: {'line': b'-- Installing: /home/vdt_2026/VDT_project/install/vdt_msgs/include/vdt_msgs/vdt_msgs/msg/input_snapshot.h\n'}
[19.835946] (vdt_msgs) StdoutLine: {'line': b'-- Installing: /home/vdt_2026/VDT_project/install/vdt_msgs/include/vdt_msgs/vdt_msgs/msg/rosidl_generator_c__visibility_control.h\n'}
[19.836033] (vdt_msgs) StdoutLine: {'line': b'-- Installing: /home/vdt_2026/VDT_project/install/vdt_msgs/include/vdt_msgs/vdt_msgs/msg/rc_channels_raw.h\n'}
[19.836122] (vdt_msgs) StdoutLine: {'line': b'-- Installing: /home/vdt_2026/VDT_project/install/vdt_msgs/include/vdt_msgs/vdt_msgs/msg/detail\n'}
[19.836276] (vdt_msgs) StdoutLine: {'line': b'-- Installing: /home/vdt_2026/VDT_project/install/vdt_msgs/include/vdt_msgs/vdt_msgs/msg/detail/timeout_flags__type_support.c\n'}
[19.836440] (vdt_msgs) StdoutLine: {'line': b'-- Installing: /home/vdt_2026/VDT_project/install/vdt_msgs/include/vdt_msgs/vdt_msgs/msg/detail/input_snapshot__type_support.h\n'}
[19.836591] (vdt_msgs) StdoutLine: {'line': b'-- Installing: /home/vdt_2026/VDT_project/install/vdt_msgs/include/vdt_msgs/vdt_msgs/msg/detail/rc_fsm_input__type_support.c\n'}
[19.836680] (vdt_msgs) StdoutLine: {'line': b'-- Installing: /home/vdt_2026/VDT_project/install/vdt_msgs/include/vdt_msgs/vdt_msgs/msg/detail/timeout_flags__functions.c\n'}
[19.836844] (vdt_msgs) StdoutLine: {'line': b'-- Installing: /home/vdt_2026/VDT_project/install/vdt_msgs/include/vdt_msgs/vdt_msgs/msg/detail/input_snapshot__struct.h\n'}
[19.836990] (vdt_msgs) StdoutLine: {'line': b'-- Installing: /home/vdt_2026/VDT_project/install/vdt_msgs/include/vdt_msgs/vdt_msgs/msg/detail/planner_output__struct.h\n'}
[19.837151] (vdt_msgs) StdoutLine: {'line': b'-- Installing: /home/vdt_2026/VDT_project/install/vdt_msgs/include/vdt_msgs/vdt_msgs/msg/detail/alt_estimate__functions.h\n'}
[19.837242] (vdt_msgs) StdoutLine: {'line': b'-- Installing: /home/vdt_2026/VDT_project/install/vdt_msgs/include/vdt_msgs/vdt_msgs/msg/detail/input_snapshot__functions.c\n'}
[19.837422] (vdt_msgs) StdoutLine: {'line': b'-- Installing: /home/vdt_2026/VDT_project/install/vdt_msgs/include/vdt_msgs/vdt_msgs/msg/detail/offboard_status__type_support.c\n'}
[19.837665] (vdt_msgs) StdoutLine: {'line': b'-- Installing: /home/vdt_2026/VDT_project/install/vdt_msgs/include/vdt_msgs/vdt_msgs/msg/detail/rc_channels_raw__functions.c\n'}
[19.837758] (vdt_msgs) StdoutLine: {'line': b'-- Installing: /home/vdt_2026/VDT_project/install/vdt_msgs/include/vdt_msgs/vdt_msgs/msg/detail/rc_fsm_input__description.c\n'}
[19.837848] (vdt_msgs) StdoutLine: {'line': b'-- Installing: /home/vdt_2026/VDT_project/install/vdt_msgs/include/vdt_msgs/vdt_msgs/msg/detail/timeout_flags__type_support.h\n'}
[19.838026] (vdt_msgs) StdoutLine: {'line': b'-- Installing: /home/vdt_2026/VDT_project/install/vdt_msgs/include/vdt_msgs/vdt_msgs/msg/detail/rc_channels_raw__type_support.h\n'}
[19.838158] (vdt_msgs) StdoutLine: {'line': b'-- Installing: /home/vdt_2026/VDT_project/install/vdt_msgs/include/vdt_msgs/vdt_msgs/msg/detail/rc_channels_raw__type_support.c\n'}
[19.838241] (vdt_msgs) StdoutLine: {'line': b'-- Installing: /home/vdt_2026/VDT_project/install/vdt_msgs/include/vdt_msgs/vdt_msgs/msg/detail/rc_fsm_input__struct.h\n'}
[19.838409] (vdt_msgs) StdoutLine: {'line': b'-- Installing: /home/vdt_2026/VDT_project/install/vdt_msgs/include/vdt_msgs/vdt_msgs/msg/detail/vision_marker__description.c\n'}
[19.838555] (vdt_msgs) StdoutLine: {'line': b'-- Installing: /home/vdt_2026/VDT_project/install/vdt_msgs/include/vdt_msgs/vdt_msgs/msg/detail/alt_estimate__type_support.h\n'}
[19.838717] (vdt_msgs) StdoutLine: {'line': b'-- Installing: /home/vdt_2026/VDT_project/install/vdt_msgs/include/vdt_msgs/vdt_msgs/msg/detail/alt_estimate__struct.h\n'}
[19.838860] (vdt_msgs) StdoutLine: {'line': b'-- Installing: /home/vdt_2026/VDT_project/install/vdt_msgs/include/vdt_msgs/vdt_msgs/msg/detail/planner_output__functions.h\n'}
[19.838957] (vdt_msgs) StdoutLine: {'line': b'-- Installing: /home/vdt_2026/VDT_project/install/vdt_msgs/include/vdt_msgs/vdt_msgs/msg/detail/rc_fsm_input__functions.c\n'}
[19.839088] (vdt_msgs) StdoutLine: {'line': b'-- Installing: /home/vdt_2026/VDT_project/install/vdt_msgs/include/vdt_msgs/vdt_msgs/msg/detail/offboard_status__functions.h\n'}
[19.839291] (vdt_msgs) StdoutLine: {'line': b'-- Installing: /home/vdt_2026/VDT_project/install/vdt_msgs/include/vdt_msgs/vdt_msgs/msg/detail/timeout_flags__functions.h\n'}
[19.839403] (vdt_msgs) StdoutLine: {'line': b'-- Installing: /home/vdt_2026/VDT_project/install/vdt_msgs/include/vdt_msgs/vdt_msgs/msg/detail/planner_output__functions.c\n'}
[19.839581] (vdt_msgs) StdoutLine: {'line': b'-- Installing: /home/vdt_2026/VDT_project/install/vdt_msgs/include/vdt_msgs/vdt_msgs/msg/detail/rc_channels_raw__description.c\n'}
[19.839678] (vdt_msgs) StdoutLine: {'line': b'-- Installing: /home/vdt_2026/VDT_project/install/vdt_msgs/include/vdt_msgs/vdt_msgs/msg/detail/timeout_flags__description.c\n'}
[19.839765] (vdt_msgs) StdoutLine: {'line': b'-- Installing: /home/vdt_2026/VDT_project/install/vdt_msgs/include/vdt_msgs/vdt_msgs/msg/detail/input_snapshot__functions.h\n'}
[19.839921] (vdt_msgs) StdoutLine: {'line': b'-- Installing: /home/vdt_2026/VDT_project/install/vdt_msgs/include/vdt_msgs/vdt_msgs/msg/detail/offboard_status__description.c\n'}
[19.840011] (vdt_msgs) StdoutLine: {'line': b'-- Installing: /home/vdt_2026/VDT_project/install/vdt_msgs/include/vdt_msgs/vdt_msgs/msg/detail/vision_marker__functions.c\n'}
[19.840108] (vdt_msgs) StdoutLine: {'line': b'-- Installing: /home/vdt_2026/VDT_project/install/vdt_msgs/include/vdt_msgs/vdt_msgs/msg/detail/alt_estimate__description.c\n'}
[19.840247] (vdt_msgs) StdoutLine: {'line': b'-- Installing: /home/vdt_2026/VDT_project/install/vdt_msgs/include/vdt_msgs/vdt_msgs/msg/detail/planner_output__description.c\n'}
[19.840343] (vdt_msgs) StdoutLine: {'line': b'-- Installing: /home/vdt_2026/VDT_project/install/vdt_msgs/include/vdt_msgs/vdt_msgs/msg/detail/vision_marker__struct.h\n'}
[19.840515] (vdt_msgs) StdoutLine: {'line': b'-- Installing: /home/vdt_2026/VDT_project/install/vdt_msgs/include/vdt_msgs/vdt_msgs/msg/detail/offboard_status__struct.h\n'}
[19.840612] (vdt_msgs) StdoutLine: {'line': b'-- Installing: /home/vdt_2026/VDT_project/install/vdt_msgs/include/vdt_msgs/vdt_msgs/msg/detail/rc_fsm_input__functions.h\n'}
[19.840764] (vdt_msgs) StdoutLine: {'line': b'-- Installing: /home/vdt_2026/VDT_project/install/vdt_msgs/include/vdt_msgs/vdt_msgs/msg/detail/offboard_status__type_support.h\n'}
[19.840887] (vdt_msgs) StdoutLine: {'line': b'-- Installing: /home/vdt_2026/VDT_project/install/vdt_msgs/include/vdt_msgs/vdt_msgs/msg/detail/rc_channels_raw__struct.h\n'}
[19.840970] (vdt_msgs) StdoutLine: {'line': b'-- Installing: /home/vdt_2026/VDT_project/install/vdt_msgs/include/vdt_msgs/vdt_msgs/msg/detail/rc_channels_raw__functions.h\n'}
[19.841120] (vdt_msgs) StdoutLine: {'line': b'-- Installing: /home/vdt_2026/VDT_project/install/vdt_msgs/include/vdt_msgs/vdt_msgs/msg/detail/planner_output__type_support.h\n'}
[19.841308] (vdt_msgs) StdoutLine: {'line': b'-- Installing: /home/vdt_2026/VDT_project/install/vdt_msgs/include/vdt_msgs/vdt_msgs/msg/detail/planner_output__type_support.c\n'}
[19.841456] (vdt_msgs) StdoutLine: {'line': b'-- Installing: /home/vdt_2026/VDT_project/install/vdt_msgs/include/vdt_msgs/vdt_msgs/msg/detail/alt_estimate__type_support.c\n'}
[19.841602] (vdt_msgs) StdoutLine: {'line': b'-- Installing: /home/vdt_2026/VDT_project/install/vdt_msgs/include/vdt_msgs/vdt_msgs/msg/detail/vision_marker__functions.h\n'}
[19.841692] (vdt_msgs) StdoutLine: {'line': b'-- Installing: /home/vdt_2026/VDT_project/install/vdt_msgs/include/vdt_msgs/vdt_msgs/msg/detail/vision_marker__type_support.h\n'}
[19.841837] (vdt_msgs) StdoutLine: {'line': b'-- Installing: /home/vdt_2026/VDT_project/install/vdt_msgs/include/vdt_msgs/vdt_msgs/msg/detail/vision_marker__type_support.c\n'}
[19.841950] (vdt_msgs) StdoutLine: {'line': b'-- Installing: /home/vdt_2026/VDT_project/install/vdt_msgs/include/vdt_msgs/vdt_msgs/msg/detail/input_snapshot__type_support.c\n'}
[19.842115] (vdt_msgs) StdoutLine: {'line': b'-- Installing: /home/vdt_2026/VDT_project/install/vdt_msgs/include/vdt_msgs/vdt_msgs/msg/detail/rc_fsm_input__type_support.h\n'}
[19.842244] (vdt_msgs) StdoutLine: {'line': b'-- Installing: /home/vdt_2026/VDT_project/install/vdt_msgs/include/vdt_msgs/vdt_msgs/msg/detail/alt_estimate__functions.c\n'}
[19.842327] (vdt_msgs) StdoutLine: {'line': b'-- Installing: /home/vdt_2026/VDT_project/install/vdt_msgs/include/vdt_msgs/vdt_msgs/msg/detail/timeout_flags__struct.h\n'}
[19.842490] (vdt_msgs) StdoutLine: {'line': b'-- Installing: /home/vdt_2026/VDT_project/install/vdt_msgs/include/vdt_msgs/vdt_msgs/msg/detail/offboard_status__functions.c\n'}
[19.842714] (vdt_msgs) StdoutLine: {'line': b'-- Installing: /home/vdt_2026/VDT_project/install/vdt_msgs/include/vdt_msgs/vdt_msgs/msg/detail/input_snapshot__description.c\n'}
[19.842859] (vdt_msgs) StdoutLine: {'line': b'-- Installing: /home/vdt_2026/VDT_project/install/vdt_msgs/include/vdt_msgs/vdt_msgs/msg/offboard_status.h\n'}
[19.843011] (vdt_msgs) StdoutLine: {'line': b'-- Installing: /home/vdt_2026/VDT_project/install/vdt_msgs/include/vdt_msgs/vdt_msgs/msg/alt_estimate.h\n'}
[19.843102] (vdt_msgs) StdoutLine: {'line': b'-- Installing: /home/vdt_2026/VDT_project/install/vdt_msgs/include/vdt_msgs/vdt_msgs/msg/timeout_flags.h\n'}
[19.843254] (vdt_msgs) StdoutLine: {'line': b'-- Installing: /home/vdt_2026/VDT_project/install/vdt_msgs/include/vdt_msgs/vdt_msgs/msg/rc_fsm_input.h\n'}
[19.843399] (vdt_msgs) StdoutLine: {'line': b'-- Installing: /home/vdt_2026/VDT_project/install/vdt_msgs/share/vdt_msgs/environment/library_path.sh\n'}
[19.843641] (vdt_msgs) StdoutLine: {'line': b'-- Installing: /home/vdt_2026/VDT_project/install/vdt_msgs/share/vdt_msgs/environment/library_path.dsv\n'}
[19.843912] (vdt_msgs) StdoutLine: {'line': b'-- Installing: /home/vdt_2026/VDT_project/install/vdt_msgs/lib/libvdt_msgs__rosidl_generator_c.so\n'}
[19.844576] (vdt_msgs) StdoutLine: {'line': b'-- Set non-toolchain portion of runtime path of "/home/vdt_2026/VDT_project/install/vdt_msgs/lib/libvdt_msgs__rosidl_generator_c.so" to ""\n'}
[19.844800] (vdt_msgs) StdoutLine: {'line': b'-- Up-to-date: /home/vdt_2026/VDT_project/install/vdt_msgs/include/vdt_msgs/vdt_msgs\n'}
[19.844899] (vdt_msgs) StdoutLine: {'line': b'-- Up-to-date: /home/vdt_2026/VDT_project/install/vdt_msgs/include/vdt_msgs/vdt_msgs/msg\n'}
[19.844992] (vdt_msgs) StdoutLine: {'line': b'-- Installing: /home/vdt_2026/VDT_project/install/vdt_msgs/include/vdt_msgs/vdt_msgs/msg/rosidl_typesupport_fastrtps_c__visibility_control.h\n'}
[19.845177] (vdt_msgs) StdoutLine: {'line': b'-- Up-to-date: /home/vdt_2026/VDT_project/install/vdt_msgs/include/vdt_msgs/vdt_msgs/msg/detail\n'}
[19.845271] (vdt_msgs) StdoutLine: {'line': b'-- Installing: /home/vdt_2026/VDT_project/install/vdt_msgs/include/vdt_msgs/vdt_msgs/msg/detail/offboard_status__rosidl_typesupport_fastrtps_c.h\n'}
[19.845362] (vdt_msgs) StdoutLine: {'line': b'-- Installing: /home/vdt_2026/VDT_project/install/vdt_msgs/include/vdt_msgs/vdt_msgs/msg/detail/alt_estimate__rosidl_typesupport_fastrtps_c.h\n'}
[19.845571] (vdt_msgs) StdoutLine: {'line': b'-- Installing: /home/vdt_2026/VDT_project/install/vdt_msgs/include/vdt_msgs/vdt_msgs/msg/detail/planner_output__rosidl_typesupport_fastrtps_c.h\n'}
[19.845660] (vdt_msgs) StdoutLine: {'line': b'-- Installing: /home/vdt_2026/VDT_project/install/vdt_msgs/include/vdt_msgs/vdt_msgs/msg/detail/rc_channels_raw__rosidl_typesupport_fastrtps_c.h\n'}
[19.845753] (vdt_msgs) StdoutLine: {'line': b'-- Installing: /home/vdt_2026/VDT_project/install/vdt_msgs/include/vdt_msgs/vdt_msgs/msg/detail/rc_fsm_input__rosidl_typesupport_fastrtps_c.h\n'}
[19.845892] (vdt_msgs) StdoutLine: {'line': b'-- Installing: /home/vdt_2026/VDT_project/install/vdt_msgs/include/vdt_msgs/vdt_msgs/msg/detail/input_snapshot__rosidl_typesupport_fastrtps_c.h\n'}
[19.845982] (vdt_msgs) StdoutLine: {'line': b'-- Installing: /home/vdt_2026/VDT_project/install/vdt_msgs/include/vdt_msgs/vdt_msgs/msg/detail/timeout_flags__rosidl_typesupport_fastrtps_c.h\n'}
[19.846132] (vdt_msgs) StdoutLine: {'line': b'-- Installing: /home/vdt_2026/VDT_project/install/vdt_msgs/include/vdt_msgs/vdt_msgs/msg/detail/vision_marker__rosidl_typesupport_fastrtps_c.h\n'}
[19.846290] (vdt_msgs) StdoutLine: {'line': b'-- Installing: /home/vdt_2026/VDT_project/install/vdt_msgs/lib/libvdt_msgs__rosidl_typesupport_fastrtps_c.so\n'}
[19.846841] (vdt_msgs) StdoutLine: {'line': b'-- Set non-toolchain portion of runtime path of "/home/vdt_2026/VDT_project/install/vdt_msgs/lib/libvdt_msgs__rosidl_typesupport_fastrtps_c.so" to ""\n'}
[19.847081] (vdt_msgs) StdoutLine: {'line': b'-- Up-to-date: /home/vdt_2026/VDT_project/install/vdt_msgs/include/vdt_msgs/vdt_msgs\n'}
[19.847187] (vdt_msgs) StdoutLine: {'line': b'-- Up-to-date: /home/vdt_2026/VDT_project/install/vdt_msgs/include/vdt_msgs/vdt_msgs/msg\n'}
[19.847280] (vdt_msgs) StdoutLine: {'line': b'-- Installing: /home/vdt_2026/VDT_project/install/vdt_msgs/include/vdt_msgs/vdt_msgs/msg/input_snapshot.hpp\n'}
[19.847467] (vdt_msgs) StdoutLine: {'line': b'-- Installing: /home/vdt_2026/VDT_project/install/vdt_msgs/include/vdt_msgs/vdt_msgs/msg/offboard_status.hpp\n'}
[19.847622] (vdt_msgs) StdoutLine: {'line': b'-- Installing: /home/vdt_2026/VDT_project/install/vdt_msgs/include/vdt_msgs/vdt_msgs/msg/rc_fsm_input.hpp\n'}
[19.847714] (vdt_msgs) StdoutLine: {'line': b'-- Installing: /home/vdt_2026/VDT_project/install/vdt_msgs/include/vdt_msgs/vdt_msgs/msg/planner_output.hpp\n'}
[19.847856] (vdt_msgs) StdoutLine: {'line': b'-- Installing: /home/vdt_2026/VDT_project/install/vdt_msgs/include/vdt_msgs/vdt_msgs/msg/alt_estimate.hpp\n'}
[19.847978] (vdt_msgs) StdoutLine: {'line': b'-- Installing: /home/vdt_2026/VDT_project/install/vdt_msgs/include/vdt_msgs/vdt_msgs/msg/timeout_flags.hpp\n'}
[19.848073] (vdt_msgs) StdoutLine: {'line': b'-- Installing: /home/vdt_2026/VDT_project/install/vdt_msgs/include/vdt_msgs/vdt_msgs/msg/rosidl_generator_cpp__visibility_control.hpp\n'}
[19.848211] (vdt_msgs) StdoutLine: {'line': b'-- Up-to-date: /home/vdt_2026/VDT_project/install/vdt_msgs/include/vdt_msgs/vdt_msgs/msg/detail\n'}
[19.848385] (vdt_msgs) StdoutLine: {'line': b'-- Installing: /home/vdt_2026/VDT_project/install/vdt_msgs/include/vdt_msgs/vdt_msgs/msg/detail/offboard_status__type_support.hpp\n'}
[19.848584] (vdt_msgs) StdoutLine: {'line': b'-- Installing: /home/vdt_2026/VDT_project/install/vdt_msgs/include/vdt_msgs/vdt_msgs/msg/detail/rc_fsm_input__type_support.hpp\n'}
[19.848679] (vdt_msgs) StdoutLine: {'line': b'-- Installing: /home/vdt_2026/VDT_project/install/vdt_msgs/include/vdt_msgs/vdt_msgs/msg/detail/planner_output__traits.hpp\n'}
[19.848764] (vdt_msgs) StdoutLine: {'line': b'-- Installing: /home/vdt_2026/VDT_project/install/vdt_msgs/include/vdt_msgs/vdt_msgs/msg/detail/rc_channels_raw__traits.hpp\n'}
[19.848933] (vdt_msgs) StdoutLine: {'line': b'-- Installing: /home/vdt_2026/VDT_project/install/vdt_msgs/include/vdt_msgs/vdt_msgs/msg/detail/planner_output__struct.hpp\n'}
[19.849023] (vdt_msgs) StdoutLine: {'line': b'-- Installing: /home/vdt_2026/VDT_project/install/vdt_msgs/include/vdt_msgs/vdt_msgs/msg/detail/alt_estimate__builder.hpp\n'}
[19.849112] (vdt_msgs) StdoutLine: {'line': b'-- Installing: /home/vdt_2026/VDT_project/install/vdt_msgs/include/vdt_msgs/vdt_msgs/msg/detail/alt_estimate__struct.hpp\n'}
[19.849310] (vdt_msgs) StdoutLine: {'line': b'-- Installing: /home/vdt_2026/VDT_project/install/vdt_msgs/include/vdt_msgs/vdt_msgs/msg/detail/input_snapshot__traits.hpp\n'}
[19.849431] (vdt_msgs) StdoutLine: {'line': b'-- Installing: /home/vdt_2026/VDT_project/install/vdt_msgs/include/vdt_msgs/vdt_msgs/msg/detail/vision_marker__type_support.hpp\n'}
[19.849602] (vdt_msgs) StdoutLine: {'line': b'-- Installing: /home/vdt_2026/VDT_project/install/vdt_msgs/include/vdt_msgs/vdt_msgs/msg/detail/planner_output__type_support.hpp\n'}
[19.849754] (vdt_msgs) StdoutLine: {'line': b'-- Installing: /home/vdt_2026/VDT_project/install/vdt_msgs/include/vdt_msgs/vdt_msgs/msg/detail/timeout_flags__type_support.hpp\n'}
[19.849880] (vdt_msgs) StdoutLine: {'line': b'-- Installing: /home/vdt_2026/VDT_project/install/vdt_msgs/include/vdt_msgs/vdt_msgs/msg/detail/vision_marker__traits.hpp\n'}
[19.849963] (vdt_msgs) StdoutLine: {'line': b'-- Installing: /home/vdt_2026/VDT_project/install/vdt_msgs/include/vdt_msgs/vdt_msgs/msg/detail/offboard_status__builder.hpp\n'}
[19.850144] (vdt_msgs) StdoutLine: {'line': b'-- Installing: /home/vdt_2026/VDT_project/install/vdt_msgs/include/vdt_msgs/vdt_msgs/msg/detail/rc_channels_raw__builder.hpp\n'}
[19.850243] (vdt_msgs) StdoutLine: {'line': b'-- Installing: /home/vdt_2026/VDT_project/install/vdt_msgs/include/vdt_msgs/vdt_msgs/msg/detail/vision_marker__struct.hpp\n'}
[19.850336] (vdt_msgs) StdoutLine: {'line': b'-- Installing: /home/vdt_2026/VDT_project/install/vdt_msgs/include/vdt_msgs/vdt_msgs/msg/detail/input_snapshot__struct.hpp\n'}
[19.850521] (vdt_msgs) StdoutLine: {'line': b'-- Installing: /home/vdt_2026/VDT_project/install/vdt_msgs/include/vdt_msgs/vdt_msgs/msg/detail/offboard_status__traits.hpp\n'}
[19.850657] (vdt_msgs) StdoutLine: {'line': b'-- Installing: /home/vdt_2026/VDT_project/install/vdt_msgs/include/vdt_msgs/vdt_msgs/msg/detail/alt_estimate__type_support.hpp\n'}
[19.850750] (vdt_msgs) StdoutLine: {'line': b'-- Installing: /home/vdt_2026/VDT_project/install/vdt_msgs/include/vdt_msgs/vdt_msgs/msg/detail/input_snapshot__builder.hpp\n'}
[19.850901] (vdt_msgs) StdoutLine: {'line': b'-- Installing: /home/vdt_2026/VDT_project/install/vdt_msgs/include/vdt_msgs/vdt_msgs/msg/detail/alt_estimate__traits.hpp\n'}
[19.850992] (vdt_msgs) StdoutLine: {'line': b'-- Installing: /home/vdt_2026/VDT_project/install/vdt_msgs/include/vdt_msgs/vdt_msgs/msg/detail/rc_fsm_input__traits.hpp\n'}
[19.851143] (vdt_msgs) StdoutLine: {'line': b'-- Installing: /home/vdt_2026/VDT_project/install/vdt_msgs/include/vdt_msgs/vdt_msgs/msg/detail/rc_fsm_input__struct.hpp\n'}
[19.851291] (vdt_msgs) StdoutLine: {'line': b'-- Installing: /home/vdt_2026/VDT_project/install/vdt_msgs/include/vdt_msgs/vdt_msgs/msg/detail/timeout_flags__struct.hpp\n'}
[19.851434] (vdt_msgs) StdoutLine: {'line': b'-- Installing: /home/vdt_2026/VDT_project/install/vdt_msgs/include/vdt_msgs/vdt_msgs/msg/detail/planner_output__builder.hpp\n'}
[19.851615] (vdt_msgs) StdoutLine: {'line': b'-- Installing: /home/vdt_2026/VDT_project/install/vdt_msgs/include/vdt_msgs/vdt_msgs/msg/detail/timeout_flags__traits.hpp\n'}
[19.851717] (vdt_msgs) StdoutLine: {'line': b'-- Installing: /home/vdt_2026/VDT_project/install/vdt_msgs/include/vdt_msgs/vdt_msgs/msg/detail/timeout_flags__builder.hpp\n'}
[19.851945] (vdt_msgs) StdoutLine: {'line': b'-- Installing: /home/vdt_2026/VDT_project/install/vdt_msgs/include/vdt_msgs/vdt_msgs/msg/detail/offboard_status__struct.hpp\n'}
[19.852029] (vdt_msgs) StdoutLine: {'line': b'-- Installing: /home/vdt_2026/VDT_project/install/vdt_msgs/include/vdt_msgs/vdt_msgs/msg/detail/rc_fsm_input__builder.hpp\n'}
[19.852177] (vdt_msgs) StdoutLine: {'line': b'-- Installing: /home/vdt_2026/VDT_project/install/vdt_msgs/include/vdt_msgs/vdt_msgs/msg/detail/rc_channels_raw__type_support.hpp\n'}
[19.852300] (vdt_msgs) StdoutLine: {'line': b'-- Installing: /home/vdt_2026/VDT_project/install/vdt_msgs/include/vdt_msgs/vdt_msgs/msg/detail/input_snapshot__type_support.hpp\n'}
[19.852451] (vdt_msgs) StdoutLine: {'line': b'-- Installing: /home/vdt_2026/VDT_project/install/vdt_msgs/include/vdt_msgs/vdt_msgs/msg/detail/rc_channels_raw__struct.hpp\n'}
[19.852598] (vdt_msgs) StdoutLine: {'line': b'-- Installing: /home/vdt_2026/VDT_project/install/vdt_msgs/include/vdt_msgs/vdt_msgs/msg/detail/vision_marker__builder.hpp\n'}
[19.852688] (vdt_msgs) StdoutLine: {'line': b'-- Installing: /home/vdt_2026/VDT_project/install/vdt_msgs/include/vdt_msgs/vdt_msgs/msg/vision_marker.hpp\n'}
[19.852838] (vdt_msgs) StdoutLine: {'line': b'-- Installing: /home/vdt_2026/VDT_project/install/vdt_msgs/include/vdt_msgs/vdt_msgs/msg/rc_channels_raw.hpp\n'}
[19.853065] (vdt_msgs) StdoutLine: {'line': b'-- Up-to-date: /home/vdt_2026/VDT_project/install/vdt_msgs/include/vdt_msgs/vdt_msgs\n'}
[19.853156] (vdt_msgs) StdoutLine: {'line': b'-- Up-to-date: /home/vdt_2026/VDT_project/install/vdt_msgs/include/vdt_msgs/vdt_msgs/msg\n'}
[19.853243] (vdt_msgs) StdoutLine: {'line': b'-- Up-to-date: /home/vdt_2026/VDT_project/install/vdt_msgs/include/vdt_msgs/vdt_msgs/msg/detail\n'}
[19.853333] (vdt_msgs) StdoutLine: {'line': b'-- Installing: /home/vdt_2026/VDT_project/install/vdt_msgs/include/vdt_msgs/vdt_msgs/msg/detail/offboard_status__rosidl_typesupport_fastrtps_cpp.hpp\n'}
[19.853486] (vdt_msgs) StdoutLine: {'line': b'-- Installing: /home/vdt_2026/VDT_project/install/vdt_msgs/include/vdt_msgs/vdt_msgs/msg/detail/vision_marker__rosidl_typesupport_fastrtps_cpp.hpp\n'}
[19.853630] (vdt_msgs) StdoutLine: {'line': b'-- Installing: /home/vdt_2026/VDT_project/install/vdt_msgs/include/vdt_msgs/vdt_msgs/msg/detail/planner_output__rosidl_typesupport_fastrtps_cpp.hpp\n'}
[19.853735] (vdt_msgs) StdoutLine: {'line': b'-- Installing: /home/vdt_2026/VDT_project/install/vdt_msgs/include/vdt_msgs/vdt_msgs/msg/detail/alt_estimate__rosidl_typesupport_fastrtps_cpp.hpp\n'}
[19.853886] (vdt_msgs) StdoutLine: {'line': b'-- Installing: /home/vdt_2026/VDT_project/install/vdt_msgs/include/vdt_msgs/vdt_msgs/msg/detail/rc_channels_raw__rosidl_typesupport_fastrtps_cpp.hpp\n'}
[19.853979] (vdt_msgs) StdoutLine: {'line': b'-- Installing: /home/vdt_2026/VDT_project/install/vdt_msgs/include/vdt_msgs/vdt_msgs/msg/detail/dds_fastrtps\n'}
[19.854134] (vdt_msgs) StdoutLine: {'line': b'-- Installing: /home/vdt_2026/VDT_project/install/vdt_msgs/include/vdt_msgs/vdt_msgs/msg/detail/rc_fsm_input__rosidl_typesupport_fastrtps_cpp.hpp\n'}
[19.854224] (vdt_msgs) StdoutLine: {'line': b'-- Installing: /home/vdt_2026/VDT_project/install/vdt_msgs/include/vdt_msgs/vdt_msgs/msg/detail/input_snapshot__rosidl_typesupport_fastrtps_cpp.hpp\n'}
[19.854373] (vdt_msgs) StdoutLine: {'line': b'-- Installing: /home/vdt_2026/VDT_project/install/vdt_msgs/include/vdt_msgs/vdt_msgs/msg/detail/timeout_flags__rosidl_typesupport_fastrtps_cpp.hpp\n'}
[19.854479] (vdt_msgs) StdoutLine: {'line': b'-- Installing: /home/vdt_2026/VDT_project/install/vdt_msgs/include/vdt_msgs/vdt_msgs/msg/rosidl_typesupport_fastrtps_cpp__visibility_control.h\n'}
[19.854635] (vdt_msgs) StdoutLine: {'line': b'-- Installing: /home/vdt_2026/VDT_project/install/vdt_msgs/lib/libvdt_msgs__rosidl_typesupport_fastrtps_cpp.so\n'}
[19.855274] (vdt_msgs) StdoutLine: {'line': b'-- Set non-toolchain portion of runtime path of "/home/vdt_2026/VDT_project/install/vdt_msgs/lib/libvdt_msgs__rosidl_typesupport_fastrtps_cpp.so" to ""\n'}
[19.855459] (vdt_msgs) StdoutLine: {'line': b'-- Up-to-date: /home/vdt_2026/VDT_project/install/vdt_msgs/include/vdt_msgs/vdt_msgs\n'}
[19.855631] (vdt_msgs) StdoutLine: {'line': b'-- Up-to-date: /home/vdt_2026/VDT_project/install/vdt_msgs/include/vdt_msgs/vdt_msgs/msg\n'}
[19.855722] (vdt_msgs) StdoutLine: {'line': b'-- Up-to-date: /home/vdt_2026/VDT_project/install/vdt_msgs/include/vdt_msgs/vdt_msgs/msg/detail\n'}
[19.855810] (vdt_msgs) StdoutLine: {'line': b'-- Installing: /home/vdt_2026/VDT_project/install/vdt_msgs/include/vdt_msgs/vdt_msgs/msg/detail/timeout_flags__type_support.c\n'}
[19.855958] (vdt_msgs) StdoutLine: {'line': b'-- Installing: /home/vdt_2026/VDT_project/install/vdt_msgs/include/vdt_msgs/vdt_msgs/msg/detail/rc_fsm_input__type_support.c\n'}
[19.856112] (vdt_msgs) StdoutLine: {'line': b'-- Installing: /home/vdt_2026/VDT_project/install/vdt_msgs/include/vdt_msgs/vdt_msgs/msg/detail/timeout_flags__rosidl_typesupport_introspection_c.h\n'}
[19.856203] (vdt_msgs) StdoutLine: {'line': b'-- Installing: /home/vdt_2026/VDT_project/install/vdt_msgs/include/vdt_msgs/vdt_msgs/msg/detail/offboard_status__type_support.c\n'}
[19.856352] (vdt_msgs) StdoutLine: {'line': b'-- Installing: /home/vdt_2026/VDT_project/install/vdt_msgs/include/vdt_msgs/vdt_msgs/msg/detail/rc_channels_raw__type_support.c\n'}
[19.856505] (vdt_msgs) StdoutLine: {'line': b'-- Installing: /home/vdt_2026/VDT_project/install/vdt_msgs/include/vdt_msgs/vdt_msgs/msg/detail/rc_fsm_input__rosidl_typesupport_introspection_c.h\n'}
[19.856591] (vdt_msgs) StdoutLine: {'line': b'-- Installing: /home/vdt_2026/VDT_project/install/vdt_msgs/include/vdt_msgs/vdt_msgs/msg/detail/input_snapshot__rosidl_typesupport_introspection_c.h\n'}
[19.856717] (vdt_msgs) StdoutLine: {'line': b'-- Installing: /home/vdt_2026/VDT_project/install/vdt_msgs/include/vdt_msgs/vdt_msgs/msg/detail/offboard_status__rosidl_typesupport_introspection_c.h\n'}
[19.856856] (vdt_msgs) StdoutLine: {'line': b'-- Installing: /home/vdt_2026/VDT_project/install/vdt_msgs/include/vdt_msgs/vdt_msgs/msg/detail/vision_marker__rosidl_typesupport_introspection_c.h\n'}
[19.857010] (vdt_msgs) StdoutLine: {'line': b'-- Installing: /home/vdt_2026/VDT_project/install/vdt_msgs/include/vdt_msgs/vdt_msgs/msg/detail/planner_output__rosidl_typesupport_introspection_c.h\n'}
[19.857187] (vdt_msgs) StdoutLine: {'line': b'-- Installing: /home/vdt_2026/VDT_project/install/vdt_msgs/include/vdt_msgs/vdt_msgs/msg/detail/planner_output__type_support.c\n'}
[19.857337] (vdt_msgs) StdoutLine: {'line': b'-- Installing: /home/vdt_2026/VDT_project/install/vdt_msgs/include/vdt_msgs/vdt_msgs/msg/detail/alt_estimate__type_support.c\n'}
[19.857519] (vdt_msgs) StdoutLine: {'line': b'-- Installing: /home/vdt_2026/VDT_project/install/vdt_msgs/include/vdt_msgs/vdt_msgs/msg/detail/rc_channels_raw__rosidl_typesupport_introspection_c.h\n'}
[19.857659] (vdt_msgs) StdoutLine: {'line': b'-- Installing: /home/vdt_2026/VDT_project/install/vdt_msgs/include/vdt_msgs/vdt_msgs/msg/detail/vision_marker__type_support.c\n'}
[19.857795] (vdt_msgs) StdoutLine: {'line': b'-- Installing: /home/vdt_2026/VDT_project/install/vdt_msgs/include/vdt_msgs/vdt_msgs/msg/detail/input_snapshot__type_support.c\n'}
[19.857930] (vdt_msgs) StdoutLine: {'line': b'-- Installing: /home/vdt_2026/VDT_project/install/vdt_msgs/include/vdt_msgs/vdt_msgs/msg/detail/alt_estimate__rosidl_typesupport_introspection_c.h\n'}
[19.858064] (vdt_msgs) StdoutLine: {'line': b'-- Installing: /home/vdt_2026/VDT_project/install/vdt_msgs/include/vdt_msgs/vdt_msgs/msg/rosidl_typesupport_introspection_c__visibility_control.h\n'}
[19.858287] (vdt_msgs) StdoutLine: {'line': b'-- Installing: /home/vdt_2026/VDT_project/install/vdt_msgs/lib/libvdt_msgs__rosidl_typesupport_introspection_c.so\n'}
[19.858898] (vdt_msgs) StdoutLine: {'line': b'-- Set non-toolchain portion of runtime path of "/home/vdt_2026/VDT_project/install/vdt_msgs/lib/libvdt_msgs__rosidl_typesupport_introspection_c.so" to ""\n'}
[19.859081] (vdt_msgs) StdoutLine: {'line': b'-- Installing: /home/vdt_2026/VDT_project/install/vdt_msgs/lib/libvdt_msgs__rosidl_typesupport_c.so\n'}
[19.859660] (vdt_msgs) StdoutLine: {'line': b'-- Set non-toolchain portion of runtime path of "/home/vdt_2026/VDT_project/install/vdt_msgs/lib/libvdt_msgs__rosidl_typesupport_c.so" to ""\n'}
[19.859884] (vdt_msgs) StdoutLine: {'line': b'-- Up-to-date: /home/vdt_2026/VDT_project/install/vdt_msgs/include/vdt_msgs/vdt_msgs\n'}
[19.860018] (vdt_msgs) StdoutLine: {'line': b'-- Up-to-date: /home/vdt_2026/VDT_project/install/vdt_msgs/include/vdt_msgs/vdt_msgs/msg\n'}
[19.860102] (vdt_msgs) StdoutLine: {'line': b'-- Up-to-date: /home/vdt_2026/VDT_project/install/vdt_msgs/include/vdt_msgs/vdt_msgs/msg/detail\n'}
[19.860194] (vdt_msgs) StdoutLine: {'line': b'-- Installing: /home/vdt_2026/VDT_project/install/vdt_msgs/include/vdt_msgs/vdt_msgs/msg/detail/offboard_status__type_support.cpp\n'}
[19.860355] (vdt_msgs) StdoutLine: {'line': b'-- Installing: /home/vdt_2026/VDT_project/install/vdt_msgs/include/vdt_msgs/vdt_msgs/msg/detail/rc_fsm_input__rosidl_typesupport_introspection_cpp.hpp\n'}
[19.860562] (vdt_msgs) StdoutLine: {'line': b'-- Installing: /home/vdt_2026/VDT_project/install/vdt_msgs/include/vdt_msgs/vdt_msgs/msg/detail/rc_channels_raw__type_support.cpp\n'}
[19.860671] (vdt_msgs) StdoutLine: {'line': b'-- Installing: /home/vdt_2026/VDT_project/install/vdt_msgs/include/vdt_msgs/vdt_msgs/msg/detail/rc_channels_raw__rosidl_typesupport_introspection_cpp.hpp\n'}
[19.860766] (vdt_msgs) StdoutLine: {'line': b'-- Installing: /home/vdt_2026/VDT_project/install/vdt_msgs/include/vdt_msgs/vdt_msgs/msg/detail/input_snapshot__rosidl_typesupport_introspection_cpp.hpp\n'}
[19.860960] (vdt_msgs) StdoutLine: {'line': b'-- Installing: /home/vdt_2026/VDT_project/install/vdt_msgs/include/vdt_msgs/vdt_msgs/msg/detail/vision_marker__type_support.cpp\n'}
[19.861050] (vdt_msgs) StdoutLine: {'line': b'-- Installing: /home/vdt_2026/VDT_project/install/vdt_msgs/include/vdt_msgs/vdt_msgs/msg/detail/timeout_flags__type_support.cpp\n'}
[19.861141] (vdt_msgs) StdoutLine: {'line': b'-- Installing: /home/vdt_2026/VDT_project/install/vdt_msgs/include/vdt_msgs/vdt_msgs/msg/detail/offboard_status__rosidl_typesupport_introspection_cpp.hpp\n'}
[19.861334] (vdt_msgs) StdoutLine: {'line': b'-- Installing: /home/vdt_2026/VDT_project/install/vdt_msgs/include/vdt_msgs/vdt_msgs/msg/detail/alt_estimate__rosidl_typesupport_introspection_cpp.hpp\n'}
[19.861536] (vdt_msgs) StdoutLine: {'line': b'-- Installing: /home/vdt_2026/VDT_project/install/vdt_msgs/include/vdt_msgs/vdt_msgs/msg/detail/vision_marker__rosidl_typesupport_introspection_cpp.hpp\n'}
[19.861633] (vdt_msgs) StdoutLine: {'line': b'-- Installing: /home/vdt_2026/VDT_project/install/vdt_msgs/include/vdt_msgs/vdt_msgs/msg/detail/timeout_flags__rosidl_typesupport_introspection_cpp.hpp\n'}
[19.861721] (vdt_msgs) StdoutLine: {'line': b'-- Installing: /home/vdt_2026/VDT_project/install/vdt_msgs/include/vdt_msgs/vdt_msgs/msg/detail/alt_estimate__type_support.cpp\n'}
[19.861860] (vdt_msgs) StdoutLine: {'line': b'-- Installing: /home/vdt_2026/VDT_project/install/vdt_msgs/include/vdt_msgs/vdt_msgs/msg/detail/input_snapshot__type_support.cpp\n'}
[19.862028] (vdt_msgs) StdoutLine: {'line': b'-- Installing: /home/vdt_2026/VDT_project/install/vdt_msgs/include/vdt_msgs/vdt_msgs/msg/detail/planner_output__rosidl_typesupport_introspection_cpp.hpp\n'}
[19.862246] (vdt_msgs) StdoutLine: {'line': b'-- Installing: /home/vdt_2026/VDT_project/install/vdt_msgs/include/vdt_msgs/vdt_msgs/msg/detail/planner_output__type_support.cpp\n'}
[19.862408] (vdt_msgs) StdoutLine: {'line': b'-- Installing: /home/vdt_2026/VDT_project/install/vdt_msgs/include/vdt_msgs/vdt_msgs/msg/detail/rc_fsm_input__type_support.cpp\n'}
[19.862957] (vdt_msgs) StdoutLine: {'line': b'-- Installing: /home/vdt_2026/VDT_project/install/vdt_msgs/lib/libvdt_msgs__rosidl_typesupport_introspection_cpp.so\n'}
[19.863261] (vdt_msgs) StdoutLine: {'line': b'-- Set non-toolchain portion of runtime path of "/home/vdt_2026/VDT_project/install/vdt_msgs/lib/libvdt_msgs__rosidl_typesupport_introspection_cpp.so" to ""\n'}
[19.863366] (vdt_msgs) StdoutLine: {'line': b'-- Installing: /home/vdt_2026/VDT_project/install/vdt_msgs/lib/libvdt_msgs__rosidl_typesupport_cpp.so\n'}
[19.863851] (vdt_msgs) StdoutLine: {'line': b'-- Set non-toolchain portion of runtime path of "/home/vdt_2026/VDT_project/install/vdt_msgs/lib/libvdt_msgs__rosidl_typesupport_cpp.so" to ""\n'}
[19.864002] (vdt_msgs) StdoutLine: {'line': b'-- Installing: /home/vdt_2026/VDT_project/install/vdt_msgs/share/vdt_msgs/environment/pythonpath.sh\n'}
[19.864160] (vdt_msgs) StdoutLine: {'line': b'-- Installing: /home/vdt_2026/VDT_project/install/vdt_msgs/share/vdt_msgs/environment/pythonpath.dsv\n'}
[19.864312] (vdt_msgs) StdoutLine: {'line': b'-- Installing: /home/vdt_2026/VDT_project/install/vdt_msgs/lib/python3.12/site-packages/vdt_msgs-0.1.0-py3.12.egg-info\n'}
[19.864547] (vdt_msgs) StdoutLine: {'line': b'-- Installing: /home/vdt_2026/VDT_project/install/vdt_msgs/lib/python3.12/site-packages/vdt_msgs-0.1.0-py3.12.egg-info/dependency_links.txt\n'}
[19.864713] (vdt_msgs) StdoutLine: {'line': b'-- Installing: /home/vdt_2026/VDT_project/install/vdt_msgs/lib/python3.12/site-packages/vdt_msgs-0.1.0-py3.12.egg-info/SOURCES.txt\n'}
[19.864893] (vdt_msgs) StdoutLine: {'line': b'-- Installing: /home/vdt_2026/VDT_project/install/vdt_msgs/lib/python3.12/site-packages/vdt_msgs-0.1.0-py3.12.egg-info/PKG-INFO\n'}
[19.864979] (vdt_msgs) StdoutLine: {'line': b'-- Installing: /home/vdt_2026/VDT_project/install/vdt_msgs/lib/python3.12/site-packages/vdt_msgs-0.1.0-py3.12.egg-info/top_level.txt\n'}
[19.865130] (vdt_msgs) StdoutLine: {'line': b'-- Installing: /home/vdt_2026/VDT_project/install/vdt_msgs/lib/python3.12/site-packages/vdt_msgs\n'}
[19.865284] (vdt_msgs) StdoutLine: {'line': b'-- Installing: /home/vdt_2026/VDT_project/install/vdt_msgs/lib/python3.12/site-packages/vdt_msgs/_vdt_msgs_s.ep.rosidl_typesupport_introspection_c.c\n'}
[19.865505] (vdt_msgs) StdoutLine: {'line': b'-- Installing: /home/vdt_2026/VDT_project/install/vdt_msgs/lib/python3.12/site-packages/vdt_msgs/vdt_msgs_s__rosidl_typesupport_fastrtps_c.so\n'}
[19.865721] (vdt_msgs) StdoutLine: {'line': b'-- Installing: /home/vdt_2026/VDT_project/install/vdt_msgs/lib/python3.12/site-packages/vdt_msgs/__init__.py\n'}
[19.865880] (vdt_msgs) StdoutLine: {'line': b'-- Installing: /home/vdt_2026/VDT_project/install/vdt_msgs/lib/python3.12/site-packages/vdt_msgs/_vdt_msgs_s.ep.rosidl_typesupport_c.c\n'}
[19.866042] (vdt_msgs) StdoutLine: {'line': b'-- Installing: /home/vdt_2026/VDT_project/install/vdt_msgs/lib/python3.12/site-packages/vdt_msgs/_vdt_msgs_s.ep.rosidl_typesupport_fastrtps_c.c\n'}
[19.866227] (vdt_msgs) StdoutLine: {'line': b'-- Installing: /home/vdt_2026/VDT_project/install/vdt_msgs/lib/python3.12/site-packages/vdt_msgs/vdt_msgs_s__rosidl_typesupport_introspection_c.so\n'}
[19.866456] (vdt_msgs) StdoutLine: {'line': b'-- Installing: /home/vdt_2026/VDT_project/install/vdt_msgs/lib/python3.12/site-packages/vdt_msgs/msg\n'}
[19.866598] (vdt_msgs) StdoutLine: {'line': b'-- Installing: /home/vdt_2026/VDT_project/install/vdt_msgs/lib/python3.12/site-packages/vdt_msgs/msg/_input_snapshot_s.c\n'}
[19.866725] (vdt_msgs) StdoutLine: {'line': b'-- Installing: /home/vdt_2026/VDT_project/install/vdt_msgs/lib/python3.12/site-packages/vdt_msgs/msg/_planner_output.py\n'}
[19.866860] (vdt_msgs) StdoutLine: {'line': b'-- Installing: /home/vdt_2026/VDT_project/install/vdt_msgs/lib/python3.12/site-packages/vdt_msgs/msg/_alt_estimate.py\n'}
[19.867035] (vdt_msgs) StdoutLine: {'line': b'-- Installing: /home/vdt_2026/VDT_project/install/vdt_msgs/lib/python3.12/site-packages/vdt_msgs/msg/_rc_channels_raw_s.c\n'}
[19.867177] (vdt_msgs) StdoutLine: {'line': b'-- Installing: /home/vdt_2026/VDT_project/install/vdt_msgs/lib/python3.12/site-packages/vdt_msgs/msg/_input_snapshot.py\n'}
[19.867316] (vdt_msgs) StdoutLine: {'line': b'-- Installing: /home/vdt_2026/VDT_project/install/vdt_msgs/lib/python3.12/site-packages/vdt_msgs/msg/__init__.py\n'}
[19.867497] (vdt_msgs) StdoutLine: {'line': b'-- Installing: /home/vdt_2026/VDT_project/install/vdt_msgs/lib/python3.12/site-packages/vdt_msgs/msg/_offboard_status.py\n'}
[19.867659] (vdt_msgs) StdoutLine: {'line': b'-- Installing: /home/vdt_2026/VDT_project/install/vdt_msgs/lib/python3.12/site-packages/vdt_msgs/msg/_rc_channels_raw.py\n'}
[19.867831] (vdt_msgs) StdoutLine: {'line': b'-- Installing: /home/vdt_2026/VDT_project/install/vdt_msgs/lib/python3.12/site-packages/vdt_msgs/msg/_planner_output_s.c\n'}
[19.867927] (vdt_msgs) StdoutLine: {'line': b'-- Installing: /home/vdt_2026/VDT_project/install/vdt_msgs/lib/python3.12/site-packages/vdt_msgs/msg/_timeout_flags.py\n'}
[19.868105] (vdt_msgs) StdoutLine: {'line': b'-- Installing: /home/vdt_2026/VDT_project/install/vdt_msgs/lib/python3.12/site-packages/vdt_msgs/msg/_vision_marker_s.c\n'}
[19.868202] (vdt_msgs) StdoutLine: {'line': b'-- Installing: /home/vdt_2026/VDT_project/install/vdt_msgs/lib/python3.12/site-packages/vdt_msgs/msg/_alt_estimate_s.c\n'}
[19.868340] (vdt_msgs) StdoutLine: {'line': b'-- Installing: /home/vdt_2026/VDT_project/install/vdt_msgs/lib/python3.12/site-packages/vdt_msgs/msg/_vision_marker.py\n'}
[19.868562] (vdt_msgs) StdoutLine: {'line': b'-- Installing: /home/vdt_2026/VDT_project/install/vdt_msgs/lib/python3.12/site-packages/vdt_msgs/msg/_rc_fsm_input.py\n'}
[19.868657] (vdt_msgs) StdoutLine: {'line': b'-- Installing: /home/vdt_2026/VDT_project/install/vdt_msgs/lib/python3.12/site-packages/vdt_msgs/msg/_rc_fsm_input_s.c\n'}
[19.868823] (vdt_msgs) StdoutLine: {'line': b'-- Installing: /home/vdt_2026/VDT_project/install/vdt_msgs/lib/python3.12/site-packages/vdt_msgs/msg/_offboard_status_s.c\n'}
[19.868953] (vdt_msgs) StdoutLine: {'line': b'-- Installing: /home/vdt_2026/VDT_project/install/vdt_msgs/lib/python3.12/site-packages/vdt_msgs/msg/_timeout_flags_s.c\n'}
[19.869040] (vdt_msgs) StdoutLine: {'line': b'-- Installing: /home/vdt_2026/VDT_project/install/vdt_msgs/lib/python3.12/site-packages/vdt_msgs/vdt_msgs_s__rosidl_typesupport_c.so\n'}
[19.911374] (-) TimerEvent: {}
[19.934346] (vdt_msgs) StdoutLine: {'line': b"Listing '/home/vdt_2026/VDT_project/install/vdt_msgs/lib/python3.12/site-packages/vdt_msgs'...\n"}
[19.934658] (vdt_msgs) StdoutLine: {'line': b"Compiling '/home/vdt_2026/VDT_project/install/vdt_msgs/lib/python3.12/site-packages/vdt_msgs/__init__.py'...\n"}
[19.934879] (vdt_msgs) StdoutLine: {'line': b"Listing '/home/vdt_2026/VDT_project/install/vdt_msgs/lib/python3.12/site-packages/vdt_msgs/msg'...\n"}
[19.934986] (vdt_msgs) StdoutLine: {'line': b"Compiling '/home/vdt_2026/VDT_project/install/vdt_msgs/lib/python3.12/site-packages/vdt_msgs/msg/__init__.py'...\n"}
[19.935081] (vdt_msgs) StdoutLine: {'line': b"Compiling '/home/vdt_2026/VDT_project/install/vdt_msgs/lib/python3.12/site-packages/vdt_msgs/msg/_alt_estimate.py'...\n"}
[19.935165] (vdt_msgs) StdoutLine: {'line': b"Compiling '/home/vdt_2026/VDT_project/install/vdt_msgs/lib/python3.12/site-packages/vdt_msgs/msg/_input_snapshot.py'...\n"}
[19.935246] (vdt_msgs) StdoutLine: {'line': b"Compiling '/home/vdt_2026/VDT_project/install/vdt_msgs/lib/python3.12/site-packages/vdt_msgs/msg/_offboard_status.py'...\n"}
[19.935327] (vdt_msgs) StdoutLine: {'line': b"Compiling '/home/vdt_2026/VDT_project/install/vdt_msgs/lib/python3.12/site-packages/vdt_msgs/msg/_planner_output.py'...\n"}
[19.935429] (vdt_msgs) StdoutLine: {'line': b"Compiling '/home/vdt_2026/VDT_project/install/vdt_msgs/lib/python3.12/site-packages/vdt_msgs/msg/_rc_channels_raw.py'...\n"}
[19.935526] (vdt_msgs) StdoutLine: {'line': b"Compiling '/home/vdt_2026/VDT_project/install/vdt_msgs/lib/python3.12/site-packages/vdt_msgs/msg/_rc_fsm_input.py'...\n"}
[19.935604] (vdt_msgs) StdoutLine: {'line': b"Compiling '/home/vdt_2026/VDT_project/install/vdt_msgs/lib/python3.12/site-packages/vdt_msgs/msg/_timeout_flags.py'...\n"}
[19.935680] (vdt_msgs) StdoutLine: {'line': b"Compiling '/home/vdt_2026/VDT_project/install/vdt_msgs/lib/python3.12/site-packages/vdt_msgs/msg/_vision_marker.py'...\n"}
[19.946786] (vdt_msgs) StdoutLine: {'line': b'-- Installing: /home/vdt_2026/VDT_project/install/vdt_msgs/lib/python3.12/site-packages/vdt_msgs/vdt_msgs_s__rosidl_typesupport_fastrtps_c.so\n'}
[19.947371] (vdt_msgs) StdoutLine: {'line': b'-- Set non-toolchain portion of runtime path of "/home/vdt_2026/VDT_project/install/vdt_msgs/lib/python3.12/site-packages/vdt_msgs/vdt_msgs_s__rosidl_typesupport_fastrtps_c.so" to ""\n'}
[19.948034] (vdt_msgs) StdoutLine: {'line': b'-- Installing: /home/vdt_2026/VDT_project/install/vdt_msgs/lib/python3.12/site-packages/vdt_msgs/vdt_msgs_s__rosidl_typesupport_introspection_c.so\n'}
[19.948600] (vdt_msgs) StdoutLine: {'line': b'-- Set non-toolchain portion of runtime path of "/home/vdt_2026/VDT_project/install/vdt_msgs/lib/python3.12/site-packages/vdt_msgs/vdt_msgs_s__rosidl_typesupport_introspection_c.so" to ""\n'}
[19.948955] (vdt_msgs) StdoutLine: {'line': b'-- Installing: /home/vdt_2026/VDT_project/install/vdt_msgs/lib/python3.12/site-packages/vdt_msgs/vdt_msgs_s__rosidl_typesupport_c.so\n'}
[19.949557] (vdt_msgs) StdoutLine: {'line': b'-- Set non-toolchain portion of runtime path of "/home/vdt_2026/VDT_project/install/vdt_msgs/lib/python3.12/site-packages/vdt_msgs/vdt_msgs_s__rosidl_typesupport_c.so" to ""\n'}
[19.949757] (vdt_msgs) StdoutLine: {'line': b'-- Installing: /home/vdt_2026/VDT_project/install/vdt_msgs/lib/libvdt_msgs__rosidl_generator_py.so\n'}
[19.950375] (vdt_msgs) StdoutLine: {'line': b'-- Set non-toolchain portion of runtime path of "/home/vdt_2026/VDT_project/install/vdt_msgs/lib/libvdt_msgs__rosidl_generator_py.so" to ""\n'}
[19.950538] (vdt_msgs) StdoutLine: {'line': b'-- Installing: /home/vdt_2026/VDT_project/install/vdt_msgs/share/vdt_msgs/rust\n'}
[19.950700] (vdt_msgs) StdoutLine: {'line': b'-- Installing: /home/vdt_2026/VDT_project/install/vdt_msgs/share/vdt_msgs/rust/Cargo.toml\n'}
[19.950794] (vdt_msgs) StdoutLine: {'line': b'-- Installing: /home/vdt_2026/VDT_project/install/vdt_msgs/share/vdt_msgs/rust/src\n'}
[19.950975] (vdt_msgs) StdoutLine: {'line': b'-- Installing: /home/vdt_2026/VDT_project/install/vdt_msgs/share/vdt_msgs/rust/src/msg\n'}
[19.951074] (vdt_msgs) StdoutLine: {'line': b'-- Installing: /home/vdt_2026/VDT_project/install/vdt_msgs/share/vdt_msgs/rust/src/msg/rmw.rs\n'}
[19.951226] (vdt_msgs) StdoutLine: {'line': b'-- Installing: /home/vdt_2026/VDT_project/install/vdt_msgs/share/vdt_msgs/rust/src/lib.rs\n'}
[19.951328] (vdt_msgs) StdoutLine: {'line': b'-- Installing: /home/vdt_2026/VDT_project/install/vdt_msgs/share/vdt_msgs/rust/src/msg.rs\n'}
[19.951499] (vdt_msgs) StdoutLine: {'line': b'-- Installing: /home/vdt_2026/VDT_project/install/vdt_msgs/share/vdt_msgs/rust/build.rs\n'}
[19.951648] (vdt_msgs) StdoutLine: {'line': b'-- Installing: /home/vdt_2026/VDT_project/install/vdt_msgs/share/vdt_msgs/msg/AltEstimate.idl\n'}
[19.951803] (vdt_msgs) StdoutLine: {'line': b'-- Installing: /home/vdt_2026/VDT_project/install/vdt_msgs/share/vdt_msgs/msg/VisionMarker.idl\n'}
[19.951959] (vdt_msgs) StdoutLine: {'line': b'-- Installing: /home/vdt_2026/VDT_project/install/vdt_msgs/share/vdt_msgs/msg/InputSnapshot.idl\n'}
[19.952158] (vdt_msgs) StdoutLine: {'line': b'-- Installing: /home/vdt_2026/VDT_project/install/vdt_msgs/share/vdt_msgs/msg/TimeoutFlags.idl\n'}
[19.952318] (vdt_msgs) StdoutLine: {'line': b'-- Installing: /home/vdt_2026/VDT_project/install/vdt_msgs/share/vdt_msgs/msg/PlannerOutput.idl\n'}
[19.952544] (vdt_msgs) StdoutLine: {'line': b'-- Installing: /home/vdt_2026/VDT_project/install/vdt_msgs/share/vdt_msgs/msg/OffboardStatus.idl\n'}
[19.952716] (vdt_msgs) StdoutLine: {'line': b'-- Installing: /home/vdt_2026/VDT_project/install/vdt_msgs/share/vdt_msgs/msg/RcFsmInput.idl\n'}
[19.952869] (vdt_msgs) StdoutLine: {'line': b'-- Installing: /home/vdt_2026/VDT_project/install/vdt_msgs/share/vdt_msgs/msg/RcChannelsRaw.idl\n'}
[19.953016] (vdt_msgs) StdoutLine: {'line': b'-- Installing: /home/vdt_2026/VDT_project/install/vdt_msgs/share/vdt_msgs/msg/AltEstimate.msg\n'}
[19.953216] (vdt_msgs) StdoutLine: {'line': b'-- Installing: /home/vdt_2026/VDT_project/install/vdt_msgs/share/vdt_msgs/msg/VisionMarker.msg\n'}
[19.953469] (vdt_msgs) StdoutLine: {'line': b'-- Installing: /home/vdt_2026/VDT_project/install/vdt_msgs/share/vdt_msgs/msg/InputSnapshot.msg\n'}
[19.953941] (vdt_msgs) StdoutLine: {'line': b'-- Installing: /home/vdt_2026/VDT_project/install/vdt_msgs/share/vdt_msgs/msg/TimeoutFlags.msg\n'}
[19.954085] (vdt_msgs) StdoutLine: {'line': b'-- Installing: /home/vdt_2026/VDT_project/install/vdt_msgs/share/vdt_msgs/msg/PlannerOutput.msg\n'}
[19.954269] (vdt_msgs) StdoutLine: {'line': b'-- Installing: /home/vdt_2026/VDT_project/install/vdt_msgs/share/vdt_msgs/msg/OffboardStatus.msg\n'}
[19.954444] (vdt_msgs) StdoutLine: {'line': b'-- Installing: /home/vdt_2026/VDT_project/install/vdt_msgs/share/vdt_msgs/msg/RcFsmInput.msg\n'}
[19.954611] (vdt_msgs) StdoutLine: {'line': b'-- Installing: /home/vdt_2026/VDT_project/install/vdt_msgs/share/vdt_msgs/msg/RcChannelsRaw.msg\n'}
[19.954857] (vdt_msgs) StdoutLine: {'line': b'-- Installing: /home/vdt_2026/VDT_project/install/vdt_msgs/share/ament_index/resource_index/package_run_dependencies/vdt_msgs\n'}
[19.955127] (vdt_msgs) StdoutLine: {'line': b'-- Installing: /home/vdt_2026/VDT_project/install/vdt_msgs/share/ament_index/resource_index/parent_prefix_path/vdt_msgs\n'}
[19.955299] (vdt_msgs) StdoutLine: {'line': b'-- Installing: /home/vdt_2026/VDT_project/install/vdt_msgs/share/vdt_msgs/environment/ament_prefix_path.sh\n'}
[19.955541] (vdt_msgs) StdoutLine: {'line': b'-- Installing: /home/vdt_2026/VDT_project/install/vdt_msgs/share/vdt_msgs/environment/ament_prefix_path.dsv\n'}
[19.955746] (vdt_msgs) StdoutLine: {'line': b'-- Installing: /home/vdt_2026/VDT_project/install/vdt_msgs/share/vdt_msgs/environment/path.sh\n'}
[19.955943] (vdt_msgs) StdoutLine: {'line': b'-- Installing: /home/vdt_2026/VDT_project/install/vdt_msgs/share/vdt_msgs/environment/path.dsv\n'}
[19.956203] (vdt_msgs) StdoutLine: {'line': b'-- Installing: /home/vdt_2026/VDT_project/install/vdt_msgs/share/vdt_msgs/local_setup.bash\n'}
[19.956378] (vdt_msgs) StdoutLine: {'line': b'-- Installing: /home/vdt_2026/VDT_project/install/vdt_msgs/share/vdt_msgs/local_setup.sh\n'}
[19.956587] (vdt_msgs) StdoutLine: {'line': b'-- Installing: /home/vdt_2026/VDT_project/install/vdt_msgs/share/vdt_msgs/local_setup.zsh\n'}
[19.956798] (vdt_msgs) StdoutLine: {'line': b'-- Installing: /home/vdt_2026/VDT_project/install/vdt_msgs/share/vdt_msgs/local_setup.dsv\n'}
[19.956971] (vdt_msgs) StdoutLine: {'line': b'-- Installing: /home/vdt_2026/VDT_project/install/vdt_msgs/share/vdt_msgs/package.dsv\n'}
[19.957235] (vdt_msgs) StdoutLine: {'line': b'-- Installing: /home/vdt_2026/VDT_project/install/vdt_msgs/share/ament_index/resource_index/packages/vdt_msgs\n'}
[19.957514] (vdt_msgs) StdoutLine: {'line': b'-- Installing: /home/vdt_2026/VDT_project/install/vdt_msgs/share/vdt_msgs/cmake/export_vdt_msgs__rosidl_generator_cExport.cmake\n'}
[19.957758] (vdt_msgs) StdoutLine: {'line': b'-- Installing: /home/vdt_2026/VDT_project/install/vdt_msgs/share/vdt_msgs/cmake/export_vdt_msgs__rosidl_generator_cExport-noconfig.cmake\n'}
[19.957978] (vdt_msgs) StdoutLine: {'line': b'-- Installing: /home/vdt_2026/VDT_project/install/vdt_msgs/share/vdt_msgs/cmake/export_vdt_msgs__rosidl_typesupport_fastrtps_cExport.cmake\n'}
[19.958203] (vdt_msgs) StdoutLine: {'line': b'-- Installing: /home/vdt_2026/VDT_project/install/vdt_msgs/share/vdt_msgs/cmake/export_vdt_msgs__rosidl_typesupport_fastrtps_cExport-noconfig.cmake\n'}
[19.959526] (vdt_msgs) StdoutLine: {'line': b'-- Installing: /home/vdt_2026/VDT_project/install/vdt_msgs/share/vdt_msgs/cmake/export_vdt_msgs__rosidl_generator_cppExport.cmake\n'}
[19.959676] (vdt_msgs) StdoutLine: {'line': b'-- Installing: /home/vdt_2026/VDT_project/install/vdt_msgs/share/vdt_msgs/cmake/export_vdt_msgs__rosidl_typesupport_fastrtps_cppExport.cmake\n'}
[19.959782] (vdt_msgs) StdoutLine: {'line': b'-- Installing: /home/vdt_2026/VDT_project/install/vdt_msgs/share/vdt_msgs/cmake/export_vdt_msgs__rosidl_typesupport_fastrtps_cppExport-noconfig.cmake\n'}
[19.959886] (vdt_msgs) StdoutLine: {'line': b'-- Installing: /home/vdt_2026/VDT_project/install/vdt_msgs/share/vdt_msgs/cmake/vdt_msgs__rosidl_typesupport_introspection_cExport.cmake\n'}
[19.959987] (vdt_msgs) StdoutLine: {'line': b'-- Installing: /home/vdt_2026/VDT_project/install/vdt_msgs/share/vdt_msgs/cmake/vdt_msgs__rosidl_typesupport_introspection_cExport-noconfig.cmake\n'}
[19.960089] (vdt_msgs) StdoutLine: {'line': b'-- Installing: /home/vdt_2026/VDT_project/install/vdt_msgs/share/vdt_msgs/cmake/vdt_msgs__rosidl_typesupport_cExport.cmake\n'}
[19.960294] (vdt_msgs) StdoutLine: {'line': b'-- Installing: /home/vdt_2026/VDT_project/install/vdt_msgs/share/vdt_msgs/cmake/vdt_msgs__rosidl_typesupport_cExport-noconfig.cmake\n'}
[19.960410] (vdt_msgs) StdoutLine: {'line': b'-- Installing: /home/vdt_2026/VDT_project/install/vdt_msgs/share/vdt_msgs/cmake/vdt_msgs__rosidl_typesupport_introspection_cppExport.cmake\n'}
[19.960592] (vdt_msgs) StdoutLine: {'line': b'-- Installing: /home/vdt_2026/VDT_project/install/vdt_msgs/share/vdt_msgs/cmake/vdt_msgs__rosidl_typesupport_introspection_cppExport-noconfig.cmake\n'}
[19.960717] (vdt_msgs) StdoutLine: {'line': b'-- Installing: /home/vdt_2026/VDT_project/install/vdt_msgs/share/vdt_msgs/cmake/vdt_msgs__rosidl_typesupport_cppExport.cmake\n'}
[19.960894] (vdt_msgs) StdoutLine: {'line': b'-- Installing: /home/vdt_2026/VDT_project/install/vdt_msgs/share/vdt_msgs/cmake/vdt_msgs__rosidl_typesupport_cppExport-noconfig.cmake\n'}
[19.961071] (vdt_msgs) StdoutLine: {'line': b'-- Installing: /home/vdt_2026/VDT_project/install/vdt_msgs/share/vdt_msgs/cmake/export_vdt_msgs__rosidl_generator_pyExport.cmake\n'}
[19.961243] (vdt_msgs) StdoutLine: {'line': b'-- Installing: /home/vdt_2026/VDT_project/install/vdt_msgs/share/vdt_msgs/cmake/export_vdt_msgs__rosidl_generator_pyExport-noconfig.cmake\n'}
[19.961471] (vdt_msgs) StdoutLine: {'line': b'-- Installing: /home/vdt_2026/VDT_project/install/vdt_msgs/share/vdt_msgs/cmake/rosidl_cmake-extras.cmake\n'}
[19.961661] (vdt_msgs) StdoutLine: {'line': b'-- Installing: /home/vdt_2026/VDT_project/install/vdt_msgs/share/vdt_msgs/cmake/ament_cmake_export_dependencies-extras.cmake\n'}
[19.961873] (vdt_msgs) StdoutLine: {'line': b'-- Installing: /home/vdt_2026/VDT_project/install/vdt_msgs/share/vdt_msgs/cmake/ament_cmake_export_include_directories-extras.cmake\n'}
[19.962102] (vdt_msgs) StdoutLine: {'line': b'-- Installing: /home/vdt_2026/VDT_project/install/vdt_msgs/share/vdt_msgs/cmake/ament_cmake_export_libraries-extras.cmake\n'}
[19.962317] (vdt_msgs) StdoutLine: {'line': b'-- Installing: /home/vdt_2026/VDT_project/install/vdt_msgs/share/vdt_msgs/cmake/ament_cmake_export_targets-extras.cmake\n'}
[19.962538] (vdt_msgs) StdoutLine: {'line': b'-- Installing: /home/vdt_2026/VDT_project/install/vdt_msgs/share/vdt_msgs/cmake/rosidl_cmake_export_typesupport_targets-extras.cmake\n'}
[19.962762] (vdt_msgs) StdoutLine: {'line': b'-- Installing: /home/vdt_2026/VDT_project/install/vdt_msgs/share/vdt_msgs/cmake/rosidl_cmake_export_typesupport_libraries-extras.cmake\n'}
[19.962946] (vdt_msgs) StdoutLine: {'line': b'-- Installing: /home/vdt_2026/VDT_project/install/vdt_msgs/share/vdt_msgs/cmake/rosidl_cmake_aggregate_target-extras.cmake\n'}
[19.963164] (vdt_msgs) StdoutLine: {'line': b'-- Installing: /home/vdt_2026/VDT_project/install/vdt_msgs/share/vdt_msgs/cmake/vdt_msgsConfig.cmake\n'}
[19.963343] (vdt_msgs) StdoutLine: {'line': b'-- Installing: /home/vdt_2026/VDT_project/install/vdt_msgs/share/vdt_msgs/cmake/vdt_msgsConfig-version.cmake\n'}
[19.963532] (vdt_msgs) StdoutLine: {'line': b'-- Installing: /home/vdt_2026/VDT_project/install/vdt_msgs/share/vdt_msgs/package.xml\n'}
[19.967052] (vdt_msgs) CommandEnded: {'returncode': 0}
[19.994087] (vdt_msgs) JobEnded: {'identifier': 'vdt_msgs', 'rc': 0}
[19.995155] (fsm_state_machine) JobStarted: {'identifier': 'fsm_state_machine'}
[19.998654] (offboard_manager) JobStarted: {'identifier': 'offboard_manager'}
[20.003678] (input_state_cache) JobStarted: {'identifier': 'input_state_cache'}
[20.009312] (rc_parser) JobStarted: {'identifier': 'rc_parser'}
[20.011910] (-) TimerEvent: {}
[20.015937] (fsm_state_machine) JobProgress: {'identifier': 'fsm_state_machine', 'progress': 'cmake'}
[20.016757] (fsm_state_machine) Command: {'cmd': ['/usr/bin/cmake', '/home/vdt_2026/VDT_project/ros2_ws/src/fsm_state_machine', '-DCMAKE_INSTALL_PREFIX=/home/vdt_2026/VDT_project/install/fsm_state_machine'], 'cwd': '/home/vdt_2026/VDT_project/build/fsm_state_machine', 'env': OrderedDict({'LESSOPEN': '| /usr/bin/lesspipe %s', 'USER': 'vdt_2026', 'SSH_CLIENT': '100.101.240.43 57783 22', 'XDG_SESSION_TYPE': 'tty', 'SHLVL': '1', 'LD_LIBRARY_PATH': '/home/vdt_2026/VDT_project/install/vdt_msgs/lib:/home/vdt_2026/ros2_ws/install/px4_msgs/lib:/opt/ros/jazzy/lib/aarch64-linux-gnu:/opt/ros/jazzy/lib', 'HOME': '/home/vdt_2026', 'OLDPWD': '/home/vdt_2026', 'SSH_TTY': '/dev/pts/3', 'ROS_PYTHON_VERSION': '3', 'DBUS_SESSION_BUS_ADDRESS': 'unix:path=/run/user/1000/bus', 'COLCON_PREFIX_PATH': '/home/vdt_2026/ros2_ws/install', 'ROS_DISTRO': 'jazzy', 'LOGNAME': 'vdt_2026', '_': '/usr/bin/colcon', 'ROS_VERSION': '2', 'XDG_SESSION_CLASS': 'user', 'TERM': 'xterm-256color', 'XDG_SESSION_ID': '11', 'PATH': '/home/vdt_2026/.local/bin:/opt/ros/jazzy/bin:/usr/local/sbin:/usr/local/bin:/usr/sbin:/usr/bin:/sbin:/bin:/usr/games:/usr/local/games:/snap/bin', 'XDG_RUNTIME_DIR': '/run/user/1000', 'LANG': 'en_US.UTF-8', 'LS_COLORS': 'rs=0:di=01;34:ln=01;36:mh=00:pi=40;33:so=01;35:do=01;35:bd=40;33;01:cd=40;33;01:or=40;31;01:mi=00:su=37;41:sg=30;43:ca=00:tw=30;42:ow=34;42:st=37;44:ex=01;32:*.tar=01;31:*.tgz=01;31:*.arc=01;31:*.arj=01;31:*.taz=01;31:*.lha=01;31:*.lz4=01;31:*.lzh=01;31:*.lzma=01;31:*.tlz=01;31:*.txz=01;31:*.tzo=01;31:*.t7z=01;31:*.zip=01;31:*.z=01;31:*.dz=01;31:*.gz=01;31:*.lrz=01;31:*.lz=01;31:*.lzo=01;31:*.xz=01;31:*.zst=01;31:*.tzst=01;31:*.bz2=01;31:*.bz=01;31:*.tbz=01;31:*.tbz2=01;31:*.tz=01;31:*.deb=01;31:*.rpm=01;31:*.jar=01;31:*.war=01;31:*.ear=01;31:*.sar=01;31:*.rar=01;31:*.alz=01;31:*.ace=01;31:*.zoo=01;31:*.cpio=01;31:*.7z=01;31:*.rz=01;31:*.cab=01;31:*.wim=01;31:*.swm=01;31:*.dwm=01;31:*.esd=01;31:*.avif=01;35:*.jpg=01;35:*.jpeg=01;35:*.mjpg=01;35:*.mjpeg=01;35:*.gif=01;35:*.bmp=01;35:*.pbm=01;35:*.pgm=01;35:*.ppm=01;35:*.tga=01;35:*.xbm=01;35:*.xpm=01;35:*.tif=01;35:*.tiff=01;35:*.png=01;35:*.svg=01;35:*.svgz=01;35:*.mng=01;35:*.pcx=01;35:*.mov=01;35:*.mpg=01;35:*.mpeg=01;35:*.m2v=01;35:*.mkv=01;35:*.webm=01;35:*.webp=01;35:*.ogm=01;35:*.mp4=01;35:*.m4v=01;35:*.mp4v=01;35:*.vob=01;35:*.qt=01;35:*.nuv=01;35:*.wmv=01;35:*.asf=01;35:*.rm=01;35:*.rmvb=01;35:*.flc=01;35:*.avi=01;35:*.fli=01;35:*.flv=01;35:*.gl=01;35:*.dl=01;35:*.xcf=01;35:*.xwd=01;35:*.yuv=01;35:*.cgm=01;35:*.emf=01;35:*.ogv=01;35:*.ogx=01;35:*.aac=00;36:*.au=00;36:*.flac=00;36:*.m4a=00;36:*.mid=00;36:*.midi=00;36:*.mka=00;36:*.mp3=00;36:*.mpc=00;36:*.ogg=00;36:*.ra=00;36:*.wav=00;36:*.oga=00;36:*.opus=00;36:*.spx=00;36:*.xspf=00;36:*~=00;90:*#=00;90:*.bak=00;90:*.crdownload=00;90:*.dpkg-dist=00;90:*.dpkg-new=00;90:*.dpkg-old=00;90:*.dpkg-tmp=00;90:*.old=00;90:*.orig=00;90:*.part=00;90:*.rej=00;90:*.rpmnew=00;90:*.rpmorig=00;90:*.rpmsave=00;90:*.swp=00;90:*.tmp=00;90:*.ucf-dist=00;90:*.ucf-new=00;90:*.ucf-old=00;90:', 'AMENT_PREFIX_PATH': '/home/vdt_2026/VDT_project/install/vdt_msgs:/home/vdt_2026/ros2_ws/install/px4_msgs:/opt/ros/jazzy', 'SHELL': '/bin/bash', 'LESSCLOSE': '/usr/bin/lesspipe %s %s', 'ROS_AUTOMATIC_DISCOVERY_RANGE': 'SUBNET', 'PWD': '/home/vdt_2026/VDT_project/build/fsm_state_machine', 'LC_ALL': 'en_US.UTF-8', 'SSH_CONNECTION': '100.101.240.43 57783 100.65.242.75 22', 'XDG_DATA_DIRS': '/usr/local/share:/usr/share:/var/lib/snapd/desktop', 'PYTHONPATH': '/home/vdt_2026/VDT_project/install/vdt_msgs/lib/python3.12/site-packages:/home/vdt_2026/ros2_ws/install/px4_msgs/lib/python3.12/site-packages:/opt/ros/jazzy/lib/python3.12/site-packages:/home/vdt_2026/librealsense/build/Release', 'COLCON': '1', 'CMAKE_PREFIX_PATH': '/home/vdt_2026/VDT_project/install/vdt_msgs:/home/vdt_2026/ros2_ws/install/px4_msgs:/opt/ros/jazzy'}), 'shell': False}
[20.018841] (offboard_manager) JobProgress: {'identifier': 'offboard_manager', 'progress': 'cmake'}
[20.019322] (offboard_manager) Command: {'cmd': ['/usr/bin/cmake', '/home/vdt_2026/VDT_project/ros2_ws/src/offboard_manager', '-DCMAKE_INSTALL_PREFIX=/home/vdt_2026/VDT_project/install/offboard_manager'], 'cwd': '/home/vdt_2026/VDT_project/build/offboard_manager', 'env': OrderedDict({'LESSOPEN': '| /usr/bin/lesspipe %s', 'USER': 'vdt_2026', 'SSH_CLIENT': '100.101.240.43 57783 22', 'XDG_SESSION_TYPE': 'tty', 'SHLVL': '1', 'LD_LIBRARY_PATH': '/home/vdt_2026/VDT_project/install/vdt_msgs/lib:/home/vdt_2026/ros2_ws/install/px4_msgs/lib:/opt/ros/jazzy/lib/aarch64-linux-gnu:/opt/ros/jazzy/lib', 'HOME': '/home/vdt_2026', 'OLDPWD': '/home/vdt_2026', 'SSH_TTY': '/dev/pts/3', 'ROS_PYTHON_VERSION': '3', 'DBUS_SESSION_BUS_ADDRESS': 'unix:path=/run/user/1000/bus', 'COLCON_PREFIX_PATH': '/home/vdt_2026/ros2_ws/install', 'ROS_DISTRO': 'jazzy', 'LOGNAME': 'vdt_2026', '_': '/usr/bin/colcon', 'ROS_VERSION': '2', 'XDG_SESSION_CLASS': 'user', 'TERM': 'xterm-256color', 'XDG_SESSION_ID': '11', 'PATH': '/home/vdt_2026/.local/bin:/opt/ros/jazzy/bin:/usr/local/sbin:/usr/local/bin:/usr/sbin:/usr/bin:/sbin:/bin:/usr/games:/usr/local/games:/snap/bin', 'XDG_RUNTIME_DIR': '/run/user/1000', 'LANG': 'en_US.UTF-8', 'LS_COLORS': 'rs=0:di=01;34:ln=01;36:mh=00:pi=40;33:so=01;35:do=01;35:bd=40;33;01:cd=40;33;01:or=40;31;01:mi=00:su=37;41:sg=30;43:ca=00:tw=30;42:ow=34;42:st=37;44:ex=01;32:*.tar=01;31:*.tgz=01;31:*.arc=01;31:*.arj=01;31:*.taz=01;31:*.lha=01;31:*.lz4=01;31:*.lzh=01;31:*.lzma=01;31:*.tlz=01;31:*.txz=01;31:*.tzo=01;31:*.t7z=01;31:*.zip=01;31:*.z=01;31:*.dz=01;31:*.gz=01;31:*.lrz=01;31:*.lz=01;31:*.lzo=01;31:*.xz=01;31:*.zst=01;31:*.tzst=01;31:*.bz2=01;31:*.bz=01;31:*.tbz=01;31:*.tbz2=01;31:*.tz=01;31:*.deb=01;31:*.rpm=01;31:*.jar=01;31:*.war=01;31:*.ear=01;31:*.sar=01;31:*.rar=01;31:*.alz=01;31:*.ace=01;31:*.zoo=01;31:*.cpio=01;31:*.7z=01;31:*.rz=01;31:*.cab=01;31:*.wim=01;31:*.swm=01;31:*.dwm=01;31:*.esd=01;31:*.avif=01;35:*.jpg=01;35:*.jpeg=01;35:*.mjpg=01;35:*.mjpeg=01;35:*.gif=01;35:*.bmp=01;35:*.pbm=01;35:*.pgm=01;35:*.ppm=01;35:*.tga=01;35:*.xbm=01;35:*.xpm=01;35:*.tif=01;35:*.tiff=01;35:*.png=01;35:*.svg=01;35:*.svgz=01;35:*.mng=01;35:*.pcx=01;35:*.mov=01;35:*.mpg=01;35:*.mpeg=01;35:*.m2v=01;35:*.mkv=01;35:*.webm=01;35:*.webp=01;35:*.ogm=01;35:*.mp4=01;35:*.m4v=01;35:*.mp4v=01;35:*.vob=01;35:*.qt=01;35:*.nuv=01;35:*.wmv=01;35:*.asf=01;35:*.rm=01;35:*.rmvb=01;35:*.flc=01;35:*.avi=01;35:*.fli=01;35:*.flv=01;35:*.gl=01;35:*.dl=01;35:*.xcf=01;35:*.xwd=01;35:*.yuv=01;35:*.cgm=01;35:*.emf=01;35:*.ogv=01;35:*.ogx=01;35:*.aac=00;36:*.au=00;36:*.flac=00;36:*.m4a=00;36:*.mid=00;36:*.midi=00;36:*.mka=00;36:*.mp3=00;36:*.mpc=00;36:*.ogg=00;36:*.ra=00;36:*.wav=00;36:*.oga=00;36:*.opus=00;36:*.spx=00;36:*.xspf=00;36:*~=00;90:*#=00;90:*.bak=00;90:*.crdownload=00;90:*.dpkg-dist=00;90:*.dpkg-new=00;90:*.dpkg-old=00;90:*.dpkg-tmp=00;90:*.old=00;90:*.orig=00;90:*.part=00;90:*.rej=00;90:*.rpmnew=00;90:*.rpmorig=00;90:*.rpmsave=00;90:*.swp=00;90:*.tmp=00;90:*.ucf-dist=00;90:*.ucf-new=00;90:*.ucf-old=00;90:', 'AMENT_PREFIX_PATH': '/home/vdt_2026/VDT_project/install/vdt_msgs:/home/vdt_2026/ros2_ws/install/px4_msgs:/opt/ros/jazzy', 'SHELL': '/bin/bash', 'LESSCLOSE': '/usr/bin/lesspipe %s %s', 'ROS_AUTOMATIC_DISCOVERY_RANGE': 'SUBNET', 'PWD': '/home/vdt_2026/VDT_project/build/offboard_manager', 'LC_ALL': 'en_US.UTF-8', 'SSH_CONNECTION': '100.101.240.43 57783 100.65.242.75 22', 'XDG_DATA_DIRS': '/usr/local/share:/usr/share:/var/lib/snapd/desktop', 'PYTHONPATH': '/home/vdt_2026/VDT_project/install/vdt_msgs/lib/python3.12/site-packages:/home/vdt_2026/ros2_ws/install/px4_msgs/lib/python3.12/site-packages:/opt/ros/jazzy/lib/python3.12/site-packages:/home/vdt_2026/librealsense/build/Release', 'COLCON': '1', 'CMAKE_PREFIX_PATH': '/home/vdt_2026/VDT_project/install/vdt_msgs:/home/vdt_2026/ros2_ws/install/px4_msgs:/opt/ros/jazzy'}), 'shell': False}
[20.021275] (input_state_cache) JobProgress: {'identifier': 'input_state_cache', 'progress': 'cmake'}
[20.022076] (input_state_cache) Command: {'cmd': ['/usr/bin/cmake', '/home/vdt_2026/VDT_project/ros2_ws/src/input_state_cache', '-DCMAKE_INSTALL_PREFIX=/home/vdt_2026/VDT_project/install/input_state_cache'], 'cwd': '/home/vdt_2026/VDT_project/build/input_state_cache', 'env': OrderedDict({'LESSOPEN': '| /usr/bin/lesspipe %s', 'USER': 'vdt_2026', 'SSH_CLIENT': '100.101.240.43 57783 22', 'XDG_SESSION_TYPE': 'tty', 'SHLVL': '1', 'LD_LIBRARY_PATH': '/home/vdt_2026/VDT_project/install/vdt_msgs/lib:/home/vdt_2026/ros2_ws/install/px4_msgs/lib:/opt/ros/jazzy/lib/aarch64-linux-gnu:/opt/ros/jazzy/lib', 'HOME': '/home/vdt_2026', 'OLDPWD': '/home/vdt_2026', 'SSH_TTY': '/dev/pts/3', 'ROS_PYTHON_VERSION': '3', 'DBUS_SESSION_BUS_ADDRESS': 'unix:path=/run/user/1000/bus', 'COLCON_PREFIX_PATH': '/home/vdt_2026/ros2_ws/install', 'ROS_DISTRO': 'jazzy', 'LOGNAME': 'vdt_2026', '_': '/usr/bin/colcon', 'ROS_VERSION': '2', 'XDG_SESSION_CLASS': 'user', 'TERM': 'xterm-256color', 'XDG_SESSION_ID': '11', 'PATH': '/home/vdt_2026/.local/bin:/opt/ros/jazzy/bin:/usr/local/sbin:/usr/local/bin:/usr/sbin:/usr/bin:/sbin:/bin:/usr/games:/usr/local/games:/snap/bin', 'XDG_RUNTIME_DIR': '/run/user/1000', 'LANG': 'en_US.UTF-8', 'LS_COLORS': 'rs=0:di=01;34:ln=01;36:mh=00:pi=40;33:so=01;35:do=01;35:bd=40;33;01:cd=40;33;01:or=40;31;01:mi=00:su=37;41:sg=30;43:ca=00:tw=30;42:ow=34;42:st=37;44:ex=01;32:*.tar=01;31:*.tgz=01;31:*.arc=01;31:*.arj=01;31:*.taz=01;31:*.lha=01;31:*.lz4=01;31:*.lzh=01;31:*.lzma=01;31:*.tlz=01;31:*.txz=01;31:*.tzo=01;31:*.t7z=01;31:*.zip=01;31:*.z=01;31:*.dz=01;31:*.gz=01;31:*.lrz=01;31:*.lz=01;31:*.lzo=01;31:*.xz=01;31:*.zst=01;31:*.tzst=01;31:*.bz2=01;31:*.bz=01;31:*.tbz=01;31:*.tbz2=01;31:*.tz=01;31:*.deb=01;31:*.rpm=01;31:*.jar=01;31:*.war=01;31:*.ear=01;31:*.sar=01;31:*.rar=01;31:*.alz=01;31:*.ace=01;31:*.zoo=01;31:*.cpio=01;31:*.7z=01;31:*.rz=01;31:*.cab=01;31:*.wim=01;31:*.swm=01;31:*.dwm=01;31:*.esd=01;31:*.avif=01;35:*.jpg=01;35:*.jpeg=01;35:*.mjpg=01;35:*.mjpeg=01;35:*.gif=01;35:*.bmp=01;35:*.pbm=01;35:*.pgm=01;35:*.ppm=01;35:*.tga=01;35:*.xbm=01;35:*.xpm=01;35:*.tif=01;35:*.tiff=01;35:*.png=01;35:*.svg=01;35:*.svgz=01;35:*.mng=01;35:*.pcx=01;35:*.mov=01;35:*.mpg=01;35:*.mpeg=01;35:*.m2v=01;35:*.mkv=01;35:*.webm=01;35:*.webp=01;35:*.ogm=01;35:*.mp4=01;35:*.m4v=01;35:*.mp4v=01;35:*.vob=01;35:*.qt=01;35:*.nuv=01;35:*.wmv=01;35:*.asf=01;35:*.rm=01;35:*.rmvb=01;35:*.flc=01;35:*.avi=01;35:*.fli=01;35:*.flv=01;35:*.gl=01;35:*.dl=01;35:*.xcf=01;35:*.xwd=01;35:*.yuv=01;35:*.cgm=01;35:*.emf=01;35:*.ogv=01;35:*.ogx=01;35:*.aac=00;36:*.au=00;36:*.flac=00;36:*.m4a=00;36:*.mid=00;36:*.midi=00;36:*.mka=00;36:*.mp3=00;36:*.mpc=00;36:*.ogg=00;36:*.ra=00;36:*.wav=00;36:*.oga=00;36:*.opus=00;36:*.spx=00;36:*.xspf=00;36:*~=00;90:*#=00;90:*.bak=00;90:*.crdownload=00;90:*.dpkg-dist=00;90:*.dpkg-new=00;90:*.dpkg-old=00;90:*.dpkg-tmp=00;90:*.old=00;90:*.orig=00;90:*.part=00;90:*.rej=00;90:*.rpmnew=00;90:*.rpmorig=00;90:*.rpmsave=00;90:*.swp=00;90:*.tmp=00;90:*.ucf-dist=00;90:*.ucf-new=00;90:*.ucf-old=00;90:', 'AMENT_PREFIX_PATH': '/home/vdt_2026/VDT_project/install/vdt_msgs:/home/vdt_2026/ros2_ws/install/px4_msgs:/opt/ros/jazzy', 'SHELL': '/bin/bash', 'LESSCLOSE': '/usr/bin/lesspipe %s %s', 'ROS_AUTOMATIC_DISCOVERY_RANGE': 'SUBNET', 'PWD': '/home/vdt_2026/VDT_project/build/input_state_cache', 'LC_ALL': 'en_US.UTF-8', 'SSH_CONNECTION': '100.101.240.43 57783 100.65.242.75 22', 'XDG_DATA_DIRS': '/usr/local/share:/usr/share:/var/lib/snapd/desktop', 'PYTHONPATH': '/home/vdt_2026/VDT_project/install/vdt_msgs/lib/python3.12/site-packages:/home/vdt_2026/ros2_ws/install/px4_msgs/lib/python3.12/site-packages:/opt/ros/jazzy/lib/python3.12/site-packages:/home/vdt_2026/librealsense/build/Release', 'COLCON': '1', 'CMAKE_PREFIX_PATH': '/home/vdt_2026/VDT_project/install/vdt_msgs:/home/vdt_2026/ros2_ws/install/px4_msgs:/opt/ros/jazzy'}), 'shell': False}
[20.027635] (rc_parser) JobProgress: {'identifier': 'rc_parser', 'progress': 'cmake'}
[20.031538] (rc_parser) Command: {'cmd': ['/usr/bin/cmake', '/home/vdt_2026/VDT_project/ros2_ws/src/rc_parser', '-DCMAKE_INSTALL_PREFIX=/home/vdt_2026/VDT_project/install/rc_parser'], 'cwd': '/home/vdt_2026/VDT_project/build/rc_parser', 'env': OrderedDict({'LESSOPEN': '| /usr/bin/lesspipe %s', 'USER': 'vdt_2026', 'SSH_CLIENT': '100.101.240.43 57783 22', 'XDG_SESSION_TYPE': 'tty', 'SHLVL': '1', 'LD_LIBRARY_PATH': '/home/vdt_2026/VDT_project/install/vdt_msgs/lib:/home/vdt_2026/ros2_ws/install/px4_msgs/lib:/opt/ros/jazzy/lib/aarch64-linux-gnu:/opt/ros/jazzy/lib', 'HOME': '/home/vdt_2026', 'OLDPWD': '/home/vdt_2026', 'SSH_TTY': '/dev/pts/3', 'ROS_PYTHON_VERSION': '3', 'DBUS_SESSION_BUS_ADDRESS': 'unix:path=/run/user/1000/bus', 'COLCON_PREFIX_PATH': '/home/vdt_2026/ros2_ws/install', 'ROS_DISTRO': 'jazzy', 'LOGNAME': 'vdt_2026', '_': '/usr/bin/colcon', 'ROS_VERSION': '2', 'XDG_SESSION_CLASS': 'user', 'TERM': 'xterm-256color', 'XDG_SESSION_ID': '11', 'PATH': '/home/vdt_2026/.local/bin:/opt/ros/jazzy/bin:/usr/local/sbin:/usr/local/bin:/usr/sbin:/usr/bin:/sbin:/bin:/usr/games:/usr/local/games:/snap/bin', 'XDG_RUNTIME_DIR': '/run/user/1000', 'LANG': 'en_US.UTF-8', 'LS_COLORS': 'rs=0:di=01;34:ln=01;36:mh=00:pi=40;33:so=01;35:do=01;35:bd=40;33;01:cd=40;33;01:or=40;31;01:mi=00:su=37;41:sg=30;43:ca=00:tw=30;42:ow=34;42:st=37;44:ex=01;32:*.tar=01;31:*.tgz=01;31:*.arc=01;31:*.arj=01;31:*.taz=01;31:*.lha=01;31:*.lz4=01;31:*.lzh=01;31:*.lzma=01;31:*.tlz=01;31:*.txz=01;31:*.tzo=01;31:*.t7z=01;31:*.zip=01;31:*.z=01;31:*.dz=01;31:*.gz=01;31:*.lrz=01;31:*.lz=01;31:*.lzo=01;31:*.xz=01;31:*.zst=01;31:*.tzst=01;31:*.bz2=01;31:*.bz=01;31:*.tbz=01;31:*.tbz2=01;31:*.tz=01;31:*.deb=01;31:*.rpm=01;31:*.jar=01;31:*.war=01;31:*.ear=01;31:*.sar=01;31:*.rar=01;31:*.alz=01;31:*.ace=01;31:*.zoo=01;31:*.cpio=01;31:*.7z=01;31:*.rz=01;31:*.cab=01;31:*.wim=01;31:*.swm=01;31:*.dwm=01;31:*.esd=01;31:*.avif=01;35:*.jpg=01;35:*.jpeg=01;35:*.mjpg=01;35:*.mjpeg=01;35:*.gif=01;35:*.bmp=01;35:*.pbm=01;35:*.pgm=01;35:*.ppm=01;35:*.tga=01;35:*.xbm=01;35:*.xpm=01;35:*.tif=01;35:*.tiff=01;35:*.png=01;35:*.svg=01;35:*.svgz=01;35:*.mng=01;35:*.pcx=01;35:*.mov=01;35:*.mpg=01;35:*.mpeg=01;35:*.m2v=01;35:*.mkv=01;35:*.webm=01;35:*.webp=01;35:*.ogm=01;35:*.mp4=01;35:*.m4v=01;35:*.mp4v=01;35:*.vob=01;35:*.qt=01;35:*.nuv=01;35:*.wmv=01;35:*.asf=01;35:*.rm=01;35:*.rmvb=01;35:*.flc=01;35:*.avi=01;35:*.fli=01;35:*.flv=01;35:*.gl=01;35:*.dl=01;35:*.xcf=01;35:*.xwd=01;35:*.yuv=01;35:*.cgm=01;35:*.emf=01;35:*.ogv=01;35:*.ogx=01;35:*.aac=00;36:*.au=00;36:*.flac=00;36:*.m4a=00;36:*.mid=00;36:*.midi=00;36:*.mka=00;36:*.mp3=00;36:*.mpc=00;36:*.ogg=00;36:*.ra=00;36:*.wav=00;36:*.oga=00;36:*.opus=00;36:*.spx=00;36:*.xspf=00;36:*~=00;90:*#=00;90:*.bak=00;90:*.crdownload=00;90:*.dpkg-dist=00;90:*.dpkg-new=00;90:*.dpkg-old=00;90:*.dpkg-tmp=00;90:*.old=00;90:*.orig=00;90:*.part=00;90:*.rej=00;90:*.rpmnew=00;90:*.rpmorig=00;90:*.rpmsave=00;90:*.swp=00;90:*.tmp=00;90:*.ucf-dist=00;90:*.ucf-new=00;90:*.ucf-old=00;90:', 'AMENT_PREFIX_PATH': '/home/vdt_2026/VDT_project/install/vdt_msgs:/home/vdt_2026/ros2_ws/install/px4_msgs:/opt/ros/jazzy', 'SHELL': '/bin/bash', 'LESSCLOSE': '/usr/bin/lesspipe %s %s', 'ROS_AUTOMATIC_DISCOVERY_RANGE': 'SUBNET', 'PWD': '/home/vdt_2026/VDT_project/build/rc_parser', 'LC_ALL': 'en_US.UTF-8', 'SSH_CONNECTION': '100.101.240.43 57783 100.65.242.75 22', 'XDG_DATA_DIRS': '/usr/local/share:/usr/share:/var/lib/snapd/desktop', 'PYTHONPATH': '/home/vdt_2026/VDT_project/install/vdt_msgs/lib/python3.12/site-packages:/home/vdt_2026/ros2_ws/install/px4_msgs/lib/python3.12/site-packages:/opt/ros/jazzy/lib/python3.12/site-packages:/home/vdt_2026/librealsense/build/Release', 'COLCON': '1', 'CMAKE_PREFIX_PATH': '/home/vdt_2026/VDT_project/install/vdt_msgs:/home/vdt_2026/ros2_ws/install/px4_msgs:/opt/ros/jazzy'}), 'shell': False}
[20.112263] (-) TimerEvent: {}
[20.178748] (offboard_manager) StdoutLine: {'line': b'-- The C compiler identification is GNU 13.3.0\n'}
[20.179093] (fsm_state_machine) StdoutLine: {'line': b'-- The C compiler identification is GNU 13.3.0\n'}
[20.188376] (input_state_cache) StdoutLine: {'line': b'-- The C compiler identification is GNU 13.3.0\n'}
[20.188842] (rc_parser) StdoutLine: {'line': b'-- The C compiler identification is GNU 13.3.0\n'}
[20.212409] (-) TimerEvent: {}
[20.313774] (-) TimerEvent: {}
[20.341597] (fsm_state_machine) StdoutLine: {'line': b'-- The CXX compiler identification is GNU 13.3.0\n'}
[20.341916] (offboard_manager) StdoutLine: {'line': b'-- The CXX compiler identification is GNU 13.3.0\n'}
[20.349273] (input_state_cache) StdoutLine: {'line': b'-- The CXX compiler identification is GNU 13.3.0\n'}
[20.349714] (rc_parser) StdoutLine: {'line': b'-- The CXX compiler identification is GNU 13.3.0\n'}
[20.374321] (fsm_state_machine) StdoutLine: {'line': b'-- Detecting C compiler ABI info\n'}
[20.379496] (offboard_manager) StdoutLine: {'line': b'-- Detecting C compiler ABI info\n'}
[20.381948] (input_state_cache) StdoutLine: {'line': b'-- Detecting C compiler ABI info\n'}
[20.382467] (rc_parser) StdoutLine: {'line': b'-- Detecting C compiler ABI info\n'}
[20.414610] (-) TimerEvent: {}
[20.514914] (-) TimerEvent: {}
[20.607451] (rc_parser) StdoutLine: {'line': b'-- Detecting C compiler ABI info - done\n'}
[20.607724] (input_state_cache) StdoutLine: {'line': b'-- Detecting C compiler ABI info - done\n'}
[20.612753] (fsm_state_machine) StdoutLine: {'line': b'-- Detecting C compiler ABI info - done\n'}
[20.615482] (-) TimerEvent: {}
[20.615550] (offboard_manager) StdoutLine: {'line': b'-- Detecting C compiler ABI info - done\n'}
[20.624718] (input_state_cache) StdoutLine: {'line': b'-- Check for working C compiler: /usr/bin/cc - skipped\n'}
[20.624999] (input_state_cache) StdoutLine: {'line': b'-- Detecting C compile features\n'}
[20.625126] (input_state_cache) StdoutLine: {'line': b'-- Detecting C compile features - done\n'}
[20.625260] (rc_parser) StdoutLine: {'line': b'-- Check for working C compiler: /usr/bin/cc - skipped\n'}
[20.625428] (rc_parser) StdoutLine: {'line': b'-- Detecting C compile features\n'}
[20.625602] (rc_parser) StdoutLine: {'line': b'-- Detecting C compile features - done\n'}
[20.626435] (fsm_state_machine) StdoutLine: {'line': b'-- Check for working C compiler: /usr/bin/cc - skipped\n'}
[20.627121] (fsm_state_machine) StdoutLine: {'line': b'-- Detecting C compile features\n'}
[20.628080] (fsm_state_machine) StdoutLine: {'line': b'-- Detecting C compile features - done\n'}
[20.631555] (offboard_manager) StdoutLine: {'line': b'-- Check for working C compiler: /usr/bin/cc - skipped\n'}
[20.633130] (offboard_manager) StdoutLine: {'line': b'-- Detecting C compile features\n'}
[20.634767] (offboard_manager) StdoutLine: {'line': b'-- Detecting C compile features - done\n'}
[20.643563] (input_state_cache) StdoutLine: {'line': b'-- Detecting CXX compiler ABI info\n'}
[20.645923] (rc_parser) StdoutLine: {'line': b'-- Detecting CXX compiler ABI info\n'}
[20.652500] (fsm_state_machine) StdoutLine: {'line': b'-- Detecting CXX compiler ABI info\n'}
[20.653154] (offboard_manager) StdoutLine: {'line': b'-- Detecting CXX compiler ABI info\n'}
[20.715652] (-) TimerEvent: {}
[20.815957] (-) TimerEvent: {}
[20.903236] (rc_parser) StdoutLine: {'line': b'-- Detecting CXX compiler ABI info - done\n'}
[20.916455] (offboard_manager) StdoutLine: {'line': b'-- Detecting CXX compiler ABI info - done\n'}
[20.916717] (-) TimerEvent: {}
[20.918629] (input_state_cache) StdoutLine: {'line': b'-- Detecting CXX compiler ABI info - done\n'}
[20.920458] (fsm_state_machine) StdoutLine: {'line': b'-- Detecting CXX compiler ABI info - done\n'}
[20.920688] (rc_parser) StdoutLine: {'line': b'-- Check for working CXX compiler: /usr/bin/c++ - skipped\n'}
[20.921319] (rc_parser) StdoutLine: {'line': b'-- Detecting CXX compile features\n'}
[20.922415] (rc_parser) StdoutLine: {'line': b'-- Detecting CXX compile features - done\n'}
[20.927447] (rc_parser) StdoutLine: {'line': b'-- Found ament_cmake: 2.5.6 (/opt/ros/jazzy/share/ament_cmake/cmake)\n'}
[20.930711] (offboard_manager) StdoutLine: {'line': b'-- Check for working CXX compiler: /usr/bin/c++ - skipped\n'}
[20.931495] (input_state_cache) StdoutLine: {'line': b'-- Check for working CXX compiler: /usr/bin/c++ - skipped\n'}
[20.931712] (offboard_manager) StdoutLine: {'line': b'-- Detecting CXX compile features\n'}
[20.932292] (input_state_cache) StdoutLine: {'line': b'-- Detecting CXX compile features\n'}
[20.932666] (offboard_manager) StdoutLine: {'line': b'-- Detecting CXX compile features - done\n'}
[20.933688] (input_state_cache) StdoutLine: {'line': b'-- Detecting CXX compile features - done\n'}
[20.938467] (offboard_manager) StdoutLine: {'line': b'-- Found ament_cmake: 2.5.6 (/opt/ros/jazzy/share/ament_cmake/cmake)\n'}
[20.938734] (input_state_cache) StdoutLine: {'line': b'-- Found ament_cmake: 2.5.6 (/opt/ros/jazzy/share/ament_cmake/cmake)\n'}
[20.940299] (fsm_state_machine) StdoutLine: {'line': b'-- Check for working CXX compiler: /usr/bin/c++ - skipped\n'}
[20.941340] (fsm_state_machine) StdoutLine: {'line': b'-- Detecting CXX compile features\n'}
[20.942592] (fsm_state_machine) StdoutLine: {'line': b'-- Detecting CXX compile features - done\n'}
[20.948523] (fsm_state_machine) StdoutLine: {'line': b'-- Found ament_cmake: 2.5.6 (/opt/ros/jazzy/share/ament_cmake/cmake)\n'}
[21.016872] (-) TimerEvent: {}
[21.117188] (-) TimerEvent: {}
[21.217480] (-) TimerEvent: {}
[21.288928] (rc_parser) StdoutLine: {'line': b'-- Found Python3: /usr/bin/python3 (found version "3.12.3") found components: Interpreter \n'}
[21.299425] (input_state_cache) StdoutLine: {'line': b'-- Found Python3: /usr/bin/python3 (found version "3.12.3") found components: Interpreter \n'}
[21.303797] (offboard_manager) StdoutLine: {'line': b'-- Found Python3: /usr/bin/python3 (found version "3.12.3") found components: Interpreter \n'}
[21.318159] (-) TimerEvent: {}
[21.369918] (fsm_state_machine) StdoutLine: {'line': b'-- Found Python3: /usr/bin/python3 (found version "3.12.3") found components: Interpreter \n'}
[21.420476] (-) TimerEvent: {}
[21.518986] (rc_parser) StdoutLine: {'line': b'-- Found rclcpp: 28.1.22 (/opt/ros/jazzy/share/rclcpp/cmake)\n'}
[21.520618] (-) TimerEvent: {}
[21.528895] (input_state_cache) StdoutLine: {'line': b'-- Found rclcpp: 28.1.22 (/opt/ros/jazzy/share/rclcpp/cmake)\n'}
[21.529224] (offboard_manager) StdoutLine: {'line': b'-- Found rclcpp: 28.1.22 (/opt/ros/jazzy/share/rclcpp/cmake)\n'}
[21.572468] (rc_parser) StdoutLine: {'line': b'-- Found rosidl_generator_c: 4.6.9 (/opt/ros/jazzy/share/rosidl_generator_c/cmake)\n'}
[21.576793] (input_state_cache) StdoutLine: {'line': b'-- Found rosidl_generator_c: 4.6.9 (/opt/ros/jazzy/share/rosidl_generator_c/cmake)\n'}
[21.579495] (offboard_manager) StdoutLine: {'line': b'-- Found rosidl_generator_c: 4.6.9 (/opt/ros/jazzy/share/rosidl_generator_c/cmake)\n'}
[21.590064] (rc_parser) StdoutLine: {'line': b'-- Found rosidl_generator_cpp: 4.6.9 (/opt/ros/jazzy/share/rosidl_generator_cpp/cmake)\n'}
[21.596677] (offboard_manager) StdoutLine: {'line': b'-- Found rosidl_generator_cpp: 4.6.9 (/opt/ros/jazzy/share/rosidl_generator_cpp/cmake)\n'}
[21.599534] (input_state_cache) StdoutLine: {'line': b'-- Found rosidl_generator_cpp: 4.6.9 (/opt/ros/jazzy/share/rosidl_generator_cpp/cmake)\n'}
[21.599768] (fsm_state_machine) StdoutLine: {'line': b'-- Found rclcpp: 28.1.22 (/opt/ros/jazzy/share/rclcpp/cmake)\n'}
[21.611911] (rc_parser) StdoutLine: {'line': b'-- Using all available rosidl_typesupport_c: rosidl_typesupport_fastrtps_c;rosidl_typesupport_introspection_c\n'}
[21.616311] (input_state_cache) StdoutLine: {'line': b'-- Using all available rosidl_typesupport_c: rosidl_typesupport_fastrtps_c;rosidl_typesupport_introspection_c\n'}
[21.618631] (offboard_manager) StdoutLine: {'line': b'-- Using all available rosidl_typesupport_c: rosidl_typesupport_fastrtps_c;rosidl_typesupport_introspection_c\n'}
[21.620719] (-) TimerEvent: {}
[21.637026] (rc_parser) StdoutLine: {'line': b'-- Using all available rosidl_typesupport_cpp: rosidl_typesupport_fastrtps_cpp;rosidl_typesupport_introspection_cpp\n'}
[21.640923] (input_state_cache) StdoutLine: {'line': b'-- Using all available rosidl_typesupport_cpp: rosidl_typesupport_fastrtps_cpp;rosidl_typesupport_introspection_cpp\n'}
[21.644481] (offboard_manager) StdoutLine: {'line': b'-- Using all available rosidl_typesupport_cpp: rosidl_typesupport_fastrtps_cpp;rosidl_typesupport_introspection_cpp\n'}
[21.649773] (fsm_state_machine) StdoutLine: {'line': b'-- Found rosidl_generator_c: 4.6.9 (/opt/ros/jazzy/share/rosidl_generator_c/cmake)\n'}
[21.668952] (fsm_state_machine) StdoutLine: {'line': b'-- Found rosidl_generator_cpp: 4.6.9 (/opt/ros/jazzy/share/rosidl_generator_cpp/cmake)\n'}
[21.691623] (fsm_state_machine) StdoutLine: {'line': b'-- Using all available rosidl_typesupport_c: rosidl_typesupport_fastrtps_c;rosidl_typesupport_introspection_c\n'}
[21.722514] (fsm_state_machine) StdoutLine: {'line': b'-- Using all available rosidl_typesupport_cpp: rosidl_typesupport_fastrtps_cpp;rosidl_typesupport_introspection_cpp\n'}
[21.722870] (-) TimerEvent: {}
[21.743702] (input_state_cache) StdoutLine: {'line': b'-- Found rmw_implementation_cmake: 7.3.3 (/opt/ros/jazzy/share/rmw_implementation_cmake/cmake)\n'}
[21.744159] (rc_parser) StdoutLine: {'line': b'-- Found rmw_implementation_cmake: 7.3.3 (/opt/ros/jazzy/share/rmw_implementation_cmake/cmake)\n'}
[21.744291] (offboard_manager) StdoutLine: {'line': b'-- Found rmw_implementation_cmake: 7.3.3 (/opt/ros/jazzy/share/rmw_implementation_cmake/cmake)\n'}
[21.747450] (input_state_cache) StdoutLine: {'line': b'-- Found rmw_fastrtps_cpp: 8.4.4 (/opt/ros/jazzy/share/rmw_fastrtps_cpp/cmake)\n'}
[21.747951] (rc_parser) StdoutLine: {'line': b'-- Found rmw_fastrtps_cpp: 8.4.4 (/opt/ros/jazzy/share/rmw_fastrtps_cpp/cmake)\n'}
[21.750856] (offboard_manager) StdoutLine: {'line': b'-- Found rmw_fastrtps_cpp: 8.4.4 (/opt/ros/jazzy/share/rmw_fastrtps_cpp/cmake)\n'}
[21.823093] (-) TimerEvent: {}
[21.836857] (fsm_state_machine) StdoutLine: {'line': b'-- Found rmw_implementation_cmake: 7.3.3 (/opt/ros/jazzy/share/rmw_implementation_cmake/cmake)\n'}
[21.842337] (fsm_state_machine) StdoutLine: {'line': b'-- Found rmw_fastrtps_cpp: 8.4.4 (/opt/ros/jazzy/share/rmw_fastrtps_cpp/cmake)\n'}
[21.891207] (offboard_manager) StdoutLine: {'line': b'-- Found OpenSSL: /usr/lib/aarch64-linux-gnu/libcrypto.so (found version "3.0.13")  \n'}
[21.897744] (rc_parser) StdoutLine: {'line': b'-- Found OpenSSL: /usr/lib/aarch64-linux-gnu/libcrypto.so (found version "3.0.13")  \n'}
[21.906867] (input_state_cache) StdoutLine: {'line': b'-- Found OpenSSL: /usr/lib/aarch64-linux-gnu/libcrypto.so (found version "3.0.13")  \n'}
[21.921962] (offboard_manager) StdoutLine: {'line': b'-- Found FastRTPS: /opt/ros/jazzy/include (Required is at least version "2.13") \n'}
[21.923205] (-) TimerEvent: {}
[21.923850] (rc_parser) StdoutLine: {'line': b'-- Found FastRTPS: /opt/ros/jazzy/include (Required is at least version "2.13") \n'}
[21.930404] (input_state_cache) StdoutLine: {'line': b'-- Found FastRTPS: /opt/ros/jazzy/include (Required is at least version "2.13") \n'}
[21.967789] (rc_parser) StdoutLine: {'line': b"-- Using RMW implementation 'rmw_fastrtps_cpp' as default\n"}
[21.970234] (offboard_manager) StdoutLine: {'line': b"-- Using RMW implementation 'rmw_fastrtps_cpp' as default\n"}
[21.974293] (input_state_cache) StdoutLine: {'line': b"-- Using RMW implementation 'rmw_fastrtps_cpp' as default\n"}
[22.004249] (fsm_state_machine) StdoutLine: {'line': b'-- Found OpenSSL: /usr/lib/aarch64-linux-gnu/libcrypto.so (found version "3.0.13")  \n'}
[22.023360] (-) TimerEvent: {}
[22.029332] (fsm_state_machine) StdoutLine: {'line': b'-- Found FastRTPS: /opt/ros/jazzy/include (Required is at least version "2.13") \n'}
[22.069762] (fsm_state_machine) StdoutLine: {'line': b"-- Using RMW implementation 'rmw_fastrtps_cpp' as default\n"}
[22.078119] (rc_parser) StdoutLine: {'line': b'-- Found vdt_msgs: 0.1.0 (/home/vdt_2026/VDT_project/install/vdt_msgs/share/vdt_msgs/cmake)\n'}
[22.081276] (offboard_manager) StdoutLine: {'line': b'-- Found std_msgs: 5.3.8 (/opt/ros/jazzy/share/std_msgs/cmake)\n'}
[22.092730] (input_state_cache) StdoutLine: {'line': b'-- Found nav_msgs: 5.3.8 (/opt/ros/jazzy/share/nav_msgs/cmake)\n'}
[22.102463] (offboard_manager) StdoutLine: {'line': b'-- Found px4_msgs: 2.0.1 (/home/vdt_2026/ros2_ws/install/px4_msgs/share/px4_msgs/cmake)\n'}
[22.123505] (-) TimerEvent: {}
[22.126257] (offboard_manager) StdoutLine: {'line': b'-- Found vdt_msgs: 0.1.0 (/home/vdt_2026/VDT_project/install/vdt_msgs/share/vdt_msgs/cmake)\n'}
[22.186323] (input_state_cache) StdoutLine: {'line': b'-- Found vdt_msgs: 0.1.0 (/home/vdt_2026/VDT_project/install/vdt_msgs/share/vdt_msgs/cmake)\n'}
[22.197968] (fsm_state_machine) StdoutLine: {'line': b'-- Found std_msgs: 5.3.8 (/opt/ros/jazzy/share/std_msgs/cmake)\n'}
[22.218481] (input_state_cache) StdoutLine: {'line': b'-- Found ament_cmake_gtest: 2.5.6 (/opt/ros/jazzy/share/ament_cmake_gtest/cmake)\n'}
[22.219900] (input_state_cache) StdoutLine: {'line': b'-- Found launch_testing_ament_cmake: 3.4.12 (/opt/ros/jazzy/share/launch_testing_ament_cmake/cmake)\n'}
[22.223312] (input_state_cache) StdoutLine: {'line': b'-- Found python_cmake_module: 0.11.1 (/opt/ros/jazzy/share/python_cmake_module/cmake)\n'}
[22.224283] (-) TimerEvent: {}
[22.231484] (fsm_state_machine) StdoutLine: {'line': b'-- Found nav_msgs: 5.3.8 (/opt/ros/jazzy/share/nav_msgs/cmake)\n'}
[22.315543] (fsm_state_machine) StdoutLine: {'line': b'-- Found vdt_msgs: 0.1.0 (/home/vdt_2026/VDT_project/install/vdt_msgs/share/vdt_msgs/cmake)\n'}
[22.324640] (-) TimerEvent: {}
[22.370507] (rc_parser) StdoutLine: {'line': b'-- Configuring done (2.3s)\n'}
[22.373753] (fsm_state_machine) StdoutLine: {'line': b'-- Found ament_cmake_gtest: 2.5.6 (/opt/ros/jazzy/share/ament_cmake_gtest/cmake)\n'}
[22.377267] (fsm_state_machine) StdoutLine: {'line': b'-- Found launch_testing_ament_cmake: 3.4.12 (/opt/ros/jazzy/share/launch_testing_ament_cmake/cmake)\n'}
[22.381630] (fsm_state_machine) StdoutLine: {'line': b'-- Found python_cmake_module: 0.11.1 (/opt/ros/jazzy/share/python_cmake_module/cmake)\n'}
[22.394946] (offboard_manager) StdoutLine: {'line': b'-- Configuring done (2.4s)\n'}
[22.407459] (rc_parser) StdoutLine: {'line': b'-- Generating done (0.0s)\n'}
[22.420059] (rc_parser) StdoutLine: {'line': b'-- Build files have been written to: /home/vdt_2026/VDT_project/build/rc_parser\n'}
[22.427048] (-) TimerEvent: {}
[22.434877] (offboard_manager) StdoutLine: {'line': b'-- Generating done (0.0s)\n'}
[22.450687] (offboard_manager) StdoutLine: {'line': b'-- Build files have been written to: /home/vdt_2026/VDT_project/build/offboard_manager\n'}
[22.457246] (rc_parser) CommandEnded: {'returncode': 0}
[22.457993] (rc_parser) JobProgress: {'identifier': 'rc_parser', 'progress': 'build'}
[22.458057] (rc_parser) Command: {'cmd': ['/usr/bin/cmake', '--build', '/home/vdt_2026/VDT_project/build/rc_parser', '--', '-j4', '-l4'], 'cwd': '/home/vdt_2026/VDT_project/build/rc_parser', 'env': OrderedDict({'LESSOPEN': '| /usr/bin/lesspipe %s', 'USER': 'vdt_2026', 'SSH_CLIENT': '100.101.240.43 57783 22', 'XDG_SESSION_TYPE': 'tty', 'SHLVL': '1', 'LD_LIBRARY_PATH': '/home/vdt_2026/VDT_project/install/vdt_msgs/lib:/home/vdt_2026/ros2_ws/install/px4_msgs/lib:/opt/ros/jazzy/lib/aarch64-linux-gnu:/opt/ros/jazzy/lib', 'HOME': '/home/vdt_2026', 'OLDPWD': '/home/vdt_2026', 'SSH_TTY': '/dev/pts/3', 'ROS_PYTHON_VERSION': '3', 'DBUS_SESSION_BUS_ADDRESS': 'unix:path=/run/user/1000/bus', 'COLCON_PREFIX_PATH': '/home/vdt_2026/ros2_ws/install', 'ROS_DISTRO': 'jazzy', 'LOGNAME': 'vdt_2026', '_': '/usr/bin/colcon', 'ROS_VERSION': '2', 'XDG_SESSION_CLASS': 'user', 'TERM': 'xterm-256color', 'XDG_SESSION_ID': '11', 'PATH': '/home/vdt_2026/.local/bin:/opt/ros/jazzy/bin:/usr/local/sbin:/usr/local/bin:/usr/sbin:/usr/bin:/sbin:/bin:/usr/games:/usr/local/games:/snap/bin', 'XDG_RUNTIME_DIR': '/run/user/1000', 'LANG': 'en_US.UTF-8', 'LS_COLORS': 'rs=0:di=01;34:ln=01;36:mh=00:pi=40;33:so=01;35:do=01;35:bd=40;33;01:cd=40;33;01:or=40;31;01:mi=00:su=37;41:sg=30;43:ca=00:tw=30;42:ow=34;42:st=37;44:ex=01;32:*.tar=01;31:*.tgz=01;31:*.arc=01;31:*.arj=01;31:*.taz=01;31:*.lha=01;31:*.lz4=01;31:*.lzh=01;31:*.lzma=01;31:*.tlz=01;31:*.txz=01;31:*.tzo=01;31:*.t7z=01;31:*.zip=01;31:*.z=01;31:*.dz=01;31:*.gz=01;31:*.lrz=01;31:*.lz=01;31:*.lzo=01;31:*.xz=01;31:*.zst=01;31:*.tzst=01;31:*.bz2=01;31:*.bz=01;31:*.tbz=01;31:*.tbz2=01;31:*.tz=01;31:*.deb=01;31:*.rpm=01;31:*.jar=01;31:*.war=01;31:*.ear=01;31:*.sar=01;31:*.rar=01;31:*.alz=01;31:*.ace=01;31:*.zoo=01;31:*.cpio=01;31:*.7z=01;31:*.rz=01;31:*.cab=01;31:*.wim=01;31:*.swm=01;31:*.dwm=01;31:*.esd=01;31:*.avif=01;35:*.jpg=01;35:*.jpeg=01;35:*.mjpg=01;35:*.mjpeg=01;35:*.gif=01;35:*.bmp=01;35:*.pbm=01;35:*.pgm=01;35:*.ppm=01;35:*.tga=01;35:*.xbm=01;35:*.xpm=01;35:*.tif=01;35:*.tiff=01;35:*.png=01;35:*.svg=01;35:*.svgz=01;35:*.mng=01;35:*.pcx=01;35:*.mov=01;35:*.mpg=01;35:*.mpeg=01;35:*.m2v=01;35:*.mkv=01;35:*.webm=01;35:*.webp=01;35:*.ogm=01;35:*.mp4=01;35:*.m4v=01;35:*.mp4v=01;35:*.vob=01;35:*.qt=01;35:*.nuv=01;35:*.wmv=01;35:*.asf=01;35:*.rm=01;35:*.rmvb=01;35:*.flc=01;35:*.avi=01;35:*.fli=01;35:*.flv=01;35:*.gl=01;35:*.dl=01;35:*.xcf=01;35:*.xwd=01;35:*.yuv=01;35:*.cgm=01;35:*.emf=01;35:*.ogv=01;35:*.ogx=01;35:*.aac=00;36:*.au=00;36:*.flac=00;36:*.m4a=00;36:*.mid=00;36:*.midi=00;36:*.mka=00;36:*.mp3=00;36:*.mpc=00;36:*.ogg=00;36:*.ra=00;36:*.wav=00;36:*.oga=00;36:*.opus=00;36:*.spx=00;36:*.xspf=00;36:*~=00;90:*#=00;90:*.bak=00;90:*.crdownload=00;90:*.dpkg-dist=00;90:*.dpkg-new=00;90:*.dpkg-old=00;90:*.dpkg-tmp=00;90:*.old=00;90:*.orig=00;90:*.part=00;90:*.rej=00;90:*.rpmnew=00;90:*.rpmorig=00;90:*.rpmsave=00;90:*.swp=00;90:*.tmp=00;90:*.ucf-dist=00;90:*.ucf-new=00;90:*.ucf-old=00;90:', 'AMENT_PREFIX_PATH': '/home/vdt_2026/VDT_project/install/vdt_msgs:/home/vdt_2026/ros2_ws/install/px4_msgs:/opt/ros/jazzy', 'SHELL': '/bin/bash', 'LESSCLOSE': '/usr/bin/lesspipe %s %s', 'ROS_AUTOMATIC_DISCOVERY_RANGE': 'SUBNET', 'PWD': '/home/vdt_2026/VDT_project/build/rc_parser', 'LC_ALL': 'en_US.UTF-8', 'SSH_CONNECTION': '100.101.240.43 57783 100.65.242.75 22', 'XDG_DATA_DIRS': '/usr/local/share:/usr/share:/var/lib/snapd/desktop', 'PYTHONPATH': '/home/vdt_2026/VDT_project/install/vdt_msgs/lib/python3.12/site-packages:/home/vdt_2026/ros2_ws/install/px4_msgs/lib/python3.12/site-packages:/opt/ros/jazzy/lib/python3.12/site-packages:/home/vdt_2026/librealsense/build/Release', 'COLCON': '1', 'CMAKE_PREFIX_PATH': '/home/vdt_2026/VDT_project/install/vdt_msgs:/home/vdt_2026/ros2_ws/install/px4_msgs:/opt/ros/jazzy'}), 'shell': False}
[22.482026] (offboard_manager) CommandEnded: {'returncode': 0}
[22.483156] (offboard_manager) JobProgress: {'identifier': 'offboard_manager', 'progress': 'build'}
[22.483929] (offboard_manager) Command: {'cmd': ['/usr/bin/cmake', '--build', '/home/vdt_2026/VDT_project/build/offboard_manager', '--', '-j4', '-l4'], 'cwd': '/home/vdt_2026/VDT_project/build/offboard_manager', 'env': OrderedDict({'LESSOPEN': '| /usr/bin/lesspipe %s', 'USER': 'vdt_2026', 'SSH_CLIENT': '100.101.240.43 57783 22', 'XDG_SESSION_TYPE': 'tty', 'SHLVL': '1', 'LD_LIBRARY_PATH': '/home/vdt_2026/VDT_project/install/vdt_msgs/lib:/home/vdt_2026/ros2_ws/install/px4_msgs/lib:/opt/ros/jazzy/lib/aarch64-linux-gnu:/opt/ros/jazzy/lib', 'HOME': '/home/vdt_2026', 'OLDPWD': '/home/vdt_2026', 'SSH_TTY': '/dev/pts/3', 'ROS_PYTHON_VERSION': '3', 'DBUS_SESSION_BUS_ADDRESS': 'unix:path=/run/user/1000/bus', 'COLCON_PREFIX_PATH': '/home/vdt_2026/ros2_ws/install', 'ROS_DISTRO': 'jazzy', 'LOGNAME': 'vdt_2026', '_': '/usr/bin/colcon', 'ROS_VERSION': '2', 'XDG_SESSION_CLASS': 'user', 'TERM': 'xterm-256color', 'XDG_SESSION_ID': '11', 'PATH': '/home/vdt_2026/.local/bin:/opt/ros/jazzy/bin:/usr/local/sbin:/usr/local/bin:/usr/sbin:/usr/bin:/sbin:/bin:/usr/games:/usr/local/games:/snap/bin', 'XDG_RUNTIME_DIR': '/run/user/1000', 'LANG': 'en_US.UTF-8', 'LS_COLORS': 'rs=0:di=01;34:ln=01;36:mh=00:pi=40;33:so=01;35:do=01;35:bd=40;33;01:cd=40;33;01:or=40;31;01:mi=00:su=37;41:sg=30;43:ca=00:tw=30;42:ow=34;42:st=37;44:ex=01;32:*.tar=01;31:*.tgz=01;31:*.arc=01;31:*.arj=01;31:*.taz=01;31:*.lha=01;31:*.lz4=01;31:*.lzh=01;31:*.lzma=01;31:*.tlz=01;31:*.txz=01;31:*.tzo=01;31:*.t7z=01;31:*.zip=01;31:*.z=01;31:*.dz=01;31:*.gz=01;31:*.lrz=01;31:*.lz=01;31:*.lzo=01;31:*.xz=01;31:*.zst=01;31:*.tzst=01;31:*.bz2=01;31:*.bz=01;31:*.tbz=01;31:*.tbz2=01;31:*.tz=01;31:*.deb=01;31:*.rpm=01;31:*.jar=01;31:*.war=01;31:*.ear=01;31:*.sar=01;31:*.rar=01;31:*.alz=01;31:*.ace=01;31:*.zoo=01;31:*.cpio=01;31:*.7z=01;31:*.rz=01;31:*.cab=01;31:*.wim=01;31:*.swm=01;31:*.dwm=01;31:*.esd=01;31:*.avif=01;35:*.jpg=01;35:*.jpeg=01;35:*.mjpg=01;35:*.mjpeg=01;35:*.gif=01;35:*.bmp=01;35:*.pbm=01;35:*.pgm=01;35:*.ppm=01;35:*.tga=01;35:*.xbm=01;35:*.xpm=01;35:*.tif=01;35:*.tiff=01;35:*.png=01;35:*.svg=01;35:*.svgz=01;35:*.mng=01;35:*.pcx=01;35:*.mov=01;35:*.mpg=01;35:*.mpeg=01;35:*.m2v=01;35:*.mkv=01;35:*.webm=01;35:*.webp=01;35:*.ogm=01;35:*.mp4=01;35:*.m4v=01;35:*.mp4v=01;35:*.vob=01;35:*.qt=01;35:*.nuv=01;35:*.wmv=01;35:*.asf=01;35:*.rm=01;35:*.rmvb=01;35:*.flc=01;35:*.avi=01;35:*.fli=01;35:*.flv=01;35:*.gl=01;35:*.dl=01;35:*.xcf=01;35:*.xwd=01;35:*.yuv=01;35:*.cgm=01;35:*.emf=01;35:*.ogv=01;35:*.ogx=01;35:*.aac=00;36:*.au=00;36:*.flac=00;36:*.m4a=00;36:*.mid=00;36:*.midi=00;36:*.mka=00;36:*.mp3=00;36:*.mpc=00;36:*.ogg=00;36:*.ra=00;36:*.wav=00;36:*.oga=00;36:*.opus=00;36:*.spx=00;36:*.xspf=00;36:*~=00;90:*#=00;90:*.bak=00;90:*.crdownload=00;90:*.dpkg-dist=00;90:*.dpkg-new=00;90:*.dpkg-old=00;90:*.dpkg-tmp=00;90:*.old=00;90:*.orig=00;90:*.part=00;90:*.rej=00;90:*.rpmnew=00;90:*.rpmorig=00;90:*.rpmsave=00;90:*.swp=00;90:*.tmp=00;90:*.ucf-dist=00;90:*.ucf-new=00;90:*.ucf-old=00;90:', 'AMENT_PREFIX_PATH': '/home/vdt_2026/VDT_project/install/vdt_msgs:/home/vdt_2026/ros2_ws/install/px4_msgs:/opt/ros/jazzy', 'SHELL': '/bin/bash', 'LESSCLOSE': '/usr/bin/lesspipe %s %s', 'ROS_AUTOMATIC_DISCOVERY_RANGE': 'SUBNET', 'PWD': '/home/vdt_2026/VDT_project/build/offboard_manager', 'LC_ALL': 'en_US.UTF-8', 'SSH_CONNECTION': '100.101.240.43 57783 100.65.242.75 22', 'XDG_DATA_DIRS': '/usr/local/share:/usr/share:/var/lib/snapd/desktop', 'PYTHONPATH': '/home/vdt_2026/VDT_project/install/vdt_msgs/lib/python3.12/site-packages:/home/vdt_2026/ros2_ws/install/px4_msgs/lib/python3.12/site-packages:/opt/ros/jazzy/lib/python3.12/site-packages:/home/vdt_2026/librealsense/build/Release', 'COLCON': '1', 'CMAKE_PREFIX_PATH': '/home/vdt_2026/VDT_project/install/vdt_msgs:/home/vdt_2026/ros2_ws/install/px4_msgs:/opt/ros/jazzy'}), 'shell': False}
[22.528515] (-) TimerEvent: {}
[22.580499] (input_state_cache) StdoutLine: {'line': b'-- Found PythonExtra: /usr/bin/python3  \n'}
[22.590822] (input_state_cache) StdoutLine: {'line': b"-- Found gtest sources under '/opt/ros/jazzy/src/gtest_vendor': C++ tests using 'Google Test' will be built\n"}
[22.603536] (rc_parser) StdoutLine: {'line': b'[ 11%] Building CXX object CMakeFiles/rc_node.dir/src/main.cpp.o\n'}
[22.604212] (input_state_cache) StdoutLine: {'line': b'-- Performing Test CMAKE_HAVE_LIBC_PTHREAD\n'}
[22.606890] (rc_parser) StdoutLine: {'line': b'[ 22%] Building CXX object CMakeFiles/rc_node.dir/src/rc_node.cpp.o\n'}
[22.611531] (rc_parser) StdoutLine: {'line': b'[ 33%] Building CXX object CMakeFiles/rc_node.dir/src/rc_logic.cpp.o\n'}
[22.628699] (-) TimerEvent: {}
[22.652285] (rc_parser) StdoutLine: {'line': b'[ 44%] Building CXX object CMakeFiles/rc_logic_test.dir/test/rc_logic_test.cpp.o\n'}
[22.663056] (offboard_manager) StdoutLine: {'line': b'[ 14%] Building CXX object CMakeFiles/offboard_node.dir/src/main.cpp.o\n'}
[22.691556] (offboard_manager) StdoutLine: {'line': b'[ 42%] Building CXX object CMakeFiles/offboard_logic_test.dir/test/offboard_logic_test.cpp.o\n'}
[22.695120] (offboard_manager) StdoutLine: {'line': b'[ 28%] Building CXX object CMakeFiles/offboard_node.dir/src/offboard_node.cpp.o\n'}
[22.700220] (offboard_manager) StdoutLine: {'line': b'[ 57%] Building CXX object CMakeFiles/offboard_node.dir/src/offboard_logic.cpp.o\n'}
[22.729663] (-) TimerEvent: {}
[22.831581] (-) TimerEvent: {}
[22.875477] (rc_parser) StdoutLine: {'line': b'[ 55%] Building CXX object CMakeFiles/rc_logic_test.dir/src/rc_logic.cpp.o\n'}
[22.934510] (-) TimerEvent: {}
[22.934935] (fsm_state_machine) StdoutLine: {'line': b'-- Found PythonExtra: /usr/bin/python3  \n'}
[22.936986] (fsm_state_machine) StdoutLine: {'line': b"-- Found gtest sources under '/opt/ros/jazzy/src/gtest_vendor': C++ tests using 'Google Test' will be built\n"}
[22.949805] (fsm_state_machine) StdoutLine: {'line': b'-- Performing Test CMAKE_HAVE_LIBC_PTHREAD\n'}
[23.036379] (-) TimerEvent: {}
[23.118723] (input_state_cache) StdoutLine: {'line': b'-- Performing Test CMAKE_HAVE_LIBC_PTHREAD - Success\n'}
[23.119854] (input_state_cache) StdoutLine: {'line': b'-- Found Threads: TRUE  \n'}
[23.137520] (-) TimerEvent: {}
[23.225518] (rc_parser) StdoutLine: {'line': b'[ 66%] Building CXX object CMakeFiles/rc_node.dir/src/rc_sbus.cpp.o\n'}
[23.237690] (-) TimerEvent: {}
[23.260220] (rc_parser) StdoutLine: {'line': b'[ 77%] Linking CXX executable rc_logic_test\n'}
[23.327596] (fsm_state_machine) StdoutLine: {'line': b'-- Performing Test CMAKE_HAVE_LIBC_PTHREAD - Success\n'}
[23.328022] (fsm_state_machine) StdoutLine: {'line': b'-- Found Threads: TRUE  \n'}
[23.340523] (-) TimerEvent: {}
[23.442549] (-) TimerEvent: {}
[23.542878] (-) TimerEvent: {}
[23.629596] (rc_parser) StdoutLine: {'line': b'[ 77%] Built target rc_logic_test\n'}
[23.643039] (-) TimerEvent: {}
[23.663588] (rc_parser) StdoutLine: {'line': b'[ 88%] Building CXX object CMakeFiles/rc_node.dir/src/rc_uart.cpp.o\n'}
[23.741371] (fsm_state_machine) StdoutLine: {'line': b'-- Configuring done (3.7s)\n'}
[23.747491] (-) TimerEvent: {}
[23.797548] (input_state_cache) StdoutLine: {'line': b'-- Configuring done (3.7s)\n'}
[23.825978] (fsm_state_machine) StdoutLine: {'line': b'-- Generating done (0.1s)\n'}
[23.850491] (fsm_state_machine) StdoutLine: {'line': b'-- Build files have been written to: /home/vdt_2026/VDT_project/build/fsm_state_machine\n'}
[23.850851] (-) TimerEvent: {}
[23.881252] (fsm_state_machine) CommandEnded: {'returncode': 0}
[23.882582] (fsm_state_machine) JobProgress: {'identifier': 'fsm_state_machine', 'progress': 'build'}
[23.883353] (fsm_state_machine) Command: {'cmd': ['/usr/bin/cmake', '--build', '/home/vdt_2026/VDT_project/build/fsm_state_machine', '--', '-j4', '-l4'], 'cwd': '/home/vdt_2026/VDT_project/build/fsm_state_machine', 'env': OrderedDict({'LESSOPEN': '| /usr/bin/lesspipe %s', 'USER': 'vdt_2026', 'SSH_CLIENT': '100.101.240.43 57783 22', 'XDG_SESSION_TYPE': 'tty', 'SHLVL': '1', 'LD_LIBRARY_PATH': '/home/vdt_2026/VDT_project/install/vdt_msgs/lib:/home/vdt_2026/ros2_ws/install/px4_msgs/lib:/opt/ros/jazzy/lib/aarch64-linux-gnu:/opt/ros/jazzy/lib', 'HOME': '/home/vdt_2026', 'OLDPWD': '/home/vdt_2026', 'SSH_TTY': '/dev/pts/3', 'ROS_PYTHON_VERSION': '3', 'DBUS_SESSION_BUS_ADDRESS': 'unix:path=/run/user/1000/bus', 'COLCON_PREFIX_PATH': '/home/vdt_2026/ros2_ws/install', 'ROS_DISTRO': 'jazzy', 'LOGNAME': 'vdt_2026', '_': '/usr/bin/colcon', 'ROS_VERSION': '2', 'XDG_SESSION_CLASS': 'user', 'TERM': 'xterm-256color', 'XDG_SESSION_ID': '11', 'PATH': '/home/vdt_2026/.local/bin:/opt/ros/jazzy/bin:/usr/local/sbin:/usr/local/bin:/usr/sbin:/usr/bin:/sbin:/bin:/usr/games:/usr/local/games:/snap/bin', 'XDG_RUNTIME_DIR': '/run/user/1000', 'LANG': 'en_US.UTF-8', 'LS_COLORS': 'rs=0:di=01;34:ln=01;36:mh=00:pi=40;33:so=01;35:do=01;35:bd=40;33;01:cd=40;33;01:or=40;31;01:mi=00:su=37;41:sg=30;43:ca=00:tw=30;42:ow=34;42:st=37;44:ex=01;32:*.tar=01;31:*.tgz=01;31:*.arc=01;31:*.arj=01;31:*.taz=01;31:*.lha=01;31:*.lz4=01;31:*.lzh=01;31:*.lzma=01;31:*.tlz=01;31:*.txz=01;31:*.tzo=01;31:*.t7z=01;31:*.zip=01;31:*.z=01;31:*.dz=01;31:*.gz=01;31:*.lrz=01;31:*.lz=01;31:*.lzo=01;31:*.xz=01;31:*.zst=01;31:*.tzst=01;31:*.bz2=01;31:*.bz=01;31:*.tbz=01;31:*.tbz2=01;31:*.tz=01;31:*.deb=01;31:*.rpm=01;31:*.jar=01;31:*.war=01;31:*.ear=01;31:*.sar=01;31:*.rar=01;31:*.alz=01;31:*.ace=01;31:*.zoo=01;31:*.cpio=01;31:*.7z=01;31:*.rz=01;31:*.cab=01;31:*.wim=01;31:*.swm=01;31:*.dwm=01;31:*.esd=01;31:*.avif=01;35:*.jpg=01;35:*.jpeg=01;35:*.mjpg=01;35:*.mjpeg=01;35:*.gif=01;35:*.bmp=01;35:*.pbm=01;35:*.pgm=01;35:*.ppm=01;35:*.tga=01;35:*.xbm=01;35:*.xpm=01;35:*.tif=01;35:*.tiff=01;35:*.png=01;35:*.svg=01;35:*.svgz=01;35:*.mng=01;35:*.pcx=01;35:*.mov=01;35:*.mpg=01;35:*.mpeg=01;35:*.m2v=01;35:*.mkv=01;35:*.webm=01;35:*.webp=01;35:*.ogm=01;35:*.mp4=01;35:*.m4v=01;35:*.mp4v=01;35:*.vob=01;35:*.qt=01;35:*.nuv=01;35:*.wmv=01;35:*.asf=01;35:*.rm=01;35:*.rmvb=01;35:*.flc=01;35:*.avi=01;35:*.fli=01;35:*.flv=01;35:*.gl=01;35:*.dl=01;35:*.xcf=01;35:*.xwd=01;35:*.yuv=01;35:*.cgm=01;35:*.emf=01;35:*.ogv=01;35:*.ogx=01;35:*.aac=00;36:*.au=00;36:*.flac=00;36:*.m4a=00;36:*.mid=00;36:*.midi=00;36:*.mka=00;36:*.mp3=00;36:*.mpc=00;36:*.ogg=00;36:*.ra=00;36:*.wav=00;36:*.oga=00;36:*.opus=00;36:*.spx=00;36:*.xspf=00;36:*~=00;90:*#=00;90:*.bak=00;90:*.crdownload=00;90:*.dpkg-dist=00;90:*.dpkg-new=00;90:*.dpkg-old=00;90:*.dpkg-tmp=00;90:*.old=00;90:*.orig=00;90:*.part=00;90:*.rej=00;90:*.rpmnew=00;90:*.rpmorig=00;90:*.rpmsave=00;90:*.swp=00;90:*.tmp=00;90:*.ucf-dist=00;90:*.ucf-new=00;90:*.ucf-old=00;90:', 'AMENT_PREFIX_PATH': '/home/vdt_2026/VDT_project/install/vdt_msgs:/home/vdt_2026/ros2_ws/install/px4_msgs:/opt/ros/jazzy', 'SHELL': '/bin/bash', 'LESSCLOSE': '/usr/bin/lesspipe %s %s', 'ROS_AUTOMATIC_DISCOVERY_RANGE': 'SUBNET', 'PWD': '/home/vdt_2026/VDT_project/build/fsm_state_machine', 'LC_ALL': 'en_US.UTF-8', 'SSH_CONNECTION': '100.101.240.43 57783 100.65.242.75 22', 'XDG_DATA_DIRS': '/usr/local/share:/usr/share:/var/lib/snapd/desktop', 'PYTHONPATH': '/home/vdt_2026/VDT_project/install/vdt_msgs/lib/python3.12/site-packages:/home/vdt_2026/ros2_ws/install/px4_msgs/lib/python3.12/site-packages:/opt/ros/jazzy/lib/python3.12/site-packages:/home/vdt_2026/librealsense/build/Release', 'COLCON': '1', 'CMAKE_PREFIX_PATH': '/home/vdt_2026/VDT_project/install/vdt_msgs:/home/vdt_2026/ros2_ws/install/px4_msgs:/opt/ros/jazzy'}), 'shell': False}
[23.951044] (-) TimerEvent: {}
[23.985827] (input_state_cache) StdoutLine: {'line': b'-- Generating done (0.1s)\n'}
[24.037780] (input_state_cache) StdoutLine: {'line': b'-- Build files have been written to: /home/vdt_2026/VDT_project/build/input_state_cache\n'}
[24.055528] (-) TimerEvent: {}
[24.073785] (offboard_manager) StdoutLine: {'line': b'[ 71%] Building CXX object CMakeFiles/offboard_logic_test.dir/src/offboard_logic.cpp.o\n'}
[24.147714] (fsm_state_machine) StdoutLine: {'line': b'[  5%] Building CXX object gtest/CMakeFiles/gtest.dir/src/gtest-all.cc.o\n'}
[24.159918] (input_state_cache) CommandEnded: {'returncode': 0}
[24.160712] (-) TimerEvent: {}
[24.160785] (input_state_cache) JobProgress: {'identifier': 'input_state_cache', 'progress': 'build'}
[24.160828] (input_state_cache) Command: {'cmd': ['/usr/bin/cmake', '--build', '/home/vdt_2026/VDT_project/build/input_state_cache', '--', '-j4', '-l4'], 'cwd': '/home/vdt_2026/VDT_project/build/input_state_cache', 'env': OrderedDict({'LESSOPEN': '| /usr/bin/lesspipe %s', 'USER': 'vdt_2026', 'SSH_CLIENT': '100.101.240.43 57783 22', 'XDG_SESSION_TYPE': 'tty', 'SHLVL': '1', 'LD_LIBRARY_PATH': '/home/vdt_2026/VDT_project/install/vdt_msgs/lib:/home/vdt_2026/ros2_ws/install/px4_msgs/lib:/opt/ros/jazzy/lib/aarch64-linux-gnu:/opt/ros/jazzy/lib', 'HOME': '/home/vdt_2026', 'OLDPWD': '/home/vdt_2026', 'SSH_TTY': '/dev/pts/3', 'ROS_PYTHON_VERSION': '3', 'DBUS_SESSION_BUS_ADDRESS': 'unix:path=/run/user/1000/bus', 'COLCON_PREFIX_PATH': '/home/vdt_2026/ros2_ws/install', 'ROS_DISTRO': 'jazzy', 'LOGNAME': 'vdt_2026', '_': '/usr/bin/colcon', 'ROS_VERSION': '2', 'XDG_SESSION_CLASS': 'user', 'TERM': 'xterm-256color', 'XDG_SESSION_ID': '11', 'PATH': '/home/vdt_2026/.local/bin:/opt/ros/jazzy/bin:/usr/local/sbin:/usr/local/bin:/usr/sbin:/usr/bin:/sbin:/bin:/usr/games:/usr/local/games:/snap/bin', 'XDG_RUNTIME_DIR': '/run/user/1000', 'LANG': 'en_US.UTF-8', 'LS_COLORS': 'rs=0:di=01;34:ln=01;36:mh=00:pi=40;33:so=01;35:do=01;35:bd=40;33;01:cd=40;33;01:or=40;31;01:mi=00:su=37;41:sg=30;43:ca=00:tw=30;42:ow=34;42:st=37;44:ex=01;32:*.tar=01;31:*.tgz=01;31:*.arc=01;31:*.arj=01;31:*.taz=01;31:*.lha=01;31:*.lz4=01;31:*.lzh=01;31:*.lzma=01;31:*.tlz=01;31:*.txz=01;31:*.tzo=01;31:*.t7z=01;31:*.zip=01;31:*.z=01;31:*.dz=01;31:*.gz=01;31:*.lrz=01;31:*.lz=01;31:*.lzo=01;31:*.xz=01;31:*.zst=01;31:*.tzst=01;31:*.bz2=01;31:*.bz=01;31:*.tbz=01;31:*.tbz2=01;31:*.tz=01;31:*.deb=01;31:*.rpm=01;31:*.jar=01;31:*.war=01;31:*.ear=01;31:*.sar=01;31:*.rar=01;31:*.alz=01;31:*.ace=01;31:*.zoo=01;31:*.cpio=01;31:*.7z=01;31:*.rz=01;31:*.cab=01;31:*.wim=01;31:*.swm=01;31:*.dwm=01;31:*.esd=01;31:*.avif=01;35:*.jpg=01;35:*.jpeg=01;35:*.mjpg=01;35:*.mjpeg=01;35:*.gif=01;35:*.bmp=01;35:*.pbm=01;35:*.pgm=01;35:*.ppm=01;35:*.tga=01;35:*.xbm=01;35:*.xpm=01;35:*.tif=01;35:*.tiff=01;35:*.png=01;35:*.svg=01;35:*.svgz=01;35:*.mng=01;35:*.pcx=01;35:*.mov=01;35:*.mpg=01;35:*.mpeg=01;35:*.m2v=01;35:*.mkv=01;35:*.webm=01;35:*.webp=01;35:*.ogm=01;35:*.mp4=01;35:*.m4v=01;35:*.mp4v=01;35:*.vob=01;35:*.qt=01;35:*.nuv=01;35:*.wmv=01;35:*.asf=01;35:*.rm=01;35:*.rmvb=01;35:*.flc=01;35:*.avi=01;35:*.fli=01;35:*.flv=01;35:*.gl=01;35:*.dl=01;35:*.xcf=01;35:*.xwd=01;35:*.yuv=01;35:*.cgm=01;35:*.emf=01;35:*.ogv=01;35:*.ogx=01;35:*.aac=00;36:*.au=00;36:*.flac=00;36:*.m4a=00;36:*.mid=00;36:*.midi=00;36:*.mka=00;36:*.mp3=00;36:*.mpc=00;36:*.ogg=00;36:*.ra=00;36:*.wav=00;36:*.oga=00;36:*.opus=00;36:*.spx=00;36:*.xspf=00;36:*~=00;90:*#=00;90:*.bak=00;90:*.crdownload=00;90:*.dpkg-dist=00;90:*.dpkg-new=00;90:*.dpkg-old=00;90:*.dpkg-tmp=00;90:*.old=00;90:*.orig=00;90:*.part=00;90:*.rej=00;90:*.rpmnew=00;90:*.rpmorig=00;90:*.rpmsave=00;90:*.swp=00;90:*.tmp=00;90:*.ucf-dist=00;90:*.ucf-new=00;90:*.ucf-old=00;90:', 'AMENT_PREFIX_PATH': '/home/vdt_2026/VDT_project/install/vdt_msgs:/home/vdt_2026/ros2_ws/install/px4_msgs:/opt/ros/jazzy', 'SHELL': '/bin/bash', 'LESSCLOSE': '/usr/bin/lesspipe %s %s', 'ROS_AUTOMATIC_DISCOVERY_RANGE': 'SUBNET', 'PWD': '/home/vdt_2026/VDT_project/build/input_state_cache', 'LC_ALL': 'en_US.UTF-8', 'SSH_CONNECTION': '100.101.240.43 57783 100.65.242.75 22', 'XDG_DATA_DIRS': '/usr/local/share:/usr/share:/var/lib/snapd/desktop', 'PYTHONPATH': '/home/vdt_2026/VDT_project/install/vdt_msgs/lib/python3.12/site-packages:/home/vdt_2026/ros2_ws/install/px4_msgs/lib/python3.12/site-packages:/opt/ros/jazzy/lib/python3.12/site-packages:/home/vdt_2026/librealsense/build/Release', 'COLCON': '1', 'CMAKE_PREFIX_PATH': '/home/vdt_2026/VDT_project/install/vdt_msgs:/home/vdt_2026/ros2_ws/install/px4_msgs:/opt/ros/jazzy'}), 'shell': False}
[24.179544] (fsm_state_machine) StdoutLine: {'line': b'[ 16%] Building CXX object gtest/CMakeFiles/gtest_main.dir/src/gtest_main.cc.o\n'}
[24.180255] (fsm_state_machine) StdoutLine: {'line': b'[ 16%] Building CXX object CMakeFiles/fsm_logic.dir/src/fsm_logic.cpp.o\n'}
[24.260867] (-) TimerEvent: {}
[24.366492] (-) TimerEvent: {}
[24.377097] (input_state_cache) StdoutLine: {'line': b'[  9%] Building CXX object CMakeFiles/input_cache_node.dir/src/main.cpp.o\n'}
[24.392813] (input_state_cache) StdoutLine: {'line': b'[ 18%] Building CXX object CMakeFiles/input_cache_node.dir/src/input_cache_node.cpp.o\n'}
[24.414697] (input_state_cache) StdoutLine: {'line': b'[ 27%] Building CXX object gtest/CMakeFiles/gtest_main.dir/src/gtest_main.cc.o\n'}
[24.416916] (input_state_cache) StdoutLine: {'line': b'[ 36%] Building CXX object gtest/CMakeFiles/gtest.dir/src/gtest-all.cc.o\n'}
[24.469529] (-) TimerEvent: {}
[24.571506] (-) TimerEvent: {}
[24.673513] (-) TimerEvent: {}
[24.773782] (-) TimerEvent: {}
[24.876498] (-) TimerEvent: {}
[24.978507] (-) TimerEvent: {}
[25.078794] (-) TimerEvent: {}
[25.181492] (-) TimerEvent: {}
[25.281757] (-) TimerEvent: {}
[25.382070] (-) TimerEvent: {}
[25.482371] (-) TimerEvent: {}
[25.585529] (-) TimerEvent: {}
[25.685847] (-) TimerEvent: {}
[25.708541] (offboard_manager) StdoutLine: {'line': b'[ 85%] Linking CXX executable offboard_logic_test\n'}
[25.785986] (-) TimerEvent: {}
[25.888547] (-) TimerEvent: {}
[25.988858] (-) TimerEvent: {}
[26.089252] (-) TimerEvent: {}
[26.189581] (-) TimerEvent: {}
[26.241568] (offboard_manager) StdoutLine: {'line': b'[ 85%] Built target offboard_logic_test\n'}
[26.269422] (fsm_state_machine) StdoutLine: {'line': b'[ 22%] Linking CXX static library libfsm_logic.a\n'}
[26.289698] (-) TimerEvent: {}
[26.390018] (-) TimerEvent: {}
[26.433506] (fsm_state_machine) StdoutLine: {'line': b'[ 22%] Built target fsm_logic\n'}
[26.490234] (-) TimerEvent: {}
[26.572478] (fsm_state_machine) StdoutLine: {'line': b'[ 27%] Building CXX object CMakeFiles/fsm_actions.dir/src/fsm_actions.cpp.o\n'}
[26.590380] (-) TimerEvent: {}
[26.693538] (-) TimerEvent: {}
[26.793841] (-) TimerEvent: {}
[26.894136] (-) TimerEvent: {}
[26.994482] (-) TimerEvent: {}
[27.097508] (-) TimerEvent: {}
[27.202521] (-) TimerEvent: {}
[27.302836] (-) TimerEvent: {}
[27.403117] (-) TimerEvent: {}
[27.503454] (-) TimerEvent: {}
[27.606546] (-) TimerEvent: {}
[27.706867] (-) TimerEvent: {}
[27.807172] (-) TimerEvent: {}
[27.907524] (-) TimerEvent: {}
[28.010506] (-) TimerEvent: {}
[28.110780] (-) TimerEvent: {}
[28.211090] (-) TimerEvent: {}
[28.311424] (-) TimerEvent: {}
[28.413545] (-) TimerEvent: {}
[28.514550] (-) TimerEvent: {}
[28.614852] (-) TimerEvent: {}
[28.715139] (-) TimerEvent: {}
[28.815450] (-) TimerEvent: {}
[28.915756] (-) TimerEvent: {}
[29.016061] (-) TimerEvent: {}
[29.118511] (-) TimerEvent: {}
[29.218797] (-) TimerEvent: {}
[29.319099] (-) TimerEvent: {}
[29.422531] (-) TimerEvent: {}
[29.522825] (-) TimerEvent: {}
[29.623132] (-) TimerEvent: {}
[29.723481] (-) TimerEvent: {}
[29.823764] (-) TimerEvent: {}
[29.924060] (-) TimerEvent: {}
[30.024342] (-) TimerEvent: {}
[30.124661] (-) TimerEvent: {}
[30.221503] (input_state_cache) StdoutLine: {'line': b'[ 45%] Linking CXX static library libgtest_main.a\n'}
[30.227522] (-) TimerEvent: {}
[30.327827] (-) TimerEvent: {}
[30.411517] (input_state_cache) StdoutLine: {'line': b'[ 45%] Built target gtest_main\n'}
[30.430535] (-) TimerEvent: {}
[30.445046] (input_state_cache) StdoutLine: {'line': b'[ 54%] Building CXX object CMakeFiles/input_cache_node.dir/src/input_cache_logic.cpp.o\n'}
[30.530719] (-) TimerEvent: {}
[30.635521] (-) TimerEvent: {}
[30.735848] (-) TimerEvent: {}
[30.836141] (-) TimerEvent: {}
[30.936467] (-) TimerEvent: {}
[31.039525] (-) TimerEvent: {}
[31.139813] (-) TimerEvent: {}
[31.238582] (fsm_state_machine) StdoutLine: {'line': b'[ 33%] Linking CXX static library libgtest_main.a\n'}
[31.239951] (-) TimerEvent: {}
[31.340249] (-) TimerEvent: {}
[31.422505] (fsm_state_machine) StdoutLine: {'line': b'[ 33%] Built target gtest_main\n'}
[31.440421] (-) TimerEvent: {}
[31.540702] (-) TimerEvent: {}
[31.643507] (-) TimerEvent: {}
[31.743780] (-) TimerEvent: {}
[31.844089] (-) TimerEvent: {}
[31.944410] (-) TimerEvent: {}
[32.047503] (-) TimerEvent: {}
[32.147774] (-) TimerEvent: {}
[32.248046] (-) TimerEvent: {}
[32.348326] (-) TimerEvent: {}
[32.448618] (-) TimerEvent: {}
[32.548882] (-) TimerEvent: {}
[32.649168] (-) TimerEvent: {}
[32.749479] (-) TimerEvent: {}
[32.849751] (-) TimerEvent: {}
[32.950026] (-) TimerEvent: {}
[33.052521] (-) TimerEvent: {}
[33.152805] (-) TimerEvent: {}
[33.253086] (-) TimerEvent: {}
[33.353652] (-) TimerEvent: {}
[33.456518] (-) TimerEvent: {}
[33.558513] (-) TimerEvent: {}
[33.658824] (-) TimerEvent: {}
[33.759118] (-) TimerEvent: {}
[33.859475] (-) TimerEvent: {}
[33.962518] (-) TimerEvent: {}
[34.063502] (-) TimerEvent: {}
[34.163789] (-) TimerEvent: {}
[34.264073] (-) TimerEvent: {}
[34.364356] (-) TimerEvent: {}
[34.464660] (-) TimerEvent: {}
[34.564940] (-) TimerEvent: {}
[34.667527] (-) TimerEvent: {}
[34.769528] (-) TimerEvent: {}
[34.869807] (-) TimerEvent: {}
[34.970130] (-) TimerEvent: {}
[35.070488] (-) TimerEvent: {}
[35.173539] (-) TimerEvent: {}
[35.275514] (-) TimerEvent: {}
[35.375814] (-) TimerEvent: {}
[35.476104] (-) TimerEvent: {}
[35.576381] (-) TimerEvent: {}
[35.676731] (-) TimerEvent: {}
[35.777023] (-) TimerEvent: {}
[35.877333] (-) TimerEvent: {}
[35.979535] (-) TimerEvent: {}
[36.079862] (-) TimerEvent: {}
[36.180164] (-) TimerEvent: {}
[36.280494] (-) TimerEvent: {}
[36.380797] (-) TimerEvent: {}
[36.481098] (-) TimerEvent: {}
[36.581438] (-) TimerEvent: {}
[36.684531] (-) TimerEvent: {}
[36.786509] (-) TimerEvent: {}
[36.886805] (-) TimerEvent: {}
[36.987119] (-) TimerEvent: {}
[37.087446] (-) TimerEvent: {}
[37.190526] (-) TimerEvent: {}
[37.290820] (-) TimerEvent: {}
[37.391122] (-) TimerEvent: {}
[37.491451] (-) TimerEvent: {}
[37.594513] (-) TimerEvent: {}
[37.694811] (-) TimerEvent: {}
[37.795119] (-) TimerEvent: {}
[37.895440] (-) TimerEvent: {}
[37.998508] (-) TimerEvent: {}
[38.100509] (-) TimerEvent: {}
[38.200786] (-) TimerEvent: {}
[38.301085] (-) TimerEvent: {}
[38.401363] (-) TimerEvent: {}
[38.504524] (-) TimerEvent: {}
[38.604811] (-) TimerEvent: {}
[38.705071] (-) TimerEvent: {}
[38.805357] (-) TimerEvent: {}
[38.905667] (-) TimerEvent: {}
[39.005953] (-) TimerEvent: {}
[39.106247] (-) TimerEvent: {}
[39.208520] (-) TimerEvent: {}
[39.308797] (-) TimerEvent: {}
[39.409112] (-) TimerEvent: {}
[39.509440] (-) TimerEvent: {}
[39.612519] (-) TimerEvent: {}
[39.712825] (-) TimerEvent: {}
[39.813118] (-) TimerEvent: {}
[39.913431] (-) TimerEvent: {}
[40.015514] (-) TimerEvent: {}
[40.115801] (-) TimerEvent: {}
[40.216099] (-) TimerEvent: {}
[40.316459] (-) TimerEvent: {}
[40.416771] (-) TimerEvent: {}
[40.519709] (-) TimerEvent: {}
[40.620002] (-) TimerEvent: {}
[40.720289] (-) TimerEvent: {}
[40.820586] (-) TimerEvent: {}
[40.920886] (-) TimerEvent: {}
[41.021175] (-) TimerEvent: {}
[41.121481] (-) TimerEvent: {}
[41.222576] (-) TimerEvent: {}
[41.324515] (-) TimerEvent: {}
[41.426521] (-) TimerEvent: {}
[41.526834] (-) TimerEvent: {}
[41.627115] (-) TimerEvent: {}
[41.727429] (-) TimerEvent: {}
[41.827721] (-) TimerEvent: {}
[41.928041] (-) TimerEvent: {}
[42.028304] (-) TimerEvent: {}
[42.128588] (-) TimerEvent: {}
[42.231514] (-) TimerEvent: {}
[42.331807] (-) TimerEvent: {}
[42.432102] (-) TimerEvent: {}
[42.532451] (-) TimerEvent: {}
[42.632796] (-) TimerEvent: {}
[42.734531] (-) TimerEvent: {}
[42.834820] (-) TimerEvent: {}
[42.937512] (-) TimerEvent: {}
[43.037797] (-) TimerEvent: {}
[43.138097] (-) TimerEvent: {}
[43.238434] (-) TimerEvent: {}
[43.338772] (-) TimerEvent: {}
[43.439176] (-) TimerEvent: {}
[43.540513] (-) TimerEvent: {}
[43.642508] (-) TimerEvent: {}
[43.742787] (-) TimerEvent: {}
[43.843090] (-) TimerEvent: {}
[43.947509] (-) TimerEvent: {}
[44.047797] (-) TimerEvent: {}
[44.148105] (-) TimerEvent: {}
[44.248420] (-) TimerEvent: {}
[44.348707] (-) TimerEvent: {}
[44.448995] (-) TimerEvent: {}
[44.549290] (-) TimerEvent: {}
[44.649634] (-) TimerEvent: {}
[44.749940] (-) TimerEvent: {}
[44.850239] (-) TimerEvent: {}
[44.950525] (-) TimerEvent: {}
[45.050838] (-) TimerEvent: {}
[45.152514] (-) TimerEvent: {}
[45.252813] (-) TimerEvent: {}
[45.353107] (-) TimerEvent: {}
[45.457521] (-) TimerEvent: {}
[45.557818] (-) TimerEvent: {}
[45.658163] (-) TimerEvent: {}
[45.758493] (-) TimerEvent: {}
[45.858781] (-) TimerEvent: {}
[45.959102] (-) TimerEvent: {}
[46.059452] (-) TimerEvent: {}
[46.159737] (-) TimerEvent: {}
[46.260009] (-) TimerEvent: {}
[46.362512] (-) TimerEvent: {}
[46.463541] (-) TimerEvent: {}
[46.563996] (-) TimerEvent: {}
[46.664430] (-) TimerEvent: {}
[46.764703] (-) TimerEvent: {}
[46.864992] (-) TimerEvent: {}
[46.965299] (-) TimerEvent: {}
[47.065628] (-) TimerEvent: {}
[47.171517] (-) TimerEvent: {}
[47.271813] (-) TimerEvent: {}
[47.372140] (-) TimerEvent: {}
[47.472495] (-) TimerEvent: {}
[47.572831] (-) TimerEvent: {}
[47.673142] (-) TimerEvent: {}
[47.773474] (-) TimerEvent: {}
[47.873751] (-) TimerEvent: {}
[47.974046] (-) TimerEvent: {}
[48.075534] (-) TimerEvent: {}
[48.175829] (-) TimerEvent: {}
[48.276117] (-) TimerEvent: {}
[48.377506] (-) TimerEvent: {}
[48.477811] (-) TimerEvent: {}
[48.578115] (-) TimerEvent: {}
[48.678460] (-) TimerEvent: {}
[48.778771] (-) TimerEvent: {}
[48.879073] (-) TimerEvent: {}
[48.981528] (-) TimerEvent: {}
[49.081801] (-) TimerEvent: {}
[49.182097] (-) TimerEvent: {}
[49.282442] (-) TimerEvent: {}
[49.382755] (-) TimerEvent: {}
[49.483079] (-) TimerEvent: {}
[49.585521] (-) TimerEvent: {}
[49.685795] (-) TimerEvent: {}
[49.786101] (-) TimerEvent: {}
[49.886409] (-) TimerEvent: {}
[49.989514] (-) TimerEvent: {}
[50.089808] (-) TimerEvent: {}
[50.190127] (-) TimerEvent: {}
[50.290468] (-) TimerEvent: {}
[50.390780] (-) TimerEvent: {}
[50.491105] (-) TimerEvent: {}
[50.591447] (-) TimerEvent: {}
[50.691795] (-) TimerEvent: {}
[50.794546] (-) TimerEvent: {}
[50.894866] (-) TimerEvent: {}
[50.995147] (-) TimerEvent: {}
[51.095456] (-) TimerEvent: {}
[51.198514] (-) TimerEvent: {}
[51.298800] (-) TimerEvent: {}
[51.399091] (-) TimerEvent: {}
[51.499408] (-) TimerEvent: {}
[51.599713] (-) TimerEvent: {}
[51.699999] (-) TimerEvent: {}
[51.800297] (-) TimerEvent: {}
[51.900612] (-) TimerEvent: {}
[52.000905] (-) TimerEvent: {}
[52.105518] (-) TimerEvent: {}
[52.205815] (-) TimerEvent: {}
[52.306128] (-) TimerEvent: {}
[52.406463] (-) TimerEvent: {}
[52.506758] (-) TimerEvent: {}
[52.607049] (-) TimerEvent: {}
[52.707359] (-) TimerEvent: {}
[52.809517] (-) TimerEvent: {}
[52.909814] (-) TimerEvent: {}
[53.010112] (-) TimerEvent: {}
[53.110461] (-) TimerEvent: {}
[53.213503] (-) TimerEvent: {}
[53.313777] (-) TimerEvent: {}
[53.414072] (-) TimerEvent: {}
[53.514361] (-) TimerEvent: {}
[53.614665] (-) TimerEvent: {}
[53.715008] (-) TimerEvent: {}
[53.809088] (rc_parser) StdoutLine: {'line': b'[100%] Linking CXX executable rc_node\n'}
[53.815148] (-) TimerEvent: {}
[53.915468] (-) TimerEvent: {}
[54.015824] (-) TimerEvent: {}
[54.117547] (-) TimerEvent: {}
[54.219497] (-) TimerEvent: {}
[54.308482] (rc_parser) StdoutLine: {'line': b'[100%] Built target rc_node\n'}
[54.319654] (-) TimerEvent: {}
[54.361889] (rc_parser) CommandEnded: {'returncode': 0}
[54.362546] (rc_parser) JobProgress: {'identifier': 'rc_parser', 'progress': 'install'}
[54.362601] (rc_parser) Command: {'cmd': ['/usr/bin/cmake', '--install', '/home/vdt_2026/VDT_project/build/rc_parser'], 'cwd': '/home/vdt_2026/VDT_project/build/rc_parser', 'env': OrderedDict({'LESSOPEN': '| /usr/bin/lesspipe %s', 'USER': 'vdt_2026', 'SSH_CLIENT': '100.101.240.43 57783 22', 'XDG_SESSION_TYPE': 'tty', 'SHLVL': '1', 'LD_LIBRARY_PATH': '/home/vdt_2026/VDT_project/install/vdt_msgs/lib:/home/vdt_2026/ros2_ws/install/px4_msgs/lib:/opt/ros/jazzy/lib/aarch64-linux-gnu:/opt/ros/jazzy/lib', 'HOME': '/home/vdt_2026', 'OLDPWD': '/home/vdt_2026', 'SSH_TTY': '/dev/pts/3', 'ROS_PYTHON_VERSION': '3', 'DBUS_SESSION_BUS_ADDRESS': 'unix:path=/run/user/1000/bus', 'COLCON_PREFIX_PATH': '/home/vdt_2026/ros2_ws/install', 'ROS_DISTRO': 'jazzy', 'LOGNAME': 'vdt_2026', '_': '/usr/bin/colcon', 'ROS_VERSION': '2', 'XDG_SESSION_CLASS': 'user', 'TERM': 'xterm-256color', 'XDG_SESSION_ID': '11', 'PATH': '/home/vdt_2026/.local/bin:/opt/ros/jazzy/bin:/usr/local/sbin:/usr/local/bin:/usr/sbin:/usr/bin:/sbin:/bin:/usr/games:/usr/local/games:/snap/bin', 'XDG_RUNTIME_DIR': '/run/user/1000', 'LANG': 'en_US.UTF-8', 'LS_COLORS': 'rs=0:di=01;34:ln=01;36:mh=00:pi=40;33:so=01;35:do=01;35:bd=40;33;01:cd=40;33;01:or=40;31;01:mi=00:su=37;41:sg=30;43:ca=00:tw=30;42:ow=34;42:st=37;44:ex=01;32:*.tar=01;31:*.tgz=01;31:*.arc=01;31:*.arj=01;31:*.taz=01;31:*.lha=01;31:*.lz4=01;31:*.lzh=01;31:*.lzma=01;31:*.tlz=01;31:*.txz=01;31:*.tzo=01;31:*.t7z=01;31:*.zip=01;31:*.z=01;31:*.dz=01;31:*.gz=01;31:*.lrz=01;31:*.lz=01;31:*.lzo=01;31:*.xz=01;31:*.zst=01;31:*.tzst=01;31:*.bz2=01;31:*.bz=01;31:*.tbz=01;31:*.tbz2=01;31:*.tz=01;31:*.deb=01;31:*.rpm=01;31:*.jar=01;31:*.war=01;31:*.ear=01;31:*.sar=01;31:*.rar=01;31:*.alz=01;31:*.ace=01;31:*.zoo=01;31:*.cpio=01;31:*.7z=01;31:*.rz=01;31:*.cab=01;31:*.wim=01;31:*.swm=01;31:*.dwm=01;31:*.esd=01;31:*.avif=01;35:*.jpg=01;35:*.jpeg=01;35:*.mjpg=01;35:*.mjpeg=01;35:*.gif=01;35:*.bmp=01;35:*.pbm=01;35:*.pgm=01;35:*.ppm=01;35:*.tga=01;35:*.xbm=01;35:*.xpm=01;35:*.tif=01;35:*.tiff=01;35:*.png=01;35:*.svg=01;35:*.svgz=01;35:*.mng=01;35:*.pcx=01;35:*.mov=01;35:*.mpg=01;35:*.mpeg=01;35:*.m2v=01;35:*.mkv=01;35:*.webm=01;35:*.webp=01;35:*.ogm=01;35:*.mp4=01;35:*.m4v=01;35:*.mp4v=01;35:*.vob=01;35:*.qt=01;35:*.nuv=01;35:*.wmv=01;35:*.asf=01;35:*.rm=01;35:*.rmvb=01;35:*.flc=01;35:*.avi=01;35:*.fli=01;35:*.flv=01;35:*.gl=01;35:*.dl=01;35:*.xcf=01;35:*.xwd=01;35:*.yuv=01;35:*.cgm=01;35:*.emf=01;35:*.ogv=01;35:*.ogx=01;35:*.aac=00;36:*.au=00;36:*.flac=00;36:*.m4a=00;36:*.mid=00;36:*.midi=00;36:*.mka=00;36:*.mp3=00;36:*.mpc=00;36:*.ogg=00;36:*.ra=00;36:*.wav=00;36:*.oga=00;36:*.opus=00;36:*.spx=00;36:*.xspf=00;36:*~=00;90:*#=00;90:*.bak=00;90:*.crdownload=00;90:*.dpkg-dist=00;90:*.dpkg-new=00;90:*.dpkg-old=00;90:*.dpkg-tmp=00;90:*.old=00;90:*.orig=00;90:*.part=00;90:*.rej=00;90:*.rpmnew=00;90:*.rpmorig=00;90:*.rpmsave=00;90:*.swp=00;90:*.tmp=00;90:*.ucf-dist=00;90:*.ucf-new=00;90:*.ucf-old=00;90:', 'AMENT_PREFIX_PATH': '/home/vdt_2026/VDT_project/install/vdt_msgs:/home/vdt_2026/ros2_ws/install/px4_msgs:/opt/ros/jazzy', 'SHELL': '/bin/bash', 'LESSCLOSE': '/usr/bin/lesspipe %s %s', 'ROS_AUTOMATIC_DISCOVERY_RANGE': 'SUBNET', 'PWD': '/home/vdt_2026/VDT_project/build/rc_parser', 'LC_ALL': 'en_US.UTF-8', 'SSH_CONNECTION': '100.101.240.43 57783 100.65.242.75 22', 'XDG_DATA_DIRS': '/usr/local/share:/usr/share:/var/lib/snapd/desktop', 'PYTHONPATH': '/home/vdt_2026/VDT_project/install/vdt_msgs/lib/python3.12/site-packages:/home/vdt_2026/ros2_ws/install/px4_msgs/lib/python3.12/site-packages:/opt/ros/jazzy/lib/python3.12/site-packages:/home/vdt_2026/librealsense/build/Release', 'COLCON': '1', 'CMAKE_PREFIX_PATH': '/home/vdt_2026/VDT_project/install/vdt_msgs:/home/vdt_2026/ros2_ws/install/px4_msgs:/opt/ros/jazzy'}), 'shell': False}
[54.402761] (rc_parser) StdoutLine: {'line': b'-- Install configuration: "Release"\n'}
[54.404247] (rc_parser) StdoutLine: {'line': b'-- Installing: /home/vdt_2026/VDT_project/install/rc_parser/lib/rc_parser/rc_node\n'}
[54.404594] (rc_parser) StdoutLine: {'line': b'-- Set non-toolchain portion of runtime path of "/home/vdt_2026/VDT_project/install/rc_parser/lib/rc_parser/rc_node" to ""\n'}
[54.404755] (rc_parser) StdoutLine: {'line': b'-- Installing: /home/vdt_2026/VDT_project/install/rc_parser/include\n'}
[54.404889] (rc_parser) StdoutLine: {'line': b'-- Installing: /home/vdt_2026/VDT_project/install/rc_parser/include/rc_parser\n'}
[54.414708] (rc_parser) StdoutLine: {'line': b'-- Installing: /home/vdt_2026/VDT_project/install/rc_parser/include/rc_parser/rc_logic.hpp\n'}
[54.415076] (rc_parser) StdoutLine: {'line': b'-- Installing: /home/vdt_2026/VDT_project/install/rc_parser/include/rc_parser/rc_sbus.hpp\n'}
[54.415229] (rc_parser) StdoutLine: {'line': b'-- Installing: /home/vdt_2026/VDT_project/install/rc_parser/include/rc_parser/rc_types.hpp\n'}
[54.415352] (rc_parser) StdoutLine: {'line': b'-- Installing: /home/vdt_2026/VDT_project/install/rc_parser/include/rc_parser/rc_node.hpp\n'}
[54.415509] (rc_parser) StdoutLine: {'line': b'-- Installing: /home/vdt_2026/VDT_project/install/rc_parser/include/rc_parser/rc_uart.hpp\n'}
[54.415645] (rc_parser) StdoutLine: {'line': b'-- Installing: /home/vdt_2026/VDT_project/install/rc_parser/share/ament_index/resource_index/package_run_dependencies/rc_parser\n'}
[54.415770] (rc_parser) StdoutLine: {'line': b'-- Installing: /home/vdt_2026/VDT_project/install/rc_parser/share/ament_index/resource_index/parent_prefix_path/rc_parser\n'}
[54.415888] (rc_parser) StdoutLine: {'line': b'-- Installing: /home/vdt_2026/VDT_project/install/rc_parser/share/rc_parser/environment/ament_prefix_path.sh\n'}
[54.416039] (rc_parser) StdoutLine: {'line': b'-- Installing: /home/vdt_2026/VDT_project/install/rc_parser/share/rc_parser/environment/ament_prefix_path.dsv\n'}
[54.417764] (rc_parser) StdoutLine: {'line': b'-- Installing: /home/vdt_2026/VDT_project/install/rc_parser/share/rc_parser/environment/path.sh\n'}
[54.419527] (rc_parser) StdoutLine: {'line': b'-- Installing: /home/vdt_2026/VDT_project/install/rc_parser/share/rc_parser/environment/path.dsv\n'}
[54.420446] (-) TimerEvent: {}
[54.425805] (rc_parser) StdoutLine: {'line': b'-- Installing: /home/vdt_2026/VDT_project/install/rc_parser/share/rc_parser/local_setup.bash\n'}
[54.426625] (rc_parser) StdoutLine: {'line': b'-- Installing: /home/vdt_2026/VDT_project/install/rc_parser/share/rc_parser/local_setup.sh\n'}
[54.427375] (rc_parser) StdoutLine: {'line': b'-- Installing: /home/vdt_2026/VDT_project/install/rc_parser/share/rc_parser/local_setup.zsh\n'}
[54.430727] (rc_parser) StdoutLine: {'line': b'-- Installing: /home/vdt_2026/VDT_project/install/rc_parser/share/rc_parser/local_setup.dsv\n'}
[54.431717] (rc_parser) StdoutLine: {'line': b'-- Installing: /home/vdt_2026/VDT_project/install/rc_parser/share/rc_parser/package.dsv\n'}
[54.432076] (rc_parser) StdoutLine: {'line': b'-- Installing: /home/vdt_2026/VDT_project/install/rc_parser/share/ament_index/resource_index/packages/rc_parser\n'}
[54.432271] (rc_parser) StdoutLine: {'line': b'-- Installing: /home/vdt_2026/VDT_project/install/rc_parser/share/rc_parser/cmake/ament_cmake_export_include_directories-extras.cmake\n'}
[54.435356] (rc_parser) StdoutLine: {'line': b'-- Installing: /home/vdt_2026/VDT_project/install/rc_parser/share/rc_parser/cmake/rc_parserConfig.cmake\n'}
[54.437543] (rc_parser) StdoutLine: {'line': b'-- Installing: /home/vdt_2026/VDT_project/install/rc_parser/share/rc_parser/cmake/rc_parserConfig-version.cmake\n'}
[54.437929] (rc_parser) StdoutLine: {'line': b'-- Installing: /home/vdt_2026/VDT_project/install/rc_parser/share/rc_parser/package.xml\n'}
[54.454841] (rc_parser) CommandEnded: {'returncode': 0}
[54.520913] (-) TimerEvent: {}
[54.525580] (rc_parser) JobEnded: {'identifier': 'rc_parser', 'rc': 0}
[54.526307] (kill_switch) JobStarted: {'identifier': 'kill_switch'}
[54.575241] (kill_switch) JobProgress: {'identifier': 'kill_switch', 'progress': 'cmake'}
[54.575377] (kill_switch) Command: {'cmd': ['/usr/bin/cmake', '/home/vdt_2026/VDT_project/ros2_ws/src/kill_switch', '-DCMAKE_INSTALL_PREFIX=/home/vdt_2026/VDT_project/install/kill_switch'], 'cwd': '/home/vdt_2026/VDT_project/build/kill_switch', 'env': OrderedDict({'LESSOPEN': '| /usr/bin/lesspipe %s', 'USER': 'vdt_2026', 'SSH_CLIENT': '100.101.240.43 57783 22', 'XDG_SESSION_TYPE': 'tty', 'SHLVL': '1', 'LD_LIBRARY_PATH': '/home/vdt_2026/VDT_project/install/vdt_msgs/lib:/home/vdt_2026/ros2_ws/install/px4_msgs/lib:/opt/ros/jazzy/lib/aarch64-linux-gnu:/opt/ros/jazzy/lib', 'HOME': '/home/vdt_2026', 'OLDPWD': '/home/vdt_2026', 'SSH_TTY': '/dev/pts/3', 'ROS_PYTHON_VERSION': '3', 'DBUS_SESSION_BUS_ADDRESS': 'unix:path=/run/user/1000/bus', 'COLCON_PREFIX_PATH': '/home/vdt_2026/ros2_ws/install', 'ROS_DISTRO': 'jazzy', 'LOGNAME': 'vdt_2026', '_': '/usr/bin/colcon', 'ROS_VERSION': '2', 'XDG_SESSION_CLASS': 'user', 'TERM': 'xterm-256color', 'XDG_SESSION_ID': '11', 'PATH': '/home/vdt_2026/.local/bin:/opt/ros/jazzy/bin:/usr/local/sbin:/usr/local/bin:/usr/sbin:/usr/bin:/sbin:/bin:/usr/games:/usr/local/games:/snap/bin', 'XDG_RUNTIME_DIR': '/run/user/1000', 'LANG': 'en_US.UTF-8', 'LS_COLORS': 'rs=0:di=01;34:ln=01;36:mh=00:pi=40;33:so=01;35:do=01;35:bd=40;33;01:cd=40;33;01:or=40;31;01:mi=00:su=37;41:sg=30;43:ca=00:tw=30;42:ow=34;42:st=37;44:ex=01;32:*.tar=01;31:*.tgz=01;31:*.arc=01;31:*.arj=01;31:*.taz=01;31:*.lha=01;31:*.lz4=01;31:*.lzh=01;31:*.lzma=01;31:*.tlz=01;31:*.txz=01;31:*.tzo=01;31:*.t7z=01;31:*.zip=01;31:*.z=01;31:*.dz=01;31:*.gz=01;31:*.lrz=01;31:*.lz=01;31:*.lzo=01;31:*.xz=01;31:*.zst=01;31:*.tzst=01;31:*.bz2=01;31:*.bz=01;31:*.tbz=01;31:*.tbz2=01;31:*.tz=01;31:*.deb=01;31:*.rpm=01;31:*.jar=01;31:*.war=01;31:*.ear=01;31:*.sar=01;31:*.rar=01;31:*.alz=01;31:*.ace=01;31:*.zoo=01;31:*.cpio=01;31:*.7z=01;31:*.rz=01;31:*.cab=01;31:*.wim=01;31:*.swm=01;31:*.dwm=01;31:*.esd=01;31:*.avif=01;35:*.jpg=01;35:*.jpeg=01;35:*.mjpg=01;35:*.mjpeg=01;35:*.gif=01;35:*.bmp=01;35:*.pbm=01;35:*.pgm=01;35:*.ppm=01;35:*.tga=01;35:*.xbm=01;35:*.xpm=01;35:*.tif=01;35:*.tiff=01;35:*.png=01;35:*.svg=01;35:*.svgz=01;35:*.mng=01;35:*.pcx=01;35:*.mov=01;35:*.mpg=01;35:*.mpeg=01;35:*.m2v=01;35:*.mkv=01;35:*.webm=01;35:*.webp=01;35:*.ogm=01;35:*.mp4=01;35:*.m4v=01;35:*.mp4v=01;35:*.vob=01;35:*.qt=01;35:*.nuv=01;35:*.wmv=01;35:*.asf=01;35:*.rm=01;35:*.rmvb=01;35:*.flc=01;35:*.avi=01;35:*.fli=01;35:*.flv=01;35:*.gl=01;35:*.dl=01;35:*.xcf=01;35:*.xwd=01;35:*.yuv=01;35:*.cgm=01;35:*.emf=01;35:*.ogv=01;35:*.ogx=01;35:*.aac=00;36:*.au=00;36:*.flac=00;36:*.m4a=00;36:*.mid=00;36:*.midi=00;36:*.mka=00;36:*.mp3=00;36:*.mpc=00;36:*.ogg=00;36:*.ra=00;36:*.wav=00;36:*.oga=00;36:*.opus=00;36:*.spx=00;36:*.xspf=00;36:*~=00;90:*#=00;90:*.bak=00;90:*.crdownload=00;90:*.dpkg-dist=00;90:*.dpkg-new=00;90:*.dpkg-old=00;90:*.dpkg-tmp=00;90:*.old=00;90:*.orig=00;90:*.part=00;90:*.rej=00;90:*.rpmnew=00;90:*.rpmorig=00;90:*.rpmsave=00;90:*.swp=00;90:*.tmp=00;90:*.ucf-dist=00;90:*.ucf-new=00;90:*.ucf-old=00;90:', 'AMENT_PREFIX_PATH': '/home/vdt_2026/VDT_project/install/rc_parser:/home/vdt_2026/VDT_project/install/vdt_msgs:/home/vdt_2026/ros2_ws/install/px4_msgs:/opt/ros/jazzy', 'SHELL': '/bin/bash', 'LESSCLOSE': '/usr/bin/lesspipe %s %s', 'ROS_AUTOMATIC_DISCOVERY_RANGE': 'SUBNET', 'PWD': '/home/vdt_2026/VDT_project/build/kill_switch', 'LC_ALL': 'en_US.UTF-8', 'SSH_CONNECTION': '100.101.240.43 57783 100.65.242.75 22', 'XDG_DATA_DIRS': '/usr/local/share:/usr/share:/var/lib/snapd/desktop', 'PYTHONPATH': '/home/vdt_2026/VDT_project/install/vdt_msgs/lib/python3.12/site-packages:/home/vdt_2026/ros2_ws/install/px4_msgs/lib/python3.12/site-packages:/opt/ros/jazzy/lib/python3.12/site-packages:/home/vdt_2026/librealsense/build/Release', 'COLCON': '1', 'CMAKE_PREFIX_PATH': '/home/vdt_2026/VDT_project/install/rc_parser:/home/vdt_2026/VDT_project/install/vdt_msgs:/home/vdt_2026/ros2_ws/install/px4_msgs:/opt/ros/jazzy'}), 'shell': False}
[54.623542] (-) TimerEvent: {}
[54.723827] (-) TimerEvent: {}
[54.824105] (-) TimerEvent: {}
[54.924417] (-) TimerEvent: {}
[54.943518] (kill_switch) StdoutLine: {'line': b'-- The C compiler identification is GNU 13.3.0\n'}
[55.024569] (-) TimerEvent: {}
[55.116030] (kill_switch) StdoutLine: {'line': b'-- The CXX compiler identification is GNU 13.3.0\n'}
[55.124714] (-) TimerEvent: {}
[55.154207] (kill_switch) StdoutLine: {'line': b'-- Detecting C compiler ABI info\n'}
[55.224850] (-) TimerEvent: {}
[55.326542] (-) TimerEvent: {}
[55.373453] (kill_switch) StdoutLine: {'line': b'-- Detecting C compiler ABI info - done\n'}
[55.394564] (kill_switch) StdoutLine: {'line': b'-- Check for working C compiler: /usr/bin/cc - skipped\n'}
[55.395179] (kill_switch) StdoutLine: {'line': b'-- Detecting C compile features\n'}
[55.395418] (kill_switch) StdoutLine: {'line': b'-- Detecting C compile features - done\n'}
[55.417764] (kill_switch) StdoutLine: {'line': b'-- Detecting CXX compiler ABI info\n'}
[55.426696] (-) TimerEvent: {}
[55.529532] (-) TimerEvent: {}
[55.629848] (-) TimerEvent: {}
[55.659614] (kill_switch) StdoutLine: {'line': b'-- Detecting CXX compiler ABI info - done\n'}
[55.679814] (kill_switch) StdoutLine: {'line': b'-- Check for working CXX compiler: /usr/bin/c++ - skipped\n'}
[55.680183] (kill_switch) StdoutLine: {'line': b'-- Detecting CXX compile features\n'}
[55.680361] (kill_switch) StdoutLine: {'line': b'-- Detecting CXX compile features - done\n'}
[55.685761] (kill_switch) StdoutLine: {'line': b'-- Found ament_cmake: 2.5.6 (/opt/ros/jazzy/share/ament_cmake/cmake)\n'}
[55.730003] (-) TimerEvent: {}
[55.830292] (-) TimerEvent: {}
[55.930594] (-) TimerEvent: {}
[56.032525] (-) TimerEvent: {}
[56.132806] (-) TimerEvent: {}
[56.201761] (kill_switch) StdoutLine: {'line': b'-- Found Python3: /usr/bin/python3 (found version "3.12.3") found components: Interpreter \n'}
[56.232922] (-) TimerEvent: {}
[56.335496] (-) TimerEvent: {}
[56.435779] (-) TimerEvent: {}
[56.534693] (kill_switch) StdoutLine: {'line': b'-- Found rclcpp: 28.1.22 (/opt/ros/jazzy/share/rclcpp/cmake)\n'}
[56.536527] (-) TimerEvent: {}
[56.601654] (kill_switch) StdoutLine: {'line': b'-- Found rosidl_generator_c: 4.6.9 (/opt/ros/jazzy/share/rosidl_generator_c/cmake)\n'}
[56.629614] (kill_switch) StdoutLine: {'line': b'-- Found rosidl_generator_cpp: 4.6.9 (/opt/ros/jazzy/share/rosidl_generator_cpp/cmake)\n'}
[56.636677] (-) TimerEvent: {}
[56.661081] (kill_switch) StdoutLine: {'line': b'-- Using all available rosidl_typesupport_c: rosidl_typesupport_fastrtps_c;rosidl_typesupport_introspection_c\n'}
[56.711704] (kill_switch) StdoutLine: {'line': b'-- Using all available rosidl_typesupport_cpp: rosidl_typesupport_fastrtps_cpp;rosidl_typesupport_introspection_cpp\n'}
[56.736817] (-) TimerEvent: {}
[56.837095] (-) TimerEvent: {}
[56.889346] (kill_switch) StdoutLine: {'line': b'-- Found rmw_implementation_cmake: 7.3.3 (/opt/ros/jazzy/share/rmw_implementation_cmake/cmake)\n'}
[56.895973] (kill_switch) StdoutLine: {'line': b'-- Found rmw_fastrtps_cpp: 8.4.4 (/opt/ros/jazzy/share/rmw_fastrtps_cpp/cmake)\n'}
[56.937241] (-) TimerEvent: {}
[57.037627] (-) TimerEvent: {}
[57.115532] (kill_switch) StdoutLine: {'line': b'-- Found OpenSSL: /usr/lib/aarch64-linux-gnu/libcrypto.so (found version "3.0.13")  \n'}
[57.138715] (-) TimerEvent: {}
[57.179728] (kill_switch) StdoutLine: {'line': b'-- Found FastRTPS: /opt/ros/jazzy/include (Required is at least version "2.13") \n'}
[57.238859] (-) TimerEvent: {}
[57.286791] (kill_switch) StdoutLine: {'line': b"-- Using RMW implementation 'rmw_fastrtps_cpp' as default\n"}
[57.341521] (-) TimerEvent: {}
[57.442568] (-) TimerEvent: {}
[57.543536] (-) TimerEvent: {}
[57.604763] (kill_switch) StdoutLine: {'line': b'-- Found std_msgs: 5.3.8 (/opt/ros/jazzy/share/std_msgs/cmake)\n'}
[57.643685] (-) TimerEvent: {}
[57.661130] (kill_switch) StdoutLine: {'line': b'-- Found px4_msgs: 2.0.1 (/home/vdt_2026/ros2_ws/install/px4_msgs/share/px4_msgs/cmake)\n'}
[57.736790] (kill_switch) StdoutLine: {'line': b'-- Found vdt_msgs: 0.1.0 (/home/vdt_2026/VDT_project/install/vdt_msgs/share/vdt_msgs/cmake)\n'}
[57.743845] (-) TimerEvent: {}
[57.846502] (-) TimerEvent: {}
[57.946763] (-) TimerEvent: {}
[58.047027] (-) TimerEvent: {}
[58.147263] (-) TimerEvent: {}
[58.186199] (kill_switch) StdoutLine: {'line': b'-- Configuring done (3.6s)\n'}
[58.247462] (-) TimerEvent: {}
[58.250865] (kill_switch) StdoutLine: {'line': b'-- Generating done (0.0s)\n'}
[58.272812] (kill_switch) StdoutLine: {'line': b'-- Build files have been written to: /home/vdt_2026/VDT_project/build/kill_switch\n'}
[58.335563] (kill_switch) CommandEnded: {'returncode': 0}
[58.336500] (kill_switch) JobProgress: {'identifier': 'kill_switch', 'progress': 'build'}
[58.336551] (kill_switch) Command: {'cmd': ['/usr/bin/cmake', '--build', '/home/vdt_2026/VDT_project/build/kill_switch', '--', '-j4', '-l4'], 'cwd': '/home/vdt_2026/VDT_project/build/kill_switch', 'env': OrderedDict({'LESSOPEN': '| /usr/bin/lesspipe %s', 'USER': 'vdt_2026', 'SSH_CLIENT': '100.101.240.43 57783 22', 'XDG_SESSION_TYPE': 'tty', 'SHLVL': '1', 'LD_LIBRARY_PATH': '/home/vdt_2026/VDT_project/install/vdt_msgs/lib:/home/vdt_2026/ros2_ws/install/px4_msgs/lib:/opt/ros/jazzy/lib/aarch64-linux-gnu:/opt/ros/jazzy/lib', 'HOME': '/home/vdt_2026', 'OLDPWD': '/home/vdt_2026', 'SSH_TTY': '/dev/pts/3', 'ROS_PYTHON_VERSION': '3', 'DBUS_SESSION_BUS_ADDRESS': 'unix:path=/run/user/1000/bus', 'COLCON_PREFIX_PATH': '/home/vdt_2026/ros2_ws/install', 'ROS_DISTRO': 'jazzy', 'LOGNAME': 'vdt_2026', '_': '/usr/bin/colcon', 'ROS_VERSION': '2', 'XDG_SESSION_CLASS': 'user', 'TERM': 'xterm-256color', 'XDG_SESSION_ID': '11', 'PATH': '/home/vdt_2026/.local/bin:/opt/ros/jazzy/bin:/usr/local/sbin:/usr/local/bin:/usr/sbin:/usr/bin:/sbin:/bin:/usr/games:/usr/local/games:/snap/bin', 'XDG_RUNTIME_DIR': '/run/user/1000', 'LANG': 'en_US.UTF-8', 'LS_COLORS': 'rs=0:di=01;34:ln=01;36:mh=00:pi=40;33:so=01;35:do=01;35:bd=40;33;01:cd=40;33;01:or=40;31;01:mi=00:su=37;41:sg=30;43:ca=00:tw=30;42:ow=34;42:st=37;44:ex=01;32:*.tar=01;31:*.tgz=01;31:*.arc=01;31:*.arj=01;31:*.taz=01;31:*.lha=01;31:*.lz4=01;31:*.lzh=01;31:*.lzma=01;31:*.tlz=01;31:*.txz=01;31:*.tzo=01;31:*.t7z=01;31:*.zip=01;31:*.z=01;31:*.dz=01;31:*.gz=01;31:*.lrz=01;31:*.lz=01;31:*.lzo=01;31:*.xz=01;31:*.zst=01;31:*.tzst=01;31:*.bz2=01;31:*.bz=01;31:*.tbz=01;31:*.tbz2=01;31:*.tz=01;31:*.deb=01;31:*.rpm=01;31:*.jar=01;31:*.war=01;31:*.ear=01;31:*.sar=01;31:*.rar=01;31:*.alz=01;31:*.ace=01;31:*.zoo=01;31:*.cpio=01;31:*.7z=01;31:*.rz=01;31:*.cab=01;31:*.wim=01;31:*.swm=01;31:*.dwm=01;31:*.esd=01;31:*.avif=01;35:*.jpg=01;35:*.jpeg=01;35:*.mjpg=01;35:*.mjpeg=01;35:*.gif=01;35:*.bmp=01;35:*.pbm=01;35:*.pgm=01;35:*.ppm=01;35:*.tga=01;35:*.xbm=01;35:*.xpm=01;35:*.tif=01;35:*.tiff=01;35:*.png=01;35:*.svg=01;35:*.svgz=01;35:*.mng=01;35:*.pcx=01;35:*.mov=01;35:*.mpg=01;35:*.mpeg=01;35:*.m2v=01;35:*.mkv=01;35:*.webm=01;35:*.webp=01;35:*.ogm=01;35:*.mp4=01;35:*.m4v=01;35:*.mp4v=01;35:*.vob=01;35:*.qt=01;35:*.nuv=01;35:*.wmv=01;35:*.asf=01;35:*.rm=01;35:*.rmvb=01;35:*.flc=01;35:*.avi=01;35:*.fli=01;35:*.flv=01;35:*.gl=01;35:*.dl=01;35:*.xcf=01;35:*.xwd=01;35:*.yuv=01;35:*.cgm=01;35:*.emf=01;35:*.ogv=01;35:*.ogx=01;35:*.aac=00;36:*.au=00;36:*.flac=00;36:*.m4a=00;36:*.mid=00;36:*.midi=00;36:*.mka=00;36:*.mp3=00;36:*.mpc=00;36:*.ogg=00;36:*.ra=00;36:*.wav=00;36:*.oga=00;36:*.opus=00;36:*.spx=00;36:*.xspf=00;36:*~=00;90:*#=00;90:*.bak=00;90:*.crdownload=00;90:*.dpkg-dist=00;90:*.dpkg-new=00;90:*.dpkg-old=00;90:*.dpkg-tmp=00;90:*.old=00;90:*.orig=00;90:*.part=00;90:*.rej=00;90:*.rpmnew=00;90:*.rpmorig=00;90:*.rpmsave=00;90:*.swp=00;90:*.tmp=00;90:*.ucf-dist=00;90:*.ucf-new=00;90:*.ucf-old=00;90:', 'AMENT_PREFIX_PATH': '/home/vdt_2026/VDT_project/install/rc_parser:/home/vdt_2026/VDT_project/install/vdt_msgs:/home/vdt_2026/ros2_ws/install/px4_msgs:/opt/ros/jazzy', 'SHELL': '/bin/bash', 'LESSCLOSE': '/usr/bin/lesspipe %s %s', 'ROS_AUTOMATIC_DISCOVERY_RANGE': 'SUBNET', 'PWD': '/home/vdt_2026/VDT_project/build/kill_switch', 'LC_ALL': 'en_US.UTF-8', 'SSH_CONNECTION': '100.101.240.43 57783 100.65.242.75 22', 'XDG_DATA_DIRS': '/usr/local/share:/usr/share:/var/lib/snapd/desktop', 'PYTHONPATH': '/home/vdt_2026/VDT_project/install/vdt_msgs/lib/python3.12/site-packages:/home/vdt_2026/ros2_ws/install/px4_msgs/lib/python3.12/site-packages:/opt/ros/jazzy/lib/python3.12/site-packages:/home/vdt_2026/librealsense/build/Release', 'COLCON': '1', 'CMAKE_PREFIX_PATH': '/home/vdt_2026/VDT_project/install/rc_parser:/home/vdt_2026/VDT_project/install/vdt_msgs:/home/vdt_2026/ros2_ws/install/px4_msgs:/opt/ros/jazzy'}), 'shell': False}
[58.351553] (-) TimerEvent: {}
[58.451849] (-) TimerEvent: {}
[58.552165] (-) TimerEvent: {}
[58.577636] (kill_switch) StdoutLine: {'line': b'[ 25%] Building CXX object CMakeFiles/kill_switch_node.dir/src/main.cpp.o\n'}
[58.654514] (-) TimerEvent: {}
[58.756513] (-) TimerEvent: {}
[58.856796] (-) TimerEvent: {}
[58.957067] (-) TimerEvent: {}
[59.057375] (-) TimerEvent: {}
[59.160515] (-) TimerEvent: {}
[59.260784] (-) TimerEvent: {}
[59.316872] (kill_switch) StderrLine: {'line': b'In file included from /home/vdt_2026/VDT_project/ros2_ws/src/kill_switch/src/main.cpp:1:\n'}
[59.317361] (kill_switch) StderrLine: {'line': b'/home/vdt_2026/VDT_project/ros2_ws/src/kill_switch/include/kill_switch/kill_switch_node.hpp:6:10: fatal error: rc_parser/rc_types.hpp: No such file or directory\n'}
[59.317633] (kill_switch) StderrLine: {'line': b'    6 | #include "rc_parser/rc_types.hpp"\n'}
[59.317785] (kill_switch) StderrLine: {'line': b'      |          ^~~~~~~~~~~~~~~~~~~~~~~~\n'}
[59.317904] (kill_switch) StderrLine: {'line': b'compilation terminated.\n'}
[59.327771] (kill_switch) StderrLine: {'line': b'gmake[2]: *** [CMakeFiles/kill_switch_node.dir/build.make:76: CMakeFiles/kill_switch_node.dir/src/main.cpp.o] Error 1\n'}
[59.328170] (kill_switch) StderrLine: {'line': b'gmake[1]: *** [CMakeFiles/Makefile2:137: CMakeFiles/kill_switch_node.dir/all] Error 2\n'}
[59.328328] (kill_switch) StderrLine: {'line': b'gmake: *** [Makefile:146: all] Error 2\n'}
[59.332860] (kill_switch) CommandEnded: {'returncode': 2}
[59.343332] (kill_switch) JobEnded: {'identifier': 'kill_switch', 'rc': 2}
[59.362426] (-) TimerEvent: {}
[59.462716] (-) TimerEvent: {}
[59.563003] (-) TimerEvent: {}
[59.663305] (-) TimerEvent: {}
[59.763624] (-) TimerEvent: {}
[59.866516] (-) TimerEvent: {}
[59.966824] (-) TimerEvent: {}
[60.067086] (-) TimerEvent: {}
[60.167383] (-) TimerEvent: {}
[60.267676] (-) TimerEvent: {}
[60.367953] (-) TimerEvent: {}
[60.468220] (-) TimerEvent: {}
[60.568491] (-) TimerEvent: {}
[60.668839] (-) TimerEvent: {}
[60.769189] (-) TimerEvent: {}
[60.874498] (-) TimerEvent: {}
[60.971712] (fsm_state_machine) StdoutLine: {'line': b'[ 38%] Linking CXX static library libfsm_actions.a\n'}
[60.974638] (-) TimerEvent: {}
[61.074917] (-) TimerEvent: {}
[61.174655] (fsm_state_machine) StdoutLine: {'line': b'[ 38%] Built target fsm_actions\n'}
[61.175064] (-) TimerEvent: {}
[61.275292] (-) TimerEvent: {}
[61.375618] (-) TimerEvent: {}
[61.475942] (-) TimerEvent: {}
[61.578506] (-) TimerEvent: {}
[61.678789] (-) TimerEvent: {}
[61.779086] (-) TimerEvent: {}
[61.848281] (input_state_cache) StdoutLine: {'line': b'[ 63%] Linking CXX static library libgtest.a\n'}
[61.879281] (-) TimerEvent: {}
[61.966235] (input_state_cache) StdoutLine: {'line': b'[ 63%] Built target gtest\n'}
[61.979452] (-) TimerEvent: {}
[62.079748] (-) TimerEvent: {}
[62.180015] (-) TimerEvent: {}
[62.280284] (-) TimerEvent: {}
[62.380562] (-) TimerEvent: {}
[62.480812] (-) TimerEvent: {}
[62.581061] (-) TimerEvent: {}
[62.681300] (-) TimerEvent: {}
[62.781581] (-) TimerEvent: {}
[62.881840] (-) TimerEvent: {}
[62.982157] (-) TimerEvent: {}
[63.082447] (-) TimerEvent: {}
[63.182712] (-) TimerEvent: {}
[63.282985] (-) TimerEvent: {}
[63.383251] (-) TimerEvent: {}
[63.483492] (-) TimerEvent: {}
[63.583772] (-) TimerEvent: {}
[63.664458] (fsm_state_machine) StdoutLine: {'line': b'[ 44%] Linking CXX static library libgtest.a\n'}
[63.683913] (-) TimerEvent: {}
[63.765788] (fsm_state_machine) StdoutLine: {'line': b'[ 44%] Built target gtest\n'}
[63.784058] (-) TimerEvent: {}
[63.805371] (fsm_state_machine) StdoutLine: {'line': b'[ 50%] Building CXX object CMakeFiles/fsm_node_lib.dir/src/fsm_node.cpp.o\n'}
[63.884203] (-) TimerEvent: {}
[63.986487] (-) TimerEvent: {}
[64.086751] (-) TimerEvent: {}
[64.187019] (-) TimerEvent: {}
[64.287273] (-) TimerEvent: {}
[64.387502] (-) TimerEvent: {}
[64.487755] (-) TimerEvent: {}
[64.588005] (-) TimerEvent: {}
[64.688281] (-) TimerEvent: {}
[64.788495] (-) TimerEvent: {}
[64.889520] (-) TimerEvent: {}
[64.989832] (-) TimerEvent: {}
[65.090108] (-) TimerEvent: {}
[65.190382] (-) TimerEvent: {}
[65.290667] (-) TimerEvent: {}
[65.390949] (-) TimerEvent: {}
[65.492487] (-) TimerEvent: {}
[65.592742] (-) TimerEvent: {}
[65.693002] (-) TimerEvent: {}
[65.793267] (-) TimerEvent: {}
[65.893503] (-) TimerEvent: {}
[65.993757] (-) TimerEvent: {}
[66.096492] (-) TimerEvent: {}
[66.197276] (-) TimerEvent: {}
[66.297579] (-) TimerEvent: {}
[66.397847] (-) TimerEvent: {}
[66.498111] (-) TimerEvent: {}
[66.598371] (-) TimerEvent: {}
[66.698628] (-) TimerEvent: {}
[66.798882] (-) TimerEvent: {}
[66.899139] (-) TimerEvent: {}
[66.999401] (-) TimerEvent: {}
[67.099647] (-) TimerEvent: {}
[67.201531] (-) TimerEvent: {}
[67.301855] (-) TimerEvent: {}
[67.402193] (-) TimerEvent: {}
[67.502476] (-) TimerEvent: {}
[67.602722] (-) TimerEvent: {}
[67.702946] (-) TimerEvent: {}
[67.803180] (-) TimerEvent: {}
[67.903442] (-) TimerEvent: {}
[68.003665] (-) TimerEvent: {}
[68.103889] (-) TimerEvent: {}
[68.204128] (-) TimerEvent: {}
[68.304376] (-) TimerEvent: {}
[68.404649] (-) TimerEvent: {}
[68.504893] (-) TimerEvent: {}
[68.605153] (-) TimerEvent: {}
[68.705432] (-) TimerEvent: {}
[68.805687] (-) TimerEvent: {}
[68.905921] (-) TimerEvent: {}
[69.006156] (-) TimerEvent: {}
[69.106422] (-) TimerEvent: {}
[69.206664] (-) TimerEvent: {}
[69.306887] (-) TimerEvent: {}
[69.407114] (-) TimerEvent: {}
[69.507353] (-) TimerEvent: {}
[69.607601] (-) TimerEvent: {}
[69.707873] (-) TimerEvent: {}
[69.808102] (-) TimerEvent: {}
[69.908327] (-) TimerEvent: {}
[70.008575] (-) TimerEvent: {}
[70.108803] (-) TimerEvent: {}
[70.209047] (-) TimerEvent: {}
[70.309279] (-) TimerEvent: {}
[70.409516] (-) TimerEvent: {}
[70.509762] (-) TimerEvent: {}
[70.609997] (-) TimerEvent: {}
[70.710221] (-) TimerEvent: {}
[70.810457] (-) TimerEvent: {}
[70.910693] (-) TimerEvent: {}
[71.010909] (-) TimerEvent: {}
[71.111122] (-) TimerEvent: {}
[71.211350] (-) TimerEvent: {}
[71.311597] (-) TimerEvent: {}
[71.411833] (-) TimerEvent: {}
[71.512517] (-) TimerEvent: {}
[71.612773] (-) TimerEvent: {}
[71.713020] (-) TimerEvent: {}
[71.813266] (-) TimerEvent: {}
[71.913498] (-) TimerEvent: {}
[72.013732] (-) TimerEvent: {}
[72.113953] (-) TimerEvent: {}
[72.214186] (-) TimerEvent: {}
[72.314464] (-) TimerEvent: {}
[72.414777] (-) TimerEvent: {}
[72.515038] (-) TimerEvent: {}
[72.615292] (-) TimerEvent: {}
[72.715556] (-) TimerEvent: {}
[72.815822] (-) TimerEvent: {}
[72.916075] (-) TimerEvent: {}
[73.016350] (-) TimerEvent: {}
[73.116657] (-) TimerEvent: {}
[73.216914] (-) TimerEvent: {}
[73.317203] (-) TimerEvent: {}
[73.417487] (-) TimerEvent: {}
[73.517726] (-) TimerEvent: {}
[73.617969] (-) TimerEvent: {}
[73.718223] (-) TimerEvent: {}
[73.818512] (-) TimerEvent: {}
[73.918816] (-) TimerEvent: {}
[74.019109] (-) TimerEvent: {}
[74.119360] (-) TimerEvent: {}
[74.219645] (-) TimerEvent: {}
[74.319892] (-) TimerEvent: {}
[74.420142] (-) TimerEvent: {}
[74.520407] (-) TimerEvent: {}
[74.620660] (-) TimerEvent: {}
[74.720905] (-) TimerEvent: {}
[74.821124] (-) TimerEvent: {}
[74.921359] (-) TimerEvent: {}
[75.021621] (-) TimerEvent: {}
[75.121875] (-) TimerEvent: {}
[75.222113] (-) TimerEvent: {}
[75.322372] (-) TimerEvent: {}
[75.422624] (-) TimerEvent: {}
[75.522871] (-) TimerEvent: {}
[75.623162] (-) TimerEvent: {}
[75.723380] (-) TimerEvent: {}
[75.823718] (-) TimerEvent: {}
[75.923953] (-) TimerEvent: {}
[76.024191] (-) TimerEvent: {}
[76.124463] (-) TimerEvent: {}
[76.224727] (-) TimerEvent: {}
[76.324987] (-) TimerEvent: {}
[76.425228] (-) TimerEvent: {}
[76.525467] (-) TimerEvent: {}
[76.625705] (-) TimerEvent: {}
[76.725945] (-) TimerEvent: {}
[76.826177] (-) TimerEvent: {}
[76.926447] (-) TimerEvent: {}
[77.026688] (-) TimerEvent: {}
[77.126947] (-) TimerEvent: {}
[77.227221] (-) TimerEvent: {}
[77.327481] (-) TimerEvent: {}
[77.427717] (-) TimerEvent: {}
[77.527952] (-) TimerEvent: {}
[77.628179] (-) TimerEvent: {}
[77.728418] (-) TimerEvent: {}
[77.828646] (-) TimerEvent: {}
[77.928885] (-) TimerEvent: {}
[78.029134] (-) TimerEvent: {}
[78.129418] (-) TimerEvent: {}
[78.229678] (-) TimerEvent: {}
[78.329951] (-) TimerEvent: {}
[78.430235] (-) TimerEvent: {}
[78.530482] (-) TimerEvent: {}
[78.630703] (-) TimerEvent: {}
[78.730934] (-) TimerEvent: {}
[78.831191] (-) TimerEvent: {}
[78.931471] (-) TimerEvent: {}
[79.031729] (-) TimerEvent: {}
[79.131976] (-) TimerEvent: {}
[79.232220] (-) TimerEvent: {}
[79.332480] (-) TimerEvent: {}
[79.432749] (-) TimerEvent: {}
[79.532981] (-) TimerEvent: {}
[79.633202] (-) TimerEvent: {}
[79.733524] (-) TimerEvent: {}
[79.833902] (-) TimerEvent: {}
[79.934139] (-) TimerEvent: {}
[80.034371] (-) TimerEvent: {}
[80.134632] (-) TimerEvent: {}
[80.234887] (-) TimerEvent: {}
[80.335141] (-) TimerEvent: {}
[80.435415] (-) TimerEvent: {}
[80.535645] (-) TimerEvent: {}
[80.635857] (-) TimerEvent: {}
[80.736084] (-) TimerEvent: {}
[80.836311] (-) TimerEvent: {}
[80.936532] (-) TimerEvent: {}
[81.036750] (-) TimerEvent: {}
[81.136977] (-) TimerEvent: {}
[81.237223] (-) TimerEvent: {}
[81.337470] (-) TimerEvent: {}
[81.437706] (-) TimerEvent: {}
[81.537940] (-) TimerEvent: {}
[81.638160] (-) TimerEvent: {}
[81.738430] (-) TimerEvent: {}
[81.838702] (-) TimerEvent: {}
[81.938961] (-) TimerEvent: {}
[82.039203] (-) TimerEvent: {}
[82.139464] (-) TimerEvent: {}
[82.239737] (-) TimerEvent: {}
[82.339996] (-) TimerEvent: {}
[82.440236] (-) TimerEvent: {}
[82.540468] (-) TimerEvent: {}
[82.640682] (-) TimerEvent: {}
[82.740922] (-) TimerEvent: {}
[82.841160] (-) TimerEvent: {}
[82.941422] (-) TimerEvent: {}
[83.041682] (-) TimerEvent: {}
[83.141947] (-) TimerEvent: {}
[83.242210] (-) TimerEvent: {}
[83.342490] (-) TimerEvent: {}
[83.442759] (-) TimerEvent: {}
[83.543009] (-) TimerEvent: {}
[83.643242] (-) TimerEvent: {}
[83.743490] (-) TimerEvent: {}
[83.843737] (-) TimerEvent: {}
[83.943992] (-) TimerEvent: {}
[84.044218] (-) TimerEvent: {}
[84.144470] (-) TimerEvent: {}
[84.244737] (-) TimerEvent: {}
[84.344971] (-) TimerEvent: {}
[84.445190] (-) TimerEvent: {}
[84.545468] (-) TimerEvent: {}
[84.645724] (-) TimerEvent: {}
[84.745969] (-) TimerEvent: {}
[84.846225] (-) TimerEvent: {}
[84.946481] (-) TimerEvent: {}
[85.046698] (-) TimerEvent: {}
[85.146924] (-) TimerEvent: {}
[85.247150] (-) TimerEvent: {}
[85.347431] (-) TimerEvent: {}
[85.447689] (-) TimerEvent: {}
[85.547929] (-) TimerEvent: {}
[85.648190] (-) TimerEvent: {}
[85.748481] (-) TimerEvent: {}
[85.848747] (-) TimerEvent: {}
[85.948976] (-) TimerEvent: {}
[86.049200] (-) TimerEvent: {}
[86.149472] (-) TimerEvent: {}
[86.249772] (-) TimerEvent: {}
[86.350008] (-) TimerEvent: {}
[86.450239] (-) TimerEvent: {}
[86.550481] (-) TimerEvent: {}
[86.650714] (-) TimerEvent: {}
[86.750920] (-) TimerEvent: {}
[86.851146] (-) TimerEvent: {}
[86.951423] (-) TimerEvent: {}
[87.051690] (-) TimerEvent: {}
[87.151955] (-) TimerEvent: {}
[87.252267] (-) TimerEvent: {}
[87.352524] (-) TimerEvent: {}
[87.452773] (-) TimerEvent: {}
[87.552993] (-) TimerEvent: {}
[87.653249] (-) TimerEvent: {}
[87.753489] (-) TimerEvent: {}
[87.854686] (-) TimerEvent: {}
[87.954915] (-) TimerEvent: {}
[88.055123] (-) TimerEvent: {}
[88.155374] (-) TimerEvent: {}
[88.255646] (-) TimerEvent: {}
[88.355886] (-) TimerEvent: {}
[88.456145] (-) TimerEvent: {}
[88.556373] (-) TimerEvent: {}
[88.656607] (-) TimerEvent: {}
[88.756896] (-) TimerEvent: {}
[88.857199] (-) TimerEvent: {}
[88.900693] (input_state_cache) StdoutLine: {'line': b'[ 72%] Linking CXX executable input_cache_node\n'}
[88.957466] (-) TimerEvent: {}
[89.057830] (-) TimerEvent: {}
[89.158267] (-) TimerEvent: {}
[89.258690] (-) TimerEvent: {}
[89.359038] (-) TimerEvent: {}
[89.432948] (input_state_cache) StdoutLine: {'line': b'[ 72%] Built target input_cache_node\n'}
[89.461579] (-) TimerEvent: {}
[89.475034] (input_state_cache) StdoutLine: {'line': b'[ 90%] Building CXX object CMakeFiles/input_cache_logic_test.dir/test/unit/input_state_logic_test.cpp.o\n'}
[89.475498] (input_state_cache) StdoutLine: {'line': b'[ 90%] Building CXX object CMakeFiles/input_cache_logic_test.dir/src/input_cache_logic.cpp.o\n'}
[89.561755] (-) TimerEvent: {}
[89.663547] (-) TimerEvent: {}
[89.763855] (-) TimerEvent: {}
[89.864165] (-) TimerEvent: {}
[89.964446] (-) TimerEvent: {}
[90.064700] (-) TimerEvent: {}
[90.164956] (-) TimerEvent: {}
[90.265205] (-) TimerEvent: {}
[90.368502] (-) TimerEvent: {}
[90.468752] (-) TimerEvent: {}
[90.568996] (-) TimerEvent: {}
[90.669253] (-) TimerEvent: {}
[90.769509] (-) TimerEvent: {}
[90.869772] (-) TimerEvent: {}
[90.970027] (-) TimerEvent: {}
[91.070280] (-) TimerEvent: {}
[91.170502] (-) TimerEvent: {}
[91.270763] (-) TimerEvent: {}
[91.371003] (-) TimerEvent: {}
[91.471259] (-) TimerEvent: {}
[91.571508] (-) TimerEvent: {}
[91.671763] (-) TimerEvent: {}
[91.774497] (-) TimerEvent: {}
[91.874757] (-) TimerEvent: {}
[91.975010] (-) TimerEvent: {}
[92.075266] (-) TimerEvent: {}
[92.175501] (-) TimerEvent: {}
[92.275748] (-) TimerEvent: {}
[92.376023] (-) TimerEvent: {}
[92.476295] (-) TimerEvent: {}
[92.576573] (-) TimerEvent: {}
[92.676843] (-) TimerEvent: {}
[92.777111] (-) TimerEvent: {}
[92.877380] (-) TimerEvent: {}
[92.890199] (input_state_cache) StdoutLine: {'line': b'[100%] Linking CXX executable input_cache_logic_test\n'}
[92.977563] (-) TimerEvent: {}
[93.077863] (-) TimerEvent: {}
[93.163948] (input_state_cache) StdoutLine: {'line': b'[100%] Built target input_cache_logic_test\n'}
[93.178006] (-) TimerEvent: {}
[93.185200] (input_state_cache) JobEnded: {'identifier': 'input_state_cache', 'rc': 'SIGINT'}
[93.278126] (-) TimerEvent: {}
[93.378328] (-) TimerEvent: {}
[93.478511] (-) TimerEvent: {}
[93.578718] (-) TimerEvent: {}
[93.678922] (-) TimerEvent: {}
[93.779156] (-) TimerEvent: {}
[93.879409] (-) TimerEvent: {}
[93.979629] (-) TimerEvent: {}
[94.079824] (-) TimerEvent: {}
[94.180057] (-) TimerEvent: {}
[94.280302] (-) TimerEvent: {}
[94.380567] (-) TimerEvent: {}
[94.480800] (-) TimerEvent: {}
[94.581020] (-) TimerEvent: {}
[94.681214] (-) TimerEvent: {}
[94.781400] (-) TimerEvent: {}
[94.881586] (-) TimerEvent: {}
[94.981772] (-) TimerEvent: {}
[95.081988] (-) TimerEvent: {}
[95.182223] (-) TimerEvent: {}
[95.282494] (-) TimerEvent: {}
[95.382755] (-) TimerEvent: {}
[95.482967] (-) TimerEvent: {}
[95.583175] (-) TimerEvent: {}
[95.683383] (-) TimerEvent: {}
[95.783584] (-) TimerEvent: {}
[95.883782] (-) TimerEvent: {}
[95.984009] (-) TimerEvent: {}
[96.084225] (-) TimerEvent: {}
[96.184456] (-) TimerEvent: {}
[96.284674] (-) TimerEvent: {}
[96.384897] (-) TimerEvent: {}
[96.485065] (-) TimerEvent: {}
[96.585208] (-) TimerEvent: {}
[96.685335] (-) TimerEvent: {}
[96.785489] (-) TimerEvent: {}
[96.885653] (-) TimerEvent: {}
[96.985809] (-) TimerEvent: {}
[97.085999] (-) TimerEvent: {}
[97.186247] (-) TimerEvent: {}
[97.286459] (-) TimerEvent: {}
[97.386702] (-) TimerEvent: {}
[97.486914] (-) TimerEvent: {}
[97.587158] (-) TimerEvent: {}
[97.687348] (-) TimerEvent: {}
[97.787517] (-) TimerEvent: {}
[97.887668] (-) TimerEvent: {}
[97.915243] (fsm_state_machine) StdoutLine: {'line': b'[ 55%] Linking CXX static library libfsm_node_lib.a\n'}
[97.987800] (-) TimerEvent: {}
[98.088008] (-) TimerEvent: {}
[98.188199] (-) TimerEvent: {}
[98.288372] (-) TimerEvent: {}
[98.388533] (-) TimerEvent: {}
[98.488674] (-) TimerEvent: {}
[98.588797] (-) TimerEvent: {}
[98.688915] (-) TimerEvent: {}
[98.789060] (-) TimerEvent: {}
[99.170716] (-) TimerEvent: {}
[99.221577] (fsm_state_machine) StdoutLine: {'line': b'[ 55%] Built target fsm_node_lib\n'}
[99.266495] (fsm_state_machine) StdoutLine: {'line': b'[ 61%] Building CXX object CMakeFiles/fsm_logic_test.dir/test/unit/fsm_logic_test.cpp.o\n'}
[99.266910] (fsm_state_machine) StdoutLine: {'line': b'[ 66%] Building CXX object CMakeFiles/fsm_node.dir/src/main.cpp.o\n'}
[99.269749] (fsm_state_machine) StdoutLine: {'line': b'[ 72%] Building CXX object CMakeFiles/fsm_actions_test.dir/test/ros2/fsm_actions_test.cpp.o\n'}
[99.270890] (-) TimerEvent: {}
[99.373507] (-) TimerEvent: {}
[99.473799] (-) TimerEvent: {}
[99.574084] (-) TimerEvent: {}
[99.674383] (-) TimerEvent: {}
[99.774721] (-) TimerEvent: {}
[99.875015] (-) TimerEvent: {}
[99.975313] (-) TimerEvent: {}
[100.075591] (-) TimerEvent: {}
[100.175887] (-) TimerEvent: {}
[100.276182] (-) TimerEvent: {}
[100.379524] (-) TimerEvent: {}
[100.479847] (-) TimerEvent: {}
[100.580144] (-) TimerEvent: {}
[100.680457] (-) TimerEvent: {}
[100.780719] (-) TimerEvent: {}
[100.880994] (-) TimerEvent: {}
[100.981277] (-) TimerEvent: {}
[101.081574] (-) TimerEvent: {}
[101.181884] (-) TimerEvent: {}
[101.282161] (-) TimerEvent: {}
[101.382461] (-) TimerEvent: {}
[101.482735] (-) TimerEvent: {}
[101.584523] (-) TimerEvent: {}
[101.684824] (-) TimerEvent: {}
[101.785128] (-) TimerEvent: {}
[101.885429] (-) TimerEvent: {}
[101.985743] (-) TimerEvent: {}
[102.086057] (-) TimerEvent: {}
[102.188549] (-) TimerEvent: {}
[102.288871] (-) TimerEvent: {}
[102.389168] (-) TimerEvent: {}
[102.489490] (-) TimerEvent: {}
[102.589794] (-) TimerEvent: {}
[102.690105] (-) TimerEvent: {}
[102.790445] (-) TimerEvent: {}
[102.890715] (-) TimerEvent: {}
[102.993523] (-) TimerEvent: {}
[103.093861] (-) TimerEvent: {}
[103.194156] (-) TimerEvent: {}
[103.294474] (-) TimerEvent: {}
[103.394771] (-) TimerEvent: {}
[103.495053] (-) TimerEvent: {}
[103.595375] (-) TimerEvent: {}
[103.695735] (-) TimerEvent: {}
[103.796060] (-) TimerEvent: {}
[103.902509] (-) TimerEvent: {}
[104.002841] (-) TimerEvent: {}
[104.103173] (-) TimerEvent: {}
[104.203460] (-) TimerEvent: {}
[104.303771] (-) TimerEvent: {}
[104.404129] (-) TimerEvent: {}
[104.504436] (-) TimerEvent: {}
[104.604710] (-) TimerEvent: {}
[104.704991] (-) TimerEvent: {}
[104.805264] (-) TimerEvent: {}
[104.907497] (-) TimerEvent: {}
[105.007771] (-) TimerEvent: {}
[105.108063] (-) TimerEvent: {}
[105.208420] (-) TimerEvent: {}
[105.308770] (-) TimerEvent: {}
[105.409076] (-) TimerEvent: {}
[105.462763] (offboard_manager) StdoutLine: {'line': b'[100%] Linking CXX executable offboard_node\n'}
[105.511512] (-) TimerEvent: {}
[105.611969] (-) TimerEvent: {}
[105.712521] (-) TimerEvent: {}
[105.812915] (-) TimerEvent: {}
[105.913257] (-) TimerEvent: {}
[106.013575] (-) TimerEvent: {}
[106.116519] (-) TimerEvent: {}
[106.216834] (-) TimerEvent: {}
[106.317089] (-) TimerEvent: {}
[106.319385] (offboard_manager) StdoutLine: {'line': b'[100%] Built target offboard_node\n'}
[106.344440] (offboard_manager) JobEnded: {'identifier': 'offboard_manager', 'rc': 'SIGINT'}
[106.417247] (-) TimerEvent: {}
[106.517561] (-) TimerEvent: {}
[106.617893] (-) TimerEvent: {}
[106.648681] (fsm_state_machine) StdoutLine: {'line': b'[ 77%] Linking CXX executable fsm_node\n'}
[106.718046] (-) TimerEvent: {}
[106.820504] (-) TimerEvent: {}
[106.920767] (-) TimerEvent: {}
[107.021025] (-) TimerEvent: {}
[107.121273] (-) TimerEvent: {}
[107.128484] (fsm_state_machine) StdoutLine: {'line': b'[ 77%] Built target fsm_node\n'}
[107.168440] (fsm_state_machine) StdoutLine: {'line': b'[ 83%] Building CXX object CMakeFiles/fsm_node_test.dir/test/ros2/fsm_node_test.cpp.o\n'}
[107.221573] (-) TimerEvent: {}
[107.324481] (-) TimerEvent: {}
[107.424733] (-) TimerEvent: {}
[107.524981] (-) TimerEvent: {}
[107.625232] (-) TimerEvent: {}
[107.725496] (-) TimerEvent: {}
[107.825755] (-) TimerEvent: {}
[107.926013] (-) TimerEvent: {}
[108.026263] (-) TimerEvent: {}
[108.126494] (-) TimerEvent: {}
[108.226737] (-) TimerEvent: {}
[108.326978] (-) TimerEvent: {}
[108.427231] (-) TimerEvent: {}
[108.527496] (-) TimerEvent: {}
[108.627744] (-) TimerEvent: {}
[108.729517] (-) TimerEvent: {}
[108.829770] (-) TimerEvent: {}
[108.930035] (-) TimerEvent: {}
[109.030289] (-) TimerEvent: {}
[109.130553] (-) TimerEvent: {}
[109.230801] (-) TimerEvent: {}
[109.331036] (-) TimerEvent: {}
[109.432488] (-) TimerEvent: {}
[109.532754] (-) TimerEvent: {}
[109.553584] (fsm_state_machine) StdoutLine: {'line': b'[ 88%] Linking CXX executable fsm_logic_test\n'}
[109.632909] (-) TimerEvent: {}
[109.734480] (-) TimerEvent: {}
[109.834726] (-) TimerEvent: {}
[109.867379] (fsm_state_machine) StdoutLine: {'line': b'[ 88%] Built target fsm_logic_test\n'}
[109.934863] (-) TimerEvent: {}
[110.035082] (-) TimerEvent: {}
[110.135287] (-) TimerEvent: {}
[110.235501] (-) TimerEvent: {}
[110.335699] (-) TimerEvent: {}
[110.435866] (-) TimerEvent: {}
[110.536052] (-) TimerEvent: {}
[110.636244] (-) TimerEvent: {}
[110.736429] (-) TimerEvent: {}
[110.836610] (-) TimerEvent: {}
[110.936782] (-) TimerEvent: {}
[111.036956] (-) TimerEvent: {}
[111.137113] (-) TimerEvent: {}
[111.237291] (-) TimerEvent: {}
[111.337487] (-) TimerEvent: {}
[111.437682] (-) TimerEvent: {}
[111.537882] (-) TimerEvent: {}
[111.638077] (-) TimerEvent: {}
[111.738277] (-) TimerEvent: {}
[111.838478] (-) TimerEvent: {}
[111.938693] (-) TimerEvent: {}
[112.038899] (-) TimerEvent: {}
[112.139100] (-) TimerEvent: {}
[112.239297] (-) TimerEvent: {}
[112.339522] (-) TimerEvent: {}
[112.439709] (-) TimerEvent: {}
[112.539881] (-) TimerEvent: {}
[112.640048] (-) TimerEvent: {}
[112.740207] (-) TimerEvent: {}
[112.840402] (-) TimerEvent: {}
[112.940594] (-) TimerEvent: {}
[113.040769] (-) TimerEvent: {}
[113.140953] (-) TimerEvent: {}
[113.241173] (-) TimerEvent: {}
[113.341398] (-) TimerEvent: {}
[113.441584] (-) TimerEvent: {}
[113.541756] (-) TimerEvent: {}
[113.641961] (-) TimerEvent: {}
[113.742192] (-) TimerEvent: {}
[113.842403] (-) TimerEvent: {}
[113.942597] (-) TimerEvent: {}
[114.042784] (-) TimerEvent: {}
[114.142966] (-) TimerEvent: {}
[114.243166] (-) TimerEvent: {}
[114.343366] (-) TimerEvent: {}
[114.443559] (-) TimerEvent: {}
[114.543746] (-) TimerEvent: {}
[114.643936] (-) TimerEvent: {}
[114.744125] (-) TimerEvent: {}
[114.844339] (-) TimerEvent: {}
[114.944561] (-) TimerEvent: {}
[115.044765] (-) TimerEvent: {}
[115.144994] (-) TimerEvent: {}
[115.245239] (-) TimerEvent: {}
[115.345464] (-) TimerEvent: {}
[115.445668] (-) TimerEvent: {}
[115.545843] (-) TimerEvent: {}
[115.646041] (-) TimerEvent: {}
[115.746258] (-) TimerEvent: {}
[115.846475] (-) TimerEvent: {}
[115.946655] (-) TimerEvent: {}
[116.046827] (-) TimerEvent: {}
[116.147015] (-) TimerEvent: {}
[116.247228] (-) TimerEvent: {}
[116.347441] (-) TimerEvent: {}
[116.447631] (-) TimerEvent: {}
[116.547810] (-) TimerEvent: {}
[116.647991] (-) TimerEvent: {}
[116.748174] (-) TimerEvent: {}
[116.848343] (-) TimerEvent: {}
[116.948504] (-) TimerEvent: {}
[117.048674] (-) TimerEvent: {}
[117.148877] (-) TimerEvent: {}
[117.249095] (-) TimerEvent: {}
[117.349298] (-) TimerEvent: {}
[117.449481] (-) TimerEvent: {}
[117.549703] (-) TimerEvent: {}
[117.649936] (-) TimerEvent: {}
[117.750155] (-) TimerEvent: {}
[117.850374] (-) TimerEvent: {}
[117.950597] (-) TimerEvent: {}
[118.050805] (-) TimerEvent: {}
[118.151006] (-) TimerEvent: {}
[118.251217] (-) TimerEvent: {}
[118.351427] (-) TimerEvent: {}
[118.451606] (-) TimerEvent: {}
[118.551773] (-) TimerEvent: {}
[118.651922] (-) TimerEvent: {}
[118.752108] (-) TimerEvent: {}
[118.852323] (-) TimerEvent: {}
[118.952523] (-) TimerEvent: {}
[119.052714] (-) TimerEvent: {}
[119.152941] (-) TimerEvent: {}
[119.253168] (-) TimerEvent: {}
[119.353383] (-) TimerEvent: {}
[119.453594] (-) TimerEvent: {}
[119.553773] (-) TimerEvent: {}
[119.653935] (-) TimerEvent: {}
[119.754099] (-) TimerEvent: {}
[119.854264] (-) TimerEvent: {}
[119.954466] (-) TimerEvent: {}
[120.054669] (-) TimerEvent: {}
[120.154846] (-) TimerEvent: {}
[120.255041] (-) TimerEvent: {}
[120.355236] (-) TimerEvent: {}
[120.455440] (-) TimerEvent: {}
[120.555632] (-) TimerEvent: {}
[120.655800] (-) TimerEvent: {}
[120.755989] (-) TimerEvent: {}
[120.856196] (-) TimerEvent: {}
[120.956429] (-) TimerEvent: {}
[121.056627] (-) TimerEvent: {}
[121.156808] (-) TimerEvent: {}
[121.257013] (-) TimerEvent: {}
[121.357217] (-) TimerEvent: {}
[121.457395] (-) TimerEvent: {}
[121.557553] (-) TimerEvent: {}
[121.657709] (-) TimerEvent: {}
[121.757871] (-) TimerEvent: {}
[121.858046] (-) TimerEvent: {}
[121.958261] (-) TimerEvent: {}
[122.058470] (-) TimerEvent: {}
[122.158659] (-) TimerEvent: {}
[122.258888] (-) TimerEvent: {}
[122.359092] (-) TimerEvent: {}
[122.459269] (-) TimerEvent: {}
[122.559439] (-) TimerEvent: {}
[122.659595] (-) TimerEvent: {}
[122.759754] (-) TimerEvent: {}
[122.859916] (-) TimerEvent: {}
[122.960078] (-) TimerEvent: {}
[123.060286] (-) TimerEvent: {}
[123.160519] (-) TimerEvent: {}
[123.260723] (-) TimerEvent: {}
[123.360929] (-) TimerEvent: {}
[123.461126] (-) TimerEvent: {}
[123.561333] (-) TimerEvent: {}
[123.661557] (-) TimerEvent: {}
[123.761752] (-) TimerEvent: {}
[123.861961] (-) TimerEvent: {}
[123.962175] (-) TimerEvent: {}
[124.062410] (-) TimerEvent: {}
[124.162590] (-) TimerEvent: {}
[124.262784] (-) TimerEvent: {}
[124.363013] (-) TimerEvent: {}
[124.463229] (-) TimerEvent: {}
[124.563445] (-) TimerEvent: {}
[124.663658] (-) TimerEvent: {}
[124.763850] (-) TimerEvent: {}
[124.864015] (-) TimerEvent: {}
[124.964207] (-) TimerEvent: {}
[125.064421] (-) TimerEvent: {}
[125.164652] (-) TimerEvent: {}
[125.264880] (-) TimerEvent: {}
[125.365091] (-) TimerEvent: {}
[125.465281] (-) TimerEvent: {}
[125.565465] (-) TimerEvent: {}
[125.665635] (-) TimerEvent: {}
[125.765798] (-) TimerEvent: {}
[125.865949] (-) TimerEvent: {}
[125.966127] (-) TimerEvent: {}
[126.066325] (-) TimerEvent: {}
[126.166518] (-) TimerEvent: {}
[126.266721] (-) TimerEvent: {}
[126.366927] (-) TimerEvent: {}
[126.467113] (-) TimerEvent: {}
[126.567281] (-) TimerEvent: {}
[126.667454] (-) TimerEvent: {}
[126.767653] (-) TimerEvent: {}
[126.867866] (-) TimerEvent: {}
[126.968093] (-) TimerEvent: {}
[127.068328] (-) TimerEvent: {}
[127.168541] (-) TimerEvent: {}
[127.268742] (-) TimerEvent: {}
[127.368976] (-) TimerEvent: {}
[127.469167] (-) TimerEvent: {}
[127.569337] (-) TimerEvent: {}
[127.669507] (-) TimerEvent: {}
[127.769671] (-) TimerEvent: {}
[127.869828] (-) TimerEvent: {}
[127.969985] (-) TimerEvent: {}
[128.070169] (-) TimerEvent: {}
[128.170371] (-) TimerEvent: {}
[128.270606] (-) TimerEvent: {}
[128.370798] (-) TimerEvent: {}
[128.470986] (-) TimerEvent: {}
[128.571191] (-) TimerEvent: {}
[128.671384] (-) TimerEvent: {}
[128.771566] (-) TimerEvent: {}
[128.871734] (-) TimerEvent: {}
[128.971905] (-) TimerEvent: {}
[129.072088] (-) TimerEvent: {}
[129.172255] (-) TimerEvent: {}
[129.272452] (-) TimerEvent: {}
[129.372665] (-) TimerEvent: {}
[129.472878] (-) TimerEvent: {}
[129.573089] (-) TimerEvent: {}
[129.673285] (-) TimerEvent: {}
[129.773478] (-) TimerEvent: {}
[129.873689] (-) TimerEvent: {}
[129.973874] (-) TimerEvent: {}
[130.074052] (-) TimerEvent: {}
[130.174251] (-) TimerEvent: {}
[130.274462] (-) TimerEvent: {}
[130.374667] (-) TimerEvent: {}
[130.474845] (-) TimerEvent: {}
[130.575016] (-) TimerEvent: {}
[130.675191] (-) TimerEvent: {}
[130.775358] (-) TimerEvent: {}
[130.875547] (-) TimerEvent: {}
[130.975757] (-) TimerEvent: {}
[131.075937] (-) TimerEvent: {}
[131.176126] (-) TimerEvent: {}
[131.276347] (-) TimerEvent: {}
[131.376594] (-) TimerEvent: {}
[131.476821] (-) TimerEvent: {}
[131.577013] (-) TimerEvent: {}
[131.677230] (-) TimerEvent: {}
[131.777491] (-) TimerEvent: {}
[131.877711] (-) TimerEvent: {}
[131.977874] (-) TimerEvent: {}
[132.078051] (-) TimerEvent: {}
[132.165478] (fsm_state_machine) StdoutLine: {'line': b'[ 94%] Linking CXX executable fsm_actions_test\n'}
[132.178203] (-) TimerEvent: {}
[132.278495] (-) TimerEvent: {}
[132.378768] (-) TimerEvent: {}
[132.479005] (-) TimerEvent: {}
[132.579198] (-) TimerEvent: {}
[132.645948] (fsm_state_machine) StdoutLine: {'line': b'[ 94%] Built target fsm_actions_test\n'}
[132.679338] (-) TimerEvent: {}
[132.779570] (-) TimerEvent: {}
[132.879767] (-) TimerEvent: {}
[132.979932] (-) TimerEvent: {}
[133.080087] (-) TimerEvent: {}
[133.180220] (-) TimerEvent: {}
[133.280403] (-) TimerEvent: {}
[133.380564] (-) TimerEvent: {}
[133.480690] (-) TimerEvent: {}
[133.580802] (-) TimerEvent: {}
[133.680916] (-) TimerEvent: {}
[133.781034] (-) TimerEvent: {}
[133.881162] (-) TimerEvent: {}
[133.981274] (-) TimerEvent: {}
[134.081412] (-) TimerEvent: {}
[134.181574] (-) TimerEvent: {}
[134.281769] (-) TimerEvent: {}
[134.381937] (-) TimerEvent: {}
[134.482100] (-) TimerEvent: {}
[134.582256] (-) TimerEvent: {}
[134.682384] (-) TimerEvent: {}
[134.782500] (-) TimerEvent: {}
[134.882605] (-) TimerEvent: {}
[134.982738] (-) TimerEvent: {}
[135.082885] (-) TimerEvent: {}
[135.183024] (-) TimerEvent: {}
[135.283190] (-) TimerEvent: {}
[135.383345] (-) TimerEvent: {}
[135.483477] (-) TimerEvent: {}
[135.583616] (-) TimerEvent: {}
[135.683764] (-) TimerEvent: {}
[135.783923] (-) TimerEvent: {}
[135.884095] (-) TimerEvent: {}
[135.984248] (-) TimerEvent: {}
[136.084418] (-) TimerEvent: {}
[136.184575] (-) TimerEvent: {}
[136.284748] (-) TimerEvent: {}
[136.384912] (-) TimerEvent: {}
[136.485063] (-) TimerEvent: {}
[136.585202] (-) TimerEvent: {}
[136.685337] (-) TimerEvent: {}
[136.785470] (-) TimerEvent: {}
[136.885616] (-) TimerEvent: {}
[136.985735] (-) TimerEvent: {}
[137.085841] (-) TimerEvent: {}
[137.185995] (-) TimerEvent: {}
[137.286175] (-) TimerEvent: {}
[137.386322] (-) TimerEvent: {}
[137.486452] (-) TimerEvent: {}
[137.586567] (-) TimerEvent: {}
[137.686696] (-) TimerEvent: {}
[137.786833] (-) TimerEvent: {}
[137.886953] (-) TimerEvent: {}
[137.987068] (-) TimerEvent: {}
[138.087169] (-) TimerEvent: {}
[138.187290] (-) TimerEvent: {}
[138.287453] (-) TimerEvent: {}
[138.387620] (-) TimerEvent: {}
[138.487762] (-) TimerEvent: {}
[138.587895] (-) TimerEvent: {}
[138.688003] (-) TimerEvent: {}
[138.788143] (-) TimerEvent: {}
[138.888303] (-) TimerEvent: {}
[138.988426] (-) TimerEvent: {}
[139.088547] (-) TimerEvent: {}
[139.188710] (-) TimerEvent: {}
[139.288922] (-) TimerEvent: {}
[139.389131] (-) TimerEvent: {}
[139.489316] (-) TimerEvent: {}
[139.589495] (-) TimerEvent: {}
[139.689667] (-) TimerEvent: {}
[139.789798] (-) TimerEvent: {}
[139.889908] (-) TimerEvent: {}
[139.990012] (-) TimerEvent: {}
[140.090158] (-) TimerEvent: {}
[140.190404] (-) TimerEvent: {}
[140.290612] (-) TimerEvent: {}
[140.390820] (-) TimerEvent: {}
[140.491002] (-) TimerEvent: {}
[140.591151] (-) TimerEvent: {}
[140.691270] (-) TimerEvent: {}
[140.791392] (-) TimerEvent: {}
[140.891513] (-) TimerEvent: {}
[140.991628] (-) TimerEvent: {}
[141.091738] (-) TimerEvent: {}
[141.191885] (-) TimerEvent: {}
[141.292066] (-) TimerEvent: {}
[141.392240] (-) TimerEvent: {}
[141.492366] (-) TimerEvent: {}
[141.592544] (-) TimerEvent: {}
[141.692747] (-) TimerEvent: {}
[141.792929] (-) TimerEvent: {}
[141.893093] (-) TimerEvent: {}
[141.993217] (-) TimerEvent: {}
[142.093368] (-) TimerEvent: {}
[142.193572] (-) TimerEvent: {}
[142.228493] (fsm_state_machine) StdoutLine: {'line': b'[100%] Linking CXX executable fsm_node_test\n'}
[142.293707] (-) TimerEvent: {}
[142.393915] (-) TimerEvent: {}
[142.494090] (-) TimerEvent: {}
[142.594234] (-) TimerEvent: {}
[142.694357] (-) TimerEvent: {}
[142.749522] (fsm_state_machine) StdoutLine: {'line': b'[100%] Built target fsm_node_test\n'}
[142.769025] (fsm_state_machine) JobEnded: {'identifier': 'fsm_state_machine', 'rc': 'SIGINT'}
[142.779600] (apf_planner) JobSkipped: {'identifier': 'apf_planner'}
[142.779661] (gimbal_control) JobSkipped: {'identifier': 'gimbal_control'}
[142.779684] (offboard_safety_monitor) JobSkipped: {'identifier': 'offboard_safety_monitor'}
[142.779703] (px4_state_bridge) JobSkipped: {'identifier': 'px4_state_bridge'}
[142.779722] (vision_interface_bridge) JobSkipped: {'identifier': 'vision_interface_bridge'}
[142.779741] (vdt_bringup) JobSkipped: {'identifier': 'vdt_bringup'}
[142.779761] (-) EventReactorShutdown: {}
