Starting >>> aruco_detector
running egg_info
writing ../../../build/aruco_detector/aruco_detector.egg-info/PKG-INFO
writing dependency_links to ../../../build/aruco_detector/aruco_detector.egg-info/dependency_links.txt
writing entry points to ../../../build/aruco_detector/aruco_detector.egg-info/entry_points.txt
writing requirements to ../../../build/aruco_detector/aruco_detector.egg-info/requires.txt
writing top-level names to ../../../build/aruco_detector/aruco_detector.egg-info/top_level.txt
reading manifest file '../../../build/aruco_detector/aruco_detector.egg-info/SOURCES.txt'
writing manifest file '../../../build/aruco_detector/aruco_detector.egg-info/SOURCES.txt'
running build
running build_py
running install
running install_lib
running install_data
running install_egg_info
removing '/home/vdt_2026/VDT_project/install/aruco_detector/lib/python3.12/site-packages/aruco_detector-0.1.0-py3.12.egg-info' (and everything under it)
Copying ../../../build/aruco_detector/aruco_detector.egg-info to /home/vdt_2026/VDT_project/install/aruco_detector/lib/python3.12/site-packages/aruco_detector-0.1.0-py3.12.egg-info
running install_scripts
Installing aruco_node script to /home/vdt_2026/VDT_project/install/aruco_detector/lib/aruco_detector
Installing depth_to_image_node script to /home/vdt_2026/VDT_project/install/aruco_detector/lib/aruco_detector
writing list of installed files to '/home/vdt_2026/VDT_project/build/aruco_detector/install.log'
Finished <<< aruco_detector [2.31s]
Starting >>> ekf_adapter
running egg_info
writing ../../../build/ekf_adapter/ekf_adapter.egg-info/PKG-INFO
writing dependency_links to ../../../build/ekf_adapter/ekf_adapter.egg-info/dependency_links.txt
writing entry points to ../../../build/ekf_adapter/ekf_adapter.egg-info/entry_points.txt
writing requirements to ../../../build/ekf_adapter/ekf_adapter.egg-info/requires.txt
writing top-level names to ../../../build/ekf_adapter/ekf_adapter.egg-info/top_level.txt
reading manifest file '../../../build/ekf_adapter/ekf_adapter.egg-info/SOURCES.txt'
writing manifest file '../../../build/ekf_adapter/ekf_adapter.egg-info/SOURCES.txt'
running build
running build_py
running install
running install_lib
running install_data
running install_egg_info
removing '/home/vdt_2026/VDT_project/install/ekf_adapter/lib/python3.12/site-packages/ekf_adapter-0.1.0-py3.12.egg-info' (and everything under it)
Copying ../../../build/ekf_adapter/ekf_adapter.egg-info to /home/vdt_2026/VDT_project/install/ekf_adapter/lib/python3.12/site-packages/ekf_adapter-0.1.0-py3.12.egg-info
running install_scripts
Installing ekf_node script to /home/vdt_2026/VDT_project/install/ekf_adapter/lib/ekf_adapter
Installing odom_tf_node script to /home/vdt_2026/VDT_project/install/ekf_adapter/lib/ekf_adapter
writing list of installed files to '/home/vdt_2026/VDT_project/build/ekf_adapter/install.log'
Finished <<< ekf_adapter [1.77s]
Starting >>> ibvs
running egg_info
writing ../../../build/ibvs/ibvs.egg-info/PKG-INFO
writing dependency_links to ../../../build/ibvs/ibvs.egg-info/dependency_links.txt
writing entry points to ../../../build/ibvs/ibvs.egg-info/entry_points.txt
writing requirements to ../../../build/ibvs/ibvs.egg-info/requires.txt
writing top-level names to ../../../build/ibvs/ibvs.egg-info/top_level.txt
reading manifest file '../../../build/ibvs/ibvs.egg-info/SOURCES.txt'
writing manifest file '../../../build/ibvs/ibvs.egg-info/SOURCES.txt'
running build
running build_py
running install
running install_lib
running install_data
running install_egg_info
removing '/home/vdt_2026/VDT_project/install/ibvs/lib/python3.12/site-packages/ibvs-0.1.0-py3.12.egg-info' (and everything under it)
Copying ../../../build/ibvs/ibvs.egg-info to /home/vdt_2026/VDT_project/install/ibvs/lib/python3.12/site-packages/ibvs-0.1.0-py3.12.egg-info
running install_scripts
Installing ibvs_controller script to /home/vdt_2026/VDT_project/install/ibvs/lib/ibvs
writing list of installed files to '/home/vdt_2026/VDT_project/build/ibvs/install.log'
Finished <<< ibvs [1.76s]
Starting >>> servo_control
running egg_info
writing ../../../build/servo_control/servo_control.egg-info/PKG-INFO
writing dependency_links to ../../../build/servo_control/servo_control.egg-info/dependency_links.txt
writing entry points to ../../../build/servo_control/servo_control.egg-info/entry_points.txt
writing requirements to ../../../build/servo_control/servo_control.egg-info/requires.txt
writing top-level names to ../../../build/servo_control/servo_control.egg-info/top_level.txt
reading manifest file '../../../build/servo_control/servo_control.egg-info/SOURCES.txt'
writing manifest file '../../../build/servo_control/servo_control.egg-info/SOURCES.txt'
running build
running build_py
running install
running install_lib
running install_data
running install_egg_info
removing '/home/vdt_2026/VDT_project/install/servo_control/lib/python3.12/site-packages/servo_control-0.1.0-py3.12.egg-info' (and everything under it)
Copying ../../../build/servo_control/servo_control.egg-info to /home/vdt_2026/VDT_project/install/servo_control/lib/python3.12/site-packages/servo_control-0.1.0-py3.12.egg-info
running install_scripts
Installing servo_node script to /home/vdt_2026/VDT_project/install/servo_control/lib/servo_control
writing list of installed files to '/home/vdt_2026/VDT_project/build/servo_control/install.log'
Finished <<< servo_control [1.76s]
Starting >>> vdt_msgs
-- Found ament_cmake: 2.5.6 (/opt/ros/jazzy/share/ament_cmake/cmake)
-- Found std_msgs: 5.3.8 (/opt/ros/jazzy/share/std_msgs/cmake)
-- Found rosidl_generator_c: 4.6.9 (/opt/ros/jazzy/share/rosidl_generator_c/cmake)
-- Found rosidl_generator_cpp: 4.6.9 (/opt/ros/jazzy/share/rosidl_generator_cpp/cmake)
-- Using all available rosidl_typesupport_c: rosidl_typesupport_fastrtps_c;rosidl_typesupport_introspection_c
-- Using all available rosidl_typesupport_cpp: rosidl_typesupport_fastrtps_cpp;rosidl_typesupport_introspection_cpp
-- Found rosidl_default_generators: 1.6.1 (/opt/ros/jazzy/share/rosidl_default_generators/cmake)
-- Found rosidl_adapter: 4.6.9 (/opt/ros/jazzy/share/rosidl_adapter/cmake)
-- Found ament_cmake_ros: 0.12.1 (/opt/ros/jazzy/share/ament_cmake_ros/cmake)
-- Using all available rosidl_typesupport_c: rosidl_typesupport_fastrtps_c;rosidl_typesupport_introspection_c
-- Using all available rosidl_typesupport_cpp: rosidl_typesupport_fastrtps_cpp;rosidl_typesupport_introspection_cpp
-- Found python_cmake_module: 0.11.1 (/opt/ros/jazzy/share/python_cmake_module/cmake)
-- Found Python3: /usr/bin/python3 (found version "3.12.3") found components: Interpreter Development NumPy Development.Module Development.Embed 
-- Found Python3: /usr/bin/python3 (found version "3.12.3") found components: Interpreter 
-- Configuring done (2.5s)
-- Generating done (0.2s)
-- Build files have been written to: /home/vdt_2026/VDT_project/build/vdt_msgs
Change Dir: '/home/vdt_2026/VDT_project/build/vdt_msgs'

Run Build Command(s): /usr/bin/cmake -E env VERBOSE=1 /usr/bin/gmake -f Makefile -j4 -l4
/usr/bin/cmake -S/home/vdt_2026/VDT_project/ros2_ws/src/vdt_msgs -B/home/vdt_2026/VDT_project/build/vdt_msgs --check-build-system CMakeFiles/Makefile.cmake 0
/usr/bin/cmake -E cmake_progress_start /home/vdt_2026/VDT_project/build/vdt_msgs/CMakeFiles /home/vdt_2026/VDT_project/build/vdt_msgs//CMakeFiles/progress.marks
/usr/bin/gmake  -f CMakeFiles/Makefile2 all
gmake[1]: Entering directory '/home/vdt_2026/VDT_project/build/vdt_msgs'
/usr/bin/gmake  -f CMakeFiles/vdt_msgs__rosidl_generator_type_description.dir/build.make CMakeFiles/vdt_msgs__rosidl_generator_type_description.dir/depend
/usr/bin/gmake  -f /home/vdt_2026/VDT_project/build/vdt_msgs/vdt_msgs__rs/CMakeFiles/vdt_msgs__rs.dir/build.make /home/vdt_2026/VDT_project/build/vdt_msgs/vdt_msgs__rs/CMakeFiles/vdt_msgs__rs.dir/depend
/usr/bin/gmake  -f CMakeFiles/ament_cmake_python_copy_vdt_msgs.dir/build.make CMakeFiles/ament_cmake_python_copy_vdt_msgs.dir/depend
gmake[2]: Entering directory '/home/vdt_2026/VDT_project/build/vdt_msgs'
cd /home/vdt_2026/VDT_project/build/vdt_msgs && /usr/bin/cmake -E cmake_depends "Unix Makefiles" /home/vdt_2026/VDT_project/ros2_ws/src/vdt_msgs /home/vdt_2026/VDT_project/ros2_ws/src/vdt_msgs /home/vdt_2026/VDT_project/build/vdt_msgs /home/vdt_2026/VDT_project/build/vdt_msgs /home/vdt_2026/VDT_project/build/vdt_msgs/CMakeFiles/vdt_msgs__rosidl_generator_type_description.dir/DependInfo.cmake "--color="
gmake[2]: Entering directory '/home/vdt_2026/VDT_project/build/vdt_msgs'
cd /home/vdt_2026/VDT_project/build/vdt_msgs && /usr/bin/cmake -E cmake_depends "Unix Makefiles" /home/vdt_2026/VDT_project/ros2_ws/src/vdt_msgs /home/vdt_2026/VDT_project/build/vdt_msgs/vdt_msgs__rs /home/vdt_2026/VDT_project/build/vdt_msgs /home/vdt_2026/VDT_project/build/vdt_msgs/vdt_msgs__rs /home/vdt_2026/VDT_project/build/vdt_msgs/vdt_msgs__rs/CMakeFiles/vdt_msgs__rs.dir/DependInfo.cmake "--color="
gmake[2]: Entering directory '/home/vdt_2026/VDT_project/build/vdt_msgs'
cd /home/vdt_2026/VDT_project/build/vdt_msgs && /usr/bin/cmake -E cmake_depends "Unix Makefiles" /home/vdt_2026/VDT_project/ros2_ws/src/vdt_msgs /home/vdt_2026/VDT_project/ros2_ws/src/vdt_msgs /home/vdt_2026/VDT_project/build/vdt_msgs /home/vdt_2026/VDT_project/build/vdt_msgs /home/vdt_2026/VDT_project/build/vdt_msgs/CMakeFiles/ament_cmake_python_copy_vdt_msgs.dir/DependInfo.cmake "--color="
gmake[2]: Leaving directory '/home/vdt_2026/VDT_project/build/vdt_msgs'
gmake[2]: Leaving directory '/home/vdt_2026/VDT_project/build/vdt_msgs'
gmake[2]: Leaving directory '/home/vdt_2026/VDT_project/build/vdt_msgs'
/usr/bin/gmake  -f CMakeFiles/vdt_msgs__rosidl_generator_type_description.dir/build.make CMakeFiles/vdt_msgs__rosidl_generator_type_description.dir/build
/usr/bin/gmake  -f /home/vdt_2026/VDT_project/build/vdt_msgs/vdt_msgs__rs/CMakeFiles/vdt_msgs__rs.dir/build.make /home/vdt_2026/VDT_project/build/vdt_msgs/vdt_msgs__rs/CMakeFiles/vdt_msgs__rs.dir/build
/usr/bin/gmake  -f CMakeFiles/ament_cmake_python_copy_vdt_msgs.dir/build.make CMakeFiles/ament_cmake_python_copy_vdt_msgs.dir/build
gmake[2]: Entering directory '/home/vdt_2026/VDT_project/build/vdt_msgs'
gmake[2]: Nothing to be done for 'CMakeFiles/vdt_msgs__rosidl_generator_type_description.dir/build'.
gmake[2]: Leaving directory '/home/vdt_2026/VDT_project/build/vdt_msgs'
gmake[2]: Entering directory '/home/vdt_2026/VDT_project/build/vdt_msgs'
/usr/bin/cmake -E copy_directory /home/vdt_2026/VDT_project/build/vdt_msgs/rosidl_generator_py/vdt_msgs /home/vdt_2026/VDT_project/build/vdt_msgs/ament_cmake_python/vdt_msgs/vdt_msgs
gmake[2]: Entering directory '/home/vdt_2026/VDT_project/build/vdt_msgs'
gmake[2]: Nothing to be done for '/home/vdt_2026/VDT_project/build/vdt_msgs/vdt_msgs__rs/CMakeFiles/vdt_msgs__rs.dir/build'.
gmake[2]: Leaving directory '/home/vdt_2026/VDT_project/build/vdt_msgs'
[  2%] Built target vdt_msgs__rosidl_generator_type_description
[  1%] Built target vdt_msgs__rs
/usr/bin/gmake  -f CMakeFiles/vdt_msgs__rosidl_generator_c.dir/build.make CMakeFiles/vdt_msgs__rosidl_generator_c.dir/depend
/usr/bin/gmake  -f CMakeFiles/vdt_msgs__cpp.dir/build.make CMakeFiles/vdt_msgs__cpp.dir/depend
gmake[2]: Entering directory '/home/vdt_2026/VDT_project/build/vdt_msgs'
cd /home/vdt_2026/VDT_project/build/vdt_msgs && /usr/bin/cmake -E cmake_depends "Unix Makefiles" /home/vdt_2026/VDT_project/ros2_ws/src/vdt_msgs /home/vdt_2026/VDT_project/ros2_ws/src/vdt_msgs /home/vdt_2026/VDT_project/build/vdt_msgs /home/vdt_2026/VDT_project/build/vdt_msgs /home/vdt_2026/VDT_project/build/vdt_msgs/CMakeFiles/vdt_msgs__cpp.dir/DependInfo.cmake "--color="
gmake[2]: Entering directory '/home/vdt_2026/VDT_project/build/vdt_msgs'
cd /home/vdt_2026/VDT_project/build/vdt_msgs && /usr/bin/cmake -E cmake_depends "Unix Makefiles" /home/vdt_2026/VDT_project/ros2_ws/src/vdt_msgs /home/vdt_2026/VDT_project/ros2_ws/src/vdt_msgs /home/vdt_2026/VDT_project/build/vdt_msgs /home/vdt_2026/VDT_project/build/vdt_msgs /home/vdt_2026/VDT_project/build/vdt_msgs/CMakeFiles/vdt_msgs__rosidl_generator_c.dir/DependInfo.cmake "--color="
Dependencies file "CMakeFiles/vdt_msgs__rosidl_generator_c.dir/rosidl_generator_c/vdt_msgs/msg/detail/alt_estimate__description.c.o.d" is newer than depends file "/home/vdt_2026/VDT_project/build/vdt_msgs/CMakeFiles/vdt_msgs__rosidl_generator_c.dir/compiler_depend.internal".
Dependencies file "CMakeFiles/vdt_msgs__rosidl_generator_c.dir/rosidl_generator_c/vdt_msgs/msg/detail/alt_estimate__functions.c.o.d" is newer than depends file "/home/vdt_2026/VDT_project/build/vdt_msgs/CMakeFiles/vdt_msgs__rosidl_generator_c.dir/compiler_depend.internal".
gmake[2]: Leaving directory '/home/vdt_2026/VDT_project/build/vdt_msgs'
Dependencies file "CMakeFiles/vdt_msgs__rosidl_generator_c.dir/rosidl_generator_c/vdt_msgs/msg/detail/alt_estimate__type_support.c.o.d" is newer than depends file "/home/vdt_2026/VDT_project/build/vdt_msgs/CMakeFiles/vdt_msgs__rosidl_generator_c.dir/compiler_depend.internal".
gmake[2]: Leaving directory '/home/vdt_2026/VDT_project/build/vdt_msgs'
/usr/bin/gmake  -f CMakeFiles/vdt_msgs__cpp.dir/build.make CMakeFiles/vdt_msgs__cpp.dir/build
Dependencies file "CMakeFiles/vdt_msgs__rosidl_generator_c.dir/rosidl_generator_c/vdt_msgs/msg/detail/input_snapshot__description.c.o.d" is newer than depends file "/home/vdt_2026/VDT_project/build/vdt_msgs/CMakeFiles/vdt_msgs__rosidl_generator_c.dir/compiler_depend.internal".
Dependencies file "CMakeFiles/vdt_msgs__rosidl_generator_c.dir/rosidl_generator_c/vdt_msgs/msg/detail/input_snapshot__functions.c.o.d" is newer than depends file "/home/vdt_2026/VDT_project/build/vdt_msgs/CMakeFiles/vdt_msgs__rosidl_generator_c.dir/compiler_depend.internal".
Dependencies file "CMakeFiles/vdt_msgs__rosidl_generator_c.dir/rosidl_generator_c/vdt_msgs/msg/detail/input_snapshot__type_support.c.o.d" is newer than depends file "/home/vdt_2026/VDT_project/build/vdt_msgs/CMakeFiles/vdt_msgs__rosidl_generator_c.dir/compiler_depend.internal".
Dependencies file "CMakeFiles/vdt_msgs__rosidl_generator_c.dir/rosidl_generator_c/vdt_msgs/msg/detail/offboard_status__description.c.o.d" is newer than depends file "/home/vdt_2026/VDT_project/build/vdt_msgs/CMakeFiles/vdt_msgs__rosidl_generator_c.dir/compiler_depend.internal".
gmake[2]: Entering directory '/home/vdt_2026/VDT_project/build/vdt_msgs'
gmake[2]: Nothing to be done for 'CMakeFiles/vdt_msgs__cpp.dir/build'.
gmake[2]: Leaving directory '/home/vdt_2026/VDT_project/build/vdt_msgs'
Dependencies file "CMakeFiles/vdt_msgs__rosidl_generator_c.dir/rosidl_generator_c/vdt_msgs/msg/detail/offboard_status__functions.c.o.d" is newer than depends file "/home/vdt_2026/VDT_project/build/vdt_msgs/CMakeFiles/vdt_msgs__rosidl_generator_c.dir/compiler_depend.internal".
Dependencies file "CMakeFiles/vdt_msgs__rosidl_generator_c.dir/rosidl_generator_c/vdt_msgs/msg/detail/offboard_status__type_support.c.o.d" is newer than depends file "/home/vdt_2026/VDT_project/build/vdt_msgs/CMakeFiles/vdt_msgs__rosidl_generator_c.dir/compiler_depend.internal".
Dependencies file "CMakeFiles/vdt_msgs__rosidl_generator_c.dir/rosidl_generator_c/vdt_msgs/msg/detail/planner_output__description.c.o.d" is newer than depends file "/home/vdt_2026/VDT_project/build/vdt_msgs/CMakeFiles/vdt_msgs__rosidl_generator_c.dir/compiler_depend.internal".
Dependencies file "CMakeFiles/vdt_msgs__rosidl_generator_c.dir/rosidl_generator_c/vdt_msgs/msg/detail/planner_output__functions.c.o.d" is newer than depends file "/home/vdt_2026/VDT_project/build/vdt_msgs/CMakeFiles/vdt_msgs__rosidl_generator_c.dir/compiler_depend.internal".
Dependencies file "CMakeFiles/vdt_msgs__rosidl_generator_c.dir/rosidl_generator_c/vdt_msgs/msg/detail/planner_output__type_support.c.o.d" is newer than depends file "/home/vdt_2026/VDT_project/build/vdt_msgs/CMakeFiles/vdt_msgs__rosidl_generator_c.dir/compiler_depend.internal".
Dependencies file "CMakeFiles/vdt_msgs__rosidl_generator_c.dir/rosidl_generator_c/vdt_msgs/msg/detail/rc_channels_raw__description.c.o.d" is newer than depends file "/home/vdt_2026/VDT_project/build/vdt_msgs/CMakeFiles/vdt_msgs__rosidl_generator_c.dir/compiler_depend.internal".
Dependencies file "CMakeFiles/vdt_msgs__rosidl_generator_c.dir/rosidl_generator_c/vdt_msgs/msg/detail/rc_channels_raw__functions.c.o.d" is newer than depends file "/home/vdt_2026/VDT_project/build/vdt_msgs/CMakeFiles/vdt_msgs__rosidl_generator_c.dir/compiler_depend.internal".
Dependencies file "CMakeFiles/vdt_msgs__rosidl_generator_c.dir/rosidl_generator_c/vdt_msgs/msg/detail/rc_channels_raw__type_support.c.o.d" is newer than depends file "/home/vdt_2026/VDT_project/build/vdt_msgs/CMakeFiles/vdt_msgs__rosidl_generator_c.dir/compiler_depend.internal".
Dependencies file "CMakeFiles/vdt_msgs__rosidl_generator_c.dir/rosidl_generator_c/vdt_msgs/msg/detail/rc_fsm_input__description.c.o.d" is newer than depends file "/home/vdt_2026/VDT_project/build/vdt_msgs/CMakeFiles/vdt_msgs__rosidl_generator_c.dir/compiler_depend.internal".
Dependencies file "CMakeFiles/vdt_msgs__rosidl_generator_c.dir/rosidl_generator_c/vdt_msgs/msg/detail/rc_fsm_input__functions.c.o.d" is newer than depends file "/home/vdt_2026/VDT_project/build/vdt_msgs/CMakeFiles/vdt_msgs__rosidl_generator_c.dir/compiler_depend.internal".
Dependencies file "CMakeFiles/vdt_msgs__rosidl_generator_c.dir/rosidl_generator_c/vdt_msgs/msg/detail/rc_fsm_input__type_support.c.o.d" is newer than depends file "/home/vdt_2026/VDT_project/build/vdt_msgs/CMakeFiles/vdt_msgs__rosidl_generator_c.dir/compiler_depend.internal".
Dependencies file "CMakeFiles/vdt_msgs__rosidl_generator_c.dir/rosidl_generator_c/vdt_msgs/msg/detail/timeout_flags__description.c.o.d" is newer than depends file "/home/vdt_2026/VDT_project/build/vdt_msgs/CMakeFiles/vdt_msgs__rosidl_generator_c.dir/compiler_depend.internal".
Dependencies file "CMakeFiles/vdt_msgs__rosidl_generator_c.dir/rosidl_generator_c/vdt_msgs/msg/detail/timeout_flags__functions.c.o.d" is newer than depends file "/home/vdt_2026/VDT_project/build/vdt_msgs/CMakeFiles/vdt_msgs__rosidl_generator_c.dir/compiler_depend.internal".
Dependencies file "CMakeFiles/vdt_msgs__rosidl_generator_c.dir/rosidl_generator_c/vdt_msgs/msg/detail/timeout_flags__type_support.c.o.d" is newer than depends file "/home/vdt_2026/VDT_project/build/vdt_msgs/CMakeFiles/vdt_msgs__rosidl_generator_c.dir/compiler_depend.internal".
Dependencies file "CMakeFiles/vdt_msgs__rosidl_generator_c.dir/rosidl_generator_c/vdt_msgs/msg/detail/vision_marker__description.c.o.d" is newer than depends file "/home/vdt_2026/VDT_project/build/vdt_msgs/CMakeFiles/vdt_msgs__rosidl_generator_c.dir/compiler_depend.internal".
Dependencies file "CMakeFiles/vdt_msgs__rosidl_generator_c.dir/rosidl_generator_c/vdt_msgs/msg/detail/vision_marker__functions.c.o.d" is newer than depends file "/home/vdt_2026/VDT_project/build/vdt_msgs/CMakeFiles/vdt_msgs__rosidl_generator_c.dir/compiler_depend.internal".
Dependencies file "CMakeFiles/vdt_msgs__rosidl_generator_c.dir/rosidl_generator_c/vdt_msgs/msg/detail/vision_marker__type_support.c.o.d" is newer than depends file "/home/vdt_2026/VDT_project/build/vdt_msgs/CMakeFiles/vdt_msgs__rosidl_generator_c.dir/compiler_depend.internal".
[  2%] Built target ament_cmake_python_copy_vdt_msgs
/usr/bin/gmake  -f CMakeFiles/ament_cmake_python_build_vdt_msgs_egg.dir/build.make CMakeFiles/ament_cmake_python_build_vdt_msgs_egg.dir/depend
gmake[2]: Entering directory '/home/vdt_2026/VDT_project/build/vdt_msgs'
cd /home/vdt_2026/VDT_project/build/vdt_msgs && /usr/bin/cmake -E cmake_depends "Unix Makefiles" /home/vdt_2026/VDT_project/ros2_ws/src/vdt_msgs /home/vdt_2026/VDT_project/ros2_ws/src/vdt_msgs /home/vdt_2026/VDT_project/build/vdt_msgs /home/vdt_2026/VDT_project/build/vdt_msgs /home/vdt_2026/VDT_project/build/vdt_msgs/CMakeFiles/ament_cmake_python_build_vdt_msgs_egg.dir/DependInfo.cmake "--color="
[  2%] Built target vdt_msgs__cpp
Consolidate compiler generated dependencies of target vdt_msgs__rosidl_generator_c
gmake[2]: Leaving directory '/home/vdt_2026/VDT_project/build/vdt_msgs'
/usr/bin/gmake  -f CMakeFiles/vdt_msgs__rosidl_generator_c.dir/build.make CMakeFiles/vdt_msgs__rosidl_generator_c.dir/build
gmake[2]: Leaving directory '/home/vdt_2026/VDT_project/build/vdt_msgs'
/usr/bin/gmake  -f CMakeFiles/ament_cmake_python_build_vdt_msgs_egg.dir/build.make CMakeFiles/ament_cmake_python_build_vdt_msgs_egg.dir/build
gmake[2]: Entering directory '/home/vdt_2026/VDT_project/build/vdt_msgs'
cd /home/vdt_2026/VDT_project/build/vdt_msgs/ament_cmake_python/vdt_msgs && /usr/bin/python3 setup.py egg_info
gmake[2]: Entering directory '/home/vdt_2026/VDT_project/build/vdt_msgs'
[  3%] Linking C shared library libvdt_msgs__rosidl_generator_c.so
/usr/bin/cmake -E cmake_link_script CMakeFiles/vdt_msgs__rosidl_generator_c.dir/link.txt --verbose=1
/usr/bin/cc -fPIC -shared -Wl,-soname,libvdt_msgs__rosidl_generator_c.so -o libvdt_msgs__rosidl_generator_c.so CMakeFiles/vdt_msgs__rosidl_generator_c.dir/rosidl_generator_c/vdt_msgs/msg/detail/alt_estimate__description.c.o CMakeFiles/vdt_msgs__rosidl_generator_c.dir/rosidl_generator_c/vdt_msgs/msg/detail/alt_estimate__functions.c.o CMakeFiles/vdt_msgs__rosidl_generator_c.dir/rosidl_generator_c/vdt_msgs/msg/detail/alt_estimate__type_support.c.o CMakeFiles/vdt_msgs__rosidl_generator_c.dir/rosidl_generator_c/vdt_msgs/msg/detail/vision_marker__description.c.o CMakeFiles/vdt_msgs__rosidl_generator_c.dir/rosidl_generator_c/vdt_msgs/msg/detail/vision_marker__functions.c.o CMakeFiles/vdt_msgs__rosidl_generator_c.dir/rosidl_generator_c/vdt_msgs/msg/detail/vision_marker__type_support.c.o CMakeFiles/vdt_msgs__rosidl_generator_c.dir/rosidl_generator_c/vdt_msgs/msg/detail/input_snapshot__description.c.o CMakeFiles/vdt_msgs__rosidl_generator_c.dir/rosidl_generator_c/vdt_msgs/msg/detail/input_snapshot__functions.c.o CMakeFiles/vdt_msgs__rosidl_generator_c.dir/rosidl_generator_c/vdt_msgs/msg/detail/input_snapshot__type_support.c.o CMakeFiles/vdt_msgs__rosidl_generator_c.dir/rosidl_generator_c/vdt_msgs/msg/detail/timeout_flags__description.c.o CMakeFiles/vdt_msgs__rosidl_generator_c.dir/rosidl_generator_c/vdt_msgs/msg/detail/timeout_flags__functions.c.o CMakeFiles/vdt_msgs__rosidl_generator_c.dir/rosidl_generator_c/vdt_msgs/msg/detail/timeout_flags__type_support.c.o CMakeFiles/vdt_msgs__rosidl_generator_c.dir/rosidl_generator_c/vdt_msgs/msg/detail/planner_output__description.c.o CMakeFiles/vdt_msgs__rosidl_generator_c.dir/rosidl_generator_c/vdt_msgs/msg/detail/planner_output__functions.c.o CMakeFiles/vdt_msgs__rosidl_generator_c.dir/rosidl_generator_c/vdt_msgs/msg/detail/planner_output__type_support.c.o CMakeFiles/vdt_msgs__rosidl_generator_c.dir/rosidl_generator_c/vdt_msgs/msg/detail/offboard_status__description.c.o CMakeFiles/vdt_msgs__rosidl_generator_c.dir/rosidl_generator_c/vdt_msgs/msg/detail/offboard_status__functions.c.o CMakeFiles/vdt_msgs__rosidl_generator_c.dir/rosidl_generator_c/vdt_msgs/msg/detail/offboard_status__type_support.c.o CMakeFiles/vdt_msgs__rosidl_generator_c.dir/rosidl_generator_c/vdt_msgs/msg/detail/rc_fsm_input__description.c.o CMakeFiles/vdt_msgs__rosidl_generator_c.dir/rosidl_generator_c/vdt_msgs/msg/detail/rc_fsm_input__functions.c.o CMakeFiles/vdt_msgs__rosidl_generator_c.dir/rosidl_generator_c/vdt_msgs/msg/detail/rc_fsm_input__type_support.c.o CMakeFiles/vdt_msgs__rosidl_generator_c.dir/rosidl_generator_c/vdt_msgs/msg/detail/rc_channels_raw__description.c.o CMakeFiles/vdt_msgs__rosidl_generator_c.dir/rosidl_generator_c/vdt_msgs/msg/detail/rc_channels_raw__functions.c.o CMakeFiles/vdt_msgs__rosidl_generator_c.dir/rosidl_generator_c/vdt_msgs/msg/detail/rc_channels_raw__type_support.c.o  -Wl,-rpath,/opt/ros/jazzy/lib: /opt/ros/jazzy/lib/libstd_msgs__rosidl_generator_c.so /opt/ros/jazzy/lib/libbuiltin_interfaces__rosidl_generator_c.so /opt/ros/jazzy/lib/librosidl_runtime_c.so /opt/ros/jazzy/lib/librcutils.so -ldl -latomic 
gmake[2]: Leaving directory '/home/vdt_2026/VDT_project/build/vdt_msgs'
[ 27%] Built target vdt_msgs__rosidl_generator_c
/usr/bin/gmake  -f CMakeFiles/vdt_msgs__rosidl_typesupport_fastrtps_cpp.dir/build.make CMakeFiles/vdt_msgs__rosidl_typesupport_fastrtps_cpp.dir/depend
/usr/bin/gmake  -f CMakeFiles/vdt_msgs__rosidl_typesupport_introspection_c.dir/build.make CMakeFiles/vdt_msgs__rosidl_typesupport_introspection_c.dir/depend
/usr/bin/gmake  -f CMakeFiles/vdt_msgs__rosidl_typesupport_c.dir/build.make CMakeFiles/vdt_msgs__rosidl_typesupport_c.dir/depend
gmake[2]: Entering directory '/home/vdt_2026/VDT_project/build/vdt_msgs'
cd /home/vdt_2026/VDT_project/build/vdt_msgs && /usr/bin/cmake -E cmake_depends "Unix Makefiles" /home/vdt_2026/VDT_project/ros2_ws/src/vdt_msgs /home/vdt_2026/VDT_project/ros2_ws/src/vdt_msgs /home/vdt_2026/VDT_project/build/vdt_msgs /home/vdt_2026/VDT_project/build/vdt_msgs /home/vdt_2026/VDT_project/build/vdt_msgs/CMakeFiles/vdt_msgs__rosidl_typesupport_fastrtps_cpp.dir/DependInfo.cmake "--color="
gmake[2]: Entering directory '/home/vdt_2026/VDT_project/build/vdt_msgs'
cd /home/vdt_2026/VDT_project/build/vdt_msgs && /usr/bin/cmake -E cmake_depends "Unix Makefiles" /home/vdt_2026/VDT_project/ros2_ws/src/vdt_msgs /home/vdt_2026/VDT_project/ros2_ws/src/vdt_msgs /home/vdt_2026/VDT_project/build/vdt_msgs /home/vdt_2026/VDT_project/build/vdt_msgs /home/vdt_2026/VDT_project/build/vdt_msgs/CMakeFiles/vdt_msgs__rosidl_typesupport_introspection_c.dir/DependInfo.cmake "--color="
gmake[2]: Entering directory '/home/vdt_2026/VDT_project/build/vdt_msgs'
cd /home/vdt_2026/VDT_project/build/vdt_msgs && /usr/bin/cmake -E cmake_depends "Unix Makefiles" /home/vdt_2026/VDT_project/ros2_ws/src/vdt_msgs /home/vdt_2026/VDT_project/ros2_ws/src/vdt_msgs /home/vdt_2026/VDT_project/build/vdt_msgs /home/vdt_2026/VDT_project/build/vdt_msgs /home/vdt_2026/VDT_project/build/vdt_msgs/CMakeFiles/vdt_msgs__rosidl_typesupport_c.dir/DependInfo.cmake "--color="
Dependencies file "CMakeFiles/vdt_msgs__rosidl_typesupport_fastrtps_cpp.dir/rosidl_typesupport_fastrtps_cpp/vdt_msgs/msg/detail/dds_fastrtps/alt_estimate__type_support.cpp.o.d" is newer than depends file "/home/vdt_2026/VDT_project/build/vdt_msgs/CMakeFiles/vdt_msgs__rosidl_typesupport_fastrtps_cpp.dir/compiler_depend.internal".
Dependencies file "CMakeFiles/vdt_msgs__rosidl_typesupport_introspection_c.dir/rosidl_typesupport_introspection_c/vdt_msgs/msg/detail/alt_estimate__type_support.c.o.d" is newer than depends file "/home/vdt_2026/VDT_project/build/vdt_msgs/CMakeFiles/vdt_msgs__rosidl_typesupport_introspection_c.dir/compiler_depend.internal".
Dependencies file "CMakeFiles/vdt_msgs__rosidl_typesupport_fastrtps_cpp.dir/rosidl_typesupport_fastrtps_cpp/vdt_msgs/msg/detail/dds_fastrtps/input_snapshot__type_support.cpp.o.d" is newer than depends file "/home/vdt_2026/VDT_project/build/vdt_msgs/CMakeFiles/vdt_msgs__rosidl_typesupport_fastrtps_cpp.dir/compiler_depend.internal".
Dependencies file "CMakeFiles/vdt_msgs__rosidl_typesupport_introspection_c.dir/rosidl_typesupport_introspection_c/vdt_msgs/msg/detail/input_snapshot__type_support.c.o.d" is newer than depends file "/home/vdt_2026/VDT_project/build/vdt_msgs/CMakeFiles/vdt_msgs__rosidl_typesupport_introspection_c.dir/compiler_depend.internal".
Dependencies file "CMakeFiles/vdt_msgs__rosidl_typesupport_fastrtps_cpp.dir/rosidl_typesupport_fastrtps_cpp/vdt_msgs/msg/detail/dds_fastrtps/offboard_status__type_support.cpp.o.d" is newer than depends file "/home/vdt_2026/VDT_project/build/vdt_msgs/CMakeFiles/vdt_msgs__rosidl_typesupport_fastrtps_cpp.dir/compiler_depend.internal".
Dependencies file "CMakeFiles/vdt_msgs__rosidl_typesupport_introspection_c.dir/rosidl_typesupport_introspection_c/vdt_msgs/msg/detail/offboard_status__type_support.c.o.d" is newer than depends file "/home/vdt_2026/VDT_project/build/vdt_msgs/CMakeFiles/vdt_msgs__rosidl_typesupport_introspection_c.dir/compiler_depend.internal".
Dependencies file "CMakeFiles/vdt_msgs__rosidl_typesupport_c.dir/rosidl_typesupport_c/vdt_msgs/msg/alt_estimate__type_support.cpp.o.d" is newer than depends file "/home/vdt_2026/VDT_project/build/vdt_msgs/CMakeFiles/vdt_msgs__rosidl_typesupport_c.dir/compiler_depend.internal".
Dependencies file "CMakeFiles/vdt_msgs__rosidl_typesupport_fastrtps_cpp.dir/rosidl_typesupport_fastrtps_cpp/vdt_msgs/msg/detail/dds_fastrtps/planner_output__type_support.cpp.o.d" is newer than depends file "/home/vdt_2026/VDT_project/build/vdt_msgs/CMakeFiles/vdt_msgs__rosidl_typesupport_fastrtps_cpp.dir/compiler_depend.internal".
Dependencies file "CMakeFiles/vdt_msgs__rosidl_typesupport_introspection_c.dir/rosidl_typesupport_introspection_c/vdt_msgs/msg/detail/planner_output__type_support.c.o.d" is newer than depends file "/home/vdt_2026/VDT_project/build/vdt_msgs/CMakeFiles/vdt_msgs__rosidl_typesupport_introspection_c.dir/compiler_depend.internal".
Dependencies file "CMakeFiles/vdt_msgs__rosidl_typesupport_c.dir/rosidl_typesupport_c/vdt_msgs/msg/input_snapshot__type_support.cpp.o.d" is newer than depends file "/home/vdt_2026/VDT_project/build/vdt_msgs/CMakeFiles/vdt_msgs__rosidl_typesupport_c.dir/compiler_depend.internal".
Dependencies file "CMakeFiles/vdt_msgs__rosidl_typesupport_fastrtps_cpp.dir/rosidl_typesupport_fastrtps_cpp/vdt_msgs/msg/detail/dds_fastrtps/rc_channels_raw__type_support.cpp.o.d" is newer than depends file "/home/vdt_2026/VDT_project/build/vdt_msgs/CMakeFiles/vdt_msgs__rosidl_typesupport_fastrtps_cpp.dir/compiler_depend.internal".
Dependencies file "CMakeFiles/vdt_msgs__rosidl_typesupport_introspection_c.dir/rosidl_typesupport_introspection_c/vdt_msgs/msg/detail/rc_channels_raw__type_support.c.o.d" is newer than depends file "/home/vdt_2026/VDT_project/build/vdt_msgs/CMakeFiles/vdt_msgs__rosidl_typesupport_introspection_c.dir/compiler_depend.internal".
Dependencies file "CMakeFiles/vdt_msgs__rosidl_typesupport_c.dir/rosidl_typesupport_c/vdt_msgs/msg/offboard_status__type_support.cpp.o.d" is newer than depends file "/home/vdt_2026/VDT_project/build/vdt_msgs/CMakeFiles/vdt_msgs__rosidl_typesupport_c.dir/compiler_depend.internal".
Dependencies file "CMakeFiles/vdt_msgs__rosidl_typesupport_fastrtps_cpp.dir/rosidl_typesupport_fastrtps_cpp/vdt_msgs/msg/detail/dds_fastrtps/rc_fsm_input__type_support.cpp.o.d" is newer than depends file "/home/vdt_2026/VDT_project/build/vdt_msgs/CMakeFiles/vdt_msgs__rosidl_typesupport_fastrtps_cpp.dir/compiler_depend.internal".
Dependencies file "CMakeFiles/vdt_msgs__rosidl_typesupport_introspection_c.dir/rosidl_typesupport_introspection_c/vdt_msgs/msg/detail/rc_fsm_input__type_support.c.o.d" is newer than depends file "/home/vdt_2026/VDT_project/build/vdt_msgs/CMakeFiles/vdt_msgs__rosidl_typesupport_introspection_c.dir/compiler_depend.internal".
Dependencies file "CMakeFiles/vdt_msgs__rosidl_typesupport_c.dir/rosidl_typesupport_c/vdt_msgs/msg/planner_output__type_support.cpp.o.d" is newer than depends file "/home/vdt_2026/VDT_project/build/vdt_msgs/CMakeFiles/vdt_msgs__rosidl_typesupport_c.dir/compiler_depend.internal".
Dependencies file "CMakeFiles/vdt_msgs__rosidl_typesupport_fastrtps_cpp.dir/rosidl_typesupport_fastrtps_cpp/vdt_msgs/msg/detail/dds_fastrtps/timeout_flags__type_support.cpp.o.d" is newer than depends file "/home/vdt_2026/VDT_project/build/vdt_msgs/CMakeFiles/vdt_msgs__rosidl_typesupport_fastrtps_cpp.dir/compiler_depend.internal".
Dependencies file "CMakeFiles/vdt_msgs__rosidl_typesupport_introspection_c.dir/rosidl_typesupport_introspection_c/vdt_msgs/msg/detail/timeout_flags__type_support.c.o.d" is newer than depends file "/home/vdt_2026/VDT_project/build/vdt_msgs/CMakeFiles/vdt_msgs__rosidl_typesupport_introspection_c.dir/compiler_depend.internal".
Dependencies file "CMakeFiles/vdt_msgs__rosidl_typesupport_c.dir/rosidl_typesupport_c/vdt_msgs/msg/rc_channels_raw__type_support.cpp.o.d" is newer than depends file "/home/vdt_2026/VDT_project/build/vdt_msgs/CMakeFiles/vdt_msgs__rosidl_typesupport_c.dir/compiler_depend.internal".
Dependencies file "CMakeFiles/vdt_msgs__rosidl_typesupport_fastrtps_cpp.dir/rosidl_typesupport_fastrtps_cpp/vdt_msgs/msg/detail/dds_fastrtps/vision_marker__type_support.cpp.o.d" is newer than depends file "/home/vdt_2026/VDT_project/build/vdt_msgs/CMakeFiles/vdt_msgs__rosidl_typesupport_fastrtps_cpp.dir/compiler_depend.internal".
Dependencies file "CMakeFiles/vdt_msgs__rosidl_typesupport_introspection_c.dir/rosidl_typesupport_introspection_c/vdt_msgs/msg/detail/vision_marker__type_support.c.o.d" is newer than depends file "/home/vdt_2026/VDT_project/build/vdt_msgs/CMakeFiles/vdt_msgs__rosidl_typesupport_introspection_c.dir/compiler_depend.internal".
Dependencies file "CMakeFiles/vdt_msgs__rosidl_typesupport_c.dir/rosidl_typesupport_c/vdt_msgs/msg/rc_fsm_input__type_support.cpp.o.d" is newer than depends file "/home/vdt_2026/VDT_project/build/vdt_msgs/CMakeFiles/vdt_msgs__rosidl_typesupport_c.dir/compiler_depend.internal".
Dependencies file "CMakeFiles/vdt_msgs__rosidl_typesupport_c.dir/rosidl_typesupport_c/vdt_msgs/msg/timeout_flags__type_support.cpp.o.d" is newer than depends file "/home/vdt_2026/VDT_project/build/vdt_msgs/CMakeFiles/vdt_msgs__rosidl_typesupport_c.dir/compiler_depend.internal".
Dependencies file "CMakeFiles/vdt_msgs__rosidl_typesupport_c.dir/rosidl_typesupport_c/vdt_msgs/msg/vision_marker__type_support.cpp.o.d" is newer than depends file "/home/vdt_2026/VDT_project/build/vdt_msgs/CMakeFiles/vdt_msgs__rosidl_typesupport_c.dir/compiler_depend.internal".
Consolidate compiler generated dependencies of target vdt_msgs__rosidl_typesupport_introspection_c
gmake[2]: Leaving directory '/home/vdt_2026/VDT_project/build/vdt_msgs'
/usr/bin/gmake  -f CMakeFiles/vdt_msgs__rosidl_typesupport_introspection_c.dir/build.make CMakeFiles/vdt_msgs__rosidl_typesupport_introspection_c.dir/build
Consolidate compiler generated dependencies of target vdt_msgs__rosidl_typesupport_c
Consolidate compiler generated dependencies of target vdt_msgs__rosidl_typesupport_fastrtps_cpp
gmake[2]: Leaving directory '/home/vdt_2026/VDT_project/build/vdt_msgs'
gmake[2]: Leaving directory '/home/vdt_2026/VDT_project/build/vdt_msgs'
/usr/bin/gmake  -f CMakeFiles/vdt_msgs__rosidl_typesupport_c.dir/build.make CMakeFiles/vdt_msgs__rosidl_typesupport_c.dir/build
/usr/bin/gmake  -f CMakeFiles/vdt_msgs__rosidl_typesupport_fastrtps_cpp.dir/build.make CMakeFiles/vdt_msgs__rosidl_typesupport_fastrtps_cpp.dir/build
gmake[2]: Entering directory '/home/vdt_2026/VDT_project/build/vdt_msgs'
gmake[2]: Entering directory '/home/vdt_2026/VDT_project/build/vdt_msgs'
[ 28%] Linking C shared library libvdt_msgs__rosidl_typesupport_introspection_c.so
/usr/bin/cmake -E cmake_link_script CMakeFiles/vdt_msgs__rosidl_typesupport_introspection_c.dir/link.txt --verbose=1
gmake[2]: Entering directory '/home/vdt_2026/VDT_project/build/vdt_msgs'
[ 29%] Linking CXX shared library libvdt_msgs__rosidl_typesupport_c.so
/usr/bin/cmake -E cmake_link_script CMakeFiles/vdt_msgs__rosidl_typesupport_c.dir/link.txt --verbose=1
/usr/bin/cc -fPIC -shared -Wl,-soname,libvdt_msgs__rosidl_typesupport_introspection_c.so -o libvdt_msgs__rosidl_typesupport_introspection_c.so CMakeFiles/vdt_msgs__rosidl_typesupport_introspection_c.dir/rosidl_typesupport_introspection_c/vdt_msgs/msg/detail/alt_estimate__type_support.c.o CMakeFiles/vdt_msgs__rosidl_typesupport_introspection_c.dir/rosidl_typesupport_introspection_c/vdt_msgs/msg/detail/vision_marker__type_support.c.o CMakeFiles/vdt_msgs__rosidl_typesupport_introspection_c.dir/rosidl_typesupport_introspection_c/vdt_msgs/msg/detail/input_snapshot__type_support.c.o CMakeFiles/vdt_msgs__rosidl_typesupport_introspection_c.dir/rosidl_typesupport_introspection_c/vdt_msgs/msg/detail/timeout_flags__type_support.c.o CMakeFiles/vdt_msgs__rosidl_typesupport_introspection_c.dir/rosidl_typesupport_introspection_c/vdt_msgs/msg/detail/planner_output__type_support.c.o CMakeFiles/vdt_msgs__rosidl_typesupport_introspection_c.dir/rosidl_typesupport_introspection_c/vdt_msgs/msg/detail/offboard_status__type_support.c.o CMakeFiles/vdt_msgs__rosidl_typesupport_introspection_c.dir/rosidl_typesupport_introspection_c/vdt_msgs/msg/detail/rc_fsm_input__type_support.c.o CMakeFiles/vdt_msgs__rosidl_typesupport_introspection_c.dir/rosidl_typesupport_introspection_c/vdt_msgs/msg/detail/rc_channels_raw__type_support.c.o  -Wl,-rpath,/home/vdt_2026/VDT_project/build/vdt_msgs:/opt/ros/jazzy/lib: libvdt_msgs__rosidl_generator_c.so /opt/ros/jazzy/lib/libstd_msgs__rosidl_typesupport_introspection_c.so /opt/ros/jazzy/lib/libbuiltin_interfaces__rosidl_typesupport_introspection_c.so /opt/ros/jazzy/lib/librosidl_typesupport_introspection_c.so /opt/ros/jazzy/lib/libstd_msgs__rosidl_generator_c.so /opt/ros/jazzy/lib/libbuiltin_interfaces__rosidl_generator_c.so /opt/ros/jazzy/lib/librosidl_runtime_c.so /opt/ros/jazzy/lib/librcutils.so -ldl -latomic 
[ 30%] Linking CXX shared library libvdt_msgs__rosidl_typesupport_fastrtps_cpp.so
/usr/bin/cmake -E cmake_link_script CMakeFiles/vdt_msgs__rosidl_typesupport_fastrtps_cpp.dir/link.txt --verbose=1
/usr/bin/c++ -fPIC -shared -Wl,-soname,libvdt_msgs__rosidl_typesupport_c.so -o libvdt_msgs__rosidl_typesupport_c.so CMakeFiles/vdt_msgs__rosidl_typesupport_c.dir/rosidl_typesupport_c/vdt_msgs/msg/alt_estimate__type_support.cpp.o CMakeFiles/vdt_msgs__rosidl_typesupport_c.dir/rosidl_typesupport_c/vdt_msgs/msg/vision_marker__type_support.cpp.o CMakeFiles/vdt_msgs__rosidl_typesupport_c.dir/rosidl_typesupport_c/vdt_msgs/msg/input_snapshot__type_support.cpp.o CMakeFiles/vdt_msgs__rosidl_typesupport_c.dir/rosidl_typesupport_c/vdt_msgs/msg/timeout_flags__type_support.cpp.o CMakeFiles/vdt_msgs__rosidl_typesupport_c.dir/rosidl_typesupport_c/vdt_msgs/msg/planner_output__type_support.cpp.o CMakeFiles/vdt_msgs__rosidl_typesupport_c.dir/rosidl_typesupport_c/vdt_msgs/msg/offboard_status__type_support.cpp.o CMakeFiles/vdt_msgs__rosidl_typesupport_c.dir/rosidl_typesupport_c/vdt_msgs/msg/rc_fsm_input__type_support.cpp.o CMakeFiles/vdt_msgs__rosidl_typesupport_c.dir/rosidl_typesupport_c/vdt_msgs/msg/rc_channels_raw__type_support.cpp.o  -Wl,-rpath,/home/vdt_2026/VDT_project/build/vdt_msgs:/opt/ros/jazzy/lib: libvdt_msgs__rosidl_generator_c.so /opt/ros/jazzy/lib/libstd_msgs__rosidl_typesupport_c.so /opt/ros/jazzy/lib/libbuiltin_interfaces__rosidl_typesupport_c.so /opt/ros/jazzy/lib/librosidl_typesupport_c.so /opt/ros/jazzy/lib/libstd_msgs__rosidl_generator_c.so /opt/ros/jazzy/lib/libbuiltin_interfaces__rosidl_generator_c.so /opt/ros/jazzy/lib/librosidl_runtime_c.so /opt/ros/jazzy/lib/librcutils.so -ldl -latomic -Wl,-rpath-link,/opt/ros/jazzy/lib 
/usr/bin/c++ -fPIC -shared -Wl,-soname,libvdt_msgs__rosidl_typesupport_fastrtps_cpp.so -o libvdt_msgs__rosidl_typesupport_fastrtps_cpp.so CMakeFiles/vdt_msgs__rosidl_typesupport_fastrtps_cpp.dir/rosidl_typesupport_fastrtps_cpp/vdt_msgs/msg/detail/dds_fastrtps/alt_estimate__type_support.cpp.o CMakeFiles/vdt_msgs__rosidl_typesupport_fastrtps_cpp.dir/rosidl_typesupport_fastrtps_cpp/vdt_msgs/msg/detail/dds_fastrtps/vision_marker__type_support.cpp.o CMakeFiles/vdt_msgs__rosidl_typesupport_fastrtps_cpp.dir/rosidl_typesupport_fastrtps_cpp/vdt_msgs/msg/detail/dds_fastrtps/input_snapshot__type_support.cpp.o CMakeFiles/vdt_msgs__rosidl_typesupport_fastrtps_cpp.dir/rosidl_typesupport_fastrtps_cpp/vdt_msgs/msg/detail/dds_fastrtps/timeout_flags__type_support.cpp.o CMakeFiles/vdt_msgs__rosidl_typesupport_fastrtps_cpp.dir/rosidl_typesupport_fastrtps_cpp/vdt_msgs/msg/detail/dds_fastrtps/planner_output__type_support.cpp.o CMakeFiles/vdt_msgs__rosidl_typesupport_fastrtps_cpp.dir/rosidl_typesupport_fastrtps_cpp/vdt_msgs/msg/detail/dds_fastrtps/offboard_status__type_support.cpp.o CMakeFiles/vdt_msgs__rosidl_typesupport_fastrtps_cpp.dir/rosidl_typesupport_fastrtps_cpp/vdt_msgs/msg/detail/dds_fastrtps/rc_fsm_input__type_support.cpp.o CMakeFiles/vdt_msgs__rosidl_typesupport_fastrtps_cpp.dir/rosidl_typesupport_fastrtps_cpp/vdt_msgs/msg/detail/dds_fastrtps/rc_channels_raw__type_support.cpp.o  -Wl,-rpath,/opt/ros/jazzy/lib:/home/vdt_2026/VDT_project/build/vdt_msgs: /opt/ros/jazzy/lib/libstd_msgs__rosidl_typesupport_fastrtps_cpp.so /opt/ros/jazzy/lib/libbuiltin_interfaces__rosidl_typesupport_fastrtps_cpp.so libvdt_msgs__rosidl_generator_c.so /opt/ros/jazzy/lib/librosidl_typesupport_fastrtps_cpp.so /opt/ros/jazzy/lib/libfastcdr.so.2.2.8 /opt/ros/jazzy/lib/librmw.so /opt/ros/jazzy/lib/librosidl_dynamic_typesupport.so /opt/ros/jazzy/lib/libstd_msgs__rosidl_generator_c.so /opt/ros/jazzy/lib/libbuiltin_interfaces__rosidl_generator_c.so /opt/ros/jazzy/lib/librosidl_runtime_c.so /opt/ros/jazzy/lib/librcutils.so -ldl -latomic 
running egg_info
writing vdt_msgs.egg-info/PKG-INFO
writing dependency_links to vdt_msgs.egg-info/dependency_links.txt
writing top-level names to vdt_msgs.egg-info/top_level.txt
gmake[2]: Leaving directory '/home/vdt_2026/VDT_project/build/vdt_msgs'
[ 38%] Built target vdt_msgs__rosidl_typesupport_introspection_c
/usr/bin/gmake  -f CMakeFiles/vdt_msgs__rosidl_typesupport_introspection_cpp.dir/build.make CMakeFiles/vdt_msgs__rosidl_typesupport_introspection_cpp.dir/depend
gmake[2]: Entering directory '/home/vdt_2026/VDT_project/build/vdt_msgs'
cd /home/vdt_2026/VDT_project/build/vdt_msgs && /usr/bin/cmake -E cmake_depends "Unix Makefiles" /home/vdt_2026/VDT_project/ros2_ws/src/vdt_msgs /home/vdt_2026/VDT_project/ros2_ws/src/vdt_msgs /home/vdt_2026/VDT_project/build/vdt_msgs /home/vdt_2026/VDT_project/build/vdt_msgs /home/vdt_2026/VDT_project/build/vdt_msgs/CMakeFiles/vdt_msgs__rosidl_typesupport_introspection_cpp.dir/DependInfo.cmake "--color="
gmake[2]: Leaving directory '/home/vdt_2026/VDT_project/build/vdt_msgs'
Dependencies file "CMakeFiles/vdt_msgs__rosidl_typesupport_introspection_cpp.dir/rosidl_typesupport_introspection_cpp/vdt_msgs/msg/detail/alt_estimate__type_support.cpp.o.d" is newer than depends file "/home/vdt_2026/VDT_project/build/vdt_msgs/CMakeFiles/vdt_msgs__rosidl_typesupport_introspection_cpp.dir/compiler_depend.internal".
Dependencies file "CMakeFiles/vdt_msgs__rosidl_typesupport_introspection_cpp.dir/rosidl_typesupport_introspection_cpp/vdt_msgs/msg/detail/input_snapshot__type_support.cpp.o.d" is newer than depends file "/home/vdt_2026/VDT_project/build/vdt_msgs/CMakeFiles/vdt_msgs__rosidl_typesupport_introspection_cpp.dir/compiler_depend.internal".
Dependencies file "CMakeFiles/vdt_msgs__rosidl_typesupport_introspection_cpp.dir/rosidl_typesupport_introspection_cpp/vdt_msgs/msg/detail/offboard_status__type_support.cpp.o.d" is newer than depends file "/home/vdt_2026/VDT_project/build/vdt_msgs/CMakeFiles/vdt_msgs__rosidl_typesupport_introspection_cpp.dir/compiler_depend.internal".
Dependencies file "CMakeFiles/vdt_msgs__rosidl_typesupport_introspection_cpp.dir/rosidl_typesupport_introspection_cpp/vdt_msgs/msg/detail/planner_output__type_support.cpp.o.d" is newer than depends file "/home/vdt_2026/VDT_project/build/vdt_msgs/CMakeFiles/vdt_msgs__rosidl_typesupport_introspection_cpp.dir/compiler_depend.internal".
Dependencies file "CMakeFiles/vdt_msgs__rosidl_typesupport_introspection_cpp.dir/rosidl_typesupport_introspection_cpp/vdt_msgs/msg/detail/rc_channels_raw__type_support.cpp.o.d" is newer than depends file "/home/vdt_2026/VDT_project/build/vdt_msgs/CMakeFiles/vdt_msgs__rosidl_typesupport_introspection_cpp.dir/compiler_depend.internal".
Dependencies file "CMakeFiles/vdt_msgs__rosidl_typesupport_introspection_cpp.dir/rosidl_typesupport_introspection_cpp/vdt_msgs/msg/detail/rc_fsm_input__type_support.cpp.o.d" is newer than depends file "/home/vdt_2026/VDT_project/build/vdt_msgs/CMakeFiles/vdt_msgs__rosidl_typesupport_introspection_cpp.dir/compiler_depend.internal".
Dependencies file "CMakeFiles/vdt_msgs__rosidl_typesupport_introspection_cpp.dir/rosidl_typesupport_introspection_cpp/vdt_msgs/msg/detail/timeout_flags__type_support.cpp.o.d" is newer than depends file "/home/vdt_2026/VDT_project/build/vdt_msgs/CMakeFiles/vdt_msgs__rosidl_typesupport_introspection_cpp.dir/compiler_depend.internal".
Dependencies file "CMakeFiles/vdt_msgs__rosidl_typesupport_introspection_cpp.dir/rosidl_typesupport_introspection_cpp/vdt_msgs/msg/detail/vision_marker__type_support.cpp.o.d" is newer than depends file "/home/vdt_2026/VDT_project/build/vdt_msgs/CMakeFiles/vdt_msgs__rosidl_typesupport_introspection_cpp.dir/compiler_depend.internal".
[ 46%] Built target vdt_msgs__rosidl_typesupport_c
Consolidate compiler generated dependencies of target vdt_msgs__rosidl_typesupport_introspection_cpp
/usr/bin/gmake  -f CMakeFiles/vdt_msgs__rosidl_typesupport_cpp.dir/build.make CMakeFiles/vdt_msgs__rosidl_typesupport_cpp.dir/depend
gmake[2]: Leaving directory '/home/vdt_2026/VDT_project/build/vdt_msgs'
/usr/bin/gmake  -f CMakeFiles/vdt_msgs__rosidl_typesupport_introspection_cpp.dir/build.make CMakeFiles/vdt_msgs__rosidl_typesupport_introspection_cpp.dir/build
gmake[2]: Entering directory '/home/vdt_2026/VDT_project/build/vdt_msgs'
cd /home/vdt_2026/VDT_project/build/vdt_msgs && /usr/bin/cmake -E cmake_depends "Unix Makefiles" /home/vdt_2026/VDT_project/ros2_ws/src/vdt_msgs /home/vdt_2026/VDT_project/ros2_ws/src/vdt_msgs /home/vdt_2026/VDT_project/build/vdt_msgs /home/vdt_2026/VDT_project/build/vdt_msgs /home/vdt_2026/VDT_project/build/vdt_msgs/CMakeFiles/vdt_msgs__rosidl_typesupport_cpp.dir/DependInfo.cmake "--color="
gmake[2]: Entering directory '/home/vdt_2026/VDT_project/build/vdt_msgs'
Dependencies file "CMakeFiles/vdt_msgs__rosidl_typesupport_cpp.dir/rosidl_typesupport_cpp/vdt_msgs/msg/alt_estimate__type_support.cpp.o.d" is newer than depends file "/home/vdt_2026/VDT_project/build/vdt_msgs/CMakeFiles/vdt_msgs__rosidl_typesupport_cpp.dir/compiler_depend.internal".
Dependencies file "CMakeFiles/vdt_msgs__rosidl_typesupport_cpp.dir/rosidl_typesupport_cpp/vdt_msgs/msg/input_snapshot__type_support.cpp.o.d" is newer than depends file "/home/vdt_2026/VDT_project/build/vdt_msgs/CMakeFiles/vdt_msgs__rosidl_typesupport_cpp.dir/compiler_depend.internal".
Dependencies file "CMakeFiles/vdt_msgs__rosidl_typesupport_cpp.dir/rosidl_typesupport_cpp/vdt_msgs/msg/offboard_status__type_support.cpp.o.d" is newer than depends file "/home/vdt_2026/VDT_project/build/vdt_msgs/CMakeFiles/vdt_msgs__rosidl_typesupport_cpp.dir/compiler_depend.internal".
Dependencies file "CMakeFiles/vdt_msgs__rosidl_typesupport_cpp.dir/rosidl_typesupport_cpp/vdt_msgs/msg/planner_output__type_support.cpp.o.d" is newer than depends file "/home/vdt_2026/VDT_project/build/vdt_msgs/CMakeFiles/vdt_msgs__rosidl_typesupport_cpp.dir/compiler_depend.internal".
Dependencies file "CMakeFiles/vdt_msgs__rosidl_typesupport_cpp.dir/rosidl_typesupport_cpp/vdt_msgs/msg/rc_channels_raw__type_support.cpp.o.d" is newer than depends file "/home/vdt_2026/VDT_project/build/vdt_msgs/CMakeFiles/vdt_msgs__rosidl_typesupport_cpp.dir/compiler_depend.internal".
Dependencies file "CMakeFiles/vdt_msgs__rosidl_typesupport_cpp.dir/rosidl_typesupport_cpp/vdt_msgs/msg/rc_fsm_input__type_support.cpp.o.d" is newer than depends file "/home/vdt_2026/VDT_project/build/vdt_msgs/CMakeFiles/vdt_msgs__rosidl_typesupport_cpp.dir/compiler_depend.internal".
Dependencies file "CMakeFiles/vdt_msgs__rosidl_typesupport_cpp.dir/rosidl_typesupport_cpp/vdt_msgs/msg/timeout_flags__type_support.cpp.o.d" is newer than depends file "/home/vdt_2026/VDT_project/build/vdt_msgs/CMakeFiles/vdt_msgs__rosidl_typesupport_cpp.dir/compiler_depend.internal".
Dependencies file "CMakeFiles/vdt_msgs__rosidl_typesupport_cpp.dir/rosidl_typesupport_cpp/vdt_msgs/msg/vision_marker__type_support.cpp.o.d" is newer than depends file "/home/vdt_2026/VDT_project/build/vdt_msgs/CMakeFiles/vdt_msgs__rosidl_typesupport_cpp.dir/compiler_depend.internal".
reading manifest file 'vdt_msgs.egg-info/SOURCES.txt'
[ 47%] Linking CXX shared library libvdt_msgs__rosidl_typesupport_introspection_cpp.so
/usr/bin/cmake -E cmake_link_script CMakeFiles/vdt_msgs__rosidl_typesupport_introspection_cpp.dir/link.txt --verbose=1
Consolidate compiler generated dependencies of target vdt_msgs__rosidl_typesupport_cpp
writing manifest file 'vdt_msgs.egg-info/SOURCES.txt'
gmake[2]: Leaving directory '/home/vdt_2026/VDT_project/build/vdt_msgs'
/usr/bin/gmake  -f CMakeFiles/vdt_msgs__rosidl_typesupport_cpp.dir/build.make CMakeFiles/vdt_msgs__rosidl_typesupport_cpp.dir/build
gmake[2]: Entering directory '/home/vdt_2026/VDT_project/build/vdt_msgs'
/usr/bin/c++ -fPIC -shared -Wl,-soname,libvdt_msgs__rosidl_typesupport_introspection_cpp.so -o libvdt_msgs__rosidl_typesupport_introspection_cpp.so CMakeFiles/vdt_msgs__rosidl_typesupport_introspection_cpp.dir/rosidl_typesupport_introspection_cpp/vdt_msgs/msg/detail/alt_estimate__type_support.cpp.o CMakeFiles/vdt_msgs__rosidl_typesupport_introspection_cpp.dir/rosidl_typesupport_introspection_cpp/vdt_msgs/msg/detail/vision_marker__type_support.cpp.o CMakeFiles/vdt_msgs__rosidl_typesupport_introspection_cpp.dir/rosidl_typesupport_introspection_cpp/vdt_msgs/msg/detail/input_snapshot__type_support.cpp.o CMakeFiles/vdt_msgs__rosidl_typesupport_introspection_cpp.dir/rosidl_typesupport_introspection_cpp/vdt_msgs/msg/detail/timeout_flags__type_support.cpp.o CMakeFiles/vdt_msgs__rosidl_typesupport_introspection_cpp.dir/rosidl_typesupport_introspection_cpp/vdt_msgs/msg/detail/planner_output__type_support.cpp.o CMakeFiles/vdt_msgs__rosidl_typesupport_introspection_cpp.dir/rosidl_typesupport_introspection_cpp/vdt_msgs/msg/detail/offboard_status__type_support.cpp.o CMakeFiles/vdt_msgs__rosidl_typesupport_introspection_cpp.dir/rosidl_typesupport_introspection_cpp/vdt_msgs/msg/detail/rc_fsm_input__type_support.cpp.o CMakeFiles/vdt_msgs__rosidl_typesupport_introspection_cpp.dir/rosidl_typesupport_introspection_cpp/vdt_msgs/msg/detail/rc_channels_raw__type_support.cpp.o  -Wl,-rpath,/home/vdt_2026/VDT_project/build/vdt_msgs:/opt/ros/jazzy/lib: libvdt_msgs__rosidl_generator_c.so /opt/ros/jazzy/lib/libstd_msgs__rosidl_typesupport_introspection_cpp.so /opt/ros/jazzy/lib/libbuiltin_interfaces__rosidl_typesupport_introspection_cpp.so /opt/ros/jazzy/lib/librosidl_typesupport_introspection_cpp.so /opt/ros/jazzy/lib/librosidl_typesupport_introspection_c.so /opt/ros/jazzy/lib/libstd_msgs__rosidl_generator_c.so /opt/ros/jazzy/lib/libbuiltin_interfaces__rosidl_generator_c.so /opt/ros/jazzy/lib/librosidl_runtime_c.so /opt/ros/jazzy/lib/librcutils.so -ldl -latomic 
[ 48%] Linking CXX shared library libvdt_msgs__rosidl_typesupport_cpp.so
/usr/bin/cmake -E cmake_link_script CMakeFiles/vdt_msgs__rosidl_typesupport_cpp.dir/link.txt --verbose=1
/usr/bin/c++ -fPIC -shared -Wl,-soname,libvdt_msgs__rosidl_typesupport_cpp.so -o libvdt_msgs__rosidl_typesupport_cpp.so CMakeFiles/vdt_msgs__rosidl_typesupport_cpp.dir/rosidl_typesupport_cpp/vdt_msgs/msg/alt_estimate__type_support.cpp.o CMakeFiles/vdt_msgs__rosidl_typesupport_cpp.dir/rosidl_typesupport_cpp/vdt_msgs/msg/vision_marker__type_support.cpp.o CMakeFiles/vdt_msgs__rosidl_typesupport_cpp.dir/rosidl_typesupport_cpp/vdt_msgs/msg/input_snapshot__type_support.cpp.o CMakeFiles/vdt_msgs__rosidl_typesupport_cpp.dir/rosidl_typesupport_cpp/vdt_msgs/msg/timeout_flags__type_support.cpp.o CMakeFiles/vdt_msgs__rosidl_typesupport_cpp.dir/rosidl_typesupport_cpp/vdt_msgs/msg/planner_output__type_support.cpp.o CMakeFiles/vdt_msgs__rosidl_typesupport_cpp.dir/rosidl_typesupport_cpp/vdt_msgs/msg/offboard_status__type_support.cpp.o CMakeFiles/vdt_msgs__rosidl_typesupport_cpp.dir/rosidl_typesupport_cpp/vdt_msgs/msg/rc_fsm_input__type_support.cpp.o CMakeFiles/vdt_msgs__rosidl_typesupport_cpp.dir/rosidl_typesupport_cpp/vdt_msgs/msg/rc_channels_raw__type_support.cpp.o  -Wl,-rpath,/home/vdt_2026/VDT_project/build/vdt_msgs:/opt/ros/jazzy/lib: libvdt_msgs__rosidl_generator_c.so /opt/ros/jazzy/lib/libstd_msgs__rosidl_typesupport_cpp.so /opt/ros/jazzy/lib/libbuiltin_interfaces__rosidl_typesupport_cpp.so /opt/ros/jazzy/lib/librosidl_typesupport_cpp.so /opt/ros/jazzy/lib/librosidl_typesupport_c.so /opt/ros/jazzy/lib/libstd_msgs__rosidl_generator_c.so /opt/ros/jazzy/lib/libbuiltin_interfaces__rosidl_generator_c.so /opt/ros/jazzy/lib/librosidl_runtime_c.so /opt/ros/jazzy/lib/librcutils.so -ldl -latomic -Wl,-rpath-link,/opt/ros/jazzy/lib 
gmake[2]: Leaving directory '/home/vdt_2026/VDT_project/build/vdt_msgs'
[ 57%] Built target vdt_msgs__rosidl_typesupport_fastrtps_cpp
/usr/bin/gmake  -f CMakeFiles/vdt_msgs__rosidl_typesupport_fastrtps_c.dir/build.make CMakeFiles/vdt_msgs__rosidl_typesupport_fastrtps_c.dir/depend
gmake[2]: Entering directory '/home/vdt_2026/VDT_project/build/vdt_msgs'
cd /home/vdt_2026/VDT_project/build/vdt_msgs && /usr/bin/cmake -E cmake_depends "Unix Makefiles" /home/vdt_2026/VDT_project/ros2_ws/src/vdt_msgs /home/vdt_2026/VDT_project/ros2_ws/src/vdt_msgs /home/vdt_2026/VDT_project/build/vdt_msgs /home/vdt_2026/VDT_project/build/vdt_msgs /home/vdt_2026/VDT_project/build/vdt_msgs/CMakeFiles/vdt_msgs__rosidl_typesupport_fastrtps_c.dir/DependInfo.cmake "--color="
Dependencies file "CMakeFiles/vdt_msgs__rosidl_typesupport_fastrtps_c.dir/rosidl_typesupport_fastrtps_c/vdt_msgs/msg/detail/alt_estimate__type_support_c.cpp.o.d" is newer than depends file "/home/vdt_2026/VDT_project/build/vdt_msgs/CMakeFiles/vdt_msgs__rosidl_typesupport_fastrtps_c.dir/compiler_depend.internal".
Dependencies file "CMakeFiles/vdt_msgs__rosidl_typesupport_fastrtps_c.dir/rosidl_typesupport_fastrtps_c/vdt_msgs/msg/detail/input_snapshot__type_support_c.cpp.o.d" is newer than depends file "/home/vdt_2026/VDT_project/build/vdt_msgs/CMakeFiles/vdt_msgs__rosidl_typesupport_fastrtps_c.dir/compiler_depend.internal".
gmake[2]: Leaving directory '/home/vdt_2026/VDT_project/build/vdt_msgs'
Dependencies file "CMakeFiles/vdt_msgs__rosidl_typesupport_fastrtps_c.dir/rosidl_typesupport_fastrtps_c/vdt_msgs/msg/detail/offboard_status__type_support_c.cpp.o.d" is newer than depends file "/home/vdt_2026/VDT_project/build/vdt_msgs/CMakeFiles/vdt_msgs__rosidl_typesupport_fastrtps_c.dir/compiler_depend.internal".
Dependencies file "CMakeFiles/vdt_msgs__rosidl_typesupport_fastrtps_c.dir/rosidl_typesupport_fastrtps_c/vdt_msgs/msg/detail/planner_output__type_support_c.cpp.o.d" is newer than depends file "/home/vdt_2026/VDT_project/build/vdt_msgs/CMakeFiles/vdt_msgs__rosidl_typesupport_fastrtps_c.dir/compiler_depend.internal".
Dependencies file "CMakeFiles/vdt_msgs__rosidl_typesupport_fastrtps_c.dir/rosidl_typesupport_fastrtps_c/vdt_msgs/msg/detail/rc_channels_raw__type_support_c.cpp.o.d" is newer than depends file "/home/vdt_2026/VDT_project/build/vdt_msgs/CMakeFiles/vdt_msgs__rosidl_typesupport_fastrtps_c.dir/compiler_depend.internal".
Dependencies file "CMakeFiles/vdt_msgs__rosidl_typesupport_fastrtps_c.dir/rosidl_typesupport_fastrtps_c/vdt_msgs/msg/detail/rc_fsm_input__type_support_c.cpp.o.d" is newer than depends file "/home/vdt_2026/VDT_project/build/vdt_msgs/CMakeFiles/vdt_msgs__rosidl_typesupport_fastrtps_c.dir/compiler_depend.internal".
Dependencies file "CMakeFiles/vdt_msgs__rosidl_typesupport_fastrtps_c.dir/rosidl_typesupport_fastrtps_c/vdt_msgs/msg/detail/timeout_flags__type_support_c.cpp.o.d" is newer than depends file "/home/vdt_2026/VDT_project/build/vdt_msgs/CMakeFiles/vdt_msgs__rosidl_typesupport_fastrtps_c.dir/compiler_depend.internal".
gmake[2]: Leaving directory '/home/vdt_2026/VDT_project/build/vdt_msgs'
Dependencies file "CMakeFiles/vdt_msgs__rosidl_typesupport_fastrtps_c.dir/rosidl_typesupport_fastrtps_c/vdt_msgs/msg/detail/vision_marker__type_support_c.cpp.o.d" is newer than depends file "/home/vdt_2026/VDT_project/build/vdt_msgs/CMakeFiles/vdt_msgs__rosidl_typesupport_fastrtps_c.dir/compiler_depend.internal".
Consolidate compiler generated dependencies of target vdt_msgs__rosidl_typesupport_fastrtps_c
gmake[2]: Leaving directory '/home/vdt_2026/VDT_project/build/vdt_msgs'
/usr/bin/gmake  -f CMakeFiles/vdt_msgs__rosidl_typesupport_fastrtps_c.dir/build.make CMakeFiles/vdt_msgs__rosidl_typesupport_fastrtps_c.dir/build
[ 66%] Built target vdt_msgs__rosidl_typesupport_cpp
[ 66%] Built target ament_cmake_python_build_vdt_msgs_egg
gmake[2]: Entering directory '/home/vdt_2026/VDT_project/build/vdt_msgs'
[ 67%] Linking CXX shared library libvdt_msgs__rosidl_typesupport_fastrtps_c.so
/usr/bin/cmake -E cmake_link_script CMakeFiles/vdt_msgs__rosidl_typesupport_fastrtps_c.dir/link.txt --verbose=1
/usr/bin/c++ -fPIC -shared -Wl,-soname,libvdt_msgs__rosidl_typesupport_fastrtps_c.so -o libvdt_msgs__rosidl_typesupport_fastrtps_c.so CMakeFiles/vdt_msgs__rosidl_typesupport_fastrtps_c.dir/rosidl_typesupport_fastrtps_c/vdt_msgs/msg/detail/alt_estimate__type_support_c.cpp.o CMakeFiles/vdt_msgs__rosidl_typesupport_fastrtps_c.dir/rosidl_typesupport_fastrtps_c/vdt_msgs/msg/detail/vision_marker__type_support_c.cpp.o CMakeFiles/vdt_msgs__rosidl_typesupport_fastrtps_c.dir/rosidl_typesupport_fastrtps_c/vdt_msgs/msg/detail/input_snapshot__type_support_c.cpp.o CMakeFiles/vdt_msgs__rosidl_typesupport_fastrtps_c.dir/rosidl_typesupport_fastrtps_c/vdt_msgs/msg/detail/timeout_flags__type_support_c.cpp.o CMakeFiles/vdt_msgs__rosidl_typesupport_fastrtps_c.dir/rosidl_typesupport_fastrtps_c/vdt_msgs/msg/detail/planner_output__type_support_c.cpp.o CMakeFiles/vdt_msgs__rosidl_typesupport_fastrtps_c.dir/rosidl_typesupport_fastrtps_c/vdt_msgs/msg/detail/offboard_status__type_support_c.cpp.o CMakeFiles/vdt_msgs__rosidl_typesupport_fastrtps_c.dir/rosidl_typesupport_fastrtps_c/vdt_msgs/msg/detail/rc_fsm_input__type_support_c.cpp.o CMakeFiles/vdt_msgs__rosidl_typesupport_fastrtps_c.dir/rosidl_typesupport_fastrtps_c/vdt_msgs/msg/detail/rc_channels_raw__type_support_c.cpp.o  -Wl,-rpath,/home/vdt_2026/VDT_project/build/vdt_msgs:/opt/ros/jazzy/lib: libvdt_msgs__rosidl_generator_c.so /opt/ros/jazzy/lib/libstd_msgs__rosidl_typesupport_fastrtps_c.so /opt/ros/jazzy/lib/libbuiltin_interfaces__rosidl_typesupport_fastrtps_c.so /opt/ros/jazzy/lib/librosidl_typesupport_fastrtps_cpp.so /opt/ros/jazzy/lib/librmw.so /opt/ros/jazzy/lib/librosidl_dynamic_typesupport.so /opt/ros/jazzy/lib/librosidl_typesupport_fastrtps_c.so /opt/ros/jazzy/lib/libfastcdr.so.2.2.8 /opt/ros/jazzy/lib/libstd_msgs__rosidl_generator_c.so /opt/ros/jazzy/lib/libbuiltin_interfaces__rosidl_generator_c.so /opt/ros/jazzy/lib/librosidl_runtime_c.so /opt/ros/jazzy/lib/librcutils.so -ldl -latomic 
gmake[2]: Leaving directory '/home/vdt_2026/VDT_project/build/vdt_msgs'
[ 76%] Built target vdt_msgs__rosidl_typesupport_introspection_cpp
gmake[2]: Leaving directory '/home/vdt_2026/VDT_project/build/vdt_msgs'
[ 84%] Built target vdt_msgs__rosidl_typesupport_fastrtps_c
/usr/bin/gmake  -f CMakeFiles/vdt_msgs.dir/build.make CMakeFiles/vdt_msgs.dir/depend
gmake[2]: Entering directory '/home/vdt_2026/VDT_project/build/vdt_msgs'
cd /home/vdt_2026/VDT_project/build/vdt_msgs && /usr/bin/cmake -E cmake_depends "Unix Makefiles" /home/vdt_2026/VDT_project/ros2_ws/src/vdt_msgs /home/vdt_2026/VDT_project/ros2_ws/src/vdt_msgs /home/vdt_2026/VDT_project/build/vdt_msgs /home/vdt_2026/VDT_project/build/vdt_msgs /home/vdt_2026/VDT_project/build/vdt_msgs/CMakeFiles/vdt_msgs.dir/DependInfo.cmake "--color="
gmake[2]: Leaving directory '/home/vdt_2026/VDT_project/build/vdt_msgs'
/usr/bin/gmake  -f CMakeFiles/vdt_msgs.dir/build.make CMakeFiles/vdt_msgs.dir/build
gmake[2]: Entering directory '/home/vdt_2026/VDT_project/build/vdt_msgs'
gmake[2]: Nothing to be done for 'CMakeFiles/vdt_msgs.dir/build'.
gmake[2]: Leaving directory '/home/vdt_2026/VDT_project/build/vdt_msgs'
[ 84%] Built target vdt_msgs
/usr/bin/gmake  -f /home/vdt_2026/VDT_project/build/vdt_msgs/vdt_msgs__py/CMakeFiles/vdt_msgs__py.dir/build.make /home/vdt_2026/VDT_project/build/vdt_msgs/vdt_msgs__py/CMakeFiles/vdt_msgs__py.dir/depend
gmake[2]: Entering directory '/home/vdt_2026/VDT_project/build/vdt_msgs'
cd /home/vdt_2026/VDT_project/build/vdt_msgs && /usr/bin/cmake -E cmake_depends "Unix Makefiles" /home/vdt_2026/VDT_project/ros2_ws/src/vdt_msgs /home/vdt_2026/VDT_project/build/vdt_msgs/vdt_msgs__py /home/vdt_2026/VDT_project/build/vdt_msgs /home/vdt_2026/VDT_project/build/vdt_msgs/vdt_msgs__py /home/vdt_2026/VDT_project/build/vdt_msgs/vdt_msgs__py/CMakeFiles/vdt_msgs__py.dir/DependInfo.cmake "--color="
gmake[2]: Leaving directory '/home/vdt_2026/VDT_project/build/vdt_msgs'
/usr/bin/gmake  -f /home/vdt_2026/VDT_project/build/vdt_msgs/vdt_msgs__py/CMakeFiles/vdt_msgs__py.dir/build.make /home/vdt_2026/VDT_project/build/vdt_msgs/vdt_msgs__py/CMakeFiles/vdt_msgs__py.dir/build
gmake[2]: Entering directory '/home/vdt_2026/VDT_project/build/vdt_msgs'
gmake[2]: Nothing to be done for '/home/vdt_2026/VDT_project/build/vdt_msgs/vdt_msgs__py/CMakeFiles/vdt_msgs__py.dir/build'.
gmake[2]: Leaving directory '/home/vdt_2026/VDT_project/build/vdt_msgs'
[ 85%] Built target vdt_msgs__py
/usr/bin/gmake  -f CMakeFiles/vdt_msgs__rosidl_generator_py.dir/build.make CMakeFiles/vdt_msgs__rosidl_generator_py.dir/depend
gmake[2]: Entering directory '/home/vdt_2026/VDT_project/build/vdt_msgs'
cd /home/vdt_2026/VDT_project/build/vdt_msgs && /usr/bin/cmake -E cmake_depends "Unix Makefiles" /home/vdt_2026/VDT_project/ros2_ws/src/vdt_msgs /home/vdt_2026/VDT_project/ros2_ws/src/vdt_msgs /home/vdt_2026/VDT_project/build/vdt_msgs /home/vdt_2026/VDT_project/build/vdt_msgs /home/vdt_2026/VDT_project/build/vdt_msgs/CMakeFiles/vdt_msgs__rosidl_generator_py.dir/DependInfo.cmake "--color="
Dependencies file "CMakeFiles/vdt_msgs__rosidl_generator_py.dir/rosidl_generator_py/vdt_msgs/msg/_alt_estimate_s.c.o.d" is newer than depends file "/home/vdt_2026/VDT_project/build/vdt_msgs/CMakeFiles/vdt_msgs__rosidl_generator_py.dir/compiler_depend.internal".
Dependencies file "CMakeFiles/vdt_msgs__rosidl_generator_py.dir/rosidl_generator_py/vdt_msgs/msg/_input_snapshot_s.c.o.d" is newer than depends file "/home/vdt_2026/VDT_project/build/vdt_msgs/CMakeFiles/vdt_msgs__rosidl_generator_py.dir/compiler_depend.internal".
Dependencies file "CMakeFiles/vdt_msgs__rosidl_generator_py.dir/rosidl_generator_py/vdt_msgs/msg/_offboard_status_s.c.o.d" is newer than depends file "/home/vdt_2026/VDT_project/build/vdt_msgs/CMakeFiles/vdt_msgs__rosidl_generator_py.dir/compiler_depend.internal".
Dependencies file "CMakeFiles/vdt_msgs__rosidl_generator_py.dir/rosidl_generator_py/vdt_msgs/msg/_planner_output_s.c.o.d" is newer than depends file "/home/vdt_2026/VDT_project/build/vdt_msgs/CMakeFiles/vdt_msgs__rosidl_generator_py.dir/compiler_depend.internal".
Dependencies file "CMakeFiles/vdt_msgs__rosidl_generator_py.dir/rosidl_generator_py/vdt_msgs/msg/_rc_channels_raw_s.c.o.d" is newer than depends file "/home/vdt_2026/VDT_project/build/vdt_msgs/CMakeFiles/vdt_msgs__rosidl_generator_py.dir/compiler_depend.internal".
Dependencies file "CMakeFiles/vdt_msgs__rosidl_generator_py.dir/rosidl_generator_py/vdt_msgs/msg/_rc_fsm_input_s.c.o.d" is newer than depends file "/home/vdt_2026/VDT_project/build/vdt_msgs/CMakeFiles/vdt_msgs__rosidl_generator_py.dir/compiler_depend.internal".
Dependencies file "CMakeFiles/vdt_msgs__rosidl_generator_py.dir/rosidl_generator_py/vdt_msgs/msg/_timeout_flags_s.c.o.d" is newer than depends file "/home/vdt_2026/VDT_project/build/vdt_msgs/CMakeFiles/vdt_msgs__rosidl_generator_py.dir/compiler_depend.internal".
Dependencies file "CMakeFiles/vdt_msgs__rosidl_generator_py.dir/rosidl_generator_py/vdt_msgs/msg/_vision_marker_s.c.o.d" is newer than depends file "/home/vdt_2026/VDT_project/build/vdt_msgs/CMakeFiles/vdt_msgs__rosidl_generator_py.dir/compiler_depend.internal".
Consolidate compiler generated dependencies of target vdt_msgs__rosidl_generator_py
gmake[2]: Leaving directory '/home/vdt_2026/VDT_project/build/vdt_msgs'
/usr/bin/gmake  -f CMakeFiles/vdt_msgs__rosidl_generator_py.dir/build.make CMakeFiles/vdt_msgs__rosidl_generator_py.dir/build
gmake[2]: Entering directory '/home/vdt_2026/VDT_project/build/vdt_msgs'
[ 86%] Linking C shared library libvdt_msgs__rosidl_generator_py.so
/usr/bin/cmake -E cmake_link_script CMakeFiles/vdt_msgs__rosidl_generator_py.dir/link.txt --verbose=1
/usr/bin/cc -fPIC -shared -Wl,-soname,libvdt_msgs__rosidl_generator_py.so -o libvdt_msgs__rosidl_generator_py.so CMakeFiles/vdt_msgs__rosidl_generator_py.dir/rosidl_generator_py/vdt_msgs/msg/_alt_estimate_s.c.o CMakeFiles/vdt_msgs__rosidl_generator_py.dir/rosidl_generator_py/vdt_msgs/msg/_vision_marker_s.c.o CMakeFiles/vdt_msgs__rosidl_generator_py.dir/rosidl_generator_py/vdt_msgs/msg/_input_snapshot_s.c.o CMakeFiles/vdt_msgs__rosidl_generator_py.dir/rosidl_generator_py/vdt_msgs/msg/_timeout_flags_s.c.o CMakeFiles/vdt_msgs__rosidl_generator_py.dir/rosidl_generator_py/vdt_msgs/msg/_planner_output_s.c.o CMakeFiles/vdt_msgs__rosidl_generator_py.dir/rosidl_generator_py/vdt_msgs/msg/_offboard_status_s.c.o CMakeFiles/vdt_msgs__rosidl_generator_py.dir/rosidl_generator_py/vdt_msgs/msg/_rc_fsm_input_s.c.o CMakeFiles/vdt_msgs__rosidl_generator_py.dir/rosidl_generator_py/vdt_msgs/msg/_rc_channels_raw_s.c.o  -Wl,-rpath,/home/vdt_2026/VDT_project/build/vdt_msgs:/opt/ros/jazzy/lib: libvdt_msgs__rosidl_typesupport_c.so /opt/ros/jazzy/lib/libstd_msgs__rosidl_typesupport_fastrtps_c.so /opt/ros/jazzy/lib/libstd_msgs__rosidl_typesupport_fastrtps_cpp.so /opt/ros/jazzy/lib/libstd_msgs__rosidl_typesupport_introspection_c.so /opt/ros/jazzy/lib/libstd_msgs__rosidl_typesupport_introspection_cpp.so /opt/ros/jazzy/lib/libstd_msgs__rosidl_typesupport_cpp.so /opt/ros/jazzy/lib/libstd_msgs__rosidl_generator_py.so /opt/ros/jazzy/lib/libbuiltin_interfaces__rosidl_typesupport_fastrtps_c.so /opt/ros/jazzy/lib/libbuiltin_interfaces__rosidl_typesupport_introspection_c.so /opt/ros/jazzy/lib/libbuiltin_interfaces__rosidl_typesupport_fastrtps_cpp.so /opt/ros/jazzy/lib/libbuiltin_interfaces__rosidl_typesupport_introspection_cpp.so /opt/ros/jazzy/lib/libbuiltin_interfaces__rosidl_typesupport_cpp.so /opt/ros/jazzy/lib/libbuiltin_interfaces__rosidl_generator_py.so libvdt_msgs__rosidl_generator_c.so /opt/ros/jazzy/lib/libstd_msgs__rosidl_typesupport_c.so /opt/ros/jazzy/lib/libstd_msgs__rosidl_generator_c.so /opt/ros/jazzy/lib/librosidl_typesupport_fastrtps_c.so /opt/ros/jazzy/lib/librosidl_typesupport_fastrtps_cpp.so /opt/ros/jazzy/lib/libfastcdr.so.2.2.8 /opt/ros/jazzy/lib/librmw.so /opt/ros/jazzy/lib/librosidl_dynamic_typesupport.so /opt/ros/jazzy/lib/librosidl_typesupport_introspection_cpp.so /opt/ros/jazzy/lib/librosidl_typesupport_introspection_c.so /usr/lib/aarch64-linux-gnu/libpython3.12.so /opt/ros/jazzy/lib/libbuiltin_interfaces__rosidl_typesupport_c.so /opt/ros/jazzy/lib/libbuiltin_interfaces__rosidl_generator_c.so /opt/ros/jazzy/lib/librosidl_runtime_c.so /opt/ros/jazzy/lib/librcutils.so -ldl -latomic -Wl,-rpath-link,/opt/ros/jazzy/lib 
gmake[2]: Leaving directory '/home/vdt_2026/VDT_project/build/vdt_msgs'
[ 94%] Built target vdt_msgs__rosidl_generator_py
/usr/bin/gmake  -f CMakeFiles/vdt_msgs_s__rosidl_typesupport_fastrtps_c.dir/build.make CMakeFiles/vdt_msgs_s__rosidl_typesupport_fastrtps_c.dir/depend
/usr/bin/gmake  -f CMakeFiles/vdt_msgs_s__rosidl_typesupport_introspection_c.dir/build.make CMakeFiles/vdt_msgs_s__rosidl_typesupport_introspection_c.dir/depend
/usr/bin/gmake  -f CMakeFiles/vdt_msgs_s__rosidl_typesupport_c.dir/build.make CMakeFiles/vdt_msgs_s__rosidl_typesupport_c.dir/depend
gmake[2]: Entering directory '/home/vdt_2026/VDT_project/build/vdt_msgs'
gmake[2]: Entering directory '/home/vdt_2026/VDT_project/build/vdt_msgs'
cd /home/vdt_2026/VDT_project/build/vdt_msgs && /usr/bin/cmake -E cmake_depends "Unix Makefiles" /home/vdt_2026/VDT_project/ros2_ws/src/vdt_msgs /home/vdt_2026/VDT_project/ros2_ws/src/vdt_msgs /home/vdt_2026/VDT_project/build/vdt_msgs /home/vdt_2026/VDT_project/build/vdt_msgs /home/vdt_2026/VDT_project/build/vdt_msgs/CMakeFiles/vdt_msgs_s__rosidl_typesupport_introspection_c.dir/DependInfo.cmake "--color="
cd /home/vdt_2026/VDT_project/build/vdt_msgs && /usr/bin/cmake -E cmake_depends "Unix Makefiles" /home/vdt_2026/VDT_project/ros2_ws/src/vdt_msgs /home/vdt_2026/VDT_project/ros2_ws/src/vdt_msgs /home/vdt_2026/VDT_project/build/vdt_msgs /home/vdt_2026/VDT_project/build/vdt_msgs /home/vdt_2026/VDT_project/build/vdt_msgs/CMakeFiles/vdt_msgs_s__rosidl_typesupport_fastrtps_c.dir/DependInfo.cmake "--color="
gmake[2]: Entering directory '/home/vdt_2026/VDT_project/build/vdt_msgs'
cd /home/vdt_2026/VDT_project/build/vdt_msgs && /usr/bin/cmake -E cmake_depends "Unix Makefiles" /home/vdt_2026/VDT_project/ros2_ws/src/vdt_msgs /home/vdt_2026/VDT_project/ros2_ws/src/vdt_msgs /home/vdt_2026/VDT_project/build/vdt_msgs /home/vdt_2026/VDT_project/build/vdt_msgs /home/vdt_2026/VDT_project/build/vdt_msgs/CMakeFiles/vdt_msgs_s__rosidl_typesupport_c.dir/DependInfo.cmake "--color="
Dependencies file "CMakeFiles/vdt_msgs_s__rosidl_typesupport_fastrtps_c.dir/rosidl_generator_py/vdt_msgs/_vdt_msgs_s.ep.rosidl_typesupport_fastrtps_c.c.o.d" is newer than depends file "/home/vdt_2026/VDT_project/build/vdt_msgs/CMakeFiles/vdt_msgs_s__rosidl_typesupport_fastrtps_c.dir/compiler_depend.internal".
Dependencies file "CMakeFiles/vdt_msgs_s__rosidl_typesupport_introspection_c.dir/rosidl_generator_py/vdt_msgs/_vdt_msgs_s.ep.rosidl_typesupport_introspection_c.c.o.d" is newer than depends file "/home/vdt_2026/VDT_project/build/vdt_msgs/CMakeFiles/vdt_msgs_s__rosidl_typesupport_introspection_c.dir/compiler_depend.internal".
Dependencies file "CMakeFiles/vdt_msgs_s__rosidl_typesupport_c.dir/rosidl_generator_py/vdt_msgs/_vdt_msgs_s.ep.rosidl_typesupport_c.c.o.d" is newer than depends file "/home/vdt_2026/VDT_project/build/vdt_msgs/CMakeFiles/vdt_msgs_s__rosidl_typesupport_c.dir/compiler_depend.internal".
Consolidate compiler generated dependencies of target vdt_msgs_s__rosidl_typesupport_fastrtps_c
Consolidate compiler generated dependencies of target vdt_msgs_s__rosidl_typesupport_c
Consolidate compiler generated dependencies of target vdt_msgs_s__rosidl_typesupport_introspection_c
gmake[2]: Leaving directory '/home/vdt_2026/VDT_project/build/vdt_msgs'
/usr/bin/gmake  -f CMakeFiles/vdt_msgs_s__rosidl_typesupport_fastrtps_c.dir/build.make CMakeFiles/vdt_msgs_s__rosidl_typesupport_fastrtps_c.dir/build
gmake[2]: Leaving directory '/home/vdt_2026/VDT_project/build/vdt_msgs'
/usr/bin/gmake  -f CMakeFiles/vdt_msgs_s__rosidl_typesupport_c.dir/build.make CMakeFiles/vdt_msgs_s__rosidl_typesupport_c.dir/build
gmake[2]: Leaving directory '/home/vdt_2026/VDT_project/build/vdt_msgs'
/usr/bin/gmake  -f CMakeFiles/vdt_msgs_s__rosidl_typesupport_introspection_c.dir/build.make CMakeFiles/vdt_msgs_s__rosidl_typesupport_introspection_c.dir/build
gmake[2]: Entering directory '/home/vdt_2026/VDT_project/build/vdt_msgs'
gmake[2]: Entering directory '/home/vdt_2026/VDT_project/build/vdt_msgs'
gmake[2]: Entering directory '/home/vdt_2026/VDT_project/build/vdt_msgs'
[ 97%] Linking C shared module rosidl_generator_py/vdt_msgs/vdt_msgs_s__rosidl_typesupport_fastrtps_c.so
[ 97%] Linking C shared module rosidl_generator_py/vdt_msgs/vdt_msgs_s__rosidl_typesupport_c.so
[ 97%] Linking C shared module rosidl_generator_py/vdt_msgs/vdt_msgs_s__rosidl_typesupport_introspection_c.so
/usr/bin/cmake -E cmake_link_script CMakeFiles/vdt_msgs_s__rosidl_typesupport_fastrtps_c.dir/link.txt --verbose=1
/usr/bin/cmake -E cmake_link_script CMakeFiles/vdt_msgs_s__rosidl_typesupport_c.dir/link.txt --verbose=1
/usr/bin/cmake -E cmake_link_script CMakeFiles/vdt_msgs_s__rosidl_typesupport_introspection_c.dir/link.txt --verbose=1
/usr/bin/cc -fPIC -shared  -o rosidl_generator_py/vdt_msgs/vdt_msgs_s__rosidl_typesupport_fastrtps_c.so CMakeFiles/vdt_msgs_s__rosidl_typesupport_fastrtps_c.dir/rosidl_generator_py/vdt_msgs/_vdt_msgs_s.ep.rosidl_typesupport_fastrtps_c.c.o  -Wl,-rpath,/home/vdt_2026/VDT_project/build/vdt_msgs:/opt/ros/jazzy/lib: libvdt_msgs__rosidl_generator_py.so libvdt_msgs__rosidl_typesupport_fastrtps_c.so libvdt_msgs__rosidl_typesupport_c.so /opt/ros/jazzy/lib/librmw.so /opt/ros/jazzy/lib/libstd_msgs__rosidl_typesupport_c.so /opt/ros/jazzy/lib/libbuiltin_interfaces__rosidl_typesupport_c.so /opt/ros/jazzy/lib/librosidl_typesupport_c.so libvdt_msgs__rosidl_generator_c.so /opt/ros/jazzy/lib/libstd_msgs__rosidl_typesupport_fastrtps_c.so /opt/ros/jazzy/lib/libstd_msgs__rosidl_generator_c.so /opt/ros/jazzy/lib/libbuiltin_interfaces__rosidl_typesupport_fastrtps_c.so /opt/ros/jazzy/lib/librosidl_typesupport_fastrtps_cpp.so /opt/ros/jazzy/lib/librmw.so /opt/ros/jazzy/lib/librosidl_dynamic_typesupport.so /opt/ros/jazzy/lib/librosidl_typesupport_fastrtps_c.so /opt/ros/jazzy/lib/libfastcdr.so.2.2.8 /opt/ros/jazzy/lib/libbuiltin_interfaces__rosidl_generator_c.so /opt/ros/jazzy/lib/librosidl_runtime_c.so /opt/ros/jazzy/lib/librcutils.so -ldl -latomic -Wl,-rpath-link,/opt/ros/jazzy/lib 
/usr/bin/cc -fPIC -shared  -o rosidl_generator_py/vdt_msgs/vdt_msgs_s__rosidl_typesupport_introspection_c.so CMakeFiles/vdt_msgs_s__rosidl_typesupport_introspection_c.dir/rosidl_generator_py/vdt_msgs/_vdt_msgs_s.ep.rosidl_typesupport_introspection_c.c.o  -Wl,-rpath,/home/vdt_2026/VDT_project/build/vdt_msgs:/opt/ros/jazzy/lib: libvdt_msgs__rosidl_generator_py.so libvdt_msgs__rosidl_typesupport_introspection_c.so libvdt_msgs__rosidl_typesupport_c.so /opt/ros/jazzy/lib/librmw.so /opt/ros/jazzy/lib/libstd_msgs__rosidl_typesupport_c.so /opt/ros/jazzy/lib/librosidl_dynamic_typesupport.so /opt/ros/jazzy/lib/libbuiltin_interfaces__rosidl_typesupport_c.so /opt/ros/jazzy/lib/librosidl_typesupport_c.so libvdt_msgs__rosidl_generator_c.so /opt/ros/jazzy/lib/libstd_msgs__rosidl_typesupport_introspection_c.so /opt/ros/jazzy/lib/libstd_msgs__rosidl_generator_c.so /opt/ros/jazzy/lib/libbuiltin_interfaces__rosidl_typesupport_introspection_c.so /opt/ros/jazzy/lib/librosidl_typesupport_introspection_c.so /opt/ros/jazzy/lib/libbuiltin_interfaces__rosidl_generator_c.so /opt/ros/jazzy/lib/librosidl_runtime_c.so /opt/ros/jazzy/lib/librcutils.so -ldl -latomic -Wl,-rpath-link,/opt/ros/jazzy/lib 
/usr/bin/cc -fPIC -shared  -o rosidl_generator_py/vdt_msgs/vdt_msgs_s__rosidl_typesupport_c.so CMakeFiles/vdt_msgs_s__rosidl_typesupport_c.dir/rosidl_generator_py/vdt_msgs/_vdt_msgs_s.ep.rosidl_typesupport_c.c.o  -Wl,-rpath,/home/vdt_2026/VDT_project/build/vdt_msgs:/opt/ros/jazzy/lib: libvdt_msgs__rosidl_generator_py.so libvdt_msgs__rosidl_typesupport_c.so /opt/ros/jazzy/lib/librmw.so libvdt_msgs__rosidl_generator_c.so /opt/ros/jazzy/lib/libstd_msgs__rosidl_typesupport_c.so /opt/ros/jazzy/lib/libstd_msgs__rosidl_generator_c.so /opt/ros/jazzy/lib/librosidl_dynamic_typesupport.so /opt/ros/jazzy/lib/libbuiltin_interfaces__rosidl_typesupport_c.so /opt/ros/jazzy/lib/librosidl_typesupport_c.so /opt/ros/jazzy/lib/libbuiltin_interfaces__rosidl_generator_c.so /opt/ros/jazzy/lib/librosidl_runtime_c.so /opt/ros/jazzy/lib/librcutils.so -ldl -latomic -Wl,-rpath-link,/opt/ros/jazzy/lib 
gmake[2]: Leaving directory '/home/vdt_2026/VDT_project/build/vdt_msgs'
gmake[2]: Leaving directory '/home/vdt_2026/VDT_project/build/vdt_msgs'
gmake[2]: Leaving directory '/home/vdt_2026/VDT_project/build/vdt_msgs'
[100%] Built target vdt_msgs_s__rosidl_typesupport_introspection_c
[100%] Built target vdt_msgs_s__rosidl_typesupport_c
[100%] Built target vdt_msgs_s__rosidl_typesupport_fastrtps_c
gmake[1]: Leaving directory '/home/vdt_2026/VDT_project/build/vdt_msgs'
/usr/bin/cmake -E cmake_progress_start /home/vdt_2026/VDT_project/build/vdt_msgs/CMakeFiles 0

-- Install configuration: ""
-- Up-to-date: /home/vdt_2026/VDT_project/install/vdt_msgs/share/ament_index/resource_index/rosidl_interfaces/vdt_msgs
-- Up-to-date: /home/vdt_2026/VDT_project/install/vdt_msgs/share/vdt_msgs/msg/AltEstimate.json
-- Up-to-date: /home/vdt_2026/VDT_project/install/vdt_msgs/share/vdt_msgs/msg/VisionMarker.json
-- Up-to-date: /home/vdt_2026/VDT_project/install/vdt_msgs/share/vdt_msgs/msg/InputSnapshot.json
-- Up-to-date: /home/vdt_2026/VDT_project/install/vdt_msgs/share/vdt_msgs/msg/TimeoutFlags.json
-- Up-to-date: /home/vdt_2026/VDT_project/install/vdt_msgs/share/vdt_msgs/msg/PlannerOutput.json
-- Up-to-date: /home/vdt_2026/VDT_project/install/vdt_msgs/share/vdt_msgs/msg/OffboardStatus.json
-- Up-to-date: /home/vdt_2026/VDT_project/install/vdt_msgs/share/vdt_msgs/msg/RcFsmInput.json
-- Up-to-date: /home/vdt_2026/VDT_project/install/vdt_msgs/share/vdt_msgs/msg/RcChannelsRaw.json
-- Up-to-date: /home/vdt_2026/VDT_project/install/vdt_msgs/include/vdt_msgs/vdt_msgs
-- Up-to-date: /home/vdt_2026/VDT_project/install/vdt_msgs/include/vdt_msgs/vdt_msgs/msg
-- Up-to-date: /home/vdt_2026/VDT_project/install/vdt_msgs/include/vdt_msgs/vdt_msgs/msg/vision_marker.h
-- Up-to-date: /home/vdt_2026/VDT_project/install/vdt_msgs/include/vdt_msgs/vdt_msgs/msg/planner_output.h
-- Up-to-date: /home/vdt_2026/VDT_project/install/vdt_msgs/include/vdt_msgs/vdt_msgs/msg/input_snapshot.h
-- Up-to-date: /home/vdt_2026/VDT_project/install/vdt_msgs/include/vdt_msgs/vdt_msgs/msg/rosidl_generator_c__visibility_control.h
-- Up-to-date: /home/vdt_2026/VDT_project/install/vdt_msgs/include/vdt_msgs/vdt_msgs/msg/rc_channels_raw.h
-- Up-to-date: /home/vdt_2026/VDT_project/install/vdt_msgs/include/vdt_msgs/vdt_msgs/msg/detail
-- Up-to-date: /home/vdt_2026/VDT_project/install/vdt_msgs/include/vdt_msgs/vdt_msgs/msg/detail/timeout_flags__type_support.c
-- Up-to-date: /home/vdt_2026/VDT_project/install/vdt_msgs/include/vdt_msgs/vdt_msgs/msg/detail/input_snapshot__type_support.h
-- Up-to-date: /home/vdt_2026/VDT_project/install/vdt_msgs/include/vdt_msgs/vdt_msgs/msg/detail/rc_fsm_input__type_support.c
-- Up-to-date: /home/vdt_2026/VDT_project/install/vdt_msgs/include/vdt_msgs/vdt_msgs/msg/detail/timeout_flags__functions.c
-- Up-to-date: /home/vdt_2026/VDT_project/install/vdt_msgs/include/vdt_msgs/vdt_msgs/msg/detail/input_snapshot__struct.h
-- Up-to-date: /home/vdt_2026/VDT_project/install/vdt_msgs/include/vdt_msgs/vdt_msgs/msg/detail/planner_output__struct.h
-- Up-to-date: /home/vdt_2026/VDT_project/install/vdt_msgs/include/vdt_msgs/vdt_msgs/msg/detail/alt_estimate__functions.h
-- Up-to-date: /home/vdt_2026/VDT_project/install/vdt_msgs/include/vdt_msgs/vdt_msgs/msg/detail/input_snapshot__functions.c
-- Up-to-date: /home/vdt_2026/VDT_project/install/vdt_msgs/include/vdt_msgs/vdt_msgs/msg/detail/offboard_status__type_support.c
-- Up-to-date: /home/vdt_2026/VDT_project/install/vdt_msgs/include/vdt_msgs/vdt_msgs/msg/detail/rc_channels_raw__functions.c
-- Up-to-date: /home/vdt_2026/VDT_project/install/vdt_msgs/include/vdt_msgs/vdt_msgs/msg/detail/rc_fsm_input__description.c
-- Up-to-date: /home/vdt_2026/VDT_project/install/vdt_msgs/include/vdt_msgs/vdt_msgs/msg/detail/timeout_flags__type_support.h
-- Up-to-date: /home/vdt_2026/VDT_project/install/vdt_msgs/include/vdt_msgs/vdt_msgs/msg/detail/rc_channels_raw__type_support.h
-- Up-to-date: /home/vdt_2026/VDT_project/install/vdt_msgs/include/vdt_msgs/vdt_msgs/msg/detail/rc_channels_raw__type_support.c
-- Up-to-date: /home/vdt_2026/VDT_project/install/vdt_msgs/include/vdt_msgs/vdt_msgs/msg/detail/rc_fsm_input__struct.h
-- Up-to-date: /home/vdt_2026/VDT_project/install/vdt_msgs/include/vdt_msgs/vdt_msgs/msg/detail/vision_marker__description.c
-- Up-to-date: /home/vdt_2026/VDT_project/install/vdt_msgs/include/vdt_msgs/vdt_msgs/msg/detail/alt_estimate__type_support.h
-- Up-to-date: /home/vdt_2026/VDT_project/install/vdt_msgs/include/vdt_msgs/vdt_msgs/msg/detail/alt_estimate__struct.h
-- Up-to-date: /home/vdt_2026/VDT_project/install/vdt_msgs/include/vdt_msgs/vdt_msgs/msg/detail/planner_output__functions.h
-- Up-to-date: /home/vdt_2026/VDT_project/install/vdt_msgs/include/vdt_msgs/vdt_msgs/msg/detail/rc_fsm_input__functions.c
-- Up-to-date: /home/vdt_2026/VDT_project/install/vdt_msgs/include/vdt_msgs/vdt_msgs/msg/detail/offboard_status__functions.h
-- Up-to-date: /home/vdt_2026/VDT_project/install/vdt_msgs/include/vdt_msgs/vdt_msgs/msg/detail/timeout_flags__functions.h
-- Up-to-date: /home/vdt_2026/VDT_project/install/vdt_msgs/include/vdt_msgs/vdt_msgs/msg/detail/planner_output__functions.c
-- Up-to-date: /home/vdt_2026/VDT_project/install/vdt_msgs/include/vdt_msgs/vdt_msgs/msg/detail/rc_channels_raw__description.c
-- Up-to-date: /home/vdt_2026/VDT_project/install/vdt_msgs/include/vdt_msgs/vdt_msgs/msg/detail/timeout_flags__description.c
-- Up-to-date: /home/vdt_2026/VDT_project/install/vdt_msgs/include/vdt_msgs/vdt_msgs/msg/detail/input_snapshot__functions.h
-- Up-to-date: /home/vdt_2026/VDT_project/install/vdt_msgs/include/vdt_msgs/vdt_msgs/msg/detail/offboard_status__description.c
-- Up-to-date: /home/vdt_2026/VDT_project/install/vdt_msgs/include/vdt_msgs/vdt_msgs/msg/detail/vision_marker__functions.c
-- Up-to-date: /home/vdt_2026/VDT_project/install/vdt_msgs/include/vdt_msgs/vdt_msgs/msg/detail/alt_estimate__description.c
-- Up-to-date: /home/vdt_2026/VDT_project/install/vdt_msgs/include/vdt_msgs/vdt_msgs/msg/detail/planner_output__description.c
-- Up-to-date: /home/vdt_2026/VDT_project/install/vdt_msgs/include/vdt_msgs/vdt_msgs/msg/detail/vision_marker__struct.h
-- Up-to-date: /home/vdt_2026/VDT_project/install/vdt_msgs/include/vdt_msgs/vdt_msgs/msg/detail/offboard_status__struct.h
-- Up-to-date: /home/vdt_2026/VDT_project/install/vdt_msgs/include/vdt_msgs/vdt_msgs/msg/detail/rc_fsm_input__functions.h
-- Up-to-date: /home/vdt_2026/VDT_project/install/vdt_msgs/include/vdt_msgs/vdt_msgs/msg/detail/offboard_status__type_support.h
-- Up-to-date: /home/vdt_2026/VDT_project/install/vdt_msgs/include/vdt_msgs/vdt_msgs/msg/detail/rc_channels_raw__struct.h
-- Up-to-date: /home/vdt_2026/VDT_project/install/vdt_msgs/include/vdt_msgs/vdt_msgs/msg/detail/rc_channels_raw__functions.h
-- Up-to-date: /home/vdt_2026/VDT_project/install/vdt_msgs/include/vdt_msgs/vdt_msgs/msg/detail/planner_output__type_support.h
-- Up-to-date: /home/vdt_2026/VDT_project/install/vdt_msgs/include/vdt_msgs/vdt_msgs/msg/detail/planner_output__type_support.c
-- Installing: /home/vdt_2026/VDT_project/install/vdt_msgs/include/vdt_msgs/vdt_msgs/msg/detail/alt_estimate__type_support.c
-- Up-to-date: /home/vdt_2026/VDT_project/install/vdt_msgs/include/vdt_msgs/vdt_msgs/msg/detail/vision_marker__functions.h
-- Up-to-date: /home/vdt_2026/VDT_project/install/vdt_msgs/include/vdt_msgs/vdt_msgs/msg/detail/vision_marker__type_support.h
-- Up-to-date: /home/vdt_2026/VDT_project/install/vdt_msgs/include/vdt_msgs/vdt_msgs/msg/detail/vision_marker__type_support.c
-- Up-to-date: /home/vdt_2026/VDT_project/install/vdt_msgs/include/vdt_msgs/vdt_msgs/msg/detail/input_snapshot__type_support.c
-- Up-to-date: /home/vdt_2026/VDT_project/install/vdt_msgs/include/vdt_msgs/vdt_msgs/msg/detail/rc_fsm_input__type_support.h
-- Up-to-date: /home/vdt_2026/VDT_project/install/vdt_msgs/include/vdt_msgs/vdt_msgs/msg/detail/alt_estimate__functions.c
-- Up-to-date: /home/vdt_2026/VDT_project/install/vdt_msgs/include/vdt_msgs/vdt_msgs/msg/detail/timeout_flags__struct.h
-- Up-to-date: /home/vdt_2026/VDT_project/install/vdt_msgs/include/vdt_msgs/vdt_msgs/msg/detail/offboard_status__functions.c
-- Up-to-date: /home/vdt_2026/VDT_project/install/vdt_msgs/include/vdt_msgs/vdt_msgs/msg/detail/input_snapshot__description.c
-- Up-to-date: /home/vdt_2026/VDT_project/install/vdt_msgs/include/vdt_msgs/vdt_msgs/msg/offboard_status.h
-- Up-to-date: /home/vdt_2026/VDT_project/install/vdt_msgs/include/vdt_msgs/vdt_msgs/msg/alt_estimate.h
-- Up-to-date: /home/vdt_2026/VDT_project/install/vdt_msgs/include/vdt_msgs/vdt_msgs/msg/timeout_flags.h
-- Up-to-date: /home/vdt_2026/VDT_project/install/vdt_msgs/include/vdt_msgs/vdt_msgs/msg/rc_fsm_input.h
-- Up-to-date: /home/vdt_2026/VDT_project/install/vdt_msgs/share/vdt_msgs/environment/library_path.sh
-- Up-to-date: /home/vdt_2026/VDT_project/install/vdt_msgs/share/vdt_msgs/environment/library_path.dsv
-- Installing: /home/vdt_2026/VDT_project/install/vdt_msgs/lib/libvdt_msgs__rosidl_generator_c.so
-- Set non-toolchain portion of runtime path of "/home/vdt_2026/VDT_project/install/vdt_msgs/lib/libvdt_msgs__rosidl_generator_c.so" to ""
-- Up-to-date: /home/vdt_2026/VDT_project/install/vdt_msgs/include/vdt_msgs/vdt_msgs
-- Up-to-date: /home/vdt_2026/VDT_project/install/vdt_msgs/include/vdt_msgs/vdt_msgs/msg
-- Up-to-date: /home/vdt_2026/VDT_project/install/vdt_msgs/include/vdt_msgs/vdt_msgs/msg/rosidl_typesupport_fastrtps_c__visibility_control.h
-- Up-to-date: /home/vdt_2026/VDT_project/install/vdt_msgs/include/vdt_msgs/vdt_msgs/msg/detail
-- Up-to-date: /home/vdt_2026/VDT_project/install/vdt_msgs/include/vdt_msgs/vdt_msgs/msg/detail/offboard_status__rosidl_typesupport_fastrtps_c.h
-- Up-to-date: /home/vdt_2026/VDT_project/install/vdt_msgs/include/vdt_msgs/vdt_msgs/msg/detail/alt_estimate__rosidl_typesupport_fastrtps_c.h
-- Up-to-date: /home/vdt_2026/VDT_project/install/vdt_msgs/include/vdt_msgs/vdt_msgs/msg/detail/planner_output__rosidl_typesupport_fastrtps_c.h
-- Up-to-date: /home/vdt_2026/VDT_project/install/vdt_msgs/include/vdt_msgs/vdt_msgs/msg/detail/rc_channels_raw__rosidl_typesupport_fastrtps_c.h
-- Up-to-date: /home/vdt_2026/VDT_project/install/vdt_msgs/include/vdt_msgs/vdt_msgs/msg/detail/rc_fsm_input__rosidl_typesupport_fastrtps_c.h
-- Up-to-date: /home/vdt_2026/VDT_project/install/vdt_msgs/include/vdt_msgs/vdt_msgs/msg/detail/input_snapshot__rosidl_typesupport_fastrtps_c.h
-- Up-to-date: /home/vdt_2026/VDT_project/install/vdt_msgs/include/vdt_msgs/vdt_msgs/msg/detail/timeout_flags__rosidl_typesupport_fastrtps_c.h
-- Up-to-date: /home/vdt_2026/VDT_project/install/vdt_msgs/include/vdt_msgs/vdt_msgs/msg/detail/vision_marker__rosidl_typesupport_fastrtps_c.h
-- Installing: /home/vdt_2026/VDT_project/install/vdt_msgs/lib/libvdt_msgs__rosidl_typesupport_fastrtps_c.so
-- Set non-toolchain portion of runtime path of "/home/vdt_2026/VDT_project/install/vdt_msgs/lib/libvdt_msgs__rosidl_typesupport_fastrtps_c.so" to ""
-- Up-to-date: /home/vdt_2026/VDT_project/install/vdt_msgs/include/vdt_msgs/vdt_msgs
-- Up-to-date: /home/vdt_2026/VDT_project/install/vdt_msgs/include/vdt_msgs/vdt_msgs/msg
-- Up-to-date: /home/vdt_2026/VDT_project/install/vdt_msgs/include/vdt_msgs/vdt_msgs/msg/input_snapshot.hpp
-- Up-to-date: /home/vdt_2026/VDT_project/install/vdt_msgs/include/vdt_msgs/vdt_msgs/msg/offboard_status.hpp
-- Up-to-date: /home/vdt_2026/VDT_project/install/vdt_msgs/include/vdt_msgs/vdt_msgs/msg/rc_fsm_input.hpp
-- Up-to-date: /home/vdt_2026/VDT_project/install/vdt_msgs/include/vdt_msgs/vdt_msgs/msg/planner_output.hpp
-- Up-to-date: /home/vdt_2026/VDT_project/install/vdt_msgs/include/vdt_msgs/vdt_msgs/msg/alt_estimate.hpp
-- Up-to-date: /home/vdt_2026/VDT_project/install/vdt_msgs/include/vdt_msgs/vdt_msgs/msg/timeout_flags.hpp
-- Up-to-date: /home/vdt_2026/VDT_project/install/vdt_msgs/include/vdt_msgs/vdt_msgs/msg/rosidl_generator_cpp__visibility_control.hpp
-- Up-to-date: /home/vdt_2026/VDT_project/install/vdt_msgs/include/vdt_msgs/vdt_msgs/msg/detail
-- Up-to-date: /home/vdt_2026/VDT_project/install/vdt_msgs/include/vdt_msgs/vdt_msgs/msg/detail/offboard_status__type_support.hpp
-- Up-to-date: /home/vdt_2026/VDT_project/install/vdt_msgs/include/vdt_msgs/vdt_msgs/msg/detail/rc_fsm_input__type_support.hpp
-- Up-to-date: /home/vdt_2026/VDT_project/install/vdt_msgs/include/vdt_msgs/vdt_msgs/msg/detail/planner_output__traits.hpp
-- Up-to-date: /home/vdt_2026/VDT_project/install/vdt_msgs/include/vdt_msgs/vdt_msgs/msg/detail/rc_channels_raw__traits.hpp
-- Up-to-date: /home/vdt_2026/VDT_project/install/vdt_msgs/include/vdt_msgs/vdt_msgs/msg/detail/planner_output__struct.hpp
-- Up-to-date: /home/vdt_2026/VDT_project/install/vdt_msgs/include/vdt_msgs/vdt_msgs/msg/detail/alt_estimate__builder.hpp
-- Up-to-date: /home/vdt_2026/VDT_project/install/vdt_msgs/include/vdt_msgs/vdt_msgs/msg/detail/alt_estimate__struct.hpp
-- Up-to-date: /home/vdt_2026/VDT_project/install/vdt_msgs/include/vdt_msgs/vdt_msgs/msg/detail/input_snapshot__traits.hpp
-- Up-to-date: /home/vdt_2026/VDT_project/install/vdt_msgs/include/vdt_msgs/vdt_msgs/msg/detail/vision_marker__type_support.hpp
-- Up-to-date: /home/vdt_2026/VDT_project/install/vdt_msgs/include/vdt_msgs/vdt_msgs/msg/detail/planner_output__type_support.hpp
-- Up-to-date: /home/vdt_2026/VDT_project/install/vdt_msgs/include/vdt_msgs/vdt_msgs/msg/detail/timeout_flags__type_support.hpp
-- Up-to-date: /home/vdt_2026/VDT_project/install/vdt_msgs/include/vdt_msgs/vdt_msgs/msg/detail/vision_marker__traits.hpp
-- Up-to-date: /home/vdt_2026/VDT_project/install/vdt_msgs/include/vdt_msgs/vdt_msgs/msg/detail/offboard_status__builder.hpp
-- Up-to-date: /home/vdt_2026/VDT_project/install/vdt_msgs/include/vdt_msgs/vdt_msgs/msg/detail/rc_channels_raw__builder.hpp
-- Up-to-date: /home/vdt_2026/VDT_project/install/vdt_msgs/include/vdt_msgs/vdt_msgs/msg/detail/vision_marker__struct.hpp
-- Up-to-date: /home/vdt_2026/VDT_project/install/vdt_msgs/include/vdt_msgs/vdt_msgs/msg/detail/input_snapshot__struct.hpp
-- Up-to-date: /home/vdt_2026/VDT_project/install/vdt_msgs/include/vdt_msgs/vdt_msgs/msg/detail/offboard_status__traits.hpp
-- Up-to-date: /home/vdt_2026/VDT_project/install/vdt_msgs/include/vdt_msgs/vdt_msgs/msg/detail/alt_estimate__type_support.hpp
-- Up-to-date: /home/vdt_2026/VDT_project/install/vdt_msgs/include/vdt_msgs/vdt_msgs/msg/detail/input_snapshot__builder.hpp
-- Up-to-date: /home/vdt_2026/VDT_project/install/vdt_msgs/include/vdt_msgs/vdt_msgs/msg/detail/alt_estimate__traits.hpp
-- Up-to-date: /home/vdt_2026/VDT_project/install/vdt_msgs/include/vdt_msgs/vdt_msgs/msg/detail/rc_fsm_input__traits.hpp
-- Up-to-date: /home/vdt_2026/VDT_project/install/vdt_msgs/include/vdt_msgs/vdt_msgs/msg/detail/rc_fsm_input__struct.hpp
-- Up-to-date: /home/vdt_2026/VDT_project/install/vdt_msgs/include/vdt_msgs/vdt_msgs/msg/detail/timeout_flags__struct.hpp
-- Up-to-date: /home/vdt_2026/VDT_project/install/vdt_msgs/include/vdt_msgs/vdt_msgs/msg/detail/planner_output__builder.hpp
-- Up-to-date: /home/vdt_2026/VDT_project/install/vdt_msgs/include/vdt_msgs/vdt_msgs/msg/detail/timeout_flags__traits.hpp
-- Up-to-date: /home/vdt_2026/VDT_project/install/vdt_msgs/include/vdt_msgs/vdt_msgs/msg/detail/timeout_flags__builder.hpp
-- Up-to-date: /home/vdt_2026/VDT_project/install/vdt_msgs/include/vdt_msgs/vdt_msgs/msg/detail/offboard_status__struct.hpp
-- Up-to-date: /home/vdt_2026/VDT_project/install/vdt_msgs/include/vdt_msgs/vdt_msgs/msg/detail/rc_fsm_input__builder.hpp
-- Up-to-date: /home/vdt_2026/VDT_project/install/vdt_msgs/include/vdt_msgs/vdt_msgs/msg/detail/rc_channels_raw__type_support.hpp
-- Up-to-date: /home/vdt_2026/VDT_project/install/vdt_msgs/include/vdt_msgs/vdt_msgs/msg/detail/input_snapshot__type_support.hpp
-- Up-to-date: /home/vdt_2026/VDT_project/install/vdt_msgs/include/vdt_msgs/vdt_msgs/msg/detail/rc_channels_raw__struct.hpp
-- Up-to-date: /home/vdt_2026/VDT_project/install/vdt_msgs/include/vdt_msgs/vdt_msgs/msg/detail/vision_marker__builder.hpp
-- Up-to-date: /home/vdt_2026/VDT_project/install/vdt_msgs/include/vdt_msgs/vdt_msgs/msg/vision_marker.hpp
-- Up-to-date: /home/vdt_2026/VDT_project/install/vdt_msgs/include/vdt_msgs/vdt_msgs/msg/rc_channels_raw.hpp
-- Up-to-date: /home/vdt_2026/VDT_project/install/vdt_msgs/include/vdt_msgs/vdt_msgs
-- Up-to-date: /home/vdt_2026/VDT_project/install/vdt_msgs/include/vdt_msgs/vdt_msgs/msg
-- Up-to-date: /home/vdt_2026/VDT_project/install/vdt_msgs/include/vdt_msgs/vdt_msgs/msg/detail
-- Up-to-date: /home/vdt_2026/VDT_project/install/vdt_msgs/include/vdt_msgs/vdt_msgs/msg/detail/offboard_status__rosidl_typesupport_fastrtps_cpp.hpp
-- Up-to-date: /home/vdt_2026/VDT_project/install/vdt_msgs/include/vdt_msgs/vdt_msgs/msg/detail/vision_marker__rosidl_typesupport_fastrtps_cpp.hpp
-- Up-to-date: /home/vdt_2026/VDT_project/install/vdt_msgs/include/vdt_msgs/vdt_msgs/msg/detail/planner_output__rosidl_typesupport_fastrtps_cpp.hpp
-- Up-to-date: /home/vdt_2026/VDT_project/install/vdt_msgs/include/vdt_msgs/vdt_msgs/msg/detail/alt_estimate__rosidl_typesupport_fastrtps_cpp.hpp
-- Up-to-date: /home/vdt_2026/VDT_project/install/vdt_msgs/include/vdt_msgs/vdt_msgs/msg/detail/rc_channels_raw__rosidl_typesupport_fastrtps_cpp.hpp
-- Up-to-date: /home/vdt_2026/VDT_project/install/vdt_msgs/include/vdt_msgs/vdt_msgs/msg/detail/dds_fastrtps
-- Up-to-date: /home/vdt_2026/VDT_project/install/vdt_msgs/include/vdt_msgs/vdt_msgs/msg/detail/rc_fsm_input__rosidl_typesupport_fastrtps_cpp.hpp
-- Up-to-date: /home/vdt_2026/VDT_project/install/vdt_msgs/include/vdt_msgs/vdt_msgs/msg/detail/input_snapshot__rosidl_typesupport_fastrtps_cpp.hpp
-- Up-to-date: /home/vdt_2026/VDT_project/install/vdt_msgs/include/vdt_msgs/vdt_msgs/msg/detail/timeout_flags__rosidl_typesupport_fastrtps_cpp.hpp
-- Up-to-date: /home/vdt_2026/VDT_project/install/vdt_msgs/include/vdt_msgs/vdt_msgs/msg/rosidl_typesupport_fastrtps_cpp__visibility_control.h
-- Installing: /home/vdt_2026/VDT_project/install/vdt_msgs/lib/libvdt_msgs__rosidl_typesupport_fastrtps_cpp.so
-- Set non-toolchain portion of runtime path of "/home/vdt_2026/VDT_project/install/vdt_msgs/lib/libvdt_msgs__rosidl_typesupport_fastrtps_cpp.so" to ""
-- Up-to-date: /home/vdt_2026/VDT_project/install/vdt_msgs/include/vdt_msgs/vdt_msgs
-- Up-to-date: /home/vdt_2026/VDT_project/install/vdt_msgs/include/vdt_msgs/vdt_msgs/msg
-- Up-to-date: /home/vdt_2026/VDT_project/install/vdt_msgs/include/vdt_msgs/vdt_msgs/msg/detail
-- Up-to-date: /home/vdt_2026/VDT_project/install/vdt_msgs/include/vdt_msgs/vdt_msgs/msg/detail/timeout_flags__type_support.c
-- Up-to-date: /home/vdt_2026/VDT_project/install/vdt_msgs/include/vdt_msgs/vdt_msgs/msg/detail/rc_fsm_input__type_support.c
-- Up-to-date: /home/vdt_2026/VDT_project/install/vdt_msgs/include/vdt_msgs/vdt_msgs/msg/detail/timeout_flags__rosidl_typesupport_introspection_c.h
-- Up-to-date: /home/vdt_2026/VDT_project/install/vdt_msgs/include/vdt_msgs/vdt_msgs/msg/detail/offboard_status__type_support.c
-- Up-to-date: /home/vdt_2026/VDT_project/install/vdt_msgs/include/vdt_msgs/vdt_msgs/msg/detail/rc_channels_raw__type_support.c
-- Up-to-date: /home/vdt_2026/VDT_project/install/vdt_msgs/include/vdt_msgs/vdt_msgs/msg/detail/rc_fsm_input__rosidl_typesupport_introspection_c.h
-- Up-to-date: /home/vdt_2026/VDT_project/install/vdt_msgs/include/vdt_msgs/vdt_msgs/msg/detail/input_snapshot__rosidl_typesupport_introspection_c.h
-- Up-to-date: /home/vdt_2026/VDT_project/install/vdt_msgs/include/vdt_msgs/vdt_msgs/msg/detail/offboard_status__rosidl_typesupport_introspection_c.h
-- Up-to-date: /home/vdt_2026/VDT_project/install/vdt_msgs/include/vdt_msgs/vdt_msgs/msg/detail/vision_marker__rosidl_typesupport_introspection_c.h
-- Up-to-date: /home/vdt_2026/VDT_project/install/vdt_msgs/include/vdt_msgs/vdt_msgs/msg/detail/planner_output__rosidl_typesupport_introspection_c.h
-- Up-to-date: /home/vdt_2026/VDT_project/install/vdt_msgs/include/vdt_msgs/vdt_msgs/msg/detail/planner_output__type_support.c
-- Installing: /home/vdt_2026/VDT_project/install/vdt_msgs/include/vdt_msgs/vdt_msgs/msg/detail/alt_estimate__type_support.c
-- Up-to-date: /home/vdt_2026/VDT_project/install/vdt_msgs/include/vdt_msgs/vdt_msgs/msg/detail/rc_channels_raw__rosidl_typesupport_introspection_c.h
-- Up-to-date: /home/vdt_2026/VDT_project/install/vdt_msgs/include/vdt_msgs/vdt_msgs/msg/detail/vision_marker__type_support.c
-- Up-to-date: /home/vdt_2026/VDT_project/install/vdt_msgs/include/vdt_msgs/vdt_msgs/msg/detail/input_snapshot__type_support.c
-- Up-to-date: /home/vdt_2026/VDT_project/install/vdt_msgs/include/vdt_msgs/vdt_msgs/msg/detail/alt_estimate__rosidl_typesupport_introspection_c.h
-- Up-to-date: /home/vdt_2026/VDT_project/install/vdt_msgs/include/vdt_msgs/vdt_msgs/msg/rosidl_typesupport_introspection_c__visibility_control.h
-- Installing: /home/vdt_2026/VDT_project/install/vdt_msgs/lib/libvdt_msgs__rosidl_typesupport_introspection_c.so
-- Set non-toolchain portion of runtime path of "/home/vdt_2026/VDT_project/install/vdt_msgs/lib/libvdt_msgs__rosidl_typesupport_introspection_c.so" to ""
-- Installing: /home/vdt_2026/VDT_project/install/vdt_msgs/lib/libvdt_msgs__rosidl_typesupport_c.so
-- Set non-toolchain portion of runtime path of "/home/vdt_2026/VDT_project/install/vdt_msgs/lib/libvdt_msgs__rosidl_typesupport_c.so" to ""
-- Up-to-date: /home/vdt_2026/VDT_project/install/vdt_msgs/include/vdt_msgs/vdt_msgs
-- Up-to-date: /home/vdt_2026/VDT_project/install/vdt_msgs/include/vdt_msgs/vdt_msgs/msg
-- Up-to-date: /home/vdt_2026/VDT_project/install/vdt_msgs/include/vdt_msgs/vdt_msgs/msg/detail
-- Up-to-date: /home/vdt_2026/VDT_project/install/vdt_msgs/include/vdt_msgs/vdt_msgs/msg/detail/offboard_status__type_support.cpp
-- Up-to-date: /home/vdt_2026/VDT_project/install/vdt_msgs/include/vdt_msgs/vdt_msgs/msg/detail/rc_fsm_input__rosidl_typesupport_introspection_cpp.hpp
-- Up-to-date: /home/vdt_2026/VDT_project/install/vdt_msgs/include/vdt_msgs/vdt_msgs/msg/detail/rc_channels_raw__type_support.cpp
-- Up-to-date: /home/vdt_2026/VDT_project/install/vdt_msgs/include/vdt_msgs/vdt_msgs/msg/detail/rc_channels_raw__rosidl_typesupport_introspection_cpp.hpp
-- Up-to-date: /home/vdt_2026/VDT_project/install/vdt_msgs/include/vdt_msgs/vdt_msgs/msg/detail/input_snapshot__rosidl_typesupport_introspection_cpp.hpp
-- Up-to-date: /home/vdt_2026/VDT_project/install/vdt_msgs/include/vdt_msgs/vdt_msgs/msg/detail/vision_marker__type_support.cpp
-- Up-to-date: /home/vdt_2026/VDT_project/install/vdt_msgs/include/vdt_msgs/vdt_msgs/msg/detail/timeout_flags__type_support.cpp
-- Up-to-date: /home/vdt_2026/VDT_project/install/vdt_msgs/include/vdt_msgs/vdt_msgs/msg/detail/offboard_status__rosidl_typesupport_introspection_cpp.hpp
-- Up-to-date: /home/vdt_2026/VDT_project/install/vdt_msgs/include/vdt_msgs/vdt_msgs/msg/detail/alt_estimate__rosidl_typesupport_introspection_cpp.hpp
-- Up-to-date: /home/vdt_2026/VDT_project/install/vdt_msgs/include/vdt_msgs/vdt_msgs/msg/detail/vision_marker__rosidl_typesupport_introspection_cpp.hpp
-- Up-to-date: /home/vdt_2026/VDT_project/install/vdt_msgs/include/vdt_msgs/vdt_msgs/msg/detail/timeout_flags__rosidl_typesupport_introspection_cpp.hpp
-- Up-to-date: /home/vdt_2026/VDT_project/install/vdt_msgs/include/vdt_msgs/vdt_msgs/msg/detail/alt_estimate__type_support.cpp
-- Up-to-date: /home/vdt_2026/VDT_project/install/vdt_msgs/include/vdt_msgs/vdt_msgs/msg/detail/input_snapshot__type_support.cpp
-- Up-to-date: /home/vdt_2026/VDT_project/install/vdt_msgs/include/vdt_msgs/vdt_msgs/msg/detail/planner_output__rosidl_typesupport_introspection_cpp.hpp
-- Up-to-date: /home/vdt_2026/VDT_project/install/vdt_msgs/include/vdt_msgs/vdt_msgs/msg/detail/planner_output__type_support.cpp
-- Up-to-date: /home/vdt_2026/VDT_project/install/vdt_msgs/include/vdt_msgs/vdt_msgs/msg/detail/rc_fsm_input__type_support.cpp
-- Installing: /home/vdt_2026/VDT_project/install/vdt_msgs/lib/libvdt_msgs__rosidl_typesupport_introspection_cpp.so
-- Set non-toolchain portion of runtime path of "/home/vdt_2026/VDT_project/install/vdt_msgs/lib/libvdt_msgs__rosidl_typesupport_introspection_cpp.so" to ""
-- Installing: /home/vdt_2026/VDT_project/install/vdt_msgs/lib/libvdt_msgs__rosidl_typesupport_cpp.so
-- Set non-toolchain portion of runtime path of "/home/vdt_2026/VDT_project/install/vdt_msgs/lib/libvdt_msgs__rosidl_typesupport_cpp.so" to ""
-- Up-to-date: /home/vdt_2026/VDT_project/install/vdt_msgs/share/vdt_msgs/environment/pythonpath.sh
-- Up-to-date: /home/vdt_2026/VDT_project/install/vdt_msgs/share/vdt_msgs/environment/pythonpath.dsv
-- Up-to-date: /home/vdt_2026/VDT_project/install/vdt_msgs/lib/python3.12/site-packages/vdt_msgs-0.1.0-py3.12.egg-info
-- Installing: /home/vdt_2026/VDT_project/install/vdt_msgs/lib/python3.12/site-packages/vdt_msgs-0.1.0-py3.12.egg-info/dependency_links.txt
-- Installing: /home/vdt_2026/VDT_project/install/vdt_msgs/lib/python3.12/site-packages/vdt_msgs-0.1.0-py3.12.egg-info/SOURCES.txt
-- Installing: /home/vdt_2026/VDT_project/install/vdt_msgs/lib/python3.12/site-packages/vdt_msgs-0.1.0-py3.12.egg-info/PKG-INFO
-- Installing: /home/vdt_2026/VDT_project/install/vdt_msgs/lib/python3.12/site-packages/vdt_msgs-0.1.0-py3.12.egg-info/top_level.txt
-- Up-to-date: /home/vdt_2026/VDT_project/install/vdt_msgs/lib/python3.12/site-packages/vdt_msgs
-- Up-to-date: /home/vdt_2026/VDT_project/install/vdt_msgs/lib/python3.12/site-packages/vdt_msgs/_vdt_msgs_s.ep.rosidl_typesupport_introspection_c.c
-- Installing: /home/vdt_2026/VDT_project/install/vdt_msgs/lib/python3.12/site-packages/vdt_msgs/vdt_msgs_s__rosidl_typesupport_fastrtps_c.so
-- Installing: /home/vdt_2026/VDT_project/install/vdt_msgs/lib/python3.12/site-packages/vdt_msgs/__init__.py
-- Up-to-date: /home/vdt_2026/VDT_project/install/vdt_msgs/lib/python3.12/site-packages/vdt_msgs/_vdt_msgs_s.ep.rosidl_typesupport_c.c
-- Up-to-date: /home/vdt_2026/VDT_project/install/vdt_msgs/lib/python3.12/site-packages/vdt_msgs/_vdt_msgs_s.ep.rosidl_typesupport_fastrtps_c.c
-- Installing: /home/vdt_2026/VDT_project/install/vdt_msgs/lib/python3.12/site-packages/vdt_msgs/vdt_msgs_s__rosidl_typesupport_introspection_c.so
-- Up-to-date: /home/vdt_2026/VDT_project/install/vdt_msgs/lib/python3.12/site-packages/vdt_msgs/msg
-- Up-to-date: /home/vdt_2026/VDT_project/install/vdt_msgs/lib/python3.12/site-packages/vdt_msgs/msg/_input_snapshot_s.c
-- Up-to-date: /home/vdt_2026/VDT_project/install/vdt_msgs/lib/python3.12/site-packages/vdt_msgs/msg/_planner_output.py
-- Up-to-date: /home/vdt_2026/VDT_project/install/vdt_msgs/lib/python3.12/site-packages/vdt_msgs/msg/_alt_estimate.py
-- Up-to-date: /home/vdt_2026/VDT_project/install/vdt_msgs/lib/python3.12/site-packages/vdt_msgs/msg/_rc_channels_raw_s.c
-- Up-to-date: /home/vdt_2026/VDT_project/install/vdt_msgs/lib/python3.12/site-packages/vdt_msgs/msg/_input_snapshot.py
-- Up-to-date: /home/vdt_2026/VDT_project/install/vdt_msgs/lib/python3.12/site-packages/vdt_msgs/msg/__init__.py
-- Up-to-date: /home/vdt_2026/VDT_project/install/vdt_msgs/lib/python3.12/site-packages/vdt_msgs/msg/_offboard_status.py
-- Up-to-date: /home/vdt_2026/VDT_project/install/vdt_msgs/lib/python3.12/site-packages/vdt_msgs/msg/_rc_channels_raw.py
-- Up-to-date: /home/vdt_2026/VDT_project/install/vdt_msgs/lib/python3.12/site-packages/vdt_msgs/msg/_planner_output_s.c
-- Up-to-date: /home/vdt_2026/VDT_project/install/vdt_msgs/lib/python3.12/site-packages/vdt_msgs/msg/_timeout_flags.py
-- Up-to-date: /home/vdt_2026/VDT_project/install/vdt_msgs/lib/python3.12/site-packages/vdt_msgs/msg/_vision_marker_s.c
-- Up-to-date: /home/vdt_2026/VDT_project/install/vdt_msgs/lib/python3.12/site-packages/vdt_msgs/msg/_alt_estimate_s.c
-- Up-to-date: /home/vdt_2026/VDT_project/install/vdt_msgs/lib/python3.12/site-packages/vdt_msgs/msg/_vision_marker.py
-- Up-to-date: /home/vdt_2026/VDT_project/install/vdt_msgs/lib/python3.12/site-packages/vdt_msgs/msg/_rc_fsm_input.py
-- Up-to-date: /home/vdt_2026/VDT_project/install/vdt_msgs/lib/python3.12/site-packages/vdt_msgs/msg/_rc_fsm_input_s.c
-- Up-to-date: /home/vdt_2026/VDT_project/install/vdt_msgs/lib/python3.12/site-packages/vdt_msgs/msg/_offboard_status_s.c
-- Up-to-date: /home/vdt_2026/VDT_project/install/vdt_msgs/lib/python3.12/site-packages/vdt_msgs/msg/_timeout_flags_s.c
-- Installing: /home/vdt_2026/VDT_project/install/vdt_msgs/lib/python3.12/site-packages/vdt_msgs/vdt_msgs_s__rosidl_typesupport_c.so
Listing '/home/vdt_2026/VDT_project/install/vdt_msgs/lib/python3.12/site-packages/vdt_msgs'...
Compiling '/home/vdt_2026/VDT_project/install/vdt_msgs/lib/python3.12/site-packages/vdt_msgs/__init__.py'...
Listing '/home/vdt_2026/VDT_project/install/vdt_msgs/lib/python3.12/site-packages/vdt_msgs/msg'...
-- Installing: /home/vdt_2026/VDT_project/install/vdt_msgs/lib/python3.12/site-packages/vdt_msgs/vdt_msgs_s__rosidl_typesupport_fastrtps_c.so
-- Set non-toolchain portion of runtime path of "/home/vdt_2026/VDT_project/install/vdt_msgs/lib/python3.12/site-packages/vdt_msgs/vdt_msgs_s__rosidl_typesupport_fastrtps_c.so" to ""
-- Installing: /home/vdt_2026/VDT_project/install/vdt_msgs/lib/python3.12/site-packages/vdt_msgs/vdt_msgs_s__rosidl_typesupport_introspection_c.so
-- Set non-toolchain portion of runtime path of "/home/vdt_2026/VDT_project/install/vdt_msgs/lib/python3.12/site-packages/vdt_msgs/vdt_msgs_s__rosidl_typesupport_introspection_c.so" to ""
-- Installing: /home/vdt_2026/VDT_project/install/vdt_msgs/lib/python3.12/site-packages/vdt_msgs/vdt_msgs_s__rosidl_typesupport_c.so
-- Set non-toolchain portion of runtime path of "/home/vdt_2026/VDT_project/install/vdt_msgs/lib/python3.12/site-packages/vdt_msgs/vdt_msgs_s__rosidl_typesupport_c.so" to ""
-- Installing: /home/vdt_2026/VDT_project/install/vdt_msgs/lib/libvdt_msgs__rosidl_generator_py.so
-- Set non-toolchain portion of runtime path of "/home/vdt_2026/VDT_project/install/vdt_msgs/lib/libvdt_msgs__rosidl_generator_py.so" to ""
-- Up-to-date: /home/vdt_2026/VDT_project/install/vdt_msgs/share/vdt_msgs/rust
-- Up-to-date: /home/vdt_2026/VDT_project/install/vdt_msgs/share/vdt_msgs/rust/Cargo.toml
-- Up-to-date: /home/vdt_2026/VDT_project/install/vdt_msgs/share/vdt_msgs/rust/src
-- Up-to-date: /home/vdt_2026/VDT_project/install/vdt_msgs/share/vdt_msgs/rust/src/msg
-- Up-to-date: /home/vdt_2026/VDT_project/install/vdt_msgs/share/vdt_msgs/rust/src/msg/rmw.rs
-- Up-to-date: /home/vdt_2026/VDT_project/install/vdt_msgs/share/vdt_msgs/rust/src/lib.rs
-- Up-to-date: /home/vdt_2026/VDT_project/install/vdt_msgs/share/vdt_msgs/rust/src/msg.rs
-- Up-to-date: /home/vdt_2026/VDT_project/install/vdt_msgs/share/vdt_msgs/rust/build.rs
-- Up-to-date: /home/vdt_2026/VDT_project/install/vdt_msgs/share/vdt_msgs/msg/AltEstimate.idl
-- Up-to-date: /home/vdt_2026/VDT_project/install/vdt_msgs/share/vdt_msgs/msg/VisionMarker.idl
-- Up-to-date: /home/vdt_2026/VDT_project/install/vdt_msgs/share/vdt_msgs/msg/InputSnapshot.idl
-- Up-to-date: /home/vdt_2026/VDT_project/install/vdt_msgs/share/vdt_msgs/msg/TimeoutFlags.idl
-- Up-to-date: /home/vdt_2026/VDT_project/install/vdt_msgs/share/vdt_msgs/msg/PlannerOutput.idl
-- Up-to-date: /home/vdt_2026/VDT_project/install/vdt_msgs/share/vdt_msgs/msg/OffboardStatus.idl
-- Up-to-date: /home/vdt_2026/VDT_project/install/vdt_msgs/share/vdt_msgs/msg/RcFsmInput.idl
-- Up-to-date: /home/vdt_2026/VDT_project/install/vdt_msgs/share/vdt_msgs/msg/RcChannelsRaw.idl
-- Up-to-date: /home/vdt_2026/VDT_project/install/vdt_msgs/share/vdt_msgs/msg/AltEstimate.msg
-- Up-to-date: /home/vdt_2026/VDT_project/install/vdt_msgs/share/vdt_msgs/msg/VisionMarker.msg
-- Up-to-date: /home/vdt_2026/VDT_project/install/vdt_msgs/share/vdt_msgs/msg/InputSnapshot.msg
-- Up-to-date: /home/vdt_2026/VDT_project/install/vdt_msgs/share/vdt_msgs/msg/TimeoutFlags.msg
-- Up-to-date: /home/vdt_2026/VDT_project/install/vdt_msgs/share/vdt_msgs/msg/PlannerOutput.msg
-- Up-to-date: /home/vdt_2026/VDT_project/install/vdt_msgs/share/vdt_msgs/msg/OffboardStatus.msg
-- Up-to-date: /home/vdt_2026/VDT_project/install/vdt_msgs/share/vdt_msgs/msg/RcFsmInput.msg
-- Up-to-date: /home/vdt_2026/VDT_project/install/vdt_msgs/share/vdt_msgs/msg/RcChannelsRaw.msg
-- Up-to-date: /home/vdt_2026/VDT_project/install/vdt_msgs/share/ament_index/resource_index/package_run_dependencies/vdt_msgs
-- Up-to-date: /home/vdt_2026/VDT_project/install/vdt_msgs/share/ament_index/resource_index/parent_prefix_path/vdt_msgs
-- Up-to-date: /home/vdt_2026/VDT_project/install/vdt_msgs/share/vdt_msgs/environment/ament_prefix_path.sh
-- Up-to-date: /home/vdt_2026/VDT_project/install/vdt_msgs/share/vdt_msgs/environment/ament_prefix_path.dsv
-- Up-to-date: /home/vdt_2026/VDT_project/install/vdt_msgs/share/vdt_msgs/environment/path.sh
-- Up-to-date: /home/vdt_2026/VDT_project/install/vdt_msgs/share/vdt_msgs/environment/path.dsv
-- Up-to-date: /home/vdt_2026/VDT_project/install/vdt_msgs/share/vdt_msgs/local_setup.bash
-- Up-to-date: /home/vdt_2026/VDT_project/install/vdt_msgs/share/vdt_msgs/local_setup.sh
-- Up-to-date: /home/vdt_2026/VDT_project/install/vdt_msgs/share/vdt_msgs/local_setup.zsh
-- Up-to-date: /home/vdt_2026/VDT_project/install/vdt_msgs/share/vdt_msgs/local_setup.dsv
-- Installing: /home/vdt_2026/VDT_project/install/vdt_msgs/share/vdt_msgs/package.dsv
-- Up-to-date: /home/vdt_2026/VDT_project/install/vdt_msgs/share/ament_index/resource_index/packages/vdt_msgs
-- Up-to-date: /home/vdt_2026/VDT_project/install/vdt_msgs/share/vdt_msgs/cmake/export_vdt_msgs__rosidl_generator_cExport.cmake
-- Up-to-date: /home/vdt_2026/VDT_project/install/vdt_msgs/share/vdt_msgs/cmake/export_vdt_msgs__rosidl_generator_cExport-noconfig.cmake
-- Up-to-date: /home/vdt_2026/VDT_project/install/vdt_msgs/share/vdt_msgs/cmake/export_vdt_msgs__rosidl_typesupport_fastrtps_cExport.cmake
-- Up-to-date: /home/vdt_2026/VDT_project/install/vdt_msgs/share/vdt_msgs/cmake/export_vdt_msgs__rosidl_typesupport_fastrtps_cExport-noconfig.cmake
-- Up-to-date: /home/vdt_2026/VDT_project/install/vdt_msgs/share/vdt_msgs/cmake/export_vdt_msgs__rosidl_generator_cppExport.cmake
-- Up-to-date: /home/vdt_2026/VDT_project/install/vdt_msgs/share/vdt_msgs/cmake/export_vdt_msgs__rosidl_typesupport_fastrtps_cppExport.cmake
-- Up-to-date: /home/vdt_2026/VDT_project/install/vdt_msgs/share/vdt_msgs/cmake/export_vdt_msgs__rosidl_typesupport_fastrtps_cppExport-noconfig.cmake
-- Up-to-date: /home/vdt_2026/VDT_project/install/vdt_msgs/share/vdt_msgs/cmake/vdt_msgs__rosidl_typesupport_introspection_cExport.cmake
-- Up-to-date: /home/vdt_2026/VDT_project/install/vdt_msgs/share/vdt_msgs/cmake/vdt_msgs__rosidl_typesupport_introspection_cExport-noconfig.cmake
-- Up-to-date: /home/vdt_2026/VDT_project/install/vdt_msgs/share/vdt_msgs/cmake/vdt_msgs__rosidl_typesupport_cExport.cmake
-- Up-to-date: /home/vdt_2026/VDT_project/install/vdt_msgs/share/vdt_msgs/cmake/vdt_msgs__rosidl_typesupport_cExport-noconfig.cmake
-- Up-to-date: /home/vdt_2026/VDT_project/install/vdt_msgs/share/vdt_msgs/cmake/vdt_msgs__rosidl_typesupport_introspection_cppExport.cmake
-- Up-to-date: /home/vdt_2026/VDT_project/install/vdt_msgs/share/vdt_msgs/cmake/vdt_msgs__rosidl_typesupport_introspection_cppExport-noconfig.cmake
-- Up-to-date: /home/vdt_2026/VDT_project/install/vdt_msgs/share/vdt_msgs/cmake/vdt_msgs__rosidl_typesupport_cppExport.cmake
-- Up-to-date: /home/vdt_2026/VDT_project/install/vdt_msgs/share/vdt_msgs/cmake/vdt_msgs__rosidl_typesupport_cppExport-noconfig.cmake
-- Up-to-date: /home/vdt_2026/VDT_project/install/vdt_msgs/share/vdt_msgs/cmake/export_vdt_msgs__rosidl_generator_pyExport.cmake
-- Up-to-date: /home/vdt_2026/VDT_project/install/vdt_msgs/share/vdt_msgs/cmake/export_vdt_msgs__rosidl_generator_pyExport-noconfig.cmake
-- Up-to-date: /home/vdt_2026/VDT_project/install/vdt_msgs/share/vdt_msgs/cmake/rosidl_cmake-extras.cmake
-- Up-to-date: /home/vdt_2026/VDT_project/install/vdt_msgs/share/vdt_msgs/cmake/ament_cmake_export_dependencies-extras.cmake
-- Up-to-date: /home/vdt_2026/VDT_project/install/vdt_msgs/share/vdt_msgs/cmake/ament_cmake_export_include_directories-extras.cmake
-- Up-to-date: /home/vdt_2026/VDT_project/install/vdt_msgs/share/vdt_msgs/cmake/ament_cmake_export_libraries-extras.cmake
-- Up-to-date: /home/vdt_2026/VDT_project/install/vdt_msgs/share/vdt_msgs/cmake/ament_cmake_export_targets-extras.cmake
-- Up-to-date: /home/vdt_2026/VDT_project/install/vdt_msgs/share/vdt_msgs/cmake/rosidl_cmake_export_typesupport_targets-extras.cmake
-- Up-to-date: /home/vdt_2026/VDT_project/install/vdt_msgs/share/vdt_msgs/cmake/rosidl_cmake_export_typesupport_libraries-extras.cmake
-- Up-to-date: /home/vdt_2026/VDT_project/install/vdt_msgs/share/vdt_msgs/cmake/rosidl_cmake_aggregate_target-extras.cmake
-- Up-to-date: /home/vdt_2026/VDT_project/install/vdt_msgs/share/vdt_msgs/cmake/vdt_msgsConfig.cmake
-- Up-to-date: /home/vdt_2026/VDT_project/install/vdt_msgs/share/vdt_msgs/cmake/vdt_msgsConfig-version.cmake
-- Up-to-date: /home/vdt_2026/VDT_project/install/vdt_msgs/share/vdt_msgs/package.xml
Finished <<< vdt_msgs [4.72s]
Starting >>> vdt_takeoff
[13.563s] WARNING:colcon.colcon_ros.task.ament_python.build:Package 'vdt_takeoff' doesn't explicitly install a marker in the package index (colcon-ros currently does it implicitly but that fallback will be removed in the future)
[13.564s] WARNING:colcon.colcon_ros.task.ament_python.build:Package 'vdt_takeoff' doesn't explicitly install the 'package.xml' file (colcon-ros currently does it implicitly but that fallback will be removed in the future)
running egg_info
writing ../../../build/vdt_takeoff/takeoff.egg-info/PKG-INFO
writing dependency_links to ../../../build/vdt_takeoff/takeoff.egg-info/dependency_links.txt
writing entry points to ../../../build/vdt_takeoff/takeoff.egg-info/entry_points.txt
writing requirements to ../../../build/vdt_takeoff/takeoff.egg-info/requires.txt
writing top-level names to ../../../build/vdt_takeoff/takeoff.egg-info/top_level.txt
reading manifest file '../../../build/vdt_takeoff/takeoff.egg-info/SOURCES.txt'
writing manifest file '../../../build/vdt_takeoff/takeoff.egg-info/SOURCES.txt'
running build
running build_py
running install
running install_lib
running install_data
running install_egg_info
removing '/home/vdt_2026/VDT_project/install/vdt_takeoff/lib/python3.12/site-packages/takeoff-0.1.0-py3.12.egg-info' (and everything under it)
Copying ../../../build/vdt_takeoff/takeoff.egg-info to /home/vdt_2026/VDT_project/install/vdt_takeoff/lib/python3.12/site-packages/takeoff-0.1.0-py3.12.egg-info
running install_scripts
Installing takeoff script to /home/vdt_2026/VDT_project/install/vdt_takeoff/lib/vdt_takeoff
writing list of installed files to '/home/vdt_2026/VDT_project/build/vdt_takeoff/install.log'
Finished <<< vdt_takeoff [1.75s]
Starting >>> xrce_bridge_manager
running egg_info
writing ../../../build/xrce_bridge_manager/xrce_bridge_manager.egg-info/PKG-INFO
writing dependency_links to ../../../build/xrce_bridge_manager/xrce_bridge_manager.egg-info/dependency_links.txt
writing entry points to ../../../build/xrce_bridge_manager/xrce_bridge_manager.egg-info/entry_points.txt
writing requirements to ../../../build/xrce_bridge_manager/xrce_bridge_manager.egg-info/requires.txt
writing top-level names to ../../../build/xrce_bridge_manager/xrce_bridge_manager.egg-info/top_level.txt
reading manifest file '../../../build/xrce_bridge_manager/xrce_bridge_manager.egg-info/SOURCES.txt'
writing manifest file '../../../build/xrce_bridge_manager/xrce_bridge_manager.egg-info/SOURCES.txt'
running build
running build_py
running install
running install_lib
running install_data
creating /home/vdt_2026/VDT_project/install/xrce_bridge_manager/share/xrce_bridge_manager/launch
copying launch/xrce_bringe_manager.launch.py -> /home/vdt_2026/VDT_project/install/xrce_bridge_manager/share/xrce_bridge_manager/launch
running install_egg_info
removing '/home/vdt_2026/VDT_project/install/xrce_bridge_manager/lib/python3.12/site-packages/xrce_bridge_manager-0.1.0-py3.12.egg-info' (and everything under it)
Copying ../../../build/xrce_bridge_manager/xrce_bridge_manager.egg-info to /home/vdt_2026/VDT_project/install/xrce_bridge_manager/lib/python3.12/site-packages/xrce_bridge_manager-0.1.0-py3.12.egg-info
running install_scripts
Installing xrce_bridge_node script to /home/vdt_2026/VDT_project/install/xrce_bridge_manager/lib/xrce_bridge_manager
writing list of installed files to '/home/vdt_2026/VDT_project/build/xrce_bridge_manager/install.log'
Finished <<< xrce_bridge_manager [1.77s]
Starting >>> fsm_state_machine
-- Found ament_cmake: 2.5.6 (/opt/ros/jazzy/share/ament_cmake/cmake)
-- Found rclcpp: 28.1.22 (/opt/ros/jazzy/share/rclcpp/cmake)
-- Found rosidl_generator_c: 4.6.9 (/opt/ros/jazzy/share/rosidl_generator_c/cmake)
-- Found rosidl_generator_cpp: 4.6.9 (/opt/ros/jazzy/share/rosidl_generator_cpp/cmake)
-- Using all available rosidl_typesupport_c: rosidl_typesupport_fastrtps_c;rosidl_typesupport_introspection_c
-- Using all available rosidl_typesupport_cpp: rosidl_typesupport_fastrtps_cpp;rosidl_typesupport_introspection_cpp
-- Found rmw_implementation_cmake: 7.3.3 (/opt/ros/jazzy/share/rmw_implementation_cmake/cmake)
-- Found rmw_fastrtps_cpp: 8.4.4 (/opt/ros/jazzy/share/rmw_fastrtps_cpp/cmake)
-- Using RMW implementation 'rmw_fastrtps_cpp' as default
-- Found std_msgs: 5.3.8 (/opt/ros/jazzy/share/std_msgs/cmake)
-- Found nav_msgs: 5.3.8 (/opt/ros/jazzy/share/nav_msgs/cmake)
-- Found vdt_msgs: 0.1.0 (/home/vdt_2026/VDT_project/install/vdt_msgs/share/vdt_msgs/cmake)
-- Found ament_cmake_gtest: 2.5.6 (/opt/ros/jazzy/share/ament_cmake_gtest/cmake)
-- Found launch_testing_ament_cmake: 3.4.12 (/opt/ros/jazzy/share/launch_testing_ament_cmake/cmake)
-- Found python_cmake_module: 0.11.1 (/opt/ros/jazzy/share/python_cmake_module/cmake)
-- Found gtest sources under '/opt/ros/jazzy/src/gtest_vendor': C++ tests using 'Google Test' will be built
-- Configuring done (1.4s)
-- Generating done (0.1s)
-- Build files have been written to: /home/vdt_2026/VDT_project/build/fsm_state_machine
Change Dir: '/home/vdt_2026/VDT_project/build/fsm_state_machine'

Run Build Command(s): /usr/bin/cmake -E env VERBOSE=1 /usr/bin/gmake -f Makefile -j4 -l4
/usr/bin/cmake -S/home/vdt_2026/VDT_project/ros2_ws/src/fsm_state_machine -B/home/vdt_2026/VDT_project/build/fsm_state_machine --check-build-system CMakeFiles/Makefile.cmake 0
/usr/bin/cmake -E cmake_progress_start /home/vdt_2026/VDT_project/build/fsm_state_machine/CMakeFiles /home/vdt_2026/VDT_project/build/fsm_state_machine//CMakeFiles/progress.marks
/usr/bin/gmake  -f CMakeFiles/Makefile2 all
gmake[1]: Entering directory '/home/vdt_2026/VDT_project/build/fsm_state_machine'
/usr/bin/gmake  -f CMakeFiles/fsm_logic.dir/build.make CMakeFiles/fsm_logic.dir/depend
/usr/bin/gmake  -f gtest/CMakeFiles/gtest_main.dir/build.make gtest/CMakeFiles/gtest_main.dir/depend
/usr/bin/gmake  -f gtest/CMakeFiles/gtest.dir/build.make gtest/CMakeFiles/gtest.dir/depend
gmake[2]: Entering directory '/home/vdt_2026/VDT_project/build/fsm_state_machine'
cd /home/vdt_2026/VDT_project/build/fsm_state_machine && /usr/bin/cmake -E cmake_depends "Unix Makefiles" /home/vdt_2026/VDT_project/ros2_ws/src/fsm_state_machine /home/vdt_2026/VDT_project/ros2_ws/src/fsm_state_machine /home/vdt_2026/VDT_project/build/fsm_state_machine /home/vdt_2026/VDT_project/build/fsm_state_machine /home/vdt_2026/VDT_project/build/fsm_state_machine/CMakeFiles/fsm_logic.dir/DependInfo.cmake "--color="
gmake[2]: Entering directory '/home/vdt_2026/VDT_project/build/fsm_state_machine'
cd /home/vdt_2026/VDT_project/build/fsm_state_machine && /usr/bin/cmake -E cmake_depends "Unix Makefiles" /home/vdt_2026/VDT_project/ros2_ws/src/fsm_state_machine /opt/ros/jazzy/src/gtest_vendor /home/vdt_2026/VDT_project/build/fsm_state_machine /home/vdt_2026/VDT_project/build/fsm_state_machine/gtest /home/vdt_2026/VDT_project/build/fsm_state_machine/gtest/CMakeFiles/gtest_main.dir/DependInfo.cmake "--color="
gmake[2]: Entering directory '/home/vdt_2026/VDT_project/build/fsm_state_machine'
cd /home/vdt_2026/VDT_project/build/fsm_state_machine && /usr/bin/cmake -E cmake_depends "Unix Makefiles" /home/vdt_2026/VDT_project/ros2_ws/src/fsm_state_machine /opt/ros/jazzy/src/gtest_vendor /home/vdt_2026/VDT_project/build/fsm_state_machine /home/vdt_2026/VDT_project/build/fsm_state_machine/gtest /home/vdt_2026/VDT_project/build/fsm_state_machine/gtest/CMakeFiles/gtest.dir/DependInfo.cmake "--color="
Dependencies file "CMakeFiles/fsm_logic.dir/src/fsm_logic.cpp.o.d" is newer than depends file "/home/vdt_2026/VDT_project/build/fsm_state_machine/CMakeFiles/fsm_logic.dir/compiler_depend.internal".
Dependencies file "gtest/CMakeFiles/gtest_main.dir/src/gtest_main.cc.o.d" is newer than depends file "/home/vdt_2026/VDT_project/build/fsm_state_machine/gtest/CMakeFiles/gtest_main.dir/compiler_depend.internal".
Dependencies file "gtest/CMakeFiles/gtest.dir/src/gtest-all.cc.o.d" is newer than depends file "/home/vdt_2026/VDT_project/build/fsm_state_machine/gtest/CMakeFiles/gtest.dir/compiler_depend.internal".
Consolidate compiler generated dependencies of target fsm_logic
gmake[2]: Leaving directory '/home/vdt_2026/VDT_project/build/fsm_state_machine'
/usr/bin/gmake  -f CMakeFiles/fsm_logic.dir/build.make CMakeFiles/fsm_logic.dir/build
gmake[2]: Entering directory '/home/vdt_2026/VDT_project/build/fsm_state_machine'
Consolidate compiler generated dependencies of target gtest_main
Consolidate compiler generated dependencies of target gtest
gmake[2]: Leaving directory '/home/vdt_2026/VDT_project/build/fsm_state_machine'
gmake[2]: Leaving directory '/home/vdt_2026/VDT_project/build/fsm_state_machine'
/usr/bin/gmake  -f gtest/CMakeFiles/gtest.dir/build.make gtest/CMakeFiles/gtest.dir/build
/usr/bin/gmake  -f gtest/CMakeFiles/gtest_main.dir/build.make gtest/CMakeFiles/gtest_main.dir/build
gmake[2]: Entering directory '/home/vdt_2026/VDT_project/build/fsm_state_machine'
[  5%] Linking CXX static library libfsm_logic.a
gmake[2]: Entering directory '/home/vdt_2026/VDT_project/build/fsm_state_machine'
/usr/bin/cmake -P CMakeFiles/fsm_logic.dir/cmake_clean_target.cmake
[ 11%] Linking CXX static library libgtest_main.a
cd /home/vdt_2026/VDT_project/build/fsm_state_machine/gtest && /usr/bin/cmake -P CMakeFiles/gtest_main.dir/cmake_clean_target.cmake
[ 16%] Linking CXX static library libgtest.a
cd /home/vdt_2026/VDT_project/build/fsm_state_machine/gtest && /usr/bin/cmake -P CMakeFiles/gtest.dir/cmake_clean_target.cmake
/usr/bin/cmake -E cmake_link_script CMakeFiles/fsm_logic.dir/link.txt --verbose=1
/usr/bin/ar qc libfsm_logic.a CMakeFiles/fsm_logic.dir/src/fsm_logic.cpp.o
cd /home/vdt_2026/VDT_project/build/fsm_state_machine/gtest && /usr/bin/cmake -E cmake_link_script CMakeFiles/gtest.dir/link.txt --verbose=1
cd /home/vdt_2026/VDT_project/build/fsm_state_machine/gtest && /usr/bin/cmake -E cmake_link_script CMakeFiles/gtest_main.dir/link.txt --verbose=1
/usr/bin/ranlib libfsm_logic.a
/usr/bin/ar qc libgtest.a "CMakeFiles/gtest.dir/src/gtest-all.cc.o"
/usr/bin/ar qc libgtest_main.a CMakeFiles/gtest_main.dir/src/gtest_main.cc.o
gmake[2]: Leaving directory '/home/vdt_2026/VDT_project/build/fsm_state_machine'
/usr/bin/ranlib libgtest_main.a
gmake[2]: Leaving directory '/home/vdt_2026/VDT_project/build/fsm_state_machine'
[ 22%] Built target fsm_logic
/usr/bin/gmake  -f CMakeFiles/fsm_actions.dir/build.make CMakeFiles/fsm_actions.dir/depend
gmake[2]: Entering directory '/home/vdt_2026/VDT_project/build/fsm_state_machine'
cd /home/vdt_2026/VDT_project/build/fsm_state_machine && /usr/bin/cmake -E cmake_depends "Unix Makefiles" /home/vdt_2026/VDT_project/ros2_ws/src/fsm_state_machine /home/vdt_2026/VDT_project/ros2_ws/src/fsm_state_machine /home/vdt_2026/VDT_project/build/fsm_state_machine /home/vdt_2026/VDT_project/build/fsm_state_machine /home/vdt_2026/VDT_project/build/fsm_state_machine/CMakeFiles/fsm_actions.dir/DependInfo.cmake "--color="
[ 27%] Built target gtest_main
/usr/bin/ranlib libgtest.a
Dependencies file "CMakeFiles/fsm_actions.dir/src/fsm_actions.cpp.o.d" is newer than depends file "/home/vdt_2026/VDT_project/build/fsm_state_machine/CMakeFiles/fsm_actions.dir/compiler_depend.internal".
Consolidate compiler generated dependencies of target fsm_actions
gmake[2]: Leaving directory '/home/vdt_2026/VDT_project/build/fsm_state_machine'
/usr/bin/gmake  -f CMakeFiles/fsm_actions.dir/build.make CMakeFiles/fsm_actions.dir/build
gmake[2]: Leaving directory '/home/vdt_2026/VDT_project/build/fsm_state_machine'
[ 33%] Built target gtest
/usr/bin/gmake  -f CMakeFiles/fsm_logic_test.dir/build.make CMakeFiles/fsm_logic_test.dir/depend
gmake[2]: Entering directory '/home/vdt_2026/VDT_project/build/fsm_state_machine'
cd /home/vdt_2026/VDT_project/build/fsm_state_machine && /usr/bin/cmake -E cmake_depends "Unix Makefiles" /home/vdt_2026/VDT_project/ros2_ws/src/fsm_state_machine /home/vdt_2026/VDT_project/ros2_ws/src/fsm_state_machine /home/vdt_2026/VDT_project/build/fsm_state_machine /home/vdt_2026/VDT_project/build/fsm_state_machine /home/vdt_2026/VDT_project/build/fsm_state_machine/CMakeFiles/fsm_logic_test.dir/DependInfo.cmake "--color="
Dependencies file "CMakeFiles/fsm_logic_test.dir/test/unit/fsm_logic_test.cpp.o.d" is newer than depends file "/home/vdt_2026/VDT_project/build/fsm_state_machine/CMakeFiles/fsm_logic_test.dir/compiler_depend.internal".
Consolidate compiler generated dependencies of target fsm_logic_test
gmake[2]: Leaving directory '/home/vdt_2026/VDT_project/build/fsm_state_machine'
/usr/bin/gmake  -f CMakeFiles/fsm_logic_test.dir/build.make CMakeFiles/fsm_logic_test.dir/build
gmake[2]: Entering directory '/home/vdt_2026/VDT_project/build/fsm_state_machine'
gmake[2]: Entering directory '/home/vdt_2026/VDT_project/build/fsm_state_machine'
[ 38%] Linking CXX executable fsm_logic_test
[ 44%] Linking CXX static library libfsm_actions.a
/usr/bin/cmake -E cmake_link_script CMakeFiles/fsm_logic_test.dir/link.txt --verbose=1
/usr/bin/cmake -P CMakeFiles/fsm_actions.dir/cmake_clean_target.cmake
/usr/bin/c++ -O3 -DNDEBUG CMakeFiles/fsm_logic_test.dir/test/unit/fsm_logic_test.cpp.o -o fsm_logic_test  -Wl,-rpath,/opt/ros/jazzy/lib:/home/vdt_2026/VDT_project/install/vdt_msgs/lib gtest/libgtest_main.a gtest/libgtest.a libfsm_logic.a -pthread /opt/ros/jazzy/lib/librclcpp.so /opt/ros/jazzy/lib/liblibstatistics_collector.so /opt/ros/jazzy/lib/librcl.so /opt/ros/jazzy/lib/librmw_implementation.so /opt/ros/jazzy/lib/libtype_description_interfaces__rosidl_typesupport_fastrtps_c.so /opt/ros/jazzy/lib/libtype_description_interfaces__rosidl_typesupport_introspection_c.so /opt/ros/jazzy/lib/libtype_description_interfaces__rosidl_typesupport_fastrtps_cpp.so /opt/ros/jazzy/lib/libtype_description_interfaces__rosidl_typesupport_introspection_cpp.so /opt/ros/jazzy/lib/libtype_description_interfaces__rosidl_typesupport_cpp.so /opt/ros/jazzy/lib/libtype_description_interfaces__rosidl_generator_py.so /opt/ros/jazzy/lib/libtype_description_interfaces__rosidl_typesupport_c.so /opt/ros/jazzy/lib/libtype_description_interfaces__rosidl_generator_c.so /opt/ros/jazzy/lib/librcl_yaml_param_parser.so /opt/ros/jazzy/lib/librosgraph_msgs__rosidl_typesupport_fastrtps_c.so /opt/ros/jazzy/lib/librosgraph_msgs__rosidl_typesupport_fastrtps_cpp.so /opt/ros/jazzy/lib/librosgraph_msgs__rosidl_typesupport_introspection_c.so /opt/ros/jazzy/lib/librosgraph_msgs__rosidl_typesupport_introspection_cpp.so /opt/ros/jazzy/lib/librosgraph_msgs__rosidl_typesupport_cpp.so /opt/ros/jazzy/lib/librosgraph_msgs__rosidl_generator_py.so /opt/ros/jazzy/lib/librcl_interfaces__rosidl_typesupport_fastrtps_c.so /opt/ros/jazzy/lib/librcl_interfaces__rosidl_typesupport_introspection_c.so /opt/ros/jazzy/lib/librcl_interfaces__rosidl_typesupport_fastrtps_cpp.so /opt/ros/jazzy/lib/librcl_interfaces__rosidl_typesupport_introspection_cpp.so /opt/ros/jazzy/lib/librcl_interfaces__rosidl_typesupport_cpp.so /opt/ros/jazzy/lib/librcl_interfaces__rosidl_generator_py.so /opt/ros/jazzy/lib/librosgraph_msgs__rosidl_typesupport_c.so /opt/ros/jazzy/lib/librcl_interfaces__rosidl_typesupport_c.so /opt/ros/jazzy/lib/librosgraph_msgs__rosidl_generator_c.so /opt/ros/jazzy/lib/librcl_interfaces__rosidl_generator_c.so /opt/ros/jazzy/lib/libstatistics_msgs__rosidl_typesupport_fastrtps_c.so /opt/ros/jazzy/lib/libstatistics_msgs__rosidl_typesupport_fastrtps_cpp.so /opt/ros/jazzy/lib/libstatistics_msgs__rosidl_typesupport_introspection_c.so /opt/ros/jazzy/lib/libstatistics_msgs__rosidl_typesupport_introspection_cpp.so /opt/ros/jazzy/lib/libstatistics_msgs__rosidl_typesupport_cpp.so /opt/ros/jazzy/lib/libstatistics_msgs__rosidl_generator_py.so /opt/ros/jazzy/lib/libstatistics_msgs__rosidl_typesupport_c.so /opt/ros/jazzy/lib/libstatistics_msgs__rosidl_generator_c.so /opt/ros/jazzy/lib/libtracetools.so -llttng-ust -llttng-ust-common -rdynamic -ldl /opt/ros/jazzy/lib/librcl_logging_interface.so /opt/ros/jazzy/lib/libnav_msgs__rosidl_typesupport_fastrtps_c.so /opt/ros/jazzy/lib/libnav_msgs__rosidl_typesupport_fastrtps_cpp.so /opt/ros/jazzy/lib/libnav_msgs__rosidl_typesupport_introspection_c.so /opt/ros/jazzy/lib/libnav_msgs__rosidl_typesupport_introspection_cpp.so /opt/ros/jazzy/lib/libnav_msgs__rosidl_typesupport_cpp.so /opt/ros/jazzy/lib/libnav_msgs__rosidl_generator_py.so /opt/ros/jazzy/lib/libnav_msgs__rosidl_typesupport_c.so /opt/ros/jazzy/lib/libnav_msgs__rosidl_generator_c.so /opt/ros/jazzy/lib/libgeometry_msgs__rosidl_typesupport_fastrtps_c.so /opt/ros/jazzy/lib/libservice_msgs__rosidl_typesupport_fastrtps_c.so /opt/ros/jazzy/lib/libgeometry_msgs__rosidl_typesupport_fastrtps_cpp.so /opt/ros/jazzy/lib/libservice_msgs__rosidl_typesupport_fastrtps_cpp.so /opt/ros/jazzy/lib/libgeometry_msgs__rosidl_typesupport_introspection_c.so /opt/ros/jazzy/lib/libservice_msgs__rosidl_typesupport_introspection_c.so /opt/ros/jazzy/lib/libgeometry_msgs__rosidl_typesupport_introspection_cpp.so /opt/ros/jazzy/lib/libservice_msgs__rosidl_typesupport_introspection_cpp.so /opt/ros/jazzy/lib/libgeometry_msgs__rosidl_typesupport_cpp.so /opt/ros/jazzy/lib/libservice_msgs__rosidl_typesupport_cpp.so /opt/ros/jazzy/lib/libgeometry_msgs__rosidl_typesupport_c.so /opt/ros/jazzy/lib/libgeometry_msgs__rosidl_generator_c.so /opt/ros/jazzy/lib/libservice_msgs__rosidl_typesupport_c.so /opt/ros/jazzy/lib/libservice_msgs__rosidl_generator_c.so /home/vdt_2026/VDT_project/install/vdt_msgs/lib/libvdt_msgs__rosidl_typesupport_fastrtps_c.so /home/vdt_2026/VDT_project/install/vdt_msgs/lib/libvdt_msgs__rosidl_typesupport_fastrtps_cpp.so /home/vdt_2026/VDT_project/install/vdt_msgs/lib/libvdt_msgs__rosidl_typesupport_introspection_c.so /home/vdt_2026/VDT_project/install/vdt_msgs/lib/libvdt_msgs__rosidl_typesupport_introspection_cpp.so /home/vdt_2026/VDT_project/install/vdt_msgs/lib/libvdt_msgs__rosidl_typesupport_cpp.so /home/vdt_2026/VDT_project/install/vdt_msgs/lib/libvdt_msgs__rosidl_generator_py.so /opt/ros/jazzy/lib/libstd_msgs__rosidl_typesupport_fastrtps_c.so /opt/ros/jazzy/lib/libstd_msgs__rosidl_typesupport_fastrtps_cpp.so /opt/ros/jazzy/lib/libstd_msgs__rosidl_typesupport_introspection_c.so /opt/ros/jazzy/lib/libstd_msgs__rosidl_typesupport_introspection_cpp.so /opt/ros/jazzy/lib/libstd_msgs__rosidl_typesupport_cpp.so /opt/ros/jazzy/lib/libstd_msgs__rosidl_generator_py.so /home/vdt_2026/VDT_project/install/vdt_msgs/lib/libvdt_msgs__rosidl_typesupport_c.so /opt/ros/jazzy/lib/libstd_msgs__rosidl_typesupport_c.so /home/vdt_2026/VDT_project/install/vdt_msgs/lib/libvdt_msgs__rosidl_generator_c.so /opt/ros/jazzy/lib/libstd_msgs__rosidl_generator_c.so /opt/ros/jazzy/lib/libbuiltin_interfaces__rosidl_typesupport_fastrtps_c.so /opt/ros/jazzy/lib/librosidl_typesupport_fastrtps_c.so /opt/ros/jazzy/lib/libbuiltin_interfaces__rosidl_typesupport_introspection_c.so /opt/ros/jazzy/lib/libbuiltin_interfaces__rosidl_typesupport_fastrtps_cpp.so /opt/ros/jazzy/lib/librosidl_typesupport_fastrtps_cpp.so /opt/ros/jazzy/lib/librmw.so /opt/ros/jazzy/lib/librosidl_dynamic_typesupport.so /opt/ros/jazzy/lib/libfastcdr.so.2.2.8 /opt/ros/jazzy/lib/libbuiltin_interfaces__rosidl_typesupport_introspection_cpp.so /opt/ros/jazzy/lib/librosidl_typesupport_introspection_cpp.so /opt/ros/jazzy/lib/librosidl_typesupport_introspection_c.so /opt/ros/jazzy/lib/libbuiltin_interfaces__rosidl_typesupport_cpp.so /opt/ros/jazzy/lib/librosidl_typesupport_cpp.so /opt/ros/jazzy/lib/libbuiltin_interfaces__rosidl_generator_py.so /opt/ros/jazzy/lib/libbuiltin_interfaces__rosidl_typesupport_c.so /opt/ros/jazzy/lib/libbuiltin_interfaces__rosidl_generator_c.so /opt/ros/jazzy/lib/librosidl_typesupport_c.so /opt/ros/jazzy/lib/librcpputils.so /opt/ros/jazzy/lib/librosidl_runtime_c.so /opt/ros/jazzy/lib/librcutils.so -ldl -latomic -Wl,-rpath-link,/opt/ros/jazzy/lib 
/usr/bin/cmake -E cmake_link_script CMakeFiles/fsm_actions.dir/link.txt --verbose=1
/usr/bin/ar qc libfsm_actions.a CMakeFiles/fsm_actions.dir/src/fsm_actions.cpp.o
/usr/bin/ranlib libfsm_actions.a
gmake[2]: Leaving directory '/home/vdt_2026/VDT_project/build/fsm_state_machine'
[ 50%] Built target fsm_actions
/usr/bin/gmake  -f CMakeFiles/fsm_node_lib.dir/build.make CMakeFiles/fsm_node_lib.dir/depend
/usr/bin/gmake  -f CMakeFiles/fsm_actions_test.dir/build.make CMakeFiles/fsm_actions_test.dir/depend
gmake[2]: Entering directory '/home/vdt_2026/VDT_project/build/fsm_state_machine'
cd /home/vdt_2026/VDT_project/build/fsm_state_machine && /usr/bin/cmake -E cmake_depends "Unix Makefiles" /home/vdt_2026/VDT_project/ros2_ws/src/fsm_state_machine /home/vdt_2026/VDT_project/ros2_ws/src/fsm_state_machine /home/vdt_2026/VDT_project/build/fsm_state_machine /home/vdt_2026/VDT_project/build/fsm_state_machine /home/vdt_2026/VDT_project/build/fsm_state_machine/CMakeFiles/fsm_node_lib.dir/DependInfo.cmake "--color="
gmake[2]: Entering directory '/home/vdt_2026/VDT_project/build/fsm_state_machine'
cd /home/vdt_2026/VDT_project/build/fsm_state_machine && /usr/bin/cmake -E cmake_depends "Unix Makefiles" /home/vdt_2026/VDT_project/ros2_ws/src/fsm_state_machine /home/vdt_2026/VDT_project/ros2_ws/src/fsm_state_machine /home/vdt_2026/VDT_project/build/fsm_state_machine /home/vdt_2026/VDT_project/build/fsm_state_machine /home/vdt_2026/VDT_project/build/fsm_state_machine/CMakeFiles/fsm_actions_test.dir/DependInfo.cmake "--color="
Dependencies file "CMakeFiles/fsm_node_lib.dir/src/fsm_node.cpp.o.d" is newer than depends file "/home/vdt_2026/VDT_project/build/fsm_state_machine/CMakeFiles/fsm_node_lib.dir/compiler_depend.internal".
Dependencies file "CMakeFiles/fsm_actions_test.dir/test/ros2/fsm_actions_test.cpp.o.d" is newer than depends file "/home/vdt_2026/VDT_project/build/fsm_state_machine/CMakeFiles/fsm_actions_test.dir/compiler_depend.internal".
Consolidate compiler generated dependencies of target fsm_node_lib
Consolidate compiler generated dependencies of target fsm_actions_test
gmake[2]: Leaving directory '/home/vdt_2026/VDT_project/build/fsm_state_machine'
/usr/bin/gmake  -f CMakeFiles/fsm_node_lib.dir/build.make CMakeFiles/fsm_node_lib.dir/build
gmake[2]: Leaving directory '/home/vdt_2026/VDT_project/build/fsm_state_machine'
/usr/bin/gmake  -f CMakeFiles/fsm_actions_test.dir/build.make CMakeFiles/fsm_actions_test.dir/build
gmake[2]: Entering directory '/home/vdt_2026/VDT_project/build/fsm_state_machine'
gmake[2]: Entering directory '/home/vdt_2026/VDT_project/build/fsm_state_machine'
[ 61%] Linking CXX executable fsm_actions_test
[ 61%] Linking CXX static library libfsm_node_lib.a
/usr/bin/cmake -E cmake_link_script CMakeFiles/fsm_actions_test.dir/link.txt --verbose=1
/usr/bin/cmake -P CMakeFiles/fsm_node_lib.dir/cmake_clean_target.cmake
/usr/bin/c++ -O3 -DNDEBUG CMakeFiles/fsm_actions_test.dir/test/ros2/fsm_actions_test.cpp.o -o fsm_actions_test  -Wl,-rpath,/opt/ros/jazzy/lib:/home/vdt_2026/VDT_project/install/vdt_msgs/lib gtest/libgtest.a libfsm_actions.a gtest/libgtest.a -pthread libfsm_logic.a /opt/ros/jazzy/lib/librclcpp.so /opt/ros/jazzy/lib/liblibstatistics_collector.so /opt/ros/jazzy/lib/librcl.so /opt/ros/jazzy/lib/librmw_implementation.so /opt/ros/jazzy/lib/libtype_description_interfaces__rosidl_typesupport_fastrtps_c.so /opt/ros/jazzy/lib/libtype_description_interfaces__rosidl_typesupport_introspection_c.so /opt/ros/jazzy/lib/libtype_description_interfaces__rosidl_typesupport_fastrtps_cpp.so /opt/ros/jazzy/lib/libtype_description_interfaces__rosidl_typesupport_introspection_cpp.so /opt/ros/jazzy/lib/libtype_description_interfaces__rosidl_typesupport_cpp.so /opt/ros/jazzy/lib/libtype_description_interfaces__rosidl_generator_py.so /opt/ros/jazzy/lib/libtype_description_interfaces__rosidl_typesupport_c.so /opt/ros/jazzy/lib/libtype_description_interfaces__rosidl_generator_c.so /opt/ros/jazzy/lib/librcl_yaml_param_parser.so /opt/ros/jazzy/lib/librosgraph_msgs__rosidl_typesupport_fastrtps_c.so /opt/ros/jazzy/lib/librosgraph_msgs__rosidl_typesupport_fastrtps_cpp.so /opt/ros/jazzy/lib/librosgraph_msgs__rosidl_typesupport_introspection_c.so /opt/ros/jazzy/lib/librosgraph_msgs__rosidl_typesupport_introspection_cpp.so /opt/ros/jazzy/lib/librosgraph_msgs__rosidl_typesupport_cpp.so /opt/ros/jazzy/lib/librosgraph_msgs__rosidl_generator_py.so /opt/ros/jazzy/lib/librcl_interfaces__rosidl_typesupport_fastrtps_c.so /opt/ros/jazzy/lib/librcl_interfaces__rosidl_typesupport_introspection_c.so /opt/ros/jazzy/lib/librcl_interfaces__rosidl_typesupport_fastrtps_cpp.so /opt/ros/jazzy/lib/librcl_interfaces__rosidl_typesupport_introspection_cpp.so /opt/ros/jazzy/lib/librcl_interfaces__rosidl_typesupport_cpp.so /opt/ros/jazzy/lib/librcl_interfaces__rosidl_generator_py.so /opt/ros/jazzy/lib/librosgraph_msgs__rosidl_typesupport_c.so /opt/ros/jazzy/lib/librcl_interfaces__rosidl_typesupport_c.so /opt/ros/jazzy/lib/librosgraph_msgs__rosidl_generator_c.so /opt/ros/jazzy/lib/librcl_interfaces__rosidl_generator_c.so /opt/ros/jazzy/lib/libstatistics_msgs__rosidl_typesupport_fastrtps_c.so /opt/ros/jazzy/lib/libstatistics_msgs__rosidl_typesupport_fastrtps_cpp.so /opt/ros/jazzy/lib/libstatistics_msgs__rosidl_typesupport_introspection_c.so /opt/ros/jazzy/lib/libstatistics_msgs__rosidl_typesupport_introspection_cpp.so /opt/ros/jazzy/lib/libstatistics_msgs__rosidl_typesupport_cpp.so /opt/ros/jazzy/lib/libstatistics_msgs__rosidl_generator_py.so /opt/ros/jazzy/lib/libstatistics_msgs__rosidl_typesupport_c.so /opt/ros/jazzy/lib/libstatistics_msgs__rosidl_generator_c.so /opt/ros/jazzy/lib/libtracetools.so -llttng-ust -llttng-ust-common -rdynamic -ldl /opt/ros/jazzy/lib/librcl_logging_interface.so /opt/ros/jazzy/lib/libnav_msgs__rosidl_typesupport_fastrtps_c.so /opt/ros/jazzy/lib/libnav_msgs__rosidl_typesupport_fastrtps_cpp.so /opt/ros/jazzy/lib/libnav_msgs__rosidl_typesupport_introspection_c.so /opt/ros/jazzy/lib/libnav_msgs__rosidl_typesupport_introspection_cpp.so /opt/ros/jazzy/lib/libnav_msgs__rosidl_typesupport_cpp.so /opt/ros/jazzy/lib/libnav_msgs__rosidl_generator_py.so /opt/ros/jazzy/lib/libnav_msgs__rosidl_typesupport_c.so /opt/ros/jazzy/lib/libnav_msgs__rosidl_generator_c.so /opt/ros/jazzy/lib/libgeometry_msgs__rosidl_typesupport_fastrtps_c.so /opt/ros/jazzy/lib/libservice_msgs__rosidl_typesupport_fastrtps_c.so /opt/ros/jazzy/lib/libgeometry_msgs__rosidl_typesupport_fastrtps_cpp.so /opt/ros/jazzy/lib/libservice_msgs__rosidl_typesupport_fastrtps_cpp.so /opt/ros/jazzy/lib/libgeometry_msgs__rosidl_typesupport_introspection_c.so /opt/ros/jazzy/lib/libservice_msgs__rosidl_typesupport_introspection_c.so /opt/ros/jazzy/lib/libgeometry_msgs__rosidl_typesupport_introspection_cpp.so /opt/ros/jazzy/lib/libservice_msgs__rosidl_typesupport_introspection_cpp.so /opt/ros/jazzy/lib/libgeometry_msgs__rosidl_typesupport_cpp.so /opt/ros/jazzy/lib/libservice_msgs__rosidl_typesupport_cpp.so /opt/ros/jazzy/lib/libgeometry_msgs__rosidl_typesupport_c.so /opt/ros/jazzy/lib/libgeometry_msgs__rosidl_generator_c.so /opt/ros/jazzy/lib/libservice_msgs__rosidl_typesupport_c.so /opt/ros/jazzy/lib/libservice_msgs__rosidl_generator_c.so /home/vdt_2026/VDT_project/install/vdt_msgs/lib/libvdt_msgs__rosidl_typesupport_fastrtps_c.so /home/vdt_2026/VDT_project/install/vdt_msgs/lib/libvdt_msgs__rosidl_typesupport_fastrtps_cpp.so /home/vdt_2026/VDT_project/install/vdt_msgs/lib/libvdt_msgs__rosidl_typesupport_introspection_c.so /home/vdt_2026/VDT_project/install/vdt_msgs/lib/libvdt_msgs__rosidl_typesupport_introspection_cpp.so /home/vdt_2026/VDT_project/install/vdt_msgs/lib/libvdt_msgs__rosidl_typesupport_cpp.so /home/vdt_2026/VDT_project/install/vdt_msgs/lib/libvdt_msgs__rosidl_generator_py.so /opt/ros/jazzy/lib/libstd_msgs__rosidl_typesupport_fastrtps_c.so /opt/ros/jazzy/lib/libstd_msgs__rosidl_typesupport_fastrtps_cpp.so /opt/ros/jazzy/lib/libstd_msgs__rosidl_typesupport_introspection_c.so /opt/ros/jazzy/lib/libstd_msgs__rosidl_typesupport_introspection_cpp.so /opt/ros/jazzy/lib/libstd_msgs__rosidl_typesupport_cpp.so /opt/ros/jazzy/lib/libstd_msgs__rosidl_generator_py.so /home/vdt_2026/VDT_project/install/vdt_msgs/lib/libvdt_msgs__rosidl_typesupport_c.so /opt/ros/jazzy/lib/libstd_msgs__rosidl_typesupport_c.so /home/vdt_2026/VDT_project/install/vdt_msgs/lib/libvdt_msgs__rosidl_generator_c.so /opt/ros/jazzy/lib/libstd_msgs__rosidl_generator_c.so /opt/ros/jazzy/lib/libbuiltin_interfaces__rosidl_typesupport_fastrtps_c.so /opt/ros/jazzy/lib/librosidl_typesupport_fastrtps_c.so /opt/ros/jazzy/lib/libbuiltin_interfaces__rosidl_typesupport_introspection_c.so /opt/ros/jazzy/lib/libbuiltin_interfaces__rosidl_typesupport_fastrtps_cpp.so /opt/ros/jazzy/lib/librosidl_typesupport_fastrtps_cpp.so /opt/ros/jazzy/lib/librmw.so /opt/ros/jazzy/lib/librosidl_dynamic_typesupport.so /opt/ros/jazzy/lib/libfastcdr.so.2.2.8 /opt/ros/jazzy/lib/libbuiltin_interfaces__rosidl_typesupport_introspection_cpp.so /opt/ros/jazzy/lib/librosidl_typesupport_introspection_cpp.so /opt/ros/jazzy/lib/librosidl_typesupport_introspection_c.so /opt/ros/jazzy/lib/libbuiltin_interfaces__rosidl_typesupport_cpp.so /opt/ros/jazzy/lib/librosidl_typesupport_cpp.so /opt/ros/jazzy/lib/libbuiltin_interfaces__rosidl_generator_py.so /opt/ros/jazzy/lib/libbuiltin_interfaces__rosidl_typesupport_c.so /opt/ros/jazzy/lib/libbuiltin_interfaces__rosidl_generator_c.so /opt/ros/jazzy/lib/librosidl_typesupport_c.so /opt/ros/jazzy/lib/librcpputils.so /opt/ros/jazzy/lib/librosidl_runtime_c.so /opt/ros/jazzy/lib/librcutils.so -ldl -latomic -Wl,-rpath-link,/opt/ros/jazzy/lib 
/usr/bin/cmake -E cmake_link_script CMakeFiles/fsm_node_lib.dir/link.txt --verbose=1
/usr/bin/ar qc libfsm_node_lib.a CMakeFiles/fsm_node_lib.dir/src/fsm_node.cpp.o
/usr/bin/ranlib libfsm_node_lib.a
gmake[2]: Leaving directory '/home/vdt_2026/VDT_project/build/fsm_state_machine'
[ 66%] Built target fsm_node_lib
/usr/bin/gmake  -f CMakeFiles/fsm_node.dir/build.make CMakeFiles/fsm_node.dir/depend
/usr/bin/gmake  -f CMakeFiles/fsm_node_test.dir/build.make CMakeFiles/fsm_node_test.dir/depend
gmake[2]: Entering directory '/home/vdt_2026/VDT_project/build/fsm_state_machine'
gmake[2]: Entering directory '/home/vdt_2026/VDT_project/build/fsm_state_machine'
cd /home/vdt_2026/VDT_project/build/fsm_state_machine && /usr/bin/cmake -E cmake_depends "Unix Makefiles" /home/vdt_2026/VDT_project/ros2_ws/src/fsm_state_machine /home/vdt_2026/VDT_project/ros2_ws/src/fsm_state_machine /home/vdt_2026/VDT_project/build/fsm_state_machine /home/vdt_2026/VDT_project/build/fsm_state_machine /home/vdt_2026/VDT_project/build/fsm_state_machine/CMakeFiles/fsm_node_test.dir/DependInfo.cmake "--color="
cd /home/vdt_2026/VDT_project/build/fsm_state_machine && /usr/bin/cmake -E cmake_depends "Unix Makefiles" /home/vdt_2026/VDT_project/ros2_ws/src/fsm_state_machine /home/vdt_2026/VDT_project/ros2_ws/src/fsm_state_machine /home/vdt_2026/VDT_project/build/fsm_state_machine /home/vdt_2026/VDT_project/build/fsm_state_machine /home/vdt_2026/VDT_project/build/fsm_state_machine/CMakeFiles/fsm_node.dir/DependInfo.cmake "--color="
Dependencies file "CMakeFiles/fsm_node.dir/src/main.cpp.o.d" is newer than depends file "/home/vdt_2026/VDT_project/build/fsm_state_machine/CMakeFiles/fsm_node.dir/compiler_depend.internal".
Dependencies file "CMakeFiles/fsm_node_test.dir/test/ros2/fsm_node_test.cpp.o.d" is newer than depends file "/home/vdt_2026/VDT_project/build/fsm_state_machine/CMakeFiles/fsm_node_test.dir/compiler_depend.internal".
Consolidate compiler generated dependencies of target fsm_node_test
Consolidate compiler generated dependencies of target fsm_node
gmake[2]: Leaving directory '/home/vdt_2026/VDT_project/build/fsm_state_machine'
gmake[2]: Leaving directory '/home/vdt_2026/VDT_project/build/fsm_state_machine'
/usr/bin/gmake  -f CMakeFiles/fsm_node_test.dir/build.make CMakeFiles/fsm_node_test.dir/build
/usr/bin/gmake  -f CMakeFiles/fsm_node.dir/build.make CMakeFiles/fsm_node.dir/build
gmake[2]: Entering directory '/home/vdt_2026/VDT_project/build/fsm_state_machine'
gmake[2]: Entering directory '/home/vdt_2026/VDT_project/build/fsm_state_machine'
[ 77%] Linking CXX executable fsm_node_test
[ 77%] Linking CXX executable fsm_node
/usr/bin/cmake -E cmake_link_script CMakeFiles/fsm_node_test.dir/link.txt --verbose=1
/usr/bin/cmake -E cmake_link_script CMakeFiles/fsm_node.dir/link.txt --verbose=1
/usr/bin/c++ -O3 -DNDEBUG CMakeFiles/fsm_node_test.dir/test/ros2/fsm_node_test.cpp.o -o fsm_node_test  -Wl,-rpath,/opt/ros/jazzy/lib:/home/vdt_2026/VDT_project/install/vdt_msgs/lib gtest/libgtest.a libfsm_node_lib.a gtest/libgtest.a -pthread libfsm_actions.a libfsm_logic.a /opt/ros/jazzy/lib/librclcpp.so /opt/ros/jazzy/lib/liblibstatistics_collector.so /opt/ros/jazzy/lib/librcl.so /opt/ros/jazzy/lib/librmw_implementation.so /opt/ros/jazzy/lib/libtype_description_interfaces__rosidl_typesupport_fastrtps_c.so /opt/ros/jazzy/lib/libtype_description_interfaces__rosidl_typesupport_introspection_c.so /opt/ros/jazzy/lib/libtype_description_interfaces__rosidl_typesupport_fastrtps_cpp.so /opt/ros/jazzy/lib/libtype_description_interfaces__rosidl_typesupport_introspection_cpp.so /opt/ros/jazzy/lib/libtype_description_interfaces__rosidl_typesupport_cpp.so /opt/ros/jazzy/lib/libtype_description_interfaces__rosidl_generator_py.so /opt/ros/jazzy/lib/libtype_description_interfaces__rosidl_typesupport_c.so /opt/ros/jazzy/lib/libtype_description_interfaces__rosidl_generator_c.so /opt/ros/jazzy/lib/librcl_yaml_param_parser.so /opt/ros/jazzy/lib/librosgraph_msgs__rosidl_typesupport_fastrtps_c.so /opt/ros/jazzy/lib/librosgraph_msgs__rosidl_typesupport_fastrtps_cpp.so /opt/ros/jazzy/lib/librosgraph_msgs__rosidl_typesupport_introspection_c.so /opt/ros/jazzy/lib/librosgraph_msgs__rosidl_typesupport_introspection_cpp.so /opt/ros/jazzy/lib/librosgraph_msgs__rosidl_typesupport_cpp.so /opt/ros/jazzy/lib/librosgraph_msgs__rosidl_generator_py.so /opt/ros/jazzy/lib/librcl_interfaces__rosidl_typesupport_fastrtps_c.so /opt/ros/jazzy/lib/librcl_interfaces__rosidl_typesupport_introspection_c.so /opt/ros/jazzy/lib/librcl_interfaces__rosidl_typesupport_fastrtps_cpp.so /opt/ros/jazzy/lib/librcl_interfaces__rosidl_typesupport_introspection_cpp.so /opt/ros/jazzy/lib/librcl_interfaces__rosidl_typesupport_cpp.so /opt/ros/jazzy/lib/librcl_interfaces__rosidl_generator_py.so /opt/ros/jazzy/lib/librosgraph_msgs__rosidl_typesupport_c.so /opt/ros/jazzy/lib/librcl_interfaces__rosidl_typesupport_c.so /opt/ros/jazzy/lib/librosgraph_msgs__rosidl_generator_c.so /opt/ros/jazzy/lib/librcl_interfaces__rosidl_generator_c.so /opt/ros/jazzy/lib/libstatistics_msgs__rosidl_typesupport_fastrtps_c.so /opt/ros/jazzy/lib/libstatistics_msgs__rosidl_typesupport_fastrtps_cpp.so /opt/ros/jazzy/lib/libstatistics_msgs__rosidl_typesupport_introspection_c.so /opt/ros/jazzy/lib/libstatistics_msgs__rosidl_typesupport_introspection_cpp.so /opt/ros/jazzy/lib/libstatistics_msgs__rosidl_typesupport_cpp.so /opt/ros/jazzy/lib/libstatistics_msgs__rosidl_generator_py.so /opt/ros/jazzy/lib/libstatistics_msgs__rosidl_typesupport_c.so /opt/ros/jazzy/lib/libstatistics_msgs__rosidl_generator_c.so /opt/ros/jazzy/lib/libtracetools.so -llttng-ust -llttng-ust-common -rdynamic -ldl /opt/ros/jazzy/lib/librcl_logging_interface.so /opt/ros/jazzy/lib/libnav_msgs__rosidl_typesupport_fastrtps_c.so /opt/ros/jazzy/lib/libnav_msgs__rosidl_typesupport_fastrtps_cpp.so /opt/ros/jazzy/lib/libnav_msgs__rosidl_typesupport_introspection_c.so /opt/ros/jazzy/lib/libnav_msgs__rosidl_typesupport_introspection_cpp.so /opt/ros/jazzy/lib/libnav_msgs__rosidl_typesupport_cpp.so /opt/ros/jazzy/lib/libnav_msgs__rosidl_generator_py.so /opt/ros/jazzy/lib/libnav_msgs__rosidl_typesupport_c.so /opt/ros/jazzy/lib/libnav_msgs__rosidl_generator_c.so /opt/ros/jazzy/lib/libgeometry_msgs__rosidl_typesupport_fastrtps_c.so /opt/ros/jazzy/lib/libservice_msgs__rosidl_typesupport_fastrtps_c.so /opt/ros/jazzy/lib/libgeometry_msgs__rosidl_typesupport_fastrtps_cpp.so /opt/ros/jazzy/lib/libservice_msgs__rosidl_typesupport_fastrtps_cpp.so /opt/ros/jazzy/lib/libgeometry_msgs__rosidl_typesupport_introspection_c.so /opt/ros/jazzy/lib/libservice_msgs__rosidl_typesupport_introspection_c.so /opt/ros/jazzy/lib/libgeometry_msgs__rosidl_typesupport_introspection_cpp.so /opt/ros/jazzy/lib/libservice_msgs__rosidl_typesupport_introspection_cpp.so /opt/ros/jazzy/lib/libgeometry_msgs__rosidl_typesupport_cpp.so /opt/ros/jazzy/lib/libservice_msgs__rosidl_typesupport_cpp.so /opt/ros/jazzy/lib/libgeometry_msgs__rosidl_typesupport_c.so /opt/ros/jazzy/lib/libgeometry_msgs__rosidl_generator_c.so /opt/ros/jazzy/lib/libservice_msgs__rosidl_typesupport_c.so /opt/ros/jazzy/lib/libservice_msgs__rosidl_generator_c.so /home/vdt_2026/VDT_project/install/vdt_msgs/lib/libvdt_msgs__rosidl_typesupport_fastrtps_c.so /home/vdt_2026/VDT_project/install/vdt_msgs/lib/libvdt_msgs__rosidl_typesupport_fastrtps_cpp.so /home/vdt_2026/VDT_project/install/vdt_msgs/lib/libvdt_msgs__rosidl_typesupport_introspection_c.so /home/vdt_2026/VDT_project/install/vdt_msgs/lib/libvdt_msgs__rosidl_typesupport_introspection_cpp.so /home/vdt_2026/VDT_project/install/vdt_msgs/lib/libvdt_msgs__rosidl_typesupport_cpp.so /home/vdt_2026/VDT_project/install/vdt_msgs/lib/libvdt_msgs__rosidl_generator_py.so /opt/ros/jazzy/lib/libstd_msgs__rosidl_typesupport_fastrtps_c.so /opt/ros/jazzy/lib/libstd_msgs__rosidl_typesupport_fastrtps_cpp.so /opt/ros/jazzy/lib/libstd_msgs__rosidl_typesupport_introspection_c.so /opt/ros/jazzy/lib/libstd_msgs__rosidl_typesupport_introspection_cpp.so /opt/ros/jazzy/lib/libstd_msgs__rosidl_typesupport_cpp.so /opt/ros/jazzy/lib/libstd_msgs__rosidl_generator_py.so /home/vdt_2026/VDT_project/install/vdt_msgs/lib/libvdt_msgs__rosidl_typesupport_c.so /opt/ros/jazzy/lib/libstd_msgs__rosidl_typesupport_c.so /home/vdt_2026/VDT_project/install/vdt_msgs/lib/libvdt_msgs__rosidl_generator_c.so /opt/ros/jazzy/lib/libstd_msgs__rosidl_generator_c.so /opt/ros/jazzy/lib/libbuiltin_interfaces__rosidl_typesupport_fastrtps_c.so /opt/ros/jazzy/lib/librosidl_typesupport_fastrtps_c.so /opt/ros/jazzy/lib/libbuiltin_interfaces__rosidl_typesupport_introspection_c.so /opt/ros/jazzy/lib/libbuiltin_interfaces__rosidl_typesupport_fastrtps_cpp.so /opt/ros/jazzy/lib/librosidl_typesupport_fastrtps_cpp.so /opt/ros/jazzy/lib/librmw.so /opt/ros/jazzy/lib/librosidl_dynamic_typesupport.so /opt/ros/jazzy/lib/libfastcdr.so.2.2.8 /opt/ros/jazzy/lib/libbuiltin_interfaces__rosidl_typesupport_introspection_cpp.so /opt/ros/jazzy/lib/librosidl_typesupport_introspection_cpp.so /opt/ros/jazzy/lib/librosidl_typesupport_introspection_c.so /opt/ros/jazzy/lib/libbuiltin_interfaces__rosidl_typesupport_cpp.so /opt/ros/jazzy/lib/librosidl_typesupport_cpp.so /opt/ros/jazzy/lib/libbuiltin_interfaces__rosidl_generator_py.so /opt/ros/jazzy/lib/libbuiltin_interfaces__rosidl_typesupport_c.so /opt/ros/jazzy/lib/libbuiltin_interfaces__rosidl_generator_c.so /opt/ros/jazzy/lib/librosidl_typesupport_c.so /opt/ros/jazzy/lib/librcpputils.so /opt/ros/jazzy/lib/librosidl_runtime_c.so /opt/ros/jazzy/lib/librcutils.so -ldl -latomic -Wl,-rpath-link,/opt/ros/jazzy/lib 
/usr/bin/c++ -O3 -DNDEBUG CMakeFiles/fsm_node.dir/src/main.cpp.o -o fsm_node  -Wl,-rpath,/opt/ros/jazzy/lib:/home/vdt_2026/VDT_project/install/vdt_msgs/lib: libfsm_node_lib.a libfsm_actions.a libfsm_logic.a /opt/ros/jazzy/lib/librclcpp.so /opt/ros/jazzy/lib/liblibstatistics_collector.so /opt/ros/jazzy/lib/librcl.so /opt/ros/jazzy/lib/librmw_implementation.so /opt/ros/jazzy/lib/libtype_description_interfaces__rosidl_typesupport_fastrtps_c.so /opt/ros/jazzy/lib/libtype_description_interfaces__rosidl_typesupport_introspection_c.so /opt/ros/jazzy/lib/libtype_description_interfaces__rosidl_typesupport_fastrtps_cpp.so /opt/ros/jazzy/lib/libtype_description_interfaces__rosidl_typesupport_introspection_cpp.so /opt/ros/jazzy/lib/libtype_description_interfaces__rosidl_typesupport_cpp.so /opt/ros/jazzy/lib/libtype_description_interfaces__rosidl_generator_py.so /opt/ros/jazzy/lib/libtype_description_interfaces__rosidl_typesupport_c.so /opt/ros/jazzy/lib/libtype_description_interfaces__rosidl_generator_c.so /opt/ros/jazzy/lib/librcl_yaml_param_parser.so /opt/ros/jazzy/lib/librosgraph_msgs__rosidl_typesupport_fastrtps_c.so /opt/ros/jazzy/lib/librosgraph_msgs__rosidl_typesupport_fastrtps_cpp.so /opt/ros/jazzy/lib/librosgraph_msgs__rosidl_typesupport_introspection_c.so /opt/ros/jazzy/lib/librosgraph_msgs__rosidl_typesupport_introspection_cpp.so /opt/ros/jazzy/lib/librosgraph_msgs__rosidl_typesupport_cpp.so /opt/ros/jazzy/lib/librosgraph_msgs__rosidl_generator_py.so /opt/ros/jazzy/lib/librcl_interfaces__rosidl_typesupport_fastrtps_c.so /opt/ros/jazzy/lib/librcl_interfaces__rosidl_typesupport_introspection_c.so /opt/ros/jazzy/lib/librcl_interfaces__rosidl_typesupport_fastrtps_cpp.so /opt/ros/jazzy/lib/librcl_interfaces__rosidl_typesupport_introspection_cpp.so /opt/ros/jazzy/lib/librcl_interfaces__rosidl_typesupport_cpp.so /opt/ros/jazzy/lib/librcl_interfaces__rosidl_generator_py.so /opt/ros/jazzy/lib/librosgraph_msgs__rosidl_typesupport_c.so /opt/ros/jazzy/lib/librcl_interfaces__rosidl_typesupport_c.so /opt/ros/jazzy/lib/librosgraph_msgs__rosidl_generator_c.so /opt/ros/jazzy/lib/librcl_interfaces__rosidl_generator_c.so /opt/ros/jazzy/lib/libstatistics_msgs__rosidl_typesupport_fastrtps_c.so /opt/ros/jazzy/lib/libstatistics_msgs__rosidl_typesupport_fastrtps_cpp.so /opt/ros/jazzy/lib/libstatistics_msgs__rosidl_typesupport_introspection_c.so /opt/ros/jazzy/lib/libstatistics_msgs__rosidl_typesupport_introspection_cpp.so /opt/ros/jazzy/lib/libstatistics_msgs__rosidl_typesupport_cpp.so /opt/ros/jazzy/lib/libstatistics_msgs__rosidl_generator_py.so /opt/ros/jazzy/lib/libstatistics_msgs__rosidl_typesupport_c.so /opt/ros/jazzy/lib/libstatistics_msgs__rosidl_generator_c.so /opt/ros/jazzy/lib/libtracetools.so -llttng-ust -llttng-ust-common -rdynamic -ldl /opt/ros/jazzy/lib/librcl_logging_interface.so /opt/ros/jazzy/lib/libnav_msgs__rosidl_typesupport_fastrtps_c.so /opt/ros/jazzy/lib/libnav_msgs__rosidl_typesupport_fastrtps_cpp.so /opt/ros/jazzy/lib/libnav_msgs__rosidl_typesupport_introspection_c.so /opt/ros/jazzy/lib/libnav_msgs__rosidl_typesupport_introspection_cpp.so /opt/ros/jazzy/lib/libnav_msgs__rosidl_typesupport_cpp.so /opt/ros/jazzy/lib/libnav_msgs__rosidl_generator_py.so /opt/ros/jazzy/lib/libnav_msgs__rosidl_typesupport_c.so /opt/ros/jazzy/lib/libnav_msgs__rosidl_generator_c.so /opt/ros/jazzy/lib/libgeometry_msgs__rosidl_typesupport_fastrtps_c.so /opt/ros/jazzy/lib/libservice_msgs__rosidl_typesupport_fastrtps_c.so /opt/ros/jazzy/lib/libgeometry_msgs__rosidl_typesupport_fastrtps_cpp.so /opt/ros/jazzy/lib/libservice_msgs__rosidl_typesupport_fastrtps_cpp.so /opt/ros/jazzy/lib/libgeometry_msgs__rosidl_typesupport_introspection_c.so /opt/ros/jazzy/lib/libservice_msgs__rosidl_typesupport_introspection_c.so /opt/ros/jazzy/lib/libgeometry_msgs__rosidl_typesupport_introspection_cpp.so /opt/ros/jazzy/lib/libservice_msgs__rosidl_typesupport_introspection_cpp.so /opt/ros/jazzy/lib/libgeometry_msgs__rosidl_typesupport_cpp.so /opt/ros/jazzy/lib/libservice_msgs__rosidl_typesupport_cpp.so /opt/ros/jazzy/lib/libgeometry_msgs__rosidl_typesupport_c.so /opt/ros/jazzy/lib/libgeometry_msgs__rosidl_generator_c.so /opt/ros/jazzy/lib/libservice_msgs__rosidl_typesupport_c.so /opt/ros/jazzy/lib/libservice_msgs__rosidl_generator_c.so /home/vdt_2026/VDT_project/install/vdt_msgs/lib/libvdt_msgs__rosidl_typesupport_fastrtps_c.so /home/vdt_2026/VDT_project/install/vdt_msgs/lib/libvdt_msgs__rosidl_typesupport_fastrtps_cpp.so /home/vdt_2026/VDT_project/install/vdt_msgs/lib/libvdt_msgs__rosidl_typesupport_introspection_c.so /home/vdt_2026/VDT_project/install/vdt_msgs/lib/libvdt_msgs__rosidl_typesupport_introspection_cpp.so /home/vdt_2026/VDT_project/install/vdt_msgs/lib/libvdt_msgs__rosidl_typesupport_cpp.so /home/vdt_2026/VDT_project/install/vdt_msgs/lib/libvdt_msgs__rosidl_generator_py.so /opt/ros/jazzy/lib/libstd_msgs__rosidl_typesupport_fastrtps_c.so /opt/ros/jazzy/lib/libstd_msgs__rosidl_typesupport_fastrtps_cpp.so /opt/ros/jazzy/lib/libstd_msgs__rosidl_typesupport_introspection_c.so /opt/ros/jazzy/lib/libstd_msgs__rosidl_typesupport_introspection_cpp.so /opt/ros/jazzy/lib/libstd_msgs__rosidl_typesupport_cpp.so /opt/ros/jazzy/lib/libstd_msgs__rosidl_generator_py.so /home/vdt_2026/VDT_project/install/vdt_msgs/lib/libvdt_msgs__rosidl_typesupport_c.so /opt/ros/jazzy/lib/libstd_msgs__rosidl_typesupport_c.so /home/vdt_2026/VDT_project/install/vdt_msgs/lib/libvdt_msgs__rosidl_generator_c.so /opt/ros/jazzy/lib/libstd_msgs__rosidl_generator_c.so /opt/ros/jazzy/lib/libbuiltin_interfaces__rosidl_typesupport_fastrtps_c.so /opt/ros/jazzy/lib/librosidl_typesupport_fastrtps_c.so /opt/ros/jazzy/lib/libbuiltin_interfaces__rosidl_typesupport_introspection_c.so /opt/ros/jazzy/lib/libbuiltin_interfaces__rosidl_typesupport_fastrtps_cpp.so /opt/ros/jazzy/lib/librosidl_typesupport_fastrtps_cpp.so /opt/ros/jazzy/lib/librmw.so /opt/ros/jazzy/lib/librosidl_dynamic_typesupport.so /opt/ros/jazzy/lib/libfastcdr.so.2.2.8 /opt/ros/jazzy/lib/libbuiltin_interfaces__rosidl_typesupport_introspection_cpp.so /opt/ros/jazzy/lib/librosidl_typesupport_introspection_cpp.so /opt/ros/jazzy/lib/librosidl_typesupport_introspection_c.so /opt/ros/jazzy/lib/libbuiltin_interfaces__rosidl_typesupport_cpp.so /opt/ros/jazzy/lib/librosidl_typesupport_cpp.so /opt/ros/jazzy/lib/libbuiltin_interfaces__rosidl_generator_py.so /opt/ros/jazzy/lib/libbuiltin_interfaces__rosidl_typesupport_c.so /opt/ros/jazzy/lib/libbuiltin_interfaces__rosidl_generator_c.so /opt/ros/jazzy/lib/librosidl_typesupport_c.so /opt/ros/jazzy/lib/librcpputils.so /opt/ros/jazzy/lib/librosidl_runtime_c.so /opt/ros/jazzy/lib/librcutils.so -ldl -latomic -Wl,-rpath-link,/opt/ros/jazzy/lib 
gmake[2]: Leaving directory '/home/vdt_2026/VDT_project/build/fsm_state_machine'
[ 83%] Built target fsm_logic_test
gmake[2]: Leaving directory '/home/vdt_2026/VDT_project/build/fsm_state_machine'
[ 88%] Built target fsm_actions_test
gmake[2]: Leaving directory '/home/vdt_2026/VDT_project/build/fsm_state_machine'
[ 94%] Built target fsm_node
gmake[2]: Leaving directory '/home/vdt_2026/VDT_project/build/fsm_state_machine'
[100%] Built target fsm_node_test
gmake[1]: Leaving directory '/home/vdt_2026/VDT_project/build/fsm_state_machine'
/usr/bin/cmake -E cmake_progress_start /home/vdt_2026/VDT_project/build/fsm_state_machine/CMakeFiles 0

-- Install configuration: "Release"
-- Installing: /home/vdt_2026/VDT_project/install/fsm_state_machine/lib/fsm_state_machine/fsm_node
-- Set non-toolchain portion of runtime path of "/home/vdt_2026/VDT_project/install/fsm_state_machine/lib/fsm_state_machine/fsm_node" to ""
-- Installing: /home/vdt_2026/VDT_project/install/fsm_state_machine/share/ament_index/resource_index/package_run_dependencies/fsm_state_machine
-- Installing: /home/vdt_2026/VDT_project/install/fsm_state_machine/share/ament_index/resource_index/parent_prefix_path/fsm_state_machine
-- Installing: /home/vdt_2026/VDT_project/install/fsm_state_machine/share/fsm_state_machine/environment/ament_prefix_path.sh
-- Installing: /home/vdt_2026/VDT_project/install/fsm_state_machine/share/fsm_state_machine/environment/ament_prefix_path.dsv
-- Installing: /home/vdt_2026/VDT_project/install/fsm_state_machine/share/fsm_state_machine/environment/path.sh
-- Installing: /home/vdt_2026/VDT_project/install/fsm_state_machine/share/fsm_state_machine/environment/path.dsv
-- Installing: /home/vdt_2026/VDT_project/install/fsm_state_machine/share/fsm_state_machine/local_setup.bash
-- Installing: /home/vdt_2026/VDT_project/install/fsm_state_machine/share/fsm_state_machine/local_setup.sh
-- Installing: /home/vdt_2026/VDT_project/install/fsm_state_machine/share/fsm_state_machine/local_setup.zsh
-- Installing: /home/vdt_2026/VDT_project/install/fsm_state_machine/share/fsm_state_machine/local_setup.dsv
-- Installing: /home/vdt_2026/VDT_project/install/fsm_state_machine/share/fsm_state_machine/package.dsv
-- Installing: /home/vdt_2026/VDT_project/install/fsm_state_machine/share/ament_index/resource_index/packages/fsm_state_machine
-- Installing: /home/vdt_2026/VDT_project/install/fsm_state_machine/share/fsm_state_machine/cmake/fsm_state_machineConfig.cmake
-- Installing: /home/vdt_2026/VDT_project/install/fsm_state_machine/share/fsm_state_machine/cmake/fsm_state_machineConfig-version.cmake
-- Installing: /home/vdt_2026/VDT_project/install/fsm_state_machine/share/fsm_state_machine/package.xml
Finished <<< fsm_state_machine [4.66s]
Starting >>> input_state_cache
-- Found ament_cmake: 2.5.6 (/opt/ros/jazzy/share/ament_cmake/cmake)
-- Found rclcpp: 28.1.22 (/opt/ros/jazzy/share/rclcpp/cmake)
-- Found rosidl_generator_c: 4.6.9 (/opt/ros/jazzy/share/rosidl_generator_c/cmake)
-- Found rosidl_generator_cpp: 4.6.9 (/opt/ros/jazzy/share/rosidl_generator_cpp/cmake)
-- Using all available rosidl_typesupport_c: rosidl_typesupport_fastrtps_c;rosidl_typesupport_introspection_c
-- Using all available rosidl_typesupport_cpp: rosidl_typesupport_fastrtps_cpp;rosidl_typesupport_introspection_cpp
-- Found rmw_implementation_cmake: 7.3.3 (/opt/ros/jazzy/share/rmw_implementation_cmake/cmake)
-- Found rmw_fastrtps_cpp: 8.4.4 (/opt/ros/jazzy/share/rmw_fastrtps_cpp/cmake)
-- Using RMW implementation 'rmw_fastrtps_cpp' as default
-- Found nav_msgs: 5.3.8 (/opt/ros/jazzy/share/nav_msgs/cmake)
-- Found vdt_msgs: 0.1.0 (/home/vdt_2026/VDT_project/install/vdt_msgs/share/vdt_msgs/cmake)
-- Found ament_cmake_gtest: 2.5.6 (/opt/ros/jazzy/share/ament_cmake_gtest/cmake)
-- Found launch_testing_ament_cmake: 3.4.12 (/opt/ros/jazzy/share/launch_testing_ament_cmake/cmake)
-- Found python_cmake_module: 0.11.1 (/opt/ros/jazzy/share/python_cmake_module/cmake)
-- Found gtest sources under '/opt/ros/jazzy/src/gtest_vendor': C++ tests using 'Google Test' will be built
-- Configuring done (1.2s)
-- Generating done (0.1s)
-- Build files have been written to: /home/vdt_2026/VDT_project/build/input_state_cache
Change Dir: '/home/vdt_2026/VDT_project/build/input_state_cache'

Run Build Command(s): /usr/bin/cmake -E env VERBOSE=1 /usr/bin/gmake -f Makefile -j4 -l4
/usr/bin/cmake -S/home/vdt_2026/VDT_project/ros2_ws/src/input_state_cache -B/home/vdt_2026/VDT_project/build/input_state_cache --check-build-system CMakeFiles/Makefile.cmake 0
/usr/bin/cmake -E cmake_progress_start /home/vdt_2026/VDT_project/build/input_state_cache/CMakeFiles /home/vdt_2026/VDT_project/build/input_state_cache//CMakeFiles/progress.marks
/usr/bin/gmake  -f CMakeFiles/Makefile2 all
gmake[1]: Entering directory '/home/vdt_2026/VDT_project/build/input_state_cache'
/usr/bin/gmake  -f CMakeFiles/input_cache_node.dir/build.make CMakeFiles/input_cache_node.dir/depend
/usr/bin/gmake  -f gtest/CMakeFiles/gtest_main.dir/build.make gtest/CMakeFiles/gtest_main.dir/depend
/usr/bin/gmake  -f gtest/CMakeFiles/gtest.dir/build.make gtest/CMakeFiles/gtest.dir/depend
gmake[2]: Entering directory '/home/vdt_2026/VDT_project/build/input_state_cache'
gmake[2]: Entering directory '/home/vdt_2026/VDT_project/build/input_state_cache'
cd /home/vdt_2026/VDT_project/build/input_state_cache && /usr/bin/cmake -E cmake_depends "Unix Makefiles" /home/vdt_2026/VDT_project/ros2_ws/src/input_state_cache /home/vdt_2026/VDT_project/ros2_ws/src/input_state_cache /home/vdt_2026/VDT_project/build/input_state_cache /home/vdt_2026/VDT_project/build/input_state_cache /home/vdt_2026/VDT_project/build/input_state_cache/CMakeFiles/input_cache_node.dir/DependInfo.cmake "--color="
cd /home/vdt_2026/VDT_project/build/input_state_cache && /usr/bin/cmake -E cmake_depends "Unix Makefiles" /home/vdt_2026/VDT_project/ros2_ws/src/input_state_cache /opt/ros/jazzy/src/gtest_vendor /home/vdt_2026/VDT_project/build/input_state_cache /home/vdt_2026/VDT_project/build/input_state_cache/gtest /home/vdt_2026/VDT_project/build/input_state_cache/gtest/CMakeFiles/gtest_main.dir/DependInfo.cmake "--color="
gmake[2]: Entering directory '/home/vdt_2026/VDT_project/build/input_state_cache'
cd /home/vdt_2026/VDT_project/build/input_state_cache && /usr/bin/cmake -E cmake_depends "Unix Makefiles" /home/vdt_2026/VDT_project/ros2_ws/src/input_state_cache /opt/ros/jazzy/src/gtest_vendor /home/vdt_2026/VDT_project/build/input_state_cache /home/vdt_2026/VDT_project/build/input_state_cache/gtest /home/vdt_2026/VDT_project/build/input_state_cache/gtest/CMakeFiles/gtest.dir/DependInfo.cmake "--color="
Dependencies file "gtest/CMakeFiles/gtest_main.dir/src/gtest_main.cc.o.d" is newer than depends file "/home/vdt_2026/VDT_project/build/input_state_cache/gtest/CMakeFiles/gtest_main.dir/compiler_depend.internal".
Dependencies file "CMakeFiles/input_cache_node.dir/src/input_cache_logic.cpp.o.d" is newer than depends file "/home/vdt_2026/VDT_project/build/input_state_cache/CMakeFiles/input_cache_node.dir/compiler_depend.internal".
Dependencies file "gtest/CMakeFiles/gtest.dir/src/gtest-all.cc.o.d" is newer than depends file "/home/vdt_2026/VDT_project/build/input_state_cache/gtest/CMakeFiles/gtest.dir/compiler_depend.internal".
Dependencies file "CMakeFiles/input_cache_node.dir/src/input_cache_node.cpp.o.d" is newer than depends file "/home/vdt_2026/VDT_project/build/input_state_cache/CMakeFiles/input_cache_node.dir/compiler_depend.internal".
Consolidate compiler generated dependencies of target gtest_main
Dependencies file "CMakeFiles/input_cache_node.dir/src/main.cpp.o.d" is newer than depends file "/home/vdt_2026/VDT_project/build/input_state_cache/CMakeFiles/input_cache_node.dir/compiler_depend.internal".
gmake[2]: Leaving directory '/home/vdt_2026/VDT_project/build/input_state_cache'
/usr/bin/gmake  -f gtest/CMakeFiles/gtest_main.dir/build.make gtest/CMakeFiles/gtest_main.dir/build
Consolidate compiler generated dependencies of target gtest
gmake[2]: Leaving directory '/home/vdt_2026/VDT_project/build/input_state_cache'
/usr/bin/gmake  -f gtest/CMakeFiles/gtest.dir/build.make gtest/CMakeFiles/gtest.dir/build
gmake[2]: Entering directory '/home/vdt_2026/VDT_project/build/input_state_cache'
gmake[2]: Entering directory '/home/vdt_2026/VDT_project/build/input_state_cache'
Consolidate compiler generated dependencies of target input_cache_node
gmake[2]: Leaving directory '/home/vdt_2026/VDT_project/build/input_state_cache'
/usr/bin/gmake  -f CMakeFiles/input_cache_node.dir/build.make CMakeFiles/input_cache_node.dir/build
[  9%] Linking CXX static library libgtest_main.a
cd /home/vdt_2026/VDT_project/build/input_state_cache/gtest && /usr/bin/cmake -P CMakeFiles/gtest_main.dir/cmake_clean_target.cmake
[ 18%] Linking CXX static library libgtest.a
cd /home/vdt_2026/VDT_project/build/input_state_cache/gtest && /usr/bin/cmake -P CMakeFiles/gtest.dir/cmake_clean_target.cmake
gmake[2]: Entering directory '/home/vdt_2026/VDT_project/build/input_state_cache'
cd /home/vdt_2026/VDT_project/build/input_state_cache/gtest && /usr/bin/cmake -E cmake_link_script CMakeFiles/gtest_main.dir/link.txt --verbose=1
cd /home/vdt_2026/VDT_project/build/input_state_cache/gtest && /usr/bin/cmake -E cmake_link_script CMakeFiles/gtest.dir/link.txt --verbose=1
[ 27%] Linking CXX executable input_cache_node
/usr/bin/cmake -E cmake_link_script CMakeFiles/input_cache_node.dir/link.txt --verbose=1
/usr/bin/ar qc libgtest_main.a CMakeFiles/gtest_main.dir/src/gtest_main.cc.o
/usr/bin/ar qc libgtest.a "CMakeFiles/gtest.dir/src/gtest-all.cc.o"
/usr/bin/ranlib libgtest_main.a
/usr/bin/c++ -O3 -DNDEBUG CMakeFiles/input_cache_node.dir/src/main.cpp.o CMakeFiles/input_cache_node.dir/src/input_cache_node.cpp.o CMakeFiles/input_cache_node.dir/src/input_cache_logic.cpp.o -o input_cache_node  -Wl,-rpath,/opt/ros/jazzy/lib:/home/vdt_2026/VDT_project/install/vdt_msgs/lib: /opt/ros/jazzy/lib/librclcpp.so /opt/ros/jazzy/lib/libnav_msgs__rosidl_typesupport_fastrtps_c.so /opt/ros/jazzy/lib/libnav_msgs__rosidl_typesupport_fastrtps_cpp.so /opt/ros/jazzy/lib/libnav_msgs__rosidl_typesupport_introspection_c.so /opt/ros/jazzy/lib/libnav_msgs__rosidl_typesupport_introspection_cpp.so /opt/ros/jazzy/lib/libnav_msgs__rosidl_typesupport_cpp.so /opt/ros/jazzy/lib/libnav_msgs__rosidl_generator_py.so /home/vdt_2026/VDT_project/install/vdt_msgs/lib/libvdt_msgs__rosidl_typesupport_fastrtps_c.so /home/vdt_2026/VDT_project/install/vdt_msgs/lib/libvdt_msgs__rosidl_typesupport_fastrtps_cpp.so /home/vdt_2026/VDT_project/install/vdt_msgs/lib/libvdt_msgs__rosidl_typesupport_introspection_c.so /home/vdt_2026/VDT_project/install/vdt_msgs/lib/libvdt_msgs__rosidl_typesupport_introspection_cpp.so /home/vdt_2026/VDT_project/install/vdt_msgs/lib/libvdt_msgs__rosidl_typesupport_cpp.so /home/vdt_2026/VDT_project/install/vdt_msgs/lib/libvdt_msgs__rosidl_generator_py.so /opt/ros/jazzy/lib/liblibstatistics_collector.so /opt/ros/jazzy/lib/librcl.so /opt/ros/jazzy/lib/librmw_implementation.so /opt/ros/jazzy/lib/libtype_description_interfaces__rosidl_typesupport_fastrtps_c.so /opt/ros/jazzy/lib/libtype_description_interfaces__rosidl_typesupport_introspection_c.so /opt/ros/jazzy/lib/libtype_description_interfaces__rosidl_typesupport_fastrtps_cpp.so /opt/ros/jazzy/lib/libtype_description_interfaces__rosidl_typesupport_introspection_cpp.so /opt/ros/jazzy/lib/libtype_description_interfaces__rosidl_typesupport_cpp.so /opt/ros/jazzy/lib/libtype_description_interfaces__rosidl_generator_py.so /opt/ros/jazzy/lib/libtype_description_interfaces__rosidl_typesupport_c.so /opt/ros/jazzy/lib/libtype_description_interfaces__rosidl_generator_c.so /opt/ros/jazzy/lib/librcl_yaml_param_parser.so /opt/ros/jazzy/lib/librosgraph_msgs__rosidl_typesupport_fastrtps_c.so /opt/ros/jazzy/lib/librosgraph_msgs__rosidl_typesupport_fastrtps_cpp.so /opt/ros/jazzy/lib/librosgraph_msgs__rosidl_typesupport_introspection_c.so /opt/ros/jazzy/lib/librosgraph_msgs__rosidl_typesupport_introspection_cpp.so /opt/ros/jazzy/lib/librosgraph_msgs__rosidl_typesupport_cpp.so /opt/ros/jazzy/lib/librosgraph_msgs__rosidl_generator_py.so /opt/ros/jazzy/lib/librcl_interfaces__rosidl_typesupport_fastrtps_c.so /opt/ros/jazzy/lib/librcl_interfaces__rosidl_typesupport_introspection_c.so /opt/ros/jazzy/lib/librcl_interfaces__rosidl_typesupport_fastrtps_cpp.so /opt/ros/jazzy/lib/librcl_interfaces__rosidl_typesupport_introspection_cpp.so /opt/ros/jazzy/lib/librcl_interfaces__rosidl_typesupport_cpp.so /opt/ros/jazzy/lib/librcl_interfaces__rosidl_generator_py.so /opt/ros/jazzy/lib/librosgraph_msgs__rosidl_typesupport_c.so /opt/ros/jazzy/lib/librcl_interfaces__rosidl_typesupport_c.so /opt/ros/jazzy/lib/librosgraph_msgs__rosidl_generator_c.so /opt/ros/jazzy/lib/librcl_interfaces__rosidl_generator_c.so /opt/ros/jazzy/lib/libstatistics_msgs__rosidl_typesupport_fastrtps_c.so /opt/ros/jazzy/lib/libstatistics_msgs__rosidl_typesupport_fastrtps_cpp.so /opt/ros/jazzy/lib/libstatistics_msgs__rosidl_typesupport_introspection_c.so /opt/ros/jazzy/lib/libstatistics_msgs__rosidl_typesupport_introspection_cpp.so /opt/ros/jazzy/lib/libstatistics_msgs__rosidl_typesupport_cpp.so /opt/ros/jazzy/lib/libstatistics_msgs__rosidl_generator_py.so /opt/ros/jazzy/lib/libstatistics_msgs__rosidl_typesupport_c.so /opt/ros/jazzy/lib/libstatistics_msgs__rosidl_generator_c.so /opt/ros/jazzy/lib/libtracetools.so -llttng-ust -llttng-ust-common -rdynamic -ldl /opt/ros/jazzy/lib/librcl_logging_interface.so /opt/ros/jazzy/lib/libnav_msgs__rosidl_typesupport_c.so /opt/ros/jazzy/lib/libnav_msgs__rosidl_generator_c.so /opt/ros/jazzy/lib/libgeometry_msgs__rosidl_typesupport_fastrtps_c.so /opt/ros/jazzy/lib/libservice_msgs__rosidl_typesupport_fastrtps_c.so /opt/ros/jazzy/lib/libgeometry_msgs__rosidl_typesupport_fastrtps_cpp.so /opt/ros/jazzy/lib/libservice_msgs__rosidl_typesupport_fastrtps_cpp.so /opt/ros/jazzy/lib/libgeometry_msgs__rosidl_typesupport_introspection_c.so /opt/ros/jazzy/lib/libservice_msgs__rosidl_typesupport_introspection_c.so /opt/ros/jazzy/lib/libgeometry_msgs__rosidl_typesupport_introspection_cpp.so /opt/ros/jazzy/lib/libservice_msgs__rosidl_typesupport_introspection_cpp.so /opt/ros/jazzy/lib/libgeometry_msgs__rosidl_typesupport_cpp.so /opt/ros/jazzy/lib/libservice_msgs__rosidl_typesupport_cpp.so /opt/ros/jazzy/lib/libgeometry_msgs__rosidl_typesupport_c.so /opt/ros/jazzy/lib/libgeometry_msgs__rosidl_generator_c.so /opt/ros/jazzy/lib/libservice_msgs__rosidl_typesupport_c.so /opt/ros/jazzy/lib/libservice_msgs__rosidl_generator_c.so /home/vdt_2026/VDT_project/install/vdt_msgs/lib/libvdt_msgs__rosidl_typesupport_c.so /home/vdt_2026/VDT_project/install/vdt_msgs/lib/libvdt_msgs__rosidl_generator_c.so /opt/ros/jazzy/lib/libstd_msgs__rosidl_typesupport_fastrtps_c.so /opt/ros/jazzy/lib/libstd_msgs__rosidl_typesupport_fastrtps_cpp.so /opt/ros/jazzy/lib/libstd_msgs__rosidl_typesupport_introspection_c.so /opt/ros/jazzy/lib/libstd_msgs__rosidl_typesupport_introspection_cpp.so /opt/ros/jazzy/lib/libstd_msgs__rosidl_typesupport_cpp.so /opt/ros/jazzy/lib/libbuiltin_interfaces__rosidl_typesupport_fastrtps_c.so /opt/ros/jazzy/lib/librosidl_typesupport_fastrtps_c.so /opt/ros/jazzy/lib/libbuiltin_interfaces__rosidl_typesupport_introspection_c.so /opt/ros/jazzy/lib/libbuiltin_interfaces__rosidl_typesupport_fastrtps_cpp.so /opt/ros/jazzy/lib/librosidl_typesupport_fastrtps_cpp.so /opt/ros/jazzy/lib/librmw.so /opt/ros/jazzy/lib/librosidl_dynamic_typesupport.so /opt/ros/jazzy/lib/libfastcdr.so.2.2.8 /opt/ros/jazzy/lib/libbuiltin_interfaces__rosidl_typesupport_introspection_cpp.so /opt/ros/jazzy/lib/librosidl_typesupport_introspection_cpp.so /opt/ros/jazzy/lib/librosidl_typesupport_introspection_c.so /opt/ros/jazzy/lib/libbuiltin_interfaces__rosidl_typesupport_cpp.so /opt/ros/jazzy/lib/librosidl_typesupport_cpp.so /opt/ros/jazzy/lib/libbuiltin_interfaces__rosidl_generator_py.so /opt/ros/jazzy/lib/libstd_msgs__rosidl_typesupport_c.so /opt/ros/jazzy/lib/libbuiltin_interfaces__rosidl_typesupport_c.so /opt/ros/jazzy/lib/libstd_msgs__rosidl_generator_c.so /opt/ros/jazzy/lib/libbuiltin_interfaces__rosidl_generator_c.so /opt/ros/jazzy/lib/librosidl_typesupport_c.so /opt/ros/jazzy/lib/librcpputils.so /opt/ros/jazzy/lib/librosidl_runtime_c.so /opt/ros/jazzy/lib/librcutils.so -ldl -latomic -Wl,-rpath-link,/opt/ros/jazzy/lib 
gmake[2]: Leaving directory '/home/vdt_2026/VDT_project/build/input_state_cache'
[ 36%] Built target gtest_main
/usr/bin/ranlib libgtest.a
gmake[2]: Leaving directory '/home/vdt_2026/VDT_project/build/input_state_cache'
[ 45%] Built target gtest
/usr/bin/gmake  -f CMakeFiles/input_cache_logic_test.dir/build.make CMakeFiles/input_cache_logic_test.dir/depend
gmake[2]: Entering directory '/home/vdt_2026/VDT_project/build/input_state_cache'
cd /home/vdt_2026/VDT_project/build/input_state_cache && /usr/bin/cmake -E cmake_depends "Unix Makefiles" /home/vdt_2026/VDT_project/ros2_ws/src/input_state_cache /home/vdt_2026/VDT_project/ros2_ws/src/input_state_cache /home/vdt_2026/VDT_project/build/input_state_cache /home/vdt_2026/VDT_project/build/input_state_cache /home/vdt_2026/VDT_project/build/input_state_cache/CMakeFiles/input_cache_logic_test.dir/DependInfo.cmake "--color="
Dependencies file "CMakeFiles/input_cache_logic_test.dir/src/input_cache_logic.cpp.o.d" is newer than depends file "/home/vdt_2026/VDT_project/build/input_state_cache/CMakeFiles/input_cache_logic_test.dir/compiler_depend.internal".
Dependencies file "CMakeFiles/input_cache_logic_test.dir/test/unit/input_state_logic_test.cpp.o.d" is newer than depends file "/home/vdt_2026/VDT_project/build/input_state_cache/CMakeFiles/input_cache_logic_test.dir/compiler_depend.internal".
Consolidate compiler generated dependencies of target input_cache_logic_test
gmake[2]: Leaving directory '/home/vdt_2026/VDT_project/build/input_state_cache'
/usr/bin/gmake  -f CMakeFiles/input_cache_logic_test.dir/build.make CMakeFiles/input_cache_logic_test.dir/build
gmake[2]: Entering directory '/home/vdt_2026/VDT_project/build/input_state_cache'
[ 54%] Linking CXX executable input_cache_logic_test
/usr/bin/cmake -E cmake_link_script CMakeFiles/input_cache_logic_test.dir/link.txt --verbose=1
/usr/bin/c++ -O3 -DNDEBUG CMakeFiles/input_cache_logic_test.dir/test/unit/input_state_logic_test.cpp.o CMakeFiles/input_cache_logic_test.dir/src/input_cache_logic.cpp.o -o input_cache_logic_test  -Wl,-rpath,/opt/ros/jazzy/lib:/home/vdt_2026/VDT_project/install/vdt_msgs/lib gtest/libgtest_main.a gtest/libgtest.a /opt/ros/jazzy/lib/librclcpp.so /opt/ros/jazzy/lib/libnav_msgs__rosidl_typesupport_fastrtps_c.so /opt/ros/jazzy/lib/libnav_msgs__rosidl_typesupport_fastrtps_cpp.so /opt/ros/jazzy/lib/libnav_msgs__rosidl_typesupport_introspection_c.so /opt/ros/jazzy/lib/libnav_msgs__rosidl_typesupport_introspection_cpp.so /opt/ros/jazzy/lib/libnav_msgs__rosidl_typesupport_cpp.so /opt/ros/jazzy/lib/libnav_msgs__rosidl_generator_py.so /home/vdt_2026/VDT_project/install/vdt_msgs/lib/libvdt_msgs__rosidl_typesupport_fastrtps_c.so /home/vdt_2026/VDT_project/install/vdt_msgs/lib/libvdt_msgs__rosidl_typesupport_fastrtps_cpp.so /home/vdt_2026/VDT_project/install/vdt_msgs/lib/libvdt_msgs__rosidl_typesupport_introspection_c.so /home/vdt_2026/VDT_project/install/vdt_msgs/lib/libvdt_msgs__rosidl_typesupport_introspection_cpp.so /home/vdt_2026/VDT_project/install/vdt_msgs/lib/libvdt_msgs__rosidl_typesupport_cpp.so /home/vdt_2026/VDT_project/install/vdt_msgs/lib/libvdt_msgs__rosidl_generator_py.so -pthread /opt/ros/jazzy/lib/liblibstatistics_collector.so /opt/ros/jazzy/lib/librcl.so /opt/ros/jazzy/lib/librmw_implementation.so /opt/ros/jazzy/lib/libtype_description_interfaces__rosidl_typesupport_fastrtps_c.so /opt/ros/jazzy/lib/libtype_description_interfaces__rosidl_typesupport_introspection_c.so /opt/ros/jazzy/lib/libtype_description_interfaces__rosidl_typesupport_fastrtps_cpp.so /opt/ros/jazzy/lib/libtype_description_interfaces__rosidl_typesupport_introspection_cpp.so /opt/ros/jazzy/lib/libtype_description_interfaces__rosidl_typesupport_cpp.so /opt/ros/jazzy/lib/libtype_description_interfaces__rosidl_generator_py.so /opt/ros/jazzy/lib/libtype_description_interfaces__rosidl_typesupport_c.so /opt/ros/jazzy/lib/libtype_description_interfaces__rosidl_generator_c.so /opt/ros/jazzy/lib/librcl_yaml_param_parser.so /opt/ros/jazzy/lib/librosgraph_msgs__rosidl_typesupport_fastrtps_c.so /opt/ros/jazzy/lib/librosgraph_msgs__rosidl_typesupport_fastrtps_cpp.so /opt/ros/jazzy/lib/librosgraph_msgs__rosidl_typesupport_introspection_c.so /opt/ros/jazzy/lib/librosgraph_msgs__rosidl_typesupport_introspection_cpp.so /opt/ros/jazzy/lib/librosgraph_msgs__rosidl_typesupport_cpp.so /opt/ros/jazzy/lib/librosgraph_msgs__rosidl_generator_py.so /opt/ros/jazzy/lib/librcl_interfaces__rosidl_typesupport_fastrtps_c.so /opt/ros/jazzy/lib/librcl_interfaces__rosidl_typesupport_introspection_c.so /opt/ros/jazzy/lib/librcl_interfaces__rosidl_typesupport_fastrtps_cpp.so /opt/ros/jazzy/lib/librcl_interfaces__rosidl_typesupport_introspection_cpp.so /opt/ros/jazzy/lib/librcl_interfaces__rosidl_typesupport_cpp.so /opt/ros/jazzy/lib/librcl_interfaces__rosidl_generator_py.so /opt/ros/jazzy/lib/librosgraph_msgs__rosidl_typesupport_c.so /opt/ros/jazzy/lib/librcl_interfaces__rosidl_typesupport_c.so /opt/ros/jazzy/lib/librosgraph_msgs__rosidl_generator_c.so /opt/ros/jazzy/lib/librcl_interfaces__rosidl_generator_c.so /opt/ros/jazzy/lib/libstatistics_msgs__rosidl_typesupport_fastrtps_c.so /opt/ros/jazzy/lib/libstatistics_msgs__rosidl_typesupport_fastrtps_cpp.so /opt/ros/jazzy/lib/libstatistics_msgs__rosidl_typesupport_introspection_c.so /opt/ros/jazzy/lib/libstatistics_msgs__rosidl_typesupport_introspection_cpp.so /opt/ros/jazzy/lib/libstatistics_msgs__rosidl_typesupport_cpp.so /opt/ros/jazzy/lib/libstatistics_msgs__rosidl_generator_py.so /opt/ros/jazzy/lib/libstatistics_msgs__rosidl_typesupport_c.so /opt/ros/jazzy/lib/libstatistics_msgs__rosidl_generator_c.so /opt/ros/jazzy/lib/libtracetools.so -llttng-ust -llttng-ust-common -rdynamic -ldl /opt/ros/jazzy/lib/librcl_logging_interface.so /opt/ros/jazzy/lib/libnav_msgs__rosidl_typesupport_c.so /opt/ros/jazzy/lib/libnav_msgs__rosidl_generator_c.so /opt/ros/jazzy/lib/libgeometry_msgs__rosidl_typesupport_fastrtps_c.so /opt/ros/jazzy/lib/libservice_msgs__rosidl_typesupport_fastrtps_c.so /opt/ros/jazzy/lib/libgeometry_msgs__rosidl_typesupport_fastrtps_cpp.so /opt/ros/jazzy/lib/libservice_msgs__rosidl_typesupport_fastrtps_cpp.so /opt/ros/jazzy/lib/libgeometry_msgs__rosidl_typesupport_introspection_c.so /opt/ros/jazzy/lib/libservice_msgs__rosidl_typesupport_introspection_c.so /opt/ros/jazzy/lib/libgeometry_msgs__rosidl_typesupport_introspection_cpp.so /opt/ros/jazzy/lib/libservice_msgs__rosidl_typesupport_introspection_cpp.so /opt/ros/jazzy/lib/libgeometry_msgs__rosidl_typesupport_cpp.so /opt/ros/jazzy/lib/libservice_msgs__rosidl_typesupport_cpp.so /opt/ros/jazzy/lib/libgeometry_msgs__rosidl_typesupport_c.so /opt/ros/jazzy/lib/libgeometry_msgs__rosidl_generator_c.so /opt/ros/jazzy/lib/libservice_msgs__rosidl_typesupport_c.so /opt/ros/jazzy/lib/libservice_msgs__rosidl_generator_c.so /home/vdt_2026/VDT_project/install/vdt_msgs/lib/libvdt_msgs__rosidl_typesupport_c.so /home/vdt_2026/VDT_project/install/vdt_msgs/lib/libvdt_msgs__rosidl_generator_c.so /opt/ros/jazzy/lib/libstd_msgs__rosidl_typesupport_fastrtps_c.so /opt/ros/jazzy/lib/libstd_msgs__rosidl_typesupport_fastrtps_cpp.so /opt/ros/jazzy/lib/libstd_msgs__rosidl_typesupport_introspection_c.so /opt/ros/jazzy/lib/libstd_msgs__rosidl_typesupport_introspection_cpp.so /opt/ros/jazzy/lib/libstd_msgs__rosidl_typesupport_cpp.so /opt/ros/jazzy/lib/libbuiltin_interfaces__rosidl_typesupport_fastrtps_c.so /opt/ros/jazzy/lib/librosidl_typesupport_fastrtps_c.so /opt/ros/jazzy/lib/libbuiltin_interfaces__rosidl_typesupport_introspection_c.so /opt/ros/jazzy/lib/libbuiltin_interfaces__rosidl_typesupport_fastrtps_cpp.so /opt/ros/jazzy/lib/librosidl_typesupport_fastrtps_cpp.so /opt/ros/jazzy/lib/librmw.so /opt/ros/jazzy/lib/librosidl_dynamic_typesupport.so /opt/ros/jazzy/lib/libfastcdr.so.2.2.8 /opt/ros/jazzy/lib/libbuiltin_interfaces__rosidl_typesupport_introspection_cpp.so /opt/ros/jazzy/lib/librosidl_typesupport_introspection_cpp.so /opt/ros/jazzy/lib/librosidl_typesupport_introspection_c.so /opt/ros/jazzy/lib/libbuiltin_interfaces__rosidl_typesupport_cpp.so /opt/ros/jazzy/lib/librosidl_typesupport_cpp.so /opt/ros/jazzy/lib/libbuiltin_interfaces__rosidl_generator_py.so /opt/ros/jazzy/lib/libstd_msgs__rosidl_typesupport_c.so /opt/ros/jazzy/lib/libbuiltin_interfaces__rosidl_typesupport_c.so /opt/ros/jazzy/lib/libstd_msgs__rosidl_generator_c.so /opt/ros/jazzy/lib/libbuiltin_interfaces__rosidl_generator_c.so /opt/ros/jazzy/lib/librosidl_typesupport_c.so /opt/ros/jazzy/lib/librcpputils.so /opt/ros/jazzy/lib/librosidl_runtime_c.so /opt/ros/jazzy/lib/librcutils.so -ldl -latomic -Wl,-rpath-link,/opt/ros/jazzy/lib 
gmake[2]: Leaving directory '/home/vdt_2026/VDT_project/build/input_state_cache'
[ 72%] Built target input_cache_logic_test
gmake[2]: Leaving directory '/home/vdt_2026/VDT_project/build/input_state_cache'
[100%] Built target input_cache_node
gmake[1]: Leaving directory '/home/vdt_2026/VDT_project/build/input_state_cache'
/usr/bin/cmake -E cmake_progress_start /home/vdt_2026/VDT_project/build/input_state_cache/CMakeFiles 0

-- Install configuration: "Release"
-- Installing: /home/vdt_2026/VDT_project/install/input_state_cache/lib/input_state_cache/input_cache_node
-- Set non-toolchain portion of runtime path of "/home/vdt_2026/VDT_project/install/input_state_cache/lib/input_state_cache/input_cache_node" to ""
-- Installing: /home/vdt_2026/VDT_project/install/input_state_cache/share/ament_index/resource_index/package_run_dependencies/input_state_cache
-- Installing: /home/vdt_2026/VDT_project/install/input_state_cache/share/ament_index/resource_index/parent_prefix_path/input_state_cache
-- Installing: /home/vdt_2026/VDT_project/install/input_state_cache/share/input_state_cache/environment/ament_prefix_path.sh
-- Installing: /home/vdt_2026/VDT_project/install/input_state_cache/share/input_state_cache/environment/ament_prefix_path.dsv
-- Installing: /home/vdt_2026/VDT_project/install/input_state_cache/share/input_state_cache/environment/path.sh
-- Installing: /home/vdt_2026/VDT_project/install/input_state_cache/share/input_state_cache/environment/path.dsv
-- Installing: /home/vdt_2026/VDT_project/install/input_state_cache/share/input_state_cache/local_setup.bash
-- Installing: /home/vdt_2026/VDT_project/install/input_state_cache/share/input_state_cache/local_setup.sh
-- Installing: /home/vdt_2026/VDT_project/install/input_state_cache/share/input_state_cache/local_setup.zsh
-- Installing: /home/vdt_2026/VDT_project/install/input_state_cache/share/input_state_cache/local_setup.dsv
-- Installing: /home/vdt_2026/VDT_project/install/input_state_cache/share/input_state_cache/package.dsv
-- Installing: /home/vdt_2026/VDT_project/install/input_state_cache/share/ament_index/resource_index/packages/input_state_cache
-- Installing: /home/vdt_2026/VDT_project/install/input_state_cache/share/input_state_cache/cmake/input_state_cacheConfig.cmake
-- Installing: /home/vdt_2026/VDT_project/install/input_state_cache/share/input_state_cache/cmake/input_state_cacheConfig-version.cmake
-- Installing: /home/vdt_2026/VDT_project/install/input_state_cache/share/input_state_cache/package.xml
Finished <<< input_state_cache [2.32s]
Starting >>> offboard_manager
-- Found ament_cmake: 2.5.6 (/opt/ros/jazzy/share/ament_cmake/cmake)
-- Found rclcpp: 28.1.22 (/opt/ros/jazzy/share/rclcpp/cmake)
-- Found rosidl_generator_c: 4.6.9 (/opt/ros/jazzy/share/rosidl_generator_c/cmake)
-- Found rosidl_generator_cpp: 4.6.9 (/opt/ros/jazzy/share/rosidl_generator_cpp/cmake)
-- Using all available rosidl_typesupport_c: rosidl_typesupport_fastrtps_c;rosidl_typesupport_introspection_c
-- Using all available rosidl_typesupport_cpp: rosidl_typesupport_fastrtps_cpp;rosidl_typesupport_introspection_cpp
-- Found rmw_implementation_cmake: 7.3.3 (/opt/ros/jazzy/share/rmw_implementation_cmake/cmake)
-- Found rmw_fastrtps_cpp: 8.4.4 (/opt/ros/jazzy/share/rmw_fastrtps_cpp/cmake)
-- Using RMW implementation 'rmw_fastrtps_cpp' as default
-- Found std_msgs: 5.3.8 (/opt/ros/jazzy/share/std_msgs/cmake)
-- Found px4_msgs: 2.0.1 (/home/vdt_2026/ros2_ws/install/px4_msgs/share/px4_msgs/cmake)
-- Found vdt_msgs: 0.1.0 (/home/vdt_2026/VDT_project/install/vdt_msgs/share/vdt_msgs/cmake)
-- Configuring done (0.9s)
-- Generating done (0.0s)
-- Build files have been written to: /home/vdt_2026/VDT_project/build/offboard_manager
Change Dir: '/home/vdt_2026/VDT_project/build/offboard_manager'

Run Build Command(s): /usr/bin/cmake -E env VERBOSE=1 /usr/bin/gmake -f Makefile -j4 -l4
/usr/bin/cmake -S/home/vdt_2026/VDT_project/ros2_ws/src/offboard_manager -B/home/vdt_2026/VDT_project/build/offboard_manager --check-build-system CMakeFiles/Makefile.cmake 0
/usr/bin/cmake -E cmake_progress_start /home/vdt_2026/VDT_project/build/offboard_manager/CMakeFiles /home/vdt_2026/VDT_project/build/offboard_manager//CMakeFiles/progress.marks
/usr/bin/gmake  -f CMakeFiles/Makefile2 all
gmake[1]: Entering directory '/home/vdt_2026/VDT_project/build/offboard_manager'
/usr/bin/gmake  -f CMakeFiles/offboard_node.dir/build.make CMakeFiles/offboard_node.dir/depend
/usr/bin/gmake  -f CMakeFiles/offboard_logic_test.dir/build.make CMakeFiles/offboard_logic_test.dir/depend
gmake[2]: Entering directory '/home/vdt_2026/VDT_project/build/offboard_manager'
cd /home/vdt_2026/VDT_project/build/offboard_manager && /usr/bin/cmake -E cmake_depends "Unix Makefiles" /home/vdt_2026/VDT_project/ros2_ws/src/offboard_manager /home/vdt_2026/VDT_project/ros2_ws/src/offboard_manager /home/vdt_2026/VDT_project/build/offboard_manager /home/vdt_2026/VDT_project/build/offboard_manager /home/vdt_2026/VDT_project/build/offboard_manager/CMakeFiles/offboard_node.dir/DependInfo.cmake "--color="
gmake[2]: Entering directory '/home/vdt_2026/VDT_project/build/offboard_manager'
cd /home/vdt_2026/VDT_project/build/offboard_manager && /usr/bin/cmake -E cmake_depends "Unix Makefiles" /home/vdt_2026/VDT_project/ros2_ws/src/offboard_manager /home/vdt_2026/VDT_project/ros2_ws/src/offboard_manager /home/vdt_2026/VDT_project/build/offboard_manager /home/vdt_2026/VDT_project/build/offboard_manager /home/vdt_2026/VDT_project/build/offboard_manager/CMakeFiles/offboard_logic_test.dir/DependInfo.cmake "--color="
Dependencies file "CMakeFiles/offboard_node.dir/src/main.cpp.o.d" is newer than depends file "/home/vdt_2026/VDT_project/build/offboard_manager/CMakeFiles/offboard_node.dir/compiler_depend.internal".
Dependencies file "CMakeFiles/offboard_logic_test.dir/src/offboard_logic.cpp.o.d" is newer than depends file "/home/vdt_2026/VDT_project/build/offboard_manager/CMakeFiles/offboard_logic_test.dir/compiler_depend.internal".
Dependencies file "CMakeFiles/offboard_logic_test.dir/test/offboard_logic_test.cpp.o.d" is newer than depends file "/home/vdt_2026/VDT_project/build/offboard_manager/CMakeFiles/offboard_logic_test.dir/compiler_depend.internal".
Dependencies file "CMakeFiles/offboard_node.dir/src/offboard_logic.cpp.o.d" is newer than depends file "/home/vdt_2026/VDT_project/build/offboard_manager/CMakeFiles/offboard_node.dir/compiler_depend.internal".
Dependencies file "CMakeFiles/offboard_node.dir/src/offboard_node.cpp.o.d" is newer than depends file "/home/vdt_2026/VDT_project/build/offboard_manager/CMakeFiles/offboard_node.dir/compiler_depend.internal".
Consolidate compiler generated dependencies of target offboard_logic_test
gmake[2]: Leaving directory '/home/vdt_2026/VDT_project/build/offboard_manager'
/usr/bin/gmake  -f CMakeFiles/offboard_logic_test.dir/build.make CMakeFiles/offboard_logic_test.dir/build
gmake[2]: Entering directory '/home/vdt_2026/VDT_project/build/offboard_manager'
Consolidate compiler generated dependencies of target offboard_node
gmake[2]: Leaving directory '/home/vdt_2026/VDT_project/build/offboard_manager'
/usr/bin/gmake  -f CMakeFiles/offboard_node.dir/build.make CMakeFiles/offboard_node.dir/build
[ 14%] Linking CXX executable offboard_logic_test
/usr/bin/cmake -E cmake_link_script CMakeFiles/offboard_logic_test.dir/link.txt --verbose=1
/usr/bin/c++ -O3 -DNDEBUG CMakeFiles/offboard_logic_test.dir/test/offboard_logic_test.cpp.o CMakeFiles/offboard_logic_test.dir/src/offboard_logic.cpp.o -o offboard_logic_test  -Wl,-rpath,/opt/ros/jazzy/lib:/home/vdt_2026/ros2_ws/install/px4_msgs/lib:/home/vdt_2026/VDT_project/install/vdt_msgs/lib /opt/ros/jazzy/lib/librclcpp.so /home/vdt_2026/ros2_ws/install/px4_msgs/lib/libpx4_msgs__rosidl_typesupport_fastrtps_c.so /home/vdt_2026/ros2_ws/install/px4_msgs/lib/libpx4_msgs__rosidl_typesupport_fastrtps_cpp.so /home/vdt_2026/ros2_ws/install/px4_msgs/lib/libpx4_msgs__rosidl_typesupport_introspection_c.so /home/vdt_2026/ros2_ws/install/px4_msgs/lib/libpx4_msgs__rosidl_typesupport_introspection_cpp.so /home/vdt_2026/ros2_ws/install/px4_msgs/lib/libpx4_msgs__rosidl_typesupport_cpp.so /home/vdt_2026/ros2_ws/install/px4_msgs/lib/libpx4_msgs__rosidl_generator_py.so /home/vdt_2026/VDT_project/install/vdt_msgs/lib/libvdt_msgs__rosidl_typesupport_fastrtps_c.so /home/vdt_2026/VDT_project/install/vdt_msgs/lib/libvdt_msgs__rosidl_typesupport_fastrtps_cpp.so /home/vdt_2026/VDT_project/install/vdt_msgs/lib/libvdt_msgs__rosidl_typesupport_introspection_c.so /home/vdt_2026/VDT_project/install/vdt_msgs/lib/libvdt_msgs__rosidl_typesupport_introspection_cpp.so /home/vdt_2026/VDT_project/install/vdt_msgs/lib/libvdt_msgs__rosidl_typesupport_cpp.so /home/vdt_2026/VDT_project/install/vdt_msgs/lib/libvdt_msgs__rosidl_generator_py.so /opt/ros/jazzy/lib/liblibstatistics_collector.so /opt/ros/jazzy/lib/librcl.so /opt/ros/jazzy/lib/librmw_implementation.so /opt/ros/jazzy/lib/libtype_description_interfaces__rosidl_typesupport_fastrtps_c.so /opt/ros/jazzy/lib/libtype_description_interfaces__rosidl_typesupport_introspection_c.so /opt/ros/jazzy/lib/libtype_description_interfaces__rosidl_typesupport_fastrtps_cpp.so /opt/ros/jazzy/lib/libtype_description_interfaces__rosidl_typesupport_introspection_cpp.so /opt/ros/jazzy/lib/libtype_description_interfaces__rosidl_typesupport_cpp.so /opt/ros/jazzy/lib/libtype_description_interfaces__rosidl_generator_py.so /opt/ros/jazzy/lib/libtype_description_interfaces__rosidl_typesupport_c.so /opt/ros/jazzy/lib/libtype_description_interfaces__rosidl_generator_c.so /opt/ros/jazzy/lib/librcl_yaml_param_parser.so /opt/ros/jazzy/lib/librosgraph_msgs__rosidl_typesupport_fastrtps_c.so /opt/ros/jazzy/lib/librosgraph_msgs__rosidl_typesupport_fastrtps_cpp.so /opt/ros/jazzy/lib/librosgraph_msgs__rosidl_typesupport_introspection_c.so /opt/ros/jazzy/lib/librosgraph_msgs__rosidl_typesupport_introspection_cpp.so /opt/ros/jazzy/lib/librosgraph_msgs__rosidl_typesupport_cpp.so /opt/ros/jazzy/lib/librosgraph_msgs__rosidl_generator_py.so /opt/ros/jazzy/lib/librcl_interfaces__rosidl_typesupport_fastrtps_c.so /opt/ros/jazzy/lib/librcl_interfaces__rosidl_typesupport_introspection_c.so /opt/ros/jazzy/lib/librcl_interfaces__rosidl_typesupport_fastrtps_cpp.so /opt/ros/jazzy/lib/librcl_interfaces__rosidl_typesupport_introspection_cpp.so /opt/ros/jazzy/lib/librcl_interfaces__rosidl_typesupport_cpp.so /opt/ros/jazzy/lib/librcl_interfaces__rosidl_generator_py.so /opt/ros/jazzy/lib/librosgraph_msgs__rosidl_typesupport_c.so /opt/ros/jazzy/lib/librcl_interfaces__rosidl_typesupport_c.so /opt/ros/jazzy/lib/librosgraph_msgs__rosidl_generator_c.so /opt/ros/jazzy/lib/librcl_interfaces__rosidl_generator_c.so /opt/ros/jazzy/lib/libstatistics_msgs__rosidl_typesupport_fastrtps_c.so /opt/ros/jazzy/lib/libstatistics_msgs__rosidl_typesupport_fastrtps_cpp.so /opt/ros/jazzy/lib/libstatistics_msgs__rosidl_typesupport_introspection_c.so /opt/ros/jazzy/lib/libstatistics_msgs__rosidl_typesupport_introspection_cpp.so /opt/ros/jazzy/lib/libstatistics_msgs__rosidl_typesupport_cpp.so /opt/ros/jazzy/lib/libstatistics_msgs__rosidl_generator_py.so /opt/ros/jazzy/lib/libstatistics_msgs__rosidl_typesupport_c.so /opt/ros/jazzy/lib/libstatistics_msgs__rosidl_generator_c.so /opt/ros/jazzy/lib/libtracetools.so -llttng-ust -llttng-ust-common -rdynamic -ldl /opt/ros/jazzy/lib/librcl_logging_interface.so /home/vdt_2026/ros2_ws/install/px4_msgs/lib/libpx4_msgs__rosidl_typesupport_c.so /home/vdt_2026/ros2_ws/install/px4_msgs/lib/libpx4_msgs__rosidl_generator_c.so /opt/ros/jazzy/lib/libservice_msgs__rosidl_typesupport_fastrtps_c.so /opt/ros/jazzy/lib/libservice_msgs__rosidl_typesupport_fastrtps_cpp.so /opt/ros/jazzy/lib/libservice_msgs__rosidl_typesupport_introspection_c.so /opt/ros/jazzy/lib/libservice_msgs__rosidl_typesupport_introspection_cpp.so /opt/ros/jazzy/lib/libservice_msgs__rosidl_typesupport_cpp.so /opt/ros/jazzy/lib/libservice_msgs__rosidl_typesupport_c.so /opt/ros/jazzy/lib/libservice_msgs__rosidl_generator_c.so /opt/ros/jazzy/lib/libstd_msgs__rosidl_typesupport_fastrtps_c.so /opt/ros/jazzy/lib/libstd_msgs__rosidl_typesupport_fastrtps_cpp.so /opt/ros/jazzy/lib/libstd_msgs__rosidl_typesupport_introspection_c.so /opt/ros/jazzy/lib/libstd_msgs__rosidl_typesupport_introspection_cpp.so /opt/ros/jazzy/lib/libstd_msgs__rosidl_typesupport_cpp.so /opt/ros/jazzy/lib/libstd_msgs__rosidl_generator_py.so /home/vdt_2026/VDT_project/install/vdt_msgs/lib/libvdt_msgs__rosidl_typesupport_c.so /opt/ros/jazzy/lib/libstd_msgs__rosidl_typesupport_c.so /home/vdt_2026/VDT_project/install/vdt_msgs/lib/libvdt_msgs__rosidl_generator_c.so /opt/ros/jazzy/lib/libstd_msgs__rosidl_generator_c.so /opt/ros/jazzy/lib/libbuiltin_interfaces__rosidl_typesupport_fastrtps_c.so /opt/ros/jazzy/lib/librosidl_typesupport_fastrtps_c.so /opt/ros/jazzy/lib/libbuiltin_interfaces__rosidl_typesupport_introspection_c.so /opt/ros/jazzy/lib/libbuiltin_interfaces__rosidl_typesupport_fastrtps_cpp.so /opt/ros/jazzy/lib/librosidl_typesupport_fastrtps_cpp.so /opt/ros/jazzy/lib/librmw.so /opt/ros/jazzy/lib/librosidl_dynamic_typesupport.so /opt/ros/jazzy/lib/libfastcdr.so.2.2.8 /opt/ros/jazzy/lib/libbuiltin_interfaces__rosidl_typesupport_introspection_cpp.so /opt/ros/jazzy/lib/librosidl_typesupport_introspection_cpp.so /opt/ros/jazzy/lib/librosidl_typesupport_introspection_c.so /opt/ros/jazzy/lib/libbuiltin_interfaces__rosidl_typesupport_cpp.so /opt/ros/jazzy/lib/librosidl_typesupport_cpp.so /opt/ros/jazzy/lib/libbuiltin_interfaces__rosidl_generator_py.so /opt/ros/jazzy/lib/libbuiltin_interfaces__rosidl_typesupport_c.so /opt/ros/jazzy/lib/libbuiltin_interfaces__rosidl_generator_c.so /opt/ros/jazzy/lib/librosidl_typesupport_c.so /opt/ros/jazzy/lib/librcpputils.so /opt/ros/jazzy/lib/librosidl_runtime_c.so /opt/ros/jazzy/lib/librcutils.so -ldl -latomic -Wl,-rpath-link,/opt/ros/jazzy/lib 
gmake[2]: Entering directory '/home/vdt_2026/VDT_project/build/offboard_manager'
[ 28%] Linking CXX executable offboard_node
/usr/bin/cmake -E cmake_link_script CMakeFiles/offboard_node.dir/link.txt --verbose=1
/usr/bin/c++ -O3 -DNDEBUG CMakeFiles/offboard_node.dir/src/main.cpp.o CMakeFiles/offboard_node.dir/src/offboard_node.cpp.o CMakeFiles/offboard_node.dir/src/offboard_logic.cpp.o -o offboard_node  -Wl,-rpath,/opt/ros/jazzy/lib:/home/vdt_2026/ros2_ws/install/px4_msgs/lib:/home/vdt_2026/VDT_project/install/vdt_msgs/lib: /opt/ros/jazzy/lib/librclcpp.so /home/vdt_2026/ros2_ws/install/px4_msgs/lib/libpx4_msgs__rosidl_typesupport_fastrtps_c.so /home/vdt_2026/ros2_ws/install/px4_msgs/lib/libpx4_msgs__rosidl_typesupport_fastrtps_cpp.so /home/vdt_2026/ros2_ws/install/px4_msgs/lib/libpx4_msgs__rosidl_typesupport_introspection_c.so /home/vdt_2026/ros2_ws/install/px4_msgs/lib/libpx4_msgs__rosidl_typesupport_introspection_cpp.so /home/vdt_2026/ros2_ws/install/px4_msgs/lib/libpx4_msgs__rosidl_typesupport_cpp.so /home/vdt_2026/ros2_ws/install/px4_msgs/lib/libpx4_msgs__rosidl_generator_py.so /home/vdt_2026/VDT_project/install/vdt_msgs/lib/libvdt_msgs__rosidl_typesupport_fastrtps_c.so /home/vdt_2026/VDT_project/install/vdt_msgs/lib/libvdt_msgs__rosidl_typesupport_fastrtps_cpp.so /home/vdt_2026/VDT_project/install/vdt_msgs/lib/libvdt_msgs__rosidl_typesupport_introspection_c.so /home/vdt_2026/VDT_project/install/vdt_msgs/lib/libvdt_msgs__rosidl_typesupport_introspection_cpp.so /home/vdt_2026/VDT_project/install/vdt_msgs/lib/libvdt_msgs__rosidl_typesupport_cpp.so /home/vdt_2026/VDT_project/install/vdt_msgs/lib/libvdt_msgs__rosidl_generator_py.so /opt/ros/jazzy/lib/liblibstatistics_collector.so /opt/ros/jazzy/lib/librcl.so /opt/ros/jazzy/lib/librmw_implementation.so /opt/ros/jazzy/lib/libtype_description_interfaces__rosidl_typesupport_fastrtps_c.so /opt/ros/jazzy/lib/libtype_description_interfaces__rosidl_typesupport_introspection_c.so /opt/ros/jazzy/lib/libtype_description_interfaces__rosidl_typesupport_fastrtps_cpp.so /opt/ros/jazzy/lib/libtype_description_interfaces__rosidl_typesupport_introspection_cpp.so /opt/ros/jazzy/lib/libtype_description_interfaces__rosidl_typesupport_cpp.so /opt/ros/jazzy/lib/libtype_description_interfaces__rosidl_generator_py.so /opt/ros/jazzy/lib/libtype_description_interfaces__rosidl_typesupport_c.so /opt/ros/jazzy/lib/libtype_description_interfaces__rosidl_generator_c.so /opt/ros/jazzy/lib/librcl_yaml_param_parser.so /opt/ros/jazzy/lib/librosgraph_msgs__rosidl_typesupport_fastrtps_c.so /opt/ros/jazzy/lib/librosgraph_msgs__rosidl_typesupport_fastrtps_cpp.so /opt/ros/jazzy/lib/librosgraph_msgs__rosidl_typesupport_introspection_c.so /opt/ros/jazzy/lib/librosgraph_msgs__rosidl_typesupport_introspection_cpp.so /opt/ros/jazzy/lib/librosgraph_msgs__rosidl_typesupport_cpp.so /opt/ros/jazzy/lib/librosgraph_msgs__rosidl_generator_py.so /opt/ros/jazzy/lib/librcl_interfaces__rosidl_typesupport_fastrtps_c.so /opt/ros/jazzy/lib/librcl_interfaces__rosidl_typesupport_introspection_c.so /opt/ros/jazzy/lib/librcl_interfaces__rosidl_typesupport_fastrtps_cpp.so /opt/ros/jazzy/lib/librcl_interfaces__rosidl_typesupport_introspection_cpp.so /opt/ros/jazzy/lib/librcl_interfaces__rosidl_typesupport_cpp.so /opt/ros/jazzy/lib/librcl_interfaces__rosidl_generator_py.so /opt/ros/jazzy/lib/librosgraph_msgs__rosidl_typesupport_c.so /opt/ros/jazzy/lib/librcl_interfaces__rosidl_typesupport_c.so /opt/ros/jazzy/lib/librosgraph_msgs__rosidl_generator_c.so /opt/ros/jazzy/lib/librcl_interfaces__rosidl_generator_c.so /opt/ros/jazzy/lib/libstatistics_msgs__rosidl_typesupport_fastrtps_c.so /opt/ros/jazzy/lib/libstatistics_msgs__rosidl_typesupport_fastrtps_cpp.so /opt/ros/jazzy/lib/libstatistics_msgs__rosidl_typesupport_introspection_c.so /opt/ros/jazzy/lib/libstatistics_msgs__rosidl_typesupport_introspection_cpp.so /opt/ros/jazzy/lib/libstatistics_msgs__rosidl_typesupport_cpp.so /opt/ros/jazzy/lib/libstatistics_msgs__rosidl_generator_py.so /opt/ros/jazzy/lib/libstatistics_msgs__rosidl_typesupport_c.so /opt/ros/jazzy/lib/libstatistics_msgs__rosidl_generator_c.so /opt/ros/jazzy/lib/libtracetools.so -llttng-ust -llttng-ust-common -rdynamic -ldl /opt/ros/jazzy/lib/librcl_logging_interface.so /home/vdt_2026/ros2_ws/install/px4_msgs/lib/libpx4_msgs__rosidl_typesupport_c.so /home/vdt_2026/ros2_ws/install/px4_msgs/lib/libpx4_msgs__rosidl_generator_c.so /opt/ros/jazzy/lib/libservice_msgs__rosidl_typesupport_fastrtps_c.so /opt/ros/jazzy/lib/libservice_msgs__rosidl_typesupport_fastrtps_cpp.so /opt/ros/jazzy/lib/libservice_msgs__rosidl_typesupport_introspection_c.so /opt/ros/jazzy/lib/libservice_msgs__rosidl_typesupport_introspection_cpp.so /opt/ros/jazzy/lib/libservice_msgs__rosidl_typesupport_cpp.so /opt/ros/jazzy/lib/libservice_msgs__rosidl_typesupport_c.so /opt/ros/jazzy/lib/libservice_msgs__rosidl_generator_c.so /opt/ros/jazzy/lib/libstd_msgs__rosidl_typesupport_fastrtps_c.so /opt/ros/jazzy/lib/libstd_msgs__rosidl_typesupport_fastrtps_cpp.so /opt/ros/jazzy/lib/libstd_msgs__rosidl_typesupport_introspection_c.so /opt/ros/jazzy/lib/libstd_msgs__rosidl_typesupport_introspection_cpp.so /opt/ros/jazzy/lib/libstd_msgs__rosidl_typesupport_cpp.so /opt/ros/jazzy/lib/libstd_msgs__rosidl_generator_py.so /home/vdt_2026/VDT_project/install/vdt_msgs/lib/libvdt_msgs__rosidl_typesupport_c.so /opt/ros/jazzy/lib/libstd_msgs__rosidl_typesupport_c.so /home/vdt_2026/VDT_project/install/vdt_msgs/lib/libvdt_msgs__rosidl_generator_c.so /opt/ros/jazzy/lib/libstd_msgs__rosidl_generator_c.so /opt/ros/jazzy/lib/libbuiltin_interfaces__rosidl_typesupport_fastrtps_c.so /opt/ros/jazzy/lib/librosidl_typesupport_fastrtps_c.so /opt/ros/jazzy/lib/libbuiltin_interfaces__rosidl_typesupport_introspection_c.so /opt/ros/jazzy/lib/libbuiltin_interfaces__rosidl_typesupport_fastrtps_cpp.so /opt/ros/jazzy/lib/librosidl_typesupport_fastrtps_cpp.so /opt/ros/jazzy/lib/librmw.so /opt/ros/jazzy/lib/librosidl_dynamic_typesupport.so /opt/ros/jazzy/lib/libfastcdr.so.2.2.8 /opt/ros/jazzy/lib/libbuiltin_interfaces__rosidl_typesupport_introspection_cpp.so /opt/ros/jazzy/lib/librosidl_typesupport_introspection_cpp.so /opt/ros/jazzy/lib/librosidl_typesupport_introspection_c.so /opt/ros/jazzy/lib/libbuiltin_interfaces__rosidl_typesupport_cpp.so /opt/ros/jazzy/lib/librosidl_typesupport_cpp.so /opt/ros/jazzy/lib/libbuiltin_interfaces__rosidl_generator_py.so /opt/ros/jazzy/lib/libbuiltin_interfaces__rosidl_typesupport_c.so /opt/ros/jazzy/lib/libbuiltin_interfaces__rosidl_generator_c.so /opt/ros/jazzy/lib/librosidl_typesupport_c.so /opt/ros/jazzy/lib/librcpputils.so /opt/ros/jazzy/lib/librosidl_runtime_c.so /opt/ros/jazzy/lib/librcutils.so -ldl -latomic -Wl,-rpath-link,/opt/ros/jazzy/lib 
gmake[2]: Leaving directory '/home/vdt_2026/VDT_project/build/offboard_manager'
[ 57%] Built target offboard_logic_test
gmake[2]: Leaving directory '/home/vdt_2026/VDT_project/build/offboard_manager'
[100%] Built target offboard_node
gmake[1]: Leaving directory '/home/vdt_2026/VDT_project/build/offboard_manager'
/usr/bin/cmake -E cmake_progress_start /home/vdt_2026/VDT_project/build/offboard_manager/CMakeFiles 0

-- Install configuration: "Release"
-- Installing: /home/vdt_2026/VDT_project/install/offboard_manager/lib/offboard_manager/offboard_node
-- Set non-toolchain portion of runtime path of "/home/vdt_2026/VDT_project/install/offboard_manager/lib/offboard_manager/offboard_node" to ""
-- Installing: /home/vdt_2026/VDT_project/install/offboard_manager/share/ament_index/resource_index/package_run_dependencies/offboard_manager
-- Installing: /home/vdt_2026/VDT_project/install/offboard_manager/share/ament_index/resource_index/parent_prefix_path/offboard_manager
-- Installing: /home/vdt_2026/VDT_project/install/offboard_manager/share/offboard_manager/environment/ament_prefix_path.sh
-- Installing: /home/vdt_2026/VDT_project/install/offboard_manager/share/offboard_manager/environment/ament_prefix_path.dsv
-- Installing: /home/vdt_2026/VDT_project/install/offboard_manager/share/offboard_manager/environment/path.sh
-- Installing: /home/vdt_2026/VDT_project/install/offboard_manager/share/offboard_manager/environment/path.dsv
-- Installing: /home/vdt_2026/VDT_project/install/offboard_manager/share/offboard_manager/local_setup.bash
-- Installing: /home/vdt_2026/VDT_project/install/offboard_manager/share/offboard_manager/local_setup.sh
-- Installing: /home/vdt_2026/VDT_project/install/offboard_manager/share/offboard_manager/local_setup.zsh
-- Installing: /home/vdt_2026/VDT_project/install/offboard_manager/share/offboard_manager/local_setup.dsv
-- Installing: /home/vdt_2026/VDT_project/install/offboard_manager/share/offboard_manager/package.dsv
-- Installing: /home/vdt_2026/VDT_project/install/offboard_manager/share/ament_index/resource_index/packages/offboard_manager
-- Installing: /home/vdt_2026/VDT_project/install/offboard_manager/share/offboard_manager/cmake/offboard_managerConfig.cmake
-- Installing: /home/vdt_2026/VDT_project/install/offboard_manager/share/offboard_manager/cmake/offboard_managerConfig-version.cmake
-- Installing: /home/vdt_2026/VDT_project/install/offboard_manager/share/offboard_manager/package.xml
Finished <<< offboard_manager [2.10s]
Starting >>> rc_parser
-- Found ament_cmake: 2.5.6 (/opt/ros/jazzy/share/ament_cmake/cmake)
-- Found rclcpp: 28.1.22 (/opt/ros/jazzy/share/rclcpp/cmake)
-- Found rosidl_generator_c: 4.6.9 (/opt/ros/jazzy/share/rosidl_generator_c/cmake)
-- Found rosidl_generator_cpp: 4.6.9 (/opt/ros/jazzy/share/rosidl_generator_cpp/cmake)
-- Using all available rosidl_typesupport_c: rosidl_typesupport_fastrtps_c;rosidl_typesupport_introspection_c
-- Using all available rosidl_typesupport_cpp: rosidl_typesupport_fastrtps_cpp;rosidl_typesupport_introspection_cpp
-- Found rmw_implementation_cmake: 7.3.3 (/opt/ros/jazzy/share/rmw_implementation_cmake/cmake)
-- Found rmw_fastrtps_cpp: 8.4.4 (/opt/ros/jazzy/share/rmw_fastrtps_cpp/cmake)
-- Using RMW implementation 'rmw_fastrtps_cpp' as default
-- Found vdt_msgs: 0.1.0 (/home/vdt_2026/VDT_project/install/vdt_msgs/share/vdt_msgs/cmake)
-- Configuring done (0.9s)
-- Generating done (0.0s)
-- Build files have been written to: /home/vdt_2026/VDT_project/build/rc_parser
Change Dir: '/home/vdt_2026/VDT_project/build/rc_parser'

Run Build Command(s): /usr/bin/cmake -E env VERBOSE=1 /usr/bin/gmake -f Makefile -j4 -l4
/usr/bin/cmake -S/home/vdt_2026/VDT_project/ros2_ws/src/rc_parser -B/home/vdt_2026/VDT_project/build/rc_parser --check-build-system CMakeFiles/Makefile.cmake 0
/usr/bin/cmake -E cmake_progress_start /home/vdt_2026/VDT_project/build/rc_parser/CMakeFiles /home/vdt_2026/VDT_project/build/rc_parser//CMakeFiles/progress.marks
/usr/bin/gmake  -f CMakeFiles/Makefile2 all
gmake[1]: Entering directory '/home/vdt_2026/VDT_project/build/rc_parser'
/usr/bin/gmake  -f CMakeFiles/rc_parser_lib.dir/build.make CMakeFiles/rc_parser_lib.dir/depend
gmake[2]: Entering directory '/home/vdt_2026/VDT_project/build/rc_parser'
cd /home/vdt_2026/VDT_project/build/rc_parser && /usr/bin/cmake -E cmake_depends "Unix Makefiles" /home/vdt_2026/VDT_project/ros2_ws/src/rc_parser /home/vdt_2026/VDT_project/ros2_ws/src/rc_parser /home/vdt_2026/VDT_project/build/rc_parser /home/vdt_2026/VDT_project/build/rc_parser /home/vdt_2026/VDT_project/build/rc_parser/CMakeFiles/rc_parser_lib.dir/DependInfo.cmake "--color="
gmake[2]: Leaving directory '/home/vdt_2026/VDT_project/build/rc_parser'
/usr/bin/gmake  -f CMakeFiles/rc_parser_lib.dir/build.make CMakeFiles/rc_parser_lib.dir/build
gmake[2]: Entering directory '/home/vdt_2026/VDT_project/build/rc_parser'
[ 11%] Building CXX object CMakeFiles/rc_parser_lib.dir/src/rc_logic.cpp.o
/usr/bin/c++ -DDEFAULT_RMW_IMPLEMENTATION=rmw_fastrtps_cpp -DFASTCDR_DYN_LINK -I/home/vdt_2026/VDT_project/ros2_ws/src/rc_parser/include -isystem /home/vdt_2026/VDT_project/install/vdt_msgs/include/vdt_msgs -isystem /opt/ros/jazzy/include/rclcpp -isystem /opt/ros/jazzy/include/builtin_interfaces -isystem /opt/ros/jazzy/include/rosidl_runtime_c -isystem /opt/ros/jazzy/include/rcutils -isystem /opt/ros/jazzy/include/rosidl_typesupport_interface -isystem /opt/ros/jazzy/include/fastcdr -isystem /opt/ros/jazzy/include/rosidl_runtime_cpp -isystem /opt/ros/jazzy/include/rosidl_typesupport_fastrtps_cpp -isystem /opt/ros/jazzy/include/rmw -isystem /opt/ros/jazzy/include/rosidl_dynamic_typesupport -isystem /opt/ros/jazzy/include/rosidl_typesupport_fastrtps_c -isystem /opt/ros/jazzy/include/rosidl_typesupport_introspection_c -isystem /opt/ros/jazzy/include/rosidl_typesupport_introspection_cpp -isystem /opt/ros/jazzy/include/libstatistics_collector -isystem /opt/ros/jazzy/include/rcl -isystem /opt/ros/jazzy/include/rcl_interfaces -isystem /opt/ros/jazzy/include/service_msgs -isystem /opt/ros/jazzy/include/rcl_logging_interface -isystem /opt/ros/jazzy/include/rcl_yaml_param_parser -isystem /opt/ros/jazzy/include/type_description_interfaces -isystem /opt/ros/jazzy/include/rcpputils -isystem /opt/ros/jazzy/include/statistics_msgs -isystem /opt/ros/jazzy/include/rosgraph_msgs -isystem /opt/ros/jazzy/include/rosidl_typesupport_cpp -isystem /opt/ros/jazzy/include/rosidl_typesupport_c -isystem /opt/ros/jazzy/include/tracetools -isystem /opt/ros/jazzy/include/std_msgs -O3 -DNDEBUG -std=gnu++17 -MD -MT CMakeFiles/rc_parser_lib.dir/src/rc_logic.cpp.o -MF CMakeFiles/rc_parser_lib.dir/src/rc_logic.cpp.o.d -o CMakeFiles/rc_parser_lib.dir/src/rc_logic.cpp.o -c /home/vdt_2026/VDT_project/ros2_ws/src/rc_parser/src/rc_logic.cpp
[ 22%] Linking CXX static library librc_parser_lib.a
/usr/bin/cmake -P CMakeFiles/rc_parser_lib.dir/cmake_clean_target.cmake
/usr/bin/cmake -E cmake_link_script CMakeFiles/rc_parser_lib.dir/link.txt --verbose=1
/usr/bin/ar qc librc_parser_lib.a CMakeFiles/rc_parser_lib.dir/src/rc_logic.cpp.o
/usr/bin/ranlib librc_parser_lib.a
gmake[2]: Leaving directory '/home/vdt_2026/VDT_project/build/rc_parser'
[ 22%] Built target rc_parser_lib
/usr/bin/gmake  -f CMakeFiles/rc_node.dir/build.make CMakeFiles/rc_node.dir/depend
/usr/bin/gmake  -f CMakeFiles/rc_logic_test.dir/build.make CMakeFiles/rc_logic_test.dir/depend
gmake[2]: Entering directory '/home/vdt_2026/VDT_project/build/rc_parser'
cd /home/vdt_2026/VDT_project/build/rc_parser && /usr/bin/cmake -E cmake_depends "Unix Makefiles" /home/vdt_2026/VDT_project/ros2_ws/src/rc_parser /home/vdt_2026/VDT_project/ros2_ws/src/rc_parser /home/vdt_2026/VDT_project/build/rc_parser /home/vdt_2026/VDT_project/build/rc_parser /home/vdt_2026/VDT_project/build/rc_parser/CMakeFiles/rc_node.dir/DependInfo.cmake "--color="
gmake[2]: Entering directory '/home/vdt_2026/VDT_project/build/rc_parser'
cd /home/vdt_2026/VDT_project/build/rc_parser && /usr/bin/cmake -E cmake_depends "Unix Makefiles" /home/vdt_2026/VDT_project/ros2_ws/src/rc_parser /home/vdt_2026/VDT_project/ros2_ws/src/rc_parser /home/vdt_2026/VDT_project/build/rc_parser /home/vdt_2026/VDT_project/build/rc_parser /home/vdt_2026/VDT_project/build/rc_parser/CMakeFiles/rc_logic_test.dir/DependInfo.cmake "--color="
Dependencies file "CMakeFiles/rc_node.dir/src/main.cpp.o.d" is newer than depends file "/home/vdt_2026/VDT_project/build/rc_parser/CMakeFiles/rc_node.dir/compiler_depend.internal".
Dependencies file "CMakeFiles/rc_logic_test.dir/test/rc_logic_test.cpp.o.d" is newer than depends file "/home/vdt_2026/VDT_project/build/rc_parser/CMakeFiles/rc_logic_test.dir/compiler_depend.internal".
Consolidate compiler generated dependencies of target rc_logic_test
gmake[2]: Leaving directory '/home/vdt_2026/VDT_project/build/rc_parser'
/usr/bin/gmake  -f CMakeFiles/rc_logic_test.dir/build.make CMakeFiles/rc_logic_test.dir/build
Dependencies file "CMakeFiles/rc_node.dir/src/rc_node.cpp.o.d" is newer than depends file "/home/vdt_2026/VDT_project/build/rc_parser/CMakeFiles/rc_node.dir/compiler_depend.internal".
gmake[2]: Entering directory '/home/vdt_2026/VDT_project/build/rc_parser'
Dependencies file "CMakeFiles/rc_node.dir/src/rc_sbus.cpp.o.d" is newer than depends file "/home/vdt_2026/VDT_project/build/rc_parser/CMakeFiles/rc_node.dir/compiler_depend.internal".
Dependencies file "CMakeFiles/rc_node.dir/src/rc_uart.cpp.o.d" is newer than depends file "/home/vdt_2026/VDT_project/build/rc_parser/CMakeFiles/rc_node.dir/compiler_depend.internal".
Consolidate compiler generated dependencies of target rc_node
[ 33%] Linking CXX executable rc_logic_test
gmake[2]: Leaving directory '/home/vdt_2026/VDT_project/build/rc_parser'
/usr/bin/gmake  -f CMakeFiles/rc_node.dir/build.make CMakeFiles/rc_node.dir/build
/usr/bin/cmake -E cmake_link_script CMakeFiles/rc_logic_test.dir/link.txt --verbose=1
gmake[2]: Entering directory '/home/vdt_2026/VDT_project/build/rc_parser'
/usr/bin/c++ -O3 -DNDEBUG CMakeFiles/rc_logic_test.dir/test/rc_logic_test.cpp.o -o rc_logic_test  -Wl,-rpath,/opt/ros/jazzy/lib:/home/vdt_2026/VDT_project/install/vdt_msgs/lib librc_parser_lib.a /opt/ros/jazzy/lib/librclcpp.so /home/vdt_2026/VDT_project/install/vdt_msgs/lib/libvdt_msgs__rosidl_typesupport_fastrtps_c.so /home/vdt_2026/VDT_project/install/vdt_msgs/lib/libvdt_msgs__rosidl_typesupport_fastrtps_cpp.so /home/vdt_2026/VDT_project/install/vdt_msgs/lib/libvdt_msgs__rosidl_typesupport_introspection_c.so /home/vdt_2026/VDT_project/install/vdt_msgs/lib/libvdt_msgs__rosidl_typesupport_introspection_cpp.so /home/vdt_2026/VDT_project/install/vdt_msgs/lib/libvdt_msgs__rosidl_typesupport_cpp.so /home/vdt_2026/VDT_project/install/vdt_msgs/lib/libvdt_msgs__rosidl_generator_py.so /opt/ros/jazzy/lib/liblibstatistics_collector.so /opt/ros/jazzy/lib/librcl.so /opt/ros/jazzy/lib/librmw_implementation.so /opt/ros/jazzy/lib/libtype_description_interfaces__rosidl_typesupport_fastrtps_c.so /opt/ros/jazzy/lib/libtype_description_interfaces__rosidl_typesupport_introspection_c.so /opt/ros/jazzy/lib/libtype_description_interfaces__rosidl_typesupport_fastrtps_cpp.so /opt/ros/jazzy/lib/libtype_description_interfaces__rosidl_typesupport_introspection_cpp.so /opt/ros/jazzy/lib/libtype_description_interfaces__rosidl_typesupport_cpp.so /opt/ros/jazzy/lib/libtype_description_interfaces__rosidl_generator_py.so /opt/ros/jazzy/lib/libtype_description_interfaces__rosidl_typesupport_c.so /opt/ros/jazzy/lib/libtype_description_interfaces__rosidl_generator_c.so /opt/ros/jazzy/lib/librcl_yaml_param_parser.so /opt/ros/jazzy/lib/librosgraph_msgs__rosidl_typesupport_fastrtps_c.so /opt/ros/jazzy/lib/librosgraph_msgs__rosidl_typesupport_fastrtps_cpp.so /opt/ros/jazzy/lib/librosgraph_msgs__rosidl_typesupport_introspection_c.so /opt/ros/jazzy/lib/librosgraph_msgs__rosidl_typesupport_introspection_cpp.so /opt/ros/jazzy/lib/librosgraph_msgs__rosidl_typesupport_cpp.so /opt/ros/jazzy/lib/librosgraph_msgs__rosidl_generator_py.so /opt/ros/jazzy/lib/librcl_interfaces__rosidl_typesupport_fastrtps_c.so /opt/ros/jazzy/lib/librcl_interfaces__rosidl_typesupport_introspection_c.so /opt/ros/jazzy/lib/librcl_interfaces__rosidl_typesupport_fastrtps_cpp.so /opt/ros/jazzy/lib/librcl_interfaces__rosidl_typesupport_introspection_cpp.so /opt/ros/jazzy/lib/librcl_interfaces__rosidl_typesupport_cpp.so /opt/ros/jazzy/lib/librcl_interfaces__rosidl_generator_py.so /opt/ros/jazzy/lib/librosgraph_msgs__rosidl_typesupport_c.so /opt/ros/jazzy/lib/librcl_interfaces__rosidl_typesupport_c.so /opt/ros/jazzy/lib/librosgraph_msgs__rosidl_generator_c.so /opt/ros/jazzy/lib/librcl_interfaces__rosidl_generator_c.so /opt/ros/jazzy/lib/libservice_msgs__rosidl_typesupport_fastrtps_c.so /opt/ros/jazzy/lib/libservice_msgs__rosidl_typesupport_introspection_c.so /opt/ros/jazzy/lib/libservice_msgs__rosidl_typesupport_fastrtps_cpp.so /opt/ros/jazzy/lib/libservice_msgs__rosidl_typesupport_introspection_cpp.so /opt/ros/jazzy/lib/libservice_msgs__rosidl_typesupport_cpp.so /opt/ros/jazzy/lib/libservice_msgs__rosidl_typesupport_c.so /opt/ros/jazzy/lib/libservice_msgs__rosidl_generator_c.so /opt/ros/jazzy/lib/libstatistics_msgs__rosidl_typesupport_fastrtps_c.so /opt/ros/jazzy/lib/libstatistics_msgs__rosidl_typesupport_fastrtps_cpp.so /opt/ros/jazzy/lib/libstatistics_msgs__rosidl_typesupport_introspection_c.so /opt/ros/jazzy/lib/libstatistics_msgs__rosidl_typesupport_introspection_cpp.so /opt/ros/jazzy/lib/libstatistics_msgs__rosidl_typesupport_cpp.so /opt/ros/jazzy/lib/libstatistics_msgs__rosidl_generator_py.so /opt/ros/jazzy/lib/libstatistics_msgs__rosidl_typesupport_c.so /opt/ros/jazzy/lib/libstatistics_msgs__rosidl_generator_c.so /opt/ros/jazzy/lib/libtracetools.so -llttng-ust -llttng-ust-common -rdynamic -ldl /opt/ros/jazzy/lib/librcl_logging_interface.so /home/vdt_2026/VDT_project/install/vdt_msgs/lib/libvdt_msgs__rosidl_typesupport_c.so /home/vdt_2026/VDT_project/install/vdt_msgs/lib/libvdt_msgs__rosidl_generator_c.so /opt/ros/jazzy/lib/libstd_msgs__rosidl_typesupport_fastrtps_c.so /opt/ros/jazzy/lib/libstd_msgs__rosidl_typesupport_fastrtps_cpp.so /opt/ros/jazzy/lib/libstd_msgs__rosidl_typesupport_introspection_c.so /opt/ros/jazzy/lib/libstd_msgs__rosidl_typesupport_introspection_cpp.so /opt/ros/jazzy/lib/libstd_msgs__rosidl_typesupport_cpp.so /opt/ros/jazzy/lib/libbuiltin_interfaces__rosidl_typesupport_fastrtps_c.so /opt/ros/jazzy/lib/librosidl_typesupport_fastrtps_c.so /opt/ros/jazzy/lib/libbuiltin_interfaces__rosidl_typesupport_introspection_c.so /opt/ros/jazzy/lib/libbuiltin_interfaces__rosidl_typesupport_fastrtps_cpp.so /opt/ros/jazzy/lib/librosidl_typesupport_fastrtps_cpp.so /opt/ros/jazzy/lib/librmw.so /opt/ros/jazzy/lib/librosidl_dynamic_typesupport.so /opt/ros/jazzy/lib/libfastcdr.so.2.2.8 /opt/ros/jazzy/lib/libbuiltin_interfaces__rosidl_typesupport_introspection_cpp.so /opt/ros/jazzy/lib/librosidl_typesupport_introspection_cpp.so /opt/ros/jazzy/lib/librosidl_typesupport_introspection_c.so /opt/ros/jazzy/lib/libbuiltin_interfaces__rosidl_typesupport_cpp.so /opt/ros/jazzy/lib/librosidl_typesupport_cpp.so /opt/ros/jazzy/lib/libbuiltin_interfaces__rosidl_generator_py.so /opt/ros/jazzy/lib/libstd_msgs__rosidl_typesupport_c.so /opt/ros/jazzy/lib/libbuiltin_interfaces__rosidl_typesupport_c.so /opt/ros/jazzy/lib/libstd_msgs__rosidl_generator_c.so /opt/ros/jazzy/lib/libbuiltin_interfaces__rosidl_generator_c.so /opt/ros/jazzy/lib/librosidl_typesupport_c.so /opt/ros/jazzy/lib/librcpputils.so /opt/ros/jazzy/lib/librosidl_runtime_c.so /opt/ros/jazzy/lib/librcutils.so -ldl -latomic -Wl,-rpath-link,/opt/ros/jazzy/lib 
[ 44%] Linking CXX executable rc_node
/usr/bin/cmake -E cmake_link_script CMakeFiles/rc_node.dir/link.txt --verbose=1
/usr/bin/c++ -O3 -DNDEBUG CMakeFiles/rc_node.dir/src/main.cpp.o CMakeFiles/rc_node.dir/src/rc_node.cpp.o CMakeFiles/rc_node.dir/src/rc_sbus.cpp.o CMakeFiles/rc_node.dir/src/rc_uart.cpp.o -o rc_node  -Wl,-rpath,/opt/ros/jazzy/lib:/home/vdt_2026/VDT_project/install/vdt_msgs/lib: librc_parser_lib.a /opt/ros/jazzy/lib/librclcpp.so /home/vdt_2026/VDT_project/install/vdt_msgs/lib/libvdt_msgs__rosidl_typesupport_fastrtps_c.so /home/vdt_2026/VDT_project/install/vdt_msgs/lib/libvdt_msgs__rosidl_typesupport_fastrtps_cpp.so /home/vdt_2026/VDT_project/install/vdt_msgs/lib/libvdt_msgs__rosidl_typesupport_introspection_c.so /home/vdt_2026/VDT_project/install/vdt_msgs/lib/libvdt_msgs__rosidl_typesupport_introspection_cpp.so /home/vdt_2026/VDT_project/install/vdt_msgs/lib/libvdt_msgs__rosidl_typesupport_cpp.so /home/vdt_2026/VDT_project/install/vdt_msgs/lib/libvdt_msgs__rosidl_generator_py.so /opt/ros/jazzy/lib/liblibstatistics_collector.so /opt/ros/jazzy/lib/librcl.so /opt/ros/jazzy/lib/librmw_implementation.so /opt/ros/jazzy/lib/libtype_description_interfaces__rosidl_typesupport_fastrtps_c.so /opt/ros/jazzy/lib/libtype_description_interfaces__rosidl_typesupport_introspection_c.so /opt/ros/jazzy/lib/libtype_description_interfaces__rosidl_typesupport_fastrtps_cpp.so /opt/ros/jazzy/lib/libtype_description_interfaces__rosidl_typesupport_introspection_cpp.so /opt/ros/jazzy/lib/libtype_description_interfaces__rosidl_typesupport_cpp.so /opt/ros/jazzy/lib/libtype_description_interfaces__rosidl_generator_py.so /opt/ros/jazzy/lib/libtype_description_interfaces__rosidl_typesupport_c.so /opt/ros/jazzy/lib/libtype_description_interfaces__rosidl_generator_c.so /opt/ros/jazzy/lib/librcl_yaml_param_parser.so /opt/ros/jazzy/lib/librosgraph_msgs__rosidl_typesupport_fastrtps_c.so /opt/ros/jazzy/lib/librosgraph_msgs__rosidl_typesupport_fastrtps_cpp.so /opt/ros/jazzy/lib/librosgraph_msgs__rosidl_typesupport_introspection_c.so /opt/ros/jazzy/lib/librosgraph_msgs__rosidl_typesupport_introspection_cpp.so /opt/ros/jazzy/lib/librosgraph_msgs__rosidl_typesupport_cpp.so /opt/ros/jazzy/lib/librosgraph_msgs__rosidl_generator_py.so /opt/ros/jazzy/lib/librcl_interfaces__rosidl_typesupport_fastrtps_c.so /opt/ros/jazzy/lib/librcl_interfaces__rosidl_typesupport_introspection_c.so /opt/ros/jazzy/lib/librcl_interfaces__rosidl_typesupport_fastrtps_cpp.so /opt/ros/jazzy/lib/librcl_interfaces__rosidl_typesupport_introspection_cpp.so /opt/ros/jazzy/lib/librcl_interfaces__rosidl_typesupport_cpp.so /opt/ros/jazzy/lib/librcl_interfaces__rosidl_generator_py.so /opt/ros/jazzy/lib/librosgraph_msgs__rosidl_typesupport_c.so /opt/ros/jazzy/lib/librcl_interfaces__rosidl_typesupport_c.so /opt/ros/jazzy/lib/librosgraph_msgs__rosidl_generator_c.so /opt/ros/jazzy/lib/librcl_interfaces__rosidl_generator_c.so /opt/ros/jazzy/lib/libservice_msgs__rosidl_typesupport_fastrtps_c.so /opt/ros/jazzy/lib/libservice_msgs__rosidl_typesupport_introspection_c.so /opt/ros/jazzy/lib/libservice_msgs__rosidl_typesupport_fastrtps_cpp.so /opt/ros/jazzy/lib/libservice_msgs__rosidl_typesupport_introspection_cpp.so /opt/ros/jazzy/lib/libservice_msgs__rosidl_typesupport_cpp.so /opt/ros/jazzy/lib/libservice_msgs__rosidl_typesupport_c.so /opt/ros/jazzy/lib/libservice_msgs__rosidl_generator_c.so /opt/ros/jazzy/lib/libstatistics_msgs__rosidl_typesupport_fastrtps_c.so /opt/ros/jazzy/lib/libstatistics_msgs__rosidl_typesupport_fastrtps_cpp.so /opt/ros/jazzy/lib/libstatistics_msgs__rosidl_typesupport_introspection_c.so /opt/ros/jazzy/lib/libstatistics_msgs__rosidl_typesupport_introspection_cpp.so /opt/ros/jazzy/lib/libstatistics_msgs__rosidl_typesupport_cpp.so /opt/ros/jazzy/lib/libstatistics_msgs__rosidl_generator_py.so /opt/ros/jazzy/lib/libstatistics_msgs__rosidl_typesupport_c.so /opt/ros/jazzy/lib/libstatistics_msgs__rosidl_generator_c.so /opt/ros/jazzy/lib/libtracetools.so -llttng-ust -llttng-ust-common -rdynamic -ldl /opt/ros/jazzy/lib/librcl_logging_interface.so /home/vdt_2026/VDT_project/install/vdt_msgs/lib/libvdt_msgs__rosidl_typesupport_c.so /home/vdt_2026/VDT_project/install/vdt_msgs/lib/libvdt_msgs__rosidl_generator_c.so /opt/ros/jazzy/lib/libstd_msgs__rosidl_typesupport_fastrtps_c.so /opt/ros/jazzy/lib/libstd_msgs__rosidl_typesupport_fastrtps_cpp.so /opt/ros/jazzy/lib/libstd_msgs__rosidl_typesupport_introspection_c.so /opt/ros/jazzy/lib/libstd_msgs__rosidl_typesupport_introspection_cpp.so /opt/ros/jazzy/lib/libstd_msgs__rosidl_typesupport_cpp.so /opt/ros/jazzy/lib/libbuiltin_interfaces__rosidl_typesupport_fastrtps_c.so /opt/ros/jazzy/lib/librosidl_typesupport_fastrtps_c.so /opt/ros/jazzy/lib/libbuiltin_interfaces__rosidl_typesupport_introspection_c.so /opt/ros/jazzy/lib/libbuiltin_interfaces__rosidl_typesupport_fastrtps_cpp.so /opt/ros/jazzy/lib/librosidl_typesupport_fastrtps_cpp.so /opt/ros/jazzy/lib/librmw.so /opt/ros/jazzy/lib/librosidl_dynamic_typesupport.so /opt/ros/jazzy/lib/libfastcdr.so.2.2.8 /opt/ros/jazzy/lib/libbuiltin_interfaces__rosidl_typesupport_introspection_cpp.so /opt/ros/jazzy/lib/librosidl_typesupport_introspection_cpp.so /opt/ros/jazzy/lib/librosidl_typesupport_introspection_c.so /opt/ros/jazzy/lib/libbuiltin_interfaces__rosidl_typesupport_cpp.so /opt/ros/jazzy/lib/librosidl_typesupport_cpp.so /opt/ros/jazzy/lib/libbuiltin_interfaces__rosidl_generator_py.so /opt/ros/jazzy/lib/libstd_msgs__rosidl_typesupport_c.so /opt/ros/jazzy/lib/libbuiltin_interfaces__rosidl_typesupport_c.so /opt/ros/jazzy/lib/libstd_msgs__rosidl_generator_c.so /opt/ros/jazzy/lib/libbuiltin_interfaces__rosidl_generator_c.so /opt/ros/jazzy/lib/librosidl_typesupport_c.so /opt/ros/jazzy/lib/librcpputils.so /opt/ros/jazzy/lib/librosidl_runtime_c.so /opt/ros/jazzy/lib/librcutils.so -ldl -latomic -Wl,-rpath-link,/opt/ros/jazzy/lib 
gmake[2]: Leaving directory '/home/vdt_2026/VDT_project/build/rc_parser'
[ 55%] Built target rc_logic_test
gmake[2]: Leaving directory '/home/vdt_2026/VDT_project/build/rc_parser'
[100%] Built target rc_node
gmake[1]: Leaving directory '/home/vdt_2026/VDT_project/build/rc_parser'
/usr/bin/cmake -E cmake_progress_start /home/vdt_2026/VDT_project/build/rc_parser/CMakeFiles 0

-- Install configuration: "Release"
-- Installing: /home/vdt_2026/VDT_project/install/rc_parser/lib/librc_parser_lib.a
-- Installing: /home/vdt_2026/VDT_project/install/rc_parser/lib/rc_parser/rc_node
-- Set non-toolchain portion of runtime path of "/home/vdt_2026/VDT_project/install/rc_parser/lib/rc_parser/rc_node" to ""
-- Up-to-date: /home/vdt_2026/VDT_project/install/rc_parser/include
-- Up-to-date: /home/vdt_2026/VDT_project/install/rc_parser/include/rc_parser
-- Up-to-date: /home/vdt_2026/VDT_project/install/rc_parser/include/rc_parser/rc_logic.hpp
-- Up-to-date: /home/vdt_2026/VDT_project/install/rc_parser/include/rc_parser/rc_sbus.hpp
-- Up-to-date: /home/vdt_2026/VDT_project/install/rc_parser/include/rc_parser/rc_types.hpp
-- Up-to-date: /home/vdt_2026/VDT_project/install/rc_parser/include/rc_parser/rc_node.hpp
-- Up-to-date: /home/vdt_2026/VDT_project/install/rc_parser/include/rc_parser/rc_uart.hpp
-- Installing: /home/vdt_2026/VDT_project/install/rc_parser/share/rc_parser/environment/library_path.sh
-- Installing: /home/vdt_2026/VDT_project/install/rc_parser/share/rc_parser/environment/library_path.dsv
-- Up-to-date: /home/vdt_2026/VDT_project/install/rc_parser/share/ament_index/resource_index/package_run_dependencies/rc_parser
-- Up-to-date: /home/vdt_2026/VDT_project/install/rc_parser/share/ament_index/resource_index/parent_prefix_path/rc_parser
-- Up-to-date: /home/vdt_2026/VDT_project/install/rc_parser/share/rc_parser/environment/ament_prefix_path.sh
-- Up-to-date: /home/vdt_2026/VDT_project/install/rc_parser/share/rc_parser/environment/ament_prefix_path.dsv
-- Up-to-date: /home/vdt_2026/VDT_project/install/rc_parser/share/rc_parser/environment/path.sh
-- Up-to-date: /home/vdt_2026/VDT_project/install/rc_parser/share/rc_parser/environment/path.dsv
-- Up-to-date: /home/vdt_2026/VDT_project/install/rc_parser/share/rc_parser/local_setup.bash
-- Installing: /home/vdt_2026/VDT_project/install/rc_parser/share/rc_parser/local_setup.sh
-- Up-to-date: /home/vdt_2026/VDT_project/install/rc_parser/share/rc_parser/local_setup.zsh
-- Installing: /home/vdt_2026/VDT_project/install/rc_parser/share/rc_parser/local_setup.dsv
-- Installing: /home/vdt_2026/VDT_project/install/rc_parser/share/rc_parser/package.dsv
-- Up-to-date: /home/vdt_2026/VDT_project/install/rc_parser/share/ament_index/resource_index/packages/rc_parser
-- Installing: /home/vdt_2026/VDT_project/install/rc_parser/share/rc_parser/cmake/export_rc_parser_libExport.cmake
-- Installing: /home/vdt_2026/VDT_project/install/rc_parser/share/rc_parser/cmake/export_rc_parser_libExport-release.cmake
-- Installing: /home/vdt_2026/VDT_project/install/rc_parser/share/rc_parser/cmake/ament_cmake_export_targets-extras.cmake
-- Installing: /home/vdt_2026/VDT_project/install/rc_parser/share/rc_parser/cmake/ament_cmake_export_dependencies-extras.cmake
-- Installing: /home/vdt_2026/VDT_project/install/rc_parser/share/rc_parser/cmake/rc_parserConfig.cmake
-- Up-to-date: /home/vdt_2026/VDT_project/install/rc_parser/share/rc_parser/cmake/rc_parserConfig-version.cmake
-- Up-to-date: /home/vdt_2026/VDT_project/install/rc_parser/share/rc_parser/package.xml
Finished <<< rc_parser [2.21s]
Starting >>> vision_interface_bridge
-- The C compiler identification is GNU 13.3.0
-- The CXX compiler identification is GNU 13.3.0
-- Detecting C compiler ABI info
-- Detecting C compiler ABI info - done
-- Check for working C compiler: /usr/bin/cc - skipped
-- Detecting C compile features
-- Detecting C compile features - done
-- Detecting CXX compiler ABI info
-- Detecting CXX compiler ABI info - done
-- Check for working CXX compiler: /usr/bin/c++ - skipped
-- Detecting CXX compile features
-- Detecting CXX compile features - done
-- Found ament_cmake: 2.5.6 (/opt/ros/jazzy/share/ament_cmake/cmake)
-- Found Python3: /usr/bin/python3 (found version "3.12.3") found components: Interpreter 
-- Found rclcpp: 28.1.22 (/opt/ros/jazzy/share/rclcpp/cmake)
-- Found rosidl_generator_c: 4.6.9 (/opt/ros/jazzy/share/rosidl_generator_c/cmake)
-- Found rosidl_generator_cpp: 4.6.9 (/opt/ros/jazzy/share/rosidl_generator_cpp/cmake)
-- Using all available rosidl_typesupport_c: rosidl_typesupport_fastrtps_c;rosidl_typesupport_introspection_c
-- Using all available rosidl_typesupport_cpp: rosidl_typesupport_fastrtps_cpp;rosidl_typesupport_introspection_cpp
-- Found rmw_implementation_cmake: 7.3.3 (/opt/ros/jazzy/share/rmw_implementation_cmake/cmake)
-- Found rmw_fastrtps_cpp: 8.4.4 (/opt/ros/jazzy/share/rmw_fastrtps_cpp/cmake)
-- Found OpenSSL: /usr/lib/aarch64-linux-gnu/libcrypto.so (found version "3.0.13")  
-- Found FastRTPS: /opt/ros/jazzy/include (Required is at least version "2.13") 
-- Using RMW implementation 'rmw_fastrtps_cpp' as default
-- Found std_msgs: 5.3.8 (/opt/ros/jazzy/share/std_msgs/cmake)
-- Found sensor_msgs: 5.3.8 (/opt/ros/jazzy/share/sensor_msgs/cmake)
-- Found vision_msgs: 4.1.1 (/opt/ros/jazzy/share/vision_msgs/cmake)
-- Found vdt_msgs: 0.1.0 (/home/vdt_2026/VDT_project/install/vdt_msgs/share/vdt_msgs/cmake)
-- Configuring done (2.1s)
-- Generating done (0.0s)
-- Build files have been written to: /home/vdt_2026/VDT_project/build/vision_interface_bridge
Change Dir: '/home/vdt_2026/VDT_project/build/vision_interface_bridge'

Run Build Command(s): /usr/bin/cmake -E env VERBOSE=1 /usr/bin/gmake -f Makefile -j4 -l4
/usr/bin/cmake -S/home/vdt_2026/VDT_project/ros2_ws/src/vision_interface_bridge -B/home/vdt_2026/VDT_project/build/vision_interface_bridge --check-build-system CMakeFiles/Makefile.cmake 0
/usr/bin/cmake -E cmake_progress_start /home/vdt_2026/VDT_project/build/vision_interface_bridge/CMakeFiles /home/vdt_2026/VDT_project/build/vision_interface_bridge//CMakeFiles/progress.marks
/usr/bin/gmake  -f CMakeFiles/Makefile2 all
gmake[1]: Entering directory '/home/vdt_2026/VDT_project/build/vision_interface_bridge'
/usr/bin/gmake  -f CMakeFiles/vision_interface_bridge_node.dir/build.make CMakeFiles/vision_interface_bridge_node.dir/depend
/usr/bin/gmake  -f CMakeFiles/bridge_logic_test.dir/build.make CMakeFiles/bridge_logic_test.dir/depend
gmake[2]: Entering directory '/home/vdt_2026/VDT_project/build/vision_interface_bridge'
cd /home/vdt_2026/VDT_project/build/vision_interface_bridge && /usr/bin/cmake -E cmake_depends "Unix Makefiles" /home/vdt_2026/VDT_project/ros2_ws/src/vision_interface_bridge /home/vdt_2026/VDT_project/ros2_ws/src/vision_interface_bridge /home/vdt_2026/VDT_project/build/vision_interface_bridge /home/vdt_2026/VDT_project/build/vision_interface_bridge /home/vdt_2026/VDT_project/build/vision_interface_bridge/CMakeFiles/bridge_logic_test.dir/DependInfo.cmake "--color="
gmake[2]: Entering directory '/home/vdt_2026/VDT_project/build/vision_interface_bridge'
cd /home/vdt_2026/VDT_project/build/vision_interface_bridge && /usr/bin/cmake -E cmake_depends "Unix Makefiles" /home/vdt_2026/VDT_project/ros2_ws/src/vision_interface_bridge /home/vdt_2026/VDT_project/ros2_ws/src/vision_interface_bridge /home/vdt_2026/VDT_project/build/vision_interface_bridge /home/vdt_2026/VDT_project/build/vision_interface_bridge /home/vdt_2026/VDT_project/build/vision_interface_bridge/CMakeFiles/vision_interface_bridge_node.dir/DependInfo.cmake "--color="
gmake[2]: Leaving directory '/home/vdt_2026/VDT_project/build/vision_interface_bridge'
gmake[2]: Leaving directory '/home/vdt_2026/VDT_project/build/vision_interface_bridge'
/usr/bin/gmake  -f CMakeFiles/bridge_logic_test.dir/build.make CMakeFiles/bridge_logic_test.dir/build
/usr/bin/gmake  -f CMakeFiles/vision_interface_bridge_node.dir/build.make CMakeFiles/vision_interface_bridge_node.dir/build
gmake[2]: Entering directory '/home/vdt_2026/VDT_project/build/vision_interface_bridge'
gmake[2]: Entering directory '/home/vdt_2026/VDT_project/build/vision_interface_bridge'
[ 50%] Building CXX object CMakeFiles/vision_interface_bridge_node.dir/src/vision_interface_node.cpp.o
[ 50%] Building CXX object CMakeFiles/bridge_logic_test.dir/test/bridge_logic_test.cpp.o
/usr/bin/c++ -DDEFAULT_RMW_IMPLEMENTATION=rmw_fastrtps_cpp -DFASTCDR_DYN_LINK -I/home/vdt_2026/VDT_project/ros2_ws/src/vision_interface_bridge/include -isystem /home/vdt_2026/VDT_project/install/vdt_msgs/include/vdt_msgs -isystem /opt/ros/jazzy/include/rclcpp -isystem /opt/ros/jazzy/include/std_msgs -isystem /opt/ros/jazzy/include/sensor_msgs -isystem /opt/ros/jazzy/include/vision_msgs -isystem /opt/ros/jazzy/include/builtin_interfaces -isystem /opt/ros/jazzy/include/rosidl_runtime_c -isystem /opt/ros/jazzy/include/rcutils -isystem /opt/ros/jazzy/include/rosidl_typesupport_interface -isystem /opt/ros/jazzy/include/fastcdr -isystem /opt/ros/jazzy/include/rosidl_runtime_cpp -isystem /opt/ros/jazzy/include/rosidl_typesupport_fastrtps_cpp -isystem /opt/ros/jazzy/include/rmw -isystem /opt/ros/jazzy/include/rosidl_dynamic_typesupport -isystem /opt/ros/jazzy/include/rosidl_typesupport_fastrtps_c -isystem /opt/ros/jazzy/include/rosidl_typesupport_introspection_c -isystem /opt/ros/jazzy/include/rosidl_typesupport_introspection_cpp -isystem /opt/ros/jazzy/include/libstatistics_collector -isystem /opt/ros/jazzy/include/rcl -isystem /opt/ros/jazzy/include/rcl_interfaces -isystem /opt/ros/jazzy/include/service_msgs -isystem /opt/ros/jazzy/include/rcl_logging_interface -isystem /opt/ros/jazzy/include/rcl_yaml_param_parser -isystem /opt/ros/jazzy/include/type_description_interfaces -isystem /opt/ros/jazzy/include/rcpputils -isystem /opt/ros/jazzy/include/statistics_msgs -isystem /opt/ros/jazzy/include/rosgraph_msgs -isystem /opt/ros/jazzy/include/rosidl_typesupport_cpp -isystem /opt/ros/jazzy/include/rosidl_typesupport_c -isystem /opt/ros/jazzy/include/tracetools -isystem /opt/ros/jazzy/include/geometry_msgs  -MD -MT CMakeFiles/vision_interface_bridge_node.dir/src/vision_interface_node.cpp.o -MF CMakeFiles/vision_interface_bridge_node.dir/src/vision_interface_node.cpp.o.d -o CMakeFiles/vision_interface_bridge_node.dir/src/vision_interface_node.cpp.o -c /home/vdt_2026/VDT_project/ros2_ws/src/vision_interface_bridge/src/vision_interface_node.cpp
/usr/bin/c++  -I/home/vdt_2026/VDT_project/ros2_ws/src/vision_interface_bridge/include -UNDEBUG -MD -MT CMakeFiles/bridge_logic_test.dir/test/bridge_logic_test.cpp.o -MF CMakeFiles/bridge_logic_test.dir/test/bridge_logic_test.cpp.o.d -o CMakeFiles/bridge_logic_test.dir/test/bridge_logic_test.cpp.o -c /home/vdt_2026/VDT_project/ros2_ws/src/vision_interface_bridge/test/bridge_logic_test.cpp
[ 75%] Linking CXX executable bridge_logic_test
/usr/bin/cmake -E cmake_link_script CMakeFiles/bridge_logic_test.dir/link.txt --verbose=1
/usr/bin/c++ CMakeFiles/bridge_logic_test.dir/test/bridge_logic_test.cpp.o -o bridge_logic_test 
gmake[2]: Leaving directory '/home/vdt_2026/VDT_project/build/vision_interface_bridge'
[ 75%] Built target bridge_logic_test
[100%] Linking CXX executable vision_interface_bridge_node
/usr/bin/cmake -E cmake_link_script CMakeFiles/vision_interface_bridge_node.dir/link.txt --verbose=1
/usr/bin/c++ CMakeFiles/vision_interface_bridge_node.dir/src/vision_interface_node.cpp.o -o vision_interface_bridge_node  -Wl,-rpath,/opt/ros/jazzy/lib:/home/vdt_2026/VDT_project/install/vdt_msgs/lib: /opt/ros/jazzy/lib/librclcpp.so /opt/ros/jazzy/lib/libsensor_msgs__rosidl_typesupport_fastrtps_c.so /opt/ros/jazzy/lib/libsensor_msgs__rosidl_typesupport_fastrtps_cpp.so /opt/ros/jazzy/lib/libsensor_msgs__rosidl_typesupport_introspection_c.so /opt/ros/jazzy/lib/libsensor_msgs__rosidl_typesupport_introspection_cpp.so /opt/ros/jazzy/lib/libsensor_msgs__rosidl_generator_py.so /opt/ros/jazzy/lib/libvision_msgs__rosidl_typesupport_fastrtps_c.so /opt/ros/jazzy/lib/libvision_msgs__rosidl_typesupport_fastrtps_cpp.so /opt/ros/jazzy/lib/libvision_msgs__rosidl_typesupport_introspection_c.so /opt/ros/jazzy/lib/libvision_msgs__rosidl_typesupport_introspection_cpp.so /opt/ros/jazzy/lib/libvision_msgs__rosidl_typesupport_cpp.so /opt/ros/jazzy/lib/libvision_msgs__rosidl_generator_py.so /home/vdt_2026/VDT_project/install/vdt_msgs/lib/libvdt_msgs__rosidl_typesupport_fastrtps_c.so /home/vdt_2026/VDT_project/install/vdt_msgs/lib/libvdt_msgs__rosidl_typesupport_fastrtps_cpp.so /home/vdt_2026/VDT_project/install/vdt_msgs/lib/libvdt_msgs__rosidl_typesupport_introspection_c.so /home/vdt_2026/VDT_project/install/vdt_msgs/lib/libvdt_msgs__rosidl_typesupport_introspection_cpp.so /home/vdt_2026/VDT_project/install/vdt_msgs/lib/libvdt_msgs__rosidl_typesupport_cpp.so /home/vdt_2026/VDT_project/install/vdt_msgs/lib/libvdt_msgs__rosidl_generator_py.so /opt/ros/jazzy/lib/liblibstatistics_collector.so /opt/ros/jazzy/lib/librcl.so /opt/ros/jazzy/lib/librmw_implementation.so /opt/ros/jazzy/lib/libtype_description_interfaces__rosidl_typesupport_fastrtps_c.so /opt/ros/jazzy/lib/libtype_description_interfaces__rosidl_typesupport_introspection_c.so /opt/ros/jazzy/lib/libtype_description_interfaces__rosidl_typesupport_fastrtps_cpp.so /opt/ros/jazzy/lib/libtype_description_interfaces__rosidl_typesupport_introspection_cpp.so /opt/ros/jazzy/lib/libtype_description_interfaces__rosidl_typesupport_cpp.so /opt/ros/jazzy/lib/libtype_description_interfaces__rosidl_generator_py.so /opt/ros/jazzy/lib/libtype_description_interfaces__rosidl_typesupport_c.so /opt/ros/jazzy/lib/libtype_description_interfaces__rosidl_generator_c.so /opt/ros/jazzy/lib/librcl_yaml_param_parser.so /opt/ros/jazzy/lib/librosgraph_msgs__rosidl_typesupport_fastrtps_c.so /opt/ros/jazzy/lib/librosgraph_msgs__rosidl_typesupport_fastrtps_cpp.so /opt/ros/jazzy/lib/librosgraph_msgs__rosidl_typesupport_introspection_c.so /opt/ros/jazzy/lib/librosgraph_msgs__rosidl_typesupport_introspection_cpp.so /opt/ros/jazzy/lib/librosgraph_msgs__rosidl_typesupport_cpp.so /opt/ros/jazzy/lib/librosgraph_msgs__rosidl_generator_py.so /opt/ros/jazzy/lib/librcl_interfaces__rosidl_typesupport_fastrtps_c.so /opt/ros/jazzy/lib/librcl_interfaces__rosidl_typesupport_introspection_c.so /opt/ros/jazzy/lib/librcl_interfaces__rosidl_typesupport_fastrtps_cpp.so /opt/ros/jazzy/lib/librcl_interfaces__rosidl_typesupport_introspection_cpp.so /opt/ros/jazzy/lib/librcl_interfaces__rosidl_typesupport_cpp.so /opt/ros/jazzy/lib/librcl_interfaces__rosidl_generator_py.so /opt/ros/jazzy/lib/librosgraph_msgs__rosidl_typesupport_c.so /opt/ros/jazzy/lib/librcl_interfaces__rosidl_typesupport_c.so /opt/ros/jazzy/lib/librosgraph_msgs__rosidl_generator_c.so /opt/ros/jazzy/lib/librcl_interfaces__rosidl_generator_c.so /opt/ros/jazzy/lib/libstatistics_msgs__rosidl_typesupport_fastrtps_c.so /opt/ros/jazzy/lib/libstatistics_msgs__rosidl_typesupport_fastrtps_cpp.so /opt/ros/jazzy/lib/libstatistics_msgs__rosidl_typesupport_introspection_c.so /opt/ros/jazzy/lib/libstatistics_msgs__rosidl_typesupport_introspection_cpp.so /opt/ros/jazzy/lib/libstatistics_msgs__rosidl_typesupport_cpp.so /opt/ros/jazzy/lib/libstatistics_msgs__rosidl_generator_py.so /opt/ros/jazzy/lib/libstatistics_msgs__rosidl_typesupport_c.so /opt/ros/jazzy/lib/libstatistics_msgs__rosidl_generator_c.so /opt/ros/jazzy/lib/libtracetools.so -llttng-ust -llttng-ust-common -rdynamic -ldl /opt/ros/jazzy/lib/librcl_logging_interface.so /opt/ros/jazzy/lib/libsensor_msgs__rosidl_typesupport_c.so /opt/ros/jazzy/lib/libservice_msgs__rosidl_typesupport_fastrtps_c.so /opt/ros/jazzy/lib/libservice_msgs__rosidl_typesupport_fastrtps_cpp.so /opt/ros/jazzy/lib/libservice_msgs__rosidl_typesupport_introspection_c.so /opt/ros/jazzy/lib/libservice_msgs__rosidl_typesupport_introspection_cpp.so /opt/ros/jazzy/lib/libservice_msgs__rosidl_typesupport_c.so /opt/ros/jazzy/lib/libsensor_msgs__rosidl_typesupport_cpp.so /opt/ros/jazzy/lib/libsensor_msgs__rosidl_generator_c.so /opt/ros/jazzy/lib/libservice_msgs__rosidl_typesupport_cpp.so /opt/ros/jazzy/lib/libservice_msgs__rosidl_generator_c.so /opt/ros/jazzy/lib/libvision_msgs__rosidl_typesupport_c.so /opt/ros/jazzy/lib/libvision_msgs__rosidl_generator_c.so /opt/ros/jazzy/lib/libgeometry_msgs__rosidl_typesupport_fastrtps_c.so /opt/ros/jazzy/lib/libgeometry_msgs__rosidl_typesupport_fastrtps_cpp.so /opt/ros/jazzy/lib/libgeometry_msgs__rosidl_typesupport_introspection_c.so /opt/ros/jazzy/lib/libgeometry_msgs__rosidl_typesupport_introspection_cpp.so /opt/ros/jazzy/lib/libgeometry_msgs__rosidl_typesupport_cpp.so /opt/ros/jazzy/lib/libgeometry_msgs__rosidl_typesupport_c.so /opt/ros/jazzy/lib/libgeometry_msgs__rosidl_generator_c.so /opt/ros/jazzy/lib/libstd_msgs__rosidl_typesupport_fastrtps_c.so /opt/ros/jazzy/lib/libstd_msgs__rosidl_typesupport_fastrtps_cpp.so /opt/ros/jazzy/lib/libstd_msgs__rosidl_typesupport_introspection_c.so /opt/ros/jazzy/lib/libstd_msgs__rosidl_typesupport_introspection_cpp.so /opt/ros/jazzy/lib/libstd_msgs__rosidl_typesupport_cpp.so /opt/ros/jazzy/lib/libstd_msgs__rosidl_generator_py.so /home/vdt_2026/VDT_project/install/vdt_msgs/lib/libvdt_msgs__rosidl_typesupport_c.so /opt/ros/jazzy/lib/libstd_msgs__rosidl_typesupport_c.so /home/vdt_2026/VDT_project/install/vdt_msgs/lib/libvdt_msgs__rosidl_generator_c.so /opt/ros/jazzy/lib/libstd_msgs__rosidl_generator_c.so /opt/ros/jazzy/lib/libbuiltin_interfaces__rosidl_typesupport_fastrtps_c.so /opt/ros/jazzy/lib/librosidl_typesupport_fastrtps_c.so /opt/ros/jazzy/lib/libbuiltin_interfaces__rosidl_typesupport_introspection_c.so /opt/ros/jazzy/lib/libbuiltin_interfaces__rosidl_typesupport_fastrtps_cpp.so /opt/ros/jazzy/lib/librosidl_typesupport_fastrtps_cpp.so /opt/ros/jazzy/lib/librmw.so /opt/ros/jazzy/lib/librosidl_dynamic_typesupport.so /opt/ros/jazzy/lib/libfastcdr.so.2.2.8 /opt/ros/jazzy/lib/libbuiltin_interfaces__rosidl_typesupport_introspection_cpp.so /opt/ros/jazzy/lib/librosidl_typesupport_introspection_cpp.so /opt/ros/jazzy/lib/librosidl_typesupport_introspection_c.so /opt/ros/jazzy/lib/libbuiltin_interfaces__rosidl_typesupport_cpp.so /opt/ros/jazzy/lib/librosidl_typesupport_cpp.so /opt/ros/jazzy/lib/libbuiltin_interfaces__rosidl_generator_py.so /opt/ros/jazzy/lib/libbuiltin_interfaces__rosidl_typesupport_c.so /opt/ros/jazzy/lib/libbuiltin_interfaces__rosidl_generator_c.so /opt/ros/jazzy/lib/librosidl_typesupport_c.so /opt/ros/jazzy/lib/librcpputils.so /opt/ros/jazzy/lib/librosidl_runtime_c.so /opt/ros/jazzy/lib/librcutils.so -ldl -latomic -Wl,-rpath-link,/opt/ros/jazzy/lib 
gmake[2]: Leaving directory '/home/vdt_2026/VDT_project/build/vision_interface_bridge'
[100%] Built target vision_interface_bridge_node
gmake[1]: Leaving directory '/home/vdt_2026/VDT_project/build/vision_interface_bridge'
/usr/bin/cmake -E cmake_progress_start /home/vdt_2026/VDT_project/build/vision_interface_bridge/CMakeFiles 0

-- Install configuration: ""
-- Installing: /home/vdt_2026/VDT_project/install/vision_interface_bridge/lib/vision_interface_bridge/vision_interface_bridge_node
-- Set non-toolchain portion of runtime path of "/home/vdt_2026/VDT_project/install/vision_interface_bridge/lib/vision_interface_bridge/vision_interface_bridge_node" to ""
-- Installing: /home/vdt_2026/VDT_project/install/vision_interface_bridge/share/vision_interface_bridge/config
-- Installing: /home/vdt_2026/VDT_project/install/vision_interface_bridge/share/vision_interface_bridge/config/vision_interface_bridge.yaml
-- Installing: /home/vdt_2026/VDT_project/install/vision_interface_bridge/share/vision_interface_bridge/launch
-- Installing: /home/vdt_2026/VDT_project/install/vision_interface_bridge/share/vision_interface_bridge/launch/vision_interface_bridge.launch.py
-- Installing: /home/vdt_2026/VDT_project/install/vision_interface_bridge/share/ament_index/resource_index/package_run_dependencies/vision_interface_bridge
-- Installing: /home/vdt_2026/VDT_project/install/vision_interface_bridge/share/ament_index/resource_index/parent_prefix_path/vision_interface_bridge
-- Installing: /home/vdt_2026/VDT_project/install/vision_interface_bridge/share/vision_interface_bridge/environment/ament_prefix_path.sh
-- Installing: /home/vdt_2026/VDT_project/install/vision_interface_bridge/share/vision_interface_bridge/environment/ament_prefix_path.dsv
-- Installing: /home/vdt_2026/VDT_project/install/vision_interface_bridge/share/vision_interface_bridge/environment/path.sh
-- Installing: /home/vdt_2026/VDT_project/install/vision_interface_bridge/share/vision_interface_bridge/environment/path.dsv
-- Installing: /home/vdt_2026/VDT_project/install/vision_interface_bridge/share/vision_interface_bridge/local_setup.bash
-- Installing: /home/vdt_2026/VDT_project/install/vision_interface_bridge/share/vision_interface_bridge/local_setup.sh
-- Installing: /home/vdt_2026/VDT_project/install/vision_interface_bridge/share/vision_interface_bridge/local_setup.zsh
-- Installing: /home/vdt_2026/VDT_project/install/vision_interface_bridge/share/vision_interface_bridge/local_setup.dsv
-- Installing: /home/vdt_2026/VDT_project/install/vision_interface_bridge/share/vision_interface_bridge/package.dsv
-- Installing: /home/vdt_2026/VDT_project/install/vision_interface_bridge/share/ament_index/resource_index/packages/vision_interface_bridge
-- Installing: /home/vdt_2026/VDT_project/install/vision_interface_bridge/share/vision_interface_bridge/cmake/vision_interface_bridgeConfig.cmake
-- Installing: /home/vdt_2026/VDT_project/install/vision_interface_bridge/share/vision_interface_bridge/cmake/vision_interface_bridgeConfig-version.cmake
-- Installing: /home/vdt_2026/VDT_project/install/vision_interface_bridge/share/vision_interface_bridge/package.xml
Finished <<< vision_interface_bridge [31.1s]
Starting >>> apf_planner
running egg_info
creating ../../../build/apf_planner/apf_planner.egg-info
writing ../../../build/apf_planner/apf_planner.egg-info/PKG-INFO
writing dependency_links to ../../../build/apf_planner/apf_planner.egg-info/dependency_links.txt
writing entry points to ../../../build/apf_planner/apf_planner.egg-info/entry_points.txt
writing requirements to ../../../build/apf_planner/apf_planner.egg-info/requires.txt
writing top-level names to ../../../build/apf_planner/apf_planner.egg-info/top_level.txt
writing manifest file '../../../build/apf_planner/apf_planner.egg-info/SOURCES.txt'
reading manifest file '../../../build/apf_planner/apf_planner.egg-info/SOURCES.txt'
writing manifest file '../../../build/apf_planner/apf_planner.egg-info/SOURCES.txt'
running build
running build_py
creating /home/vdt_2026/VDT_project/build/apf_planner/build
creating /home/vdt_2026/VDT_project/build/apf_planner/build/lib
creating /home/vdt_2026/VDT_project/build/apf_planner/build/lib/apf_planner
copying apf_planner/planner_node.py -> /home/vdt_2026/VDT_project/build/apf_planner/build/lib/apf_planner
copying apf_planner/pointcloud_generator.py -> /home/vdt_2026/VDT_project/build/apf_planner/build/lib/apf_planner
copying apf_planner/__init__.py -> /home/vdt_2026/VDT_project/build/apf_planner/build/lib/apf_planner
copying apf_planner/apf_core.py -> /home/vdt_2026/VDT_project/build/apf_planner/build/lib/apf_planner
copying apf_planner/iapf_core.py -> /home/vdt_2026/VDT_project/build/apf_planner/build/lib/apf_planner
copying apf_planner/planner_merge_node.py -> /home/vdt_2026/VDT_project/build/apf_planner/build/lib/apf_planner
copying apf_planner/obstacles.py -> /home/vdt_2026/VDT_project/build/apf_planner/build/lib/apf_planner
copying apf_planner/markers.py -> /home/vdt_2026/VDT_project/build/apf_planner/build/lib/apf_planner
running install
running install_lib
creating /home/vdt_2026/VDT_project/install/apf_planner/lib/python3.12/site-packages/apf_planner
copying /home/vdt_2026/VDT_project/build/apf_planner/build/lib/apf_planner/planner_node.py -> /home/vdt_2026/VDT_project/install/apf_planner/lib/python3.12/site-packages/apf_planner
copying /home/vdt_2026/VDT_project/build/apf_planner/build/lib/apf_planner/pointcloud_generator.py -> /home/vdt_2026/VDT_project/install/apf_planner/lib/python3.12/site-packages/apf_planner
copying /home/vdt_2026/VDT_project/build/apf_planner/build/lib/apf_planner/__init__.py -> /home/vdt_2026/VDT_project/install/apf_planner/lib/python3.12/site-packages/apf_planner
copying /home/vdt_2026/VDT_project/build/apf_planner/build/lib/apf_planner/apf_core.py -> /home/vdt_2026/VDT_project/install/apf_planner/lib/python3.12/site-packages/apf_planner
copying /home/vdt_2026/VDT_project/build/apf_planner/build/lib/apf_planner/iapf_core.py -> /home/vdt_2026/VDT_project/install/apf_planner/lib/python3.12/site-packages/apf_planner
copying /home/vdt_2026/VDT_project/build/apf_planner/build/lib/apf_planner/planner_merge_node.py -> /home/vdt_2026/VDT_project/install/apf_planner/lib/python3.12/site-packages/apf_planner
copying /home/vdt_2026/VDT_project/build/apf_planner/build/lib/apf_planner/obstacles.py -> /home/vdt_2026/VDT_project/install/apf_planner/lib/python3.12/site-packages/apf_planner
copying /home/vdt_2026/VDT_project/build/apf_planner/build/lib/apf_planner/markers.py -> /home/vdt_2026/VDT_project/install/apf_planner/lib/python3.12/site-packages/apf_planner
byte-compiling /home/vdt_2026/VDT_project/install/apf_planner/lib/python3.12/site-packages/apf_planner/planner_node.py to planner_node.cpython-312.pyc
byte-compiling /home/vdt_2026/VDT_project/install/apf_planner/lib/python3.12/site-packages/apf_planner/pointcloud_generator.py to pointcloud_generator.cpython-312.pyc
byte-compiling /home/vdt_2026/VDT_project/install/apf_planner/lib/python3.12/site-packages/apf_planner/__init__.py to __init__.cpython-312.pyc
byte-compiling /home/vdt_2026/VDT_project/install/apf_planner/lib/python3.12/site-packages/apf_planner/apf_core.py to apf_core.cpython-312.pyc
byte-compiling /home/vdt_2026/VDT_project/install/apf_planner/lib/python3.12/site-packages/apf_planner/iapf_core.py to iapf_core.cpython-312.pyc
byte-compiling /home/vdt_2026/VDT_project/install/apf_planner/lib/python3.12/site-packages/apf_planner/planner_merge_node.py to planner_merge_node.cpython-312.pyc
byte-compiling /home/vdt_2026/VDT_project/install/apf_planner/lib/python3.12/site-packages/apf_planner/obstacles.py to obstacles.cpython-312.pyc
byte-compiling /home/vdt_2026/VDT_project/install/apf_planner/lib/python3.12/site-packages/apf_planner/markers.py to markers.cpython-312.pyc
running install_data
creating /home/vdt_2026/VDT_project/install/apf_planner/share/ament_index
creating /home/vdt_2026/VDT_project/install/apf_planner/share/ament_index/resource_index
creating /home/vdt_2026/VDT_project/install/apf_planner/share/ament_index/resource_index/packages
copying resource/apf_planner -> /home/vdt_2026/VDT_project/install/apf_planner/share/ament_index/resource_index/packages
copying package.xml -> /home/vdt_2026/VDT_project/install/apf_planner/share/apf_planner
creating /home/vdt_2026/VDT_project/install/apf_planner/share/apf_planner/launch
copying launch/apf_planner.launch.py -> /home/vdt_2026/VDT_project/install/apf_planner/share/apf_planner/launch
running install_egg_info
Copying ../../../build/apf_planner/apf_planner.egg-info to /home/vdt_2026/VDT_project/install/apf_planner/lib/python3.12/site-packages/apf_planner-0.1.0-py3.12.egg-info
running install_scripts
Installing planner_merge_node script to /home/vdt_2026/VDT_project/install/apf_planner/lib/apf_planner
Installing planner_node script to /home/vdt_2026/VDT_project/install/apf_planner/lib/apf_planner
Installing pointcloud_generator script to /home/vdt_2026/VDT_project/install/apf_planner/lib/apf_planner
writing list of installed files to '/home/vdt_2026/VDT_project/build/apf_planner/install.log'
Finished <<< apf_planner [1.73s]
Starting >>> gimbal_control
-- The C compiler identification is GNU 13.3.0
-- The CXX compiler identification is GNU 13.3.0
-- Detecting C compiler ABI info
-- Detecting C compiler ABI info - done
-- Check for working C compiler: /usr/bin/cc - skipped
-- Detecting C compile features
-- Detecting C compile features - done
-- Detecting CXX compiler ABI info
-- Detecting CXX compiler ABI info - done
-- Check for working CXX compiler: /usr/bin/c++ - skipped
-- Detecting CXX compile features
-- Detecting CXX compile features - done
-- Found ament_cmake: 2.5.6 (/opt/ros/jazzy/share/ament_cmake/cmake)
-- Found Python3: /usr/bin/python3 (found version "3.12.3") found components: Interpreter 
-- Found rclcpp: 28.1.22 (/opt/ros/jazzy/share/rclcpp/cmake)
-- Found rosidl_generator_c: 4.6.9 (/opt/ros/jazzy/share/rosidl_generator_c/cmake)
-- Found rosidl_generator_cpp: 4.6.9 (/opt/ros/jazzy/share/rosidl_generator_cpp/cmake)
-- Using all available rosidl_typesupport_c: rosidl_typesupport_fastrtps_c;rosidl_typesupport_introspection_c
-- Using all available rosidl_typesupport_cpp: rosidl_typesupport_fastrtps_cpp;rosidl_typesupport_introspection_cpp
-- Found rmw_implementation_cmake: 7.3.3 (/opt/ros/jazzy/share/rmw_implementation_cmake/cmake)
-- Found rmw_fastrtps_cpp: 8.4.4 (/opt/ros/jazzy/share/rmw_fastrtps_cpp/cmake)
-- Found OpenSSL: /usr/lib/aarch64-linux-gnu/libcrypto.so (found version "3.0.13")  
-- Found FastRTPS: /opt/ros/jazzy/include (Required is at least version "2.13") 
-- Using RMW implementation 'rmw_fastrtps_cpp' as default
-- Found std_msgs: 5.3.8 (/opt/ros/jazzy/share/std_msgs/cmake)
-- Found nav_msgs: 5.3.8 (/opt/ros/jazzy/share/nav_msgs/cmake)
-- Found vdt_msgs: 0.1.0 (/home/vdt_2026/VDT_project/install/vdt_msgs/share/vdt_msgs/cmake)
-- Configuring done (1.7s)
-- Generating done (0.0s)
-- Build files have been written to: /home/vdt_2026/VDT_project/build/gimbal_control
Change Dir: '/home/vdt_2026/VDT_project/build/gimbal_control'

Run Build Command(s): /usr/bin/cmake -E env VERBOSE=1 /usr/bin/gmake -f Makefile -j4 -l4
/usr/bin/cmake -S/home/vdt_2026/VDT_project/ros2_ws/src/gimbal_control -B/home/vdt_2026/VDT_project/build/gimbal_control --check-build-system CMakeFiles/Makefile.cmake 0
/usr/bin/cmake -E cmake_progress_start /home/vdt_2026/VDT_project/build/gimbal_control/CMakeFiles /home/vdt_2026/VDT_project/build/gimbal_control//CMakeFiles/progress.marks
/usr/bin/gmake  -f CMakeFiles/Makefile2 all
gmake[1]: Entering directory '/home/vdt_2026/VDT_project/build/gimbal_control'
/usr/bin/gmake  -f CMakeFiles/gimbal_node.dir/build.make CMakeFiles/gimbal_node.dir/depend
/usr/bin/gmake  -f CMakeFiles/gimbal_logic_test.dir/build.make CMakeFiles/gimbal_logic_test.dir/depend
gmake[2]: Entering directory '/home/vdt_2026/VDT_project/build/gimbal_control'
cd /home/vdt_2026/VDT_project/build/gimbal_control && /usr/bin/cmake -E cmake_depends "Unix Makefiles" /home/vdt_2026/VDT_project/ros2_ws/src/gimbal_control /home/vdt_2026/VDT_project/ros2_ws/src/gimbal_control /home/vdt_2026/VDT_project/build/gimbal_control /home/vdt_2026/VDT_project/build/gimbal_control /home/vdt_2026/VDT_project/build/gimbal_control/CMakeFiles/gimbal_logic_test.dir/DependInfo.cmake "--color="
gmake[2]: Entering directory '/home/vdt_2026/VDT_project/build/gimbal_control'
cd /home/vdt_2026/VDT_project/build/gimbal_control && /usr/bin/cmake -E cmake_depends "Unix Makefiles" /home/vdt_2026/VDT_project/ros2_ws/src/gimbal_control /home/vdt_2026/VDT_project/ros2_ws/src/gimbal_control /home/vdt_2026/VDT_project/build/gimbal_control /home/vdt_2026/VDT_project/build/gimbal_control /home/vdt_2026/VDT_project/build/gimbal_control/CMakeFiles/gimbal_node.dir/DependInfo.cmake "--color="
gmake[2]: Leaving directory '/home/vdt_2026/VDT_project/build/gimbal_control'
gmake[2]: Leaving directory '/home/vdt_2026/VDT_project/build/gimbal_control'
/usr/bin/gmake  -f CMakeFiles/gimbal_node.dir/build.make CMakeFiles/gimbal_node.dir/build
/usr/bin/gmake  -f CMakeFiles/gimbal_logic_test.dir/build.make CMakeFiles/gimbal_logic_test.dir/build
gmake[2]: Entering directory '/home/vdt_2026/VDT_project/build/gimbal_control'
gmake[2]: Entering directory '/home/vdt_2026/VDT_project/build/gimbal_control'
[ 57%] Building CXX object CMakeFiles/gimbal_node.dir/src/main.cpp.o
[ 57%] Building CXX object CMakeFiles/gimbal_logic_test.dir/test/gimbal_logic_test.cpp.o
[ 57%] Building CXX object CMakeFiles/gimbal_node.dir/src/gimbal_node.cpp.o
[ 57%] Building CXX object CMakeFiles/gimbal_logic_test.dir/src/gimbal_logic.cpp.o
/usr/bin/c++ -DFASTCDR_DYN_LINK -I/home/vdt_2026/VDT_project/ros2_ws/src/gimbal_control/include -isystem /home/vdt_2026/VDT_project/install/vdt_msgs/include/vdt_msgs -isystem /opt/ros/jazzy/include/std_msgs -isystem /opt/ros/jazzy/include/builtin_interfaces -isystem /opt/ros/jazzy/include/rosidl_runtime_c -isystem /opt/ros/jazzy/include/rcutils -isystem /opt/ros/jazzy/include/rosidl_typesupport_interface -isystem /opt/ros/jazzy/include/fastcdr -isystem /opt/ros/jazzy/include/rosidl_runtime_cpp -isystem /opt/ros/jazzy/include/rosidl_typesupport_fastrtps_cpp -isystem /opt/ros/jazzy/include/rmw -isystem /opt/ros/jazzy/include/rosidl_dynamic_typesupport -isystem /opt/ros/jazzy/include/rosidl_typesupport_fastrtps_c -isystem /opt/ros/jazzy/include/rosidl_typesupport_introspection_c -isystem /opt/ros/jazzy/include/rosidl_typesupport_introspection_cpp -O3 -DNDEBUG -std=gnu++17 -MD -MT CMakeFiles/gimbal_logic_test.dir/test/gimbal_logic_test.cpp.o -MF CMakeFiles/gimbal_logic_test.dir/test/gimbal_logic_test.cpp.o.d -o CMakeFiles/gimbal_logic_test.dir/test/gimbal_logic_test.cpp.o -c /home/vdt_2026/VDT_project/ros2_ws/src/gimbal_control/test/gimbal_logic_test.cpp
/usr/bin/c++ -DDEFAULT_RMW_IMPLEMENTATION=rmw_fastrtps_cpp -DFASTCDR_DYN_LINK -I/home/vdt_2026/VDT_project/ros2_ws/src/gimbal_control/include -isystem /home/vdt_2026/VDT_project/install/vdt_msgs/include/vdt_msgs -isystem /opt/ros/jazzy/include/rclcpp -isystem /opt/ros/jazzy/include/std_msgs -isystem /opt/ros/jazzy/include/nav_msgs -isystem /opt/ros/jazzy/include/builtin_interfaces -isystem /opt/ros/jazzy/include/rosidl_runtime_c -isystem /opt/ros/jazzy/include/rcutils -isystem /opt/ros/jazzy/include/rosidl_typesupport_interface -isystem /opt/ros/jazzy/include/fastcdr -isystem /opt/ros/jazzy/include/rosidl_runtime_cpp -isystem /opt/ros/jazzy/include/rosidl_typesupport_fastrtps_cpp -isystem /opt/ros/jazzy/include/rmw -isystem /opt/ros/jazzy/include/rosidl_dynamic_typesupport -isystem /opt/ros/jazzy/include/rosidl_typesupport_fastrtps_c -isystem /opt/ros/jazzy/include/rosidl_typesupport_introspection_c -isystem /opt/ros/jazzy/include/rosidl_typesupport_introspection_cpp -isystem /opt/ros/jazzy/include/libstatistics_collector -isystem /opt/ros/jazzy/include/rcl -isystem /opt/ros/jazzy/include/rcl_interfaces -isystem /opt/ros/jazzy/include/service_msgs -isystem /opt/ros/jazzy/include/rcl_logging_interface -isystem /opt/ros/jazzy/include/rcl_yaml_param_parser -isystem /opt/ros/jazzy/include/type_description_interfaces -isystem /opt/ros/jazzy/include/rcpputils -isystem /opt/ros/jazzy/include/statistics_msgs -isystem /opt/ros/jazzy/include/rosgraph_msgs -isystem /opt/ros/jazzy/include/rosidl_typesupport_cpp -isystem /opt/ros/jazzy/include/rosidl_typesupport_c -isystem /opt/ros/jazzy/include/tracetools -isystem /opt/ros/jazzy/include/geometry_msgs -O3 -DNDEBUG -std=gnu++17 -MD -MT CMakeFiles/gimbal_node.dir/src/gimbal_node.cpp.o -MF CMakeFiles/gimbal_node.dir/src/gimbal_node.cpp.o.d -o CMakeFiles/gimbal_node.dir/src/gimbal_node.cpp.o -c /home/vdt_2026/VDT_project/ros2_ws/src/gimbal_control/src/gimbal_node.cpp
/usr/bin/c++ -DFASTCDR_DYN_LINK -I/home/vdt_2026/VDT_project/ros2_ws/src/gimbal_control/include -isystem /home/vdt_2026/VDT_project/install/vdt_msgs/include/vdt_msgs -isystem /opt/ros/jazzy/include/std_msgs -isystem /opt/ros/jazzy/include/builtin_interfaces -isystem /opt/ros/jazzy/include/rosidl_runtime_c -isystem /opt/ros/jazzy/include/rcutils -isystem /opt/ros/jazzy/include/rosidl_typesupport_interface -isystem /opt/ros/jazzy/include/fastcdr -isystem /opt/ros/jazzy/include/rosidl_runtime_cpp -isystem /opt/ros/jazzy/include/rosidl_typesupport_fastrtps_cpp -isystem /opt/ros/jazzy/include/rmw -isystem /opt/ros/jazzy/include/rosidl_dynamic_typesupport -isystem /opt/ros/jazzy/include/rosidl_typesupport_fastrtps_c -isystem /opt/ros/jazzy/include/rosidl_typesupport_introspection_c -isystem /opt/ros/jazzy/include/rosidl_typesupport_introspection_cpp -O3 -DNDEBUG -std=gnu++17 -MD -MT CMakeFiles/gimbal_logic_test.dir/src/gimbal_logic.cpp.o -MF CMakeFiles/gimbal_logic_test.dir/src/gimbal_logic.cpp.o.d -o CMakeFiles/gimbal_logic_test.dir/src/gimbal_logic.cpp.o -c /home/vdt_2026/VDT_project/ros2_ws/src/gimbal_control/src/gimbal_logic.cpp
/usr/bin/c++ -DDEFAULT_RMW_IMPLEMENTATION=rmw_fastrtps_cpp -DFASTCDR_DYN_LINK -I/home/vdt_2026/VDT_project/ros2_ws/src/gimbal_control/include -isystem /home/vdt_2026/VDT_project/install/vdt_msgs/include/vdt_msgs -isystem /opt/ros/jazzy/include/rclcpp -isystem /opt/ros/jazzy/include/std_msgs -isystem /opt/ros/jazzy/include/nav_msgs -isystem /opt/ros/jazzy/include/builtin_interfaces -isystem /opt/ros/jazzy/include/rosidl_runtime_c -isystem /opt/ros/jazzy/include/rcutils -isystem /opt/ros/jazzy/include/rosidl_typesupport_interface -isystem /opt/ros/jazzy/include/fastcdr -isystem /opt/ros/jazzy/include/rosidl_runtime_cpp -isystem /opt/ros/jazzy/include/rosidl_typesupport_fastrtps_cpp -isystem /opt/ros/jazzy/include/rmw -isystem /opt/ros/jazzy/include/rosidl_dynamic_typesupport -isystem /opt/ros/jazzy/include/rosidl_typesupport_fastrtps_c -isystem /opt/ros/jazzy/include/rosidl_typesupport_introspection_c -isystem /opt/ros/jazzy/include/rosidl_typesupport_introspection_cpp -isystem /opt/ros/jazzy/include/libstatistics_collector -isystem /opt/ros/jazzy/include/rcl -isystem /opt/ros/jazzy/include/rcl_interfaces -isystem /opt/ros/jazzy/include/service_msgs -isystem /opt/ros/jazzy/include/rcl_logging_interface -isystem /opt/ros/jazzy/include/rcl_yaml_param_parser -isystem /opt/ros/jazzy/include/type_description_interfaces -isystem /opt/ros/jazzy/include/rcpputils -isystem /opt/ros/jazzy/include/statistics_msgs -isystem /opt/ros/jazzy/include/rosgraph_msgs -isystem /opt/ros/jazzy/include/rosidl_typesupport_cpp -isystem /opt/ros/jazzy/include/rosidl_typesupport_c -isystem /opt/ros/jazzy/include/tracetools -isystem /opt/ros/jazzy/include/geometry_msgs -O3 -DNDEBUG -std=gnu++17 -MD -MT CMakeFiles/gimbal_node.dir/src/main.cpp.o -MF CMakeFiles/gimbal_node.dir/src/main.cpp.o.d -o CMakeFiles/gimbal_node.dir/src/main.cpp.o -c /home/vdt_2026/VDT_project/ros2_ws/src/gimbal_control/src/main.cpp
[ 71%] Building CXX object CMakeFiles/gimbal_node.dir/src/gimbal_logic.cpp.o
/usr/bin/c++ -DDEFAULT_RMW_IMPLEMENTATION=rmw_fastrtps_cpp -DFASTCDR_DYN_LINK -I/home/vdt_2026/VDT_project/ros2_ws/src/gimbal_control/include -isystem /home/vdt_2026/VDT_project/install/vdt_msgs/include/vdt_msgs -isystem /opt/ros/jazzy/include/rclcpp -isystem /opt/ros/jazzy/include/std_msgs -isystem /opt/ros/jazzy/include/nav_msgs -isystem /opt/ros/jazzy/include/builtin_interfaces -isystem /opt/ros/jazzy/include/rosidl_runtime_c -isystem /opt/ros/jazzy/include/rcutils -isystem /opt/ros/jazzy/include/rosidl_typesupport_interface -isystem /opt/ros/jazzy/include/fastcdr -isystem /opt/ros/jazzy/include/rosidl_runtime_cpp -isystem /opt/ros/jazzy/include/rosidl_typesupport_fastrtps_cpp -isystem /opt/ros/jazzy/include/rmw -isystem /opt/ros/jazzy/include/rosidl_dynamic_typesupport -isystem /opt/ros/jazzy/include/rosidl_typesupport_fastrtps_c -isystem /opt/ros/jazzy/include/rosidl_typesupport_introspection_c -isystem /opt/ros/jazzy/include/rosidl_typesupport_introspection_cpp -isystem /opt/ros/jazzy/include/libstatistics_collector -isystem /opt/ros/jazzy/include/rcl -isystem /opt/ros/jazzy/include/rcl_interfaces -isystem /opt/ros/jazzy/include/service_msgs -isystem /opt/ros/jazzy/include/rcl_logging_interface -isystem /opt/ros/jazzy/include/rcl_yaml_param_parser -isystem /opt/ros/jazzy/include/type_description_interfaces -isystem /opt/ros/jazzy/include/rcpputils -isystem /opt/ros/jazzy/include/statistics_msgs -isystem /opt/ros/jazzy/include/rosgraph_msgs -isystem /opt/ros/jazzy/include/rosidl_typesupport_cpp -isystem /opt/ros/jazzy/include/rosidl_typesupport_c -isystem /opt/ros/jazzy/include/tracetools -isystem /opt/ros/jazzy/include/geometry_msgs -O3 -DNDEBUG -std=gnu++17 -MD -MT CMakeFiles/gimbal_node.dir/src/gimbal_logic.cpp.o -MF CMakeFiles/gimbal_node.dir/src/gimbal_logic.cpp.o.d -o CMakeFiles/gimbal_node.dir/src/gimbal_logic.cpp.o -c /home/vdt_2026/VDT_project/ros2_ws/src/gimbal_control/src/gimbal_logic.cpp
[ 85%] Linking CXX executable gimbal_logic_test
/usr/bin/cmake -E cmake_link_script CMakeFiles/gimbal_logic_test.dir/link.txt --verbose=1
/usr/bin/c++ -O3 -DNDEBUG CMakeFiles/gimbal_logic_test.dir/test/gimbal_logic_test.cpp.o CMakeFiles/gimbal_logic_test.dir/src/gimbal_logic.cpp.o -o gimbal_logic_test  -Wl,-rpath,/home/vdt_2026/VDT_project/install/vdt_msgs/lib:/opt/ros/jazzy/lib /home/vdt_2026/VDT_project/install/vdt_msgs/lib/libvdt_msgs__rosidl_typesupport_fastrtps_c.so /home/vdt_2026/VDT_project/install/vdt_msgs/lib/libvdt_msgs__rosidl_typesupport_fastrtps_cpp.so /home/vdt_2026/VDT_project/install/vdt_msgs/lib/libvdt_msgs__rosidl_typesupport_introspection_c.so /home/vdt_2026/VDT_project/install/vdt_msgs/lib/libvdt_msgs__rosidl_typesupport_introspection_cpp.so /home/vdt_2026/VDT_project/install/vdt_msgs/lib/libvdt_msgs__rosidl_typesupport_cpp.so /home/vdt_2026/VDT_project/install/vdt_msgs/lib/libvdt_msgs__rosidl_generator_py.so /home/vdt_2026/VDT_project/install/vdt_msgs/lib/libvdt_msgs__rosidl_typesupport_c.so /home/vdt_2026/VDT_project/install/vdt_msgs/lib/libvdt_msgs__rosidl_generator_c.so /opt/ros/jazzy/lib/libstd_msgs__rosidl_typesupport_fastrtps_c.so /opt/ros/jazzy/lib/libstd_msgs__rosidl_typesupport_fastrtps_cpp.so /opt/ros/jazzy/lib/libstd_msgs__rosidl_typesupport_introspection_c.so /opt/ros/jazzy/lib/libstd_msgs__rosidl_typesupport_introspection_cpp.so /opt/ros/jazzy/lib/libstd_msgs__rosidl_typesupport_cpp.so /opt/ros/jazzy/lib/libbuiltin_interfaces__rosidl_typesupport_fastrtps_c.so /opt/ros/jazzy/lib/librosidl_typesupport_fastrtps_c.so /opt/ros/jazzy/lib/libbuiltin_interfaces__rosidl_typesupport_fastrtps_cpp.so /opt/ros/jazzy/lib/librosidl_typesupport_fastrtps_cpp.so /opt/ros/jazzy/lib/libfastcdr.so.2.2.8 /opt/ros/jazzy/lib/librmw.so /opt/ros/jazzy/lib/librosidl_dynamic_typesupport.so /opt/ros/jazzy/lib/libbuiltin_interfaces__rosidl_typesupport_introspection_c.so /opt/ros/jazzy/lib/libstd_msgs__rosidl_typesupport_c.so /opt/ros/jazzy/lib/libstd_msgs__rosidl_generator_c.so /opt/ros/jazzy/lib/libbuiltin_interfaces__rosidl_typesupport_introspection_cpp.so /opt/ros/jazzy/lib/librosidl_typesupport_introspection_cpp.so /opt/ros/jazzy/lib/librosidl_typesupport_introspection_c.so /opt/ros/jazzy/lib/libbuiltin_interfaces__rosidl_typesupport_cpp.so /opt/ros/jazzy/lib/libbuiltin_interfaces__rosidl_typesupport_c.so /opt/ros/jazzy/lib/libbuiltin_interfaces__rosidl_generator_c.so /opt/ros/jazzy/lib/librosidl_runtime_c.so /opt/ros/jazzy/lib/librcutils.so -ldl -latomic -Wl,-rpath-link,/opt/ros/jazzy/lib 
gmake[2]: Leaving directory '/home/vdt_2026/VDT_project/build/gimbal_control'
[ 85%] Built target gimbal_logic_test
[100%] Linking CXX executable gimbal_node
/usr/bin/cmake -E cmake_link_script CMakeFiles/gimbal_node.dir/link.txt --verbose=1
/usr/bin/c++ -O3 -DNDEBUG CMakeFiles/gimbal_node.dir/src/main.cpp.o CMakeFiles/gimbal_node.dir/src/gimbal_node.cpp.o CMakeFiles/gimbal_node.dir/src/gimbal_logic.cpp.o -o gimbal_node  -Wl,-rpath,/opt/ros/jazzy/lib:/home/vdt_2026/VDT_project/install/vdt_msgs/lib: /opt/ros/jazzy/lib/librclcpp.so /opt/ros/jazzy/lib/libnav_msgs__rosidl_typesupport_fastrtps_c.so /opt/ros/jazzy/lib/libnav_msgs__rosidl_typesupport_fastrtps_cpp.so /opt/ros/jazzy/lib/libnav_msgs__rosidl_typesupport_introspection_c.so /opt/ros/jazzy/lib/libnav_msgs__rosidl_typesupport_introspection_cpp.so /opt/ros/jazzy/lib/libnav_msgs__rosidl_typesupport_cpp.so /opt/ros/jazzy/lib/libnav_msgs__rosidl_generator_py.so /home/vdt_2026/VDT_project/install/vdt_msgs/lib/libvdt_msgs__rosidl_typesupport_fastrtps_c.so /home/vdt_2026/VDT_project/install/vdt_msgs/lib/libvdt_msgs__rosidl_typesupport_fastrtps_cpp.so /home/vdt_2026/VDT_project/install/vdt_msgs/lib/libvdt_msgs__rosidl_typesupport_introspection_c.so /home/vdt_2026/VDT_project/install/vdt_msgs/lib/libvdt_msgs__rosidl_typesupport_introspection_cpp.so /home/vdt_2026/VDT_project/install/vdt_msgs/lib/libvdt_msgs__rosidl_typesupport_cpp.so /home/vdt_2026/VDT_project/install/vdt_msgs/lib/libvdt_msgs__rosidl_generator_py.so /opt/ros/jazzy/lib/liblibstatistics_collector.so /opt/ros/jazzy/lib/librcl.so /opt/ros/jazzy/lib/librmw_implementation.so /opt/ros/jazzy/lib/libtype_description_interfaces__rosidl_typesupport_fastrtps_c.so /opt/ros/jazzy/lib/libtype_description_interfaces__rosidl_typesupport_introspection_c.so /opt/ros/jazzy/lib/libtype_description_interfaces__rosidl_typesupport_fastrtps_cpp.so /opt/ros/jazzy/lib/libtype_description_interfaces__rosidl_typesupport_introspection_cpp.so /opt/ros/jazzy/lib/libtype_description_interfaces__rosidl_typesupport_cpp.so /opt/ros/jazzy/lib/libtype_description_interfaces__rosidl_generator_py.so /opt/ros/jazzy/lib/libtype_description_interfaces__rosidl_typesupport_c.so /opt/ros/jazzy/lib/libtype_description_interfaces__rosidl_generator_c.so /opt/ros/jazzy/lib/librcl_yaml_param_parser.so /opt/ros/jazzy/lib/librosgraph_msgs__rosidl_typesupport_fastrtps_c.so /opt/ros/jazzy/lib/librosgraph_msgs__rosidl_typesupport_fastrtps_cpp.so /opt/ros/jazzy/lib/librosgraph_msgs__rosidl_typesupport_introspection_c.so /opt/ros/jazzy/lib/librosgraph_msgs__rosidl_typesupport_introspection_cpp.so /opt/ros/jazzy/lib/librosgraph_msgs__rosidl_typesupport_cpp.so /opt/ros/jazzy/lib/librosgraph_msgs__rosidl_generator_py.so /opt/ros/jazzy/lib/librcl_interfaces__rosidl_typesupport_fastrtps_c.so /opt/ros/jazzy/lib/librcl_interfaces__rosidl_typesupport_introspection_c.so /opt/ros/jazzy/lib/librcl_interfaces__rosidl_typesupport_fastrtps_cpp.so /opt/ros/jazzy/lib/librcl_interfaces__rosidl_typesupport_introspection_cpp.so /opt/ros/jazzy/lib/librcl_interfaces__rosidl_typesupport_cpp.so /opt/ros/jazzy/lib/librcl_interfaces__rosidl_generator_py.so /opt/ros/jazzy/lib/librosgraph_msgs__rosidl_typesupport_c.so /opt/ros/jazzy/lib/librcl_interfaces__rosidl_typesupport_c.so /opt/ros/jazzy/lib/librosgraph_msgs__rosidl_generator_c.so /opt/ros/jazzy/lib/librcl_interfaces__rosidl_generator_c.so /opt/ros/jazzy/lib/libstatistics_msgs__rosidl_typesupport_fastrtps_c.so /opt/ros/jazzy/lib/libstatistics_msgs__rosidl_typesupport_fastrtps_cpp.so /opt/ros/jazzy/lib/libstatistics_msgs__rosidl_typesupport_introspection_c.so /opt/ros/jazzy/lib/libstatistics_msgs__rosidl_typesupport_introspection_cpp.so /opt/ros/jazzy/lib/libstatistics_msgs__rosidl_typesupport_cpp.so /opt/ros/jazzy/lib/libstatistics_msgs__rosidl_generator_py.so /opt/ros/jazzy/lib/libstatistics_msgs__rosidl_typesupport_c.so /opt/ros/jazzy/lib/libstatistics_msgs__rosidl_generator_c.so /opt/ros/jazzy/lib/libtracetools.so -llttng-ust -llttng-ust-common -rdynamic -ldl /opt/ros/jazzy/lib/librcl_logging_interface.so /opt/ros/jazzy/lib/libnav_msgs__rosidl_typesupport_c.so /opt/ros/jazzy/lib/libnav_msgs__rosidl_generator_c.so /opt/ros/jazzy/lib/libgeometry_msgs__rosidl_typesupport_fastrtps_c.so /opt/ros/jazzy/lib/libservice_msgs__rosidl_typesupport_fastrtps_c.so /opt/ros/jazzy/lib/libgeometry_msgs__rosidl_typesupport_fastrtps_cpp.so /opt/ros/jazzy/lib/libservice_msgs__rosidl_typesupport_fastrtps_cpp.so /opt/ros/jazzy/lib/libgeometry_msgs__rosidl_typesupport_introspection_c.so /opt/ros/jazzy/lib/libservice_msgs__rosidl_typesupport_introspection_c.so /opt/ros/jazzy/lib/libgeometry_msgs__rosidl_typesupport_introspection_cpp.so /opt/ros/jazzy/lib/libservice_msgs__rosidl_typesupport_introspection_cpp.so /opt/ros/jazzy/lib/libgeometry_msgs__rosidl_typesupport_cpp.so /opt/ros/jazzy/lib/libservice_msgs__rosidl_typesupport_cpp.so /opt/ros/jazzy/lib/libgeometry_msgs__rosidl_typesupport_c.so /opt/ros/jazzy/lib/libgeometry_msgs__rosidl_generator_c.so /opt/ros/jazzy/lib/libservice_msgs__rosidl_typesupport_c.so /opt/ros/jazzy/lib/libservice_msgs__rosidl_generator_c.so /opt/ros/jazzy/lib/libstd_msgs__rosidl_typesupport_fastrtps_c.so /opt/ros/jazzy/lib/libstd_msgs__rosidl_typesupport_fastrtps_cpp.so /opt/ros/jazzy/lib/libstd_msgs__rosidl_typesupport_introspection_c.so /opt/ros/jazzy/lib/libstd_msgs__rosidl_typesupport_introspection_cpp.so /opt/ros/jazzy/lib/libstd_msgs__rosidl_typesupport_cpp.so /opt/ros/jazzy/lib/libstd_msgs__rosidl_generator_py.so /home/vdt_2026/VDT_project/install/vdt_msgs/lib/libvdt_msgs__rosidl_typesupport_c.so /opt/ros/jazzy/lib/libstd_msgs__rosidl_typesupport_c.so /home/vdt_2026/VDT_project/install/vdt_msgs/lib/libvdt_msgs__rosidl_generator_c.so /opt/ros/jazzy/lib/libstd_msgs__rosidl_generator_c.so /opt/ros/jazzy/lib/libbuiltin_interfaces__rosidl_typesupport_fastrtps_c.so /opt/ros/jazzy/lib/librosidl_typesupport_fastrtps_c.so /opt/ros/jazzy/lib/libbuiltin_interfaces__rosidl_typesupport_introspection_c.so /opt/ros/jazzy/lib/libbuiltin_interfaces__rosidl_typesupport_fastrtps_cpp.so /opt/ros/jazzy/lib/librosidl_typesupport_fastrtps_cpp.so /opt/ros/jazzy/lib/librmw.so /opt/ros/jazzy/lib/librosidl_dynamic_typesupport.so /opt/ros/jazzy/lib/libfastcdr.so.2.2.8 /opt/ros/jazzy/lib/libbuiltin_interfaces__rosidl_typesupport_introspection_cpp.so /opt/ros/jazzy/lib/librosidl_typesupport_introspection_cpp.so /opt/ros/jazzy/lib/librosidl_typesupport_introspection_c.so /opt/ros/jazzy/lib/libbuiltin_interfaces__rosidl_typesupport_cpp.so /opt/ros/jazzy/lib/librosidl_typesupport_cpp.so /opt/ros/jazzy/lib/libbuiltin_interfaces__rosidl_generator_py.so /opt/ros/jazzy/lib/libbuiltin_interfaces__rosidl_typesupport_c.so /opt/ros/jazzy/lib/libbuiltin_interfaces__rosidl_generator_c.so /opt/ros/jazzy/lib/librosidl_typesupport_c.so /opt/ros/jazzy/lib/librcpputils.so /opt/ros/jazzy/lib/librosidl_runtime_c.so /opt/ros/jazzy/lib/librcutils.so -ldl -latomic -Wl,-rpath-link,/opt/ros/jazzy/lib 
gmake[2]: Leaving directory '/home/vdt_2026/VDT_project/build/gimbal_control'
[100%] Built target gimbal_node
gmake[1]: Leaving directory '/home/vdt_2026/VDT_project/build/gimbal_control'
/usr/bin/cmake -E cmake_progress_start /home/vdt_2026/VDT_project/build/gimbal_control/CMakeFiles 0

-- Install configuration: "Release"
-- Installing: /home/vdt_2026/VDT_project/install/gimbal_control/lib/gimbal_control/gimbal_node
-- Set non-toolchain portion of runtime path of "/home/vdt_2026/VDT_project/install/gimbal_control/lib/gimbal_control/gimbal_node" to ""
-- Installing: /home/vdt_2026/VDT_project/install/gimbal_control/share/ament_index/resource_index/package_run_dependencies/gimbal_control
-- Installing: /home/vdt_2026/VDT_project/install/gimbal_control/share/ament_index/resource_index/parent_prefix_path/gimbal_control
-- Installing: /home/vdt_2026/VDT_project/install/gimbal_control/share/gimbal_control/environment/ament_prefix_path.sh
-- Installing: /home/vdt_2026/VDT_project/install/gimbal_control/share/gimbal_control/environment/ament_prefix_path.dsv
-- Installing: /home/vdt_2026/VDT_project/install/gimbal_control/share/gimbal_control/environment/path.sh
-- Installing: /home/vdt_2026/VDT_project/install/gimbal_control/share/gimbal_control/environment/path.dsv
-- Installing: /home/vdt_2026/VDT_project/install/gimbal_control/share/gimbal_control/local_setup.bash
-- Installing: /home/vdt_2026/VDT_project/install/gimbal_control/share/gimbal_control/local_setup.sh
-- Installing: /home/vdt_2026/VDT_project/install/gimbal_control/share/gimbal_control/local_setup.zsh
-- Installing: /home/vdt_2026/VDT_project/install/gimbal_control/share/gimbal_control/local_setup.dsv
-- Installing: /home/vdt_2026/VDT_project/install/gimbal_control/share/gimbal_control/package.dsv
-- Installing: /home/vdt_2026/VDT_project/install/gimbal_control/share/ament_index/resource_index/packages/gimbal_control
-- Installing: /home/vdt_2026/VDT_project/install/gimbal_control/share/gimbal_control/cmake/gimbal_controlConfig.cmake
-- Installing: /home/vdt_2026/VDT_project/install/gimbal_control/share/gimbal_control/cmake/gimbal_controlConfig-version.cmake
-- Installing: /home/vdt_2026/VDT_project/install/gimbal_control/share/gimbal_control/package.xml
Finished <<< gimbal_control [37.2s]
Starting >>> kill_switch
-- Found ament_cmake: 2.5.6 (/opt/ros/jazzy/share/ament_cmake/cmake)
-- Found rclcpp: 28.1.22 (/opt/ros/jazzy/share/rclcpp/cmake)
-- Found rosidl_generator_c: 4.6.9 (/opt/ros/jazzy/share/rosidl_generator_c/cmake)
-- Found rosidl_generator_cpp: 4.6.9 (/opt/ros/jazzy/share/rosidl_generator_cpp/cmake)
-- Using all available rosidl_typesupport_c: rosidl_typesupport_fastrtps_c;rosidl_typesupport_introspection_c
-- Using all available rosidl_typesupport_cpp: rosidl_typesupport_fastrtps_cpp;rosidl_typesupport_introspection_cpp
-- Found rmw_implementation_cmake: 7.3.3 (/opt/ros/jazzy/share/rmw_implementation_cmake/cmake)
-- Found rmw_fastrtps_cpp: 8.4.4 (/opt/ros/jazzy/share/rmw_fastrtps_cpp/cmake)
-- Using RMW implementation 'rmw_fastrtps_cpp' as default
-- Found std_msgs: 5.3.8 (/opt/ros/jazzy/share/std_msgs/cmake)
-- Found px4_msgs: 2.0.1 (/home/vdt_2026/ros2_ws/install/px4_msgs/share/px4_msgs/cmake)
-- Found rc_parser: 0.1.0 (/home/vdt_2026/VDT_project/install/rc_parser/share/rc_parser/cmake)
-- Configuring done (0.9s)
-- Generating done (0.1s)
-- Build files have been written to: /home/vdt_2026/VDT_project/build/kill_switch
Change Dir: '/home/vdt_2026/VDT_project/build/kill_switch'

Run Build Command(s): /usr/bin/cmake -E env VERBOSE=1 /usr/bin/gmake -f Makefile -j4 -l4
/usr/bin/cmake -S/home/vdt_2026/VDT_project/ros2_ws/src/kill_switch -B/home/vdt_2026/VDT_project/build/kill_switch --check-build-system CMakeFiles/Makefile.cmake 0
/usr/bin/cmake -E cmake_progress_start /home/vdt_2026/VDT_project/build/kill_switch/CMakeFiles /home/vdt_2026/VDT_project/build/kill_switch//CMakeFiles/progress.marks
/usr/bin/gmake  -f CMakeFiles/Makefile2 all
gmake[1]: Entering directory '/home/vdt_2026/VDT_project/build/kill_switch'
/usr/bin/gmake  -f CMakeFiles/kill_switch_node.dir/build.make CMakeFiles/kill_switch_node.dir/depend
gmake[2]: Entering directory '/home/vdt_2026/VDT_project/build/kill_switch'
cd /home/vdt_2026/VDT_project/build/kill_switch && /usr/bin/cmake -E cmake_depends "Unix Makefiles" /home/vdt_2026/VDT_project/ros2_ws/src/kill_switch /home/vdt_2026/VDT_project/ros2_ws/src/kill_switch /home/vdt_2026/VDT_project/build/kill_switch /home/vdt_2026/VDT_project/build/kill_switch /home/vdt_2026/VDT_project/build/kill_switch/CMakeFiles/kill_switch_node.dir/DependInfo.cmake "--color="
gmake[2]: Leaving directory '/home/vdt_2026/VDT_project/build/kill_switch'
/usr/bin/gmake  -f CMakeFiles/kill_switch_node.dir/build.make CMakeFiles/kill_switch_node.dir/build
gmake[2]: Entering directory '/home/vdt_2026/VDT_project/build/kill_switch'
[ 75%] Building CXX object CMakeFiles/kill_switch_node.dir/src/kill_switch_node.cpp.o
[ 50%] Building CXX object CMakeFiles/kill_switch_node.dir/src/main.cpp.o
[ 50%] Building CXX object CMakeFiles/kill_switch_node.dir/src/kill_switch_logic.cpp.o
/usr/bin/c++ -DDEFAULT_RMW_IMPLEMENTATION=rmw_fastrtps_cpp -DFASTCDR_DYN_LINK -I/home/vdt_2026/VDT_project/ros2_ws/src/kill_switch/include -isystem /home/vdt_2026/VDT_project/install/rc_parser/include -isystem /home/vdt_2026/VDT_project/install/vdt_msgs/include/vdt_msgs -isystem /home/vdt_2026/ros2_ws/install/px4_msgs/include/px4_msgs -isystem /opt/ros/jazzy/include/rclcpp -isystem /opt/ros/jazzy/include/std_msgs -isystem /opt/ros/jazzy/include/builtin_interfaces -isystem /opt/ros/jazzy/include/rosidl_runtime_c -isystem /opt/ros/jazzy/include/rcutils -isystem /opt/ros/jazzy/include/rosidl_typesupport_interface -isystem /opt/ros/jazzy/include/fastcdr -isystem /opt/ros/jazzy/include/rosidl_runtime_cpp -isystem /opt/ros/jazzy/include/rosidl_typesupport_fastrtps_cpp -isystem /opt/ros/jazzy/include/rmw -isystem /opt/ros/jazzy/include/rosidl_dynamic_typesupport -isystem /opt/ros/jazzy/include/rosidl_typesupport_fastrtps_c -isystem /opt/ros/jazzy/include/rosidl_typesupport_introspection_c -isystem /opt/ros/jazzy/include/rosidl_typesupport_introspection_cpp -isystem /opt/ros/jazzy/include/libstatistics_collector -isystem /opt/ros/jazzy/include/rcl -isystem /opt/ros/jazzy/include/rcl_interfaces -isystem /opt/ros/jazzy/include/service_msgs -isystem /opt/ros/jazzy/include/rcl_logging_interface -isystem /opt/ros/jazzy/include/rcl_yaml_param_parser -isystem /opt/ros/jazzy/include/type_description_interfaces -isystem /opt/ros/jazzy/include/rcpputils -isystem /opt/ros/jazzy/include/statistics_msgs -isystem /opt/ros/jazzy/include/rosgraph_msgs -isystem /opt/ros/jazzy/include/rosidl_typesupport_cpp -isystem /opt/ros/jazzy/include/rosidl_typesupport_c -isystem /opt/ros/jazzy/include/tracetools -O3 -DNDEBUG -std=gnu++17 -MD -MT CMakeFiles/kill_switch_node.dir/src/main.cpp.o -MF CMakeFiles/kill_switch_node.dir/src/main.cpp.o.d -o CMakeFiles/kill_switch_node.dir/src/main.cpp.o -c /home/vdt_2026/VDT_project/ros2_ws/src/kill_switch/src/main.cpp
/usr/bin/c++ -DDEFAULT_RMW_IMPLEMENTATION=rmw_fastrtps_cpp -DFASTCDR_DYN_LINK -I/home/vdt_2026/VDT_project/ros2_ws/src/kill_switch/include -isystem /home/vdt_2026/VDT_project/install/rc_parser/include -isystem /home/vdt_2026/VDT_project/install/vdt_msgs/include/vdt_msgs -isystem /home/vdt_2026/ros2_ws/install/px4_msgs/include/px4_msgs -isystem /opt/ros/jazzy/include/rclcpp -isystem /opt/ros/jazzy/include/std_msgs -isystem /opt/ros/jazzy/include/builtin_interfaces -isystem /opt/ros/jazzy/include/rosidl_runtime_c -isystem /opt/ros/jazzy/include/rcutils -isystem /opt/ros/jazzy/include/rosidl_typesupport_interface -isystem /opt/ros/jazzy/include/fastcdr -isystem /opt/ros/jazzy/include/rosidl_runtime_cpp -isystem /opt/ros/jazzy/include/rosidl_typesupport_fastrtps_cpp -isystem /opt/ros/jazzy/include/rmw -isystem /opt/ros/jazzy/include/rosidl_dynamic_typesupport -isystem /opt/ros/jazzy/include/rosidl_typesupport_fastrtps_c -isystem /opt/ros/jazzy/include/rosidl_typesupport_introspection_c -isystem /opt/ros/jazzy/include/rosidl_typesupport_introspection_cpp -isystem /opt/ros/jazzy/include/libstatistics_collector -isystem /opt/ros/jazzy/include/rcl -isystem /opt/ros/jazzy/include/rcl_interfaces -isystem /opt/ros/jazzy/include/service_msgs -isystem /opt/ros/jazzy/include/rcl_logging_interface -isystem /opt/ros/jazzy/include/rcl_yaml_param_parser -isystem /opt/ros/jazzy/include/type_description_interfaces -isystem /opt/ros/jazzy/include/rcpputils -isystem /opt/ros/jazzy/include/statistics_msgs -isystem /opt/ros/jazzy/include/rosgraph_msgs -isystem /opt/ros/jazzy/include/rosidl_typesupport_cpp -isystem /opt/ros/jazzy/include/rosidl_typesupport_c -isystem /opt/ros/jazzy/include/tracetools -O3 -DNDEBUG -std=gnu++17 -MD -MT CMakeFiles/kill_switch_node.dir/src/kill_switch_node.cpp.o -MF CMakeFiles/kill_switch_node.dir/src/kill_switch_node.cpp.o.d -o CMakeFiles/kill_switch_node.dir/src/kill_switch_node.cpp.o -c /home/vdt_2026/VDT_project/ros2_ws/src/kill_switch/src/kill_switch_node.cpp
/usr/bin/c++ -DDEFAULT_RMW_IMPLEMENTATION=rmw_fastrtps_cpp -DFASTCDR_DYN_LINK -I/home/vdt_2026/VDT_project/ros2_ws/src/kill_switch/include -isystem /home/vdt_2026/VDT_project/install/rc_parser/include -isystem /home/vdt_2026/VDT_project/install/vdt_msgs/include/vdt_msgs -isystem /home/vdt_2026/ros2_ws/install/px4_msgs/include/px4_msgs -isystem /opt/ros/jazzy/include/rclcpp -isystem /opt/ros/jazzy/include/std_msgs -isystem /opt/ros/jazzy/include/builtin_interfaces -isystem /opt/ros/jazzy/include/rosidl_runtime_c -isystem /opt/ros/jazzy/include/rcutils -isystem /opt/ros/jazzy/include/rosidl_typesupport_interface -isystem /opt/ros/jazzy/include/fastcdr -isystem /opt/ros/jazzy/include/rosidl_runtime_cpp -isystem /opt/ros/jazzy/include/rosidl_typesupport_fastrtps_cpp -isystem /opt/ros/jazzy/include/rmw -isystem /opt/ros/jazzy/include/rosidl_dynamic_typesupport -isystem /opt/ros/jazzy/include/rosidl_typesupport_fastrtps_c -isystem /opt/ros/jazzy/include/rosidl_typesupport_introspection_c -isystem /opt/ros/jazzy/include/rosidl_typesupport_introspection_cpp -isystem /opt/ros/jazzy/include/libstatistics_collector -isystem /opt/ros/jazzy/include/rcl -isystem /opt/ros/jazzy/include/rcl_interfaces -isystem /opt/ros/jazzy/include/service_msgs -isystem /opt/ros/jazzy/include/rcl_logging_interface -isystem /opt/ros/jazzy/include/rcl_yaml_param_parser -isystem /opt/ros/jazzy/include/type_description_interfaces -isystem /opt/ros/jazzy/include/rcpputils -isystem /opt/ros/jazzy/include/statistics_msgs -isystem /opt/ros/jazzy/include/rosgraph_msgs -isystem /opt/ros/jazzy/include/rosidl_typesupport_cpp -isystem /opt/ros/jazzy/include/rosidl_typesupport_c -isystem /opt/ros/jazzy/include/tracetools -O3 -DNDEBUG -std=gnu++17 -MD -MT CMakeFiles/kill_switch_node.dir/src/kill_switch_logic.cpp.o -MF CMakeFiles/kill_switch_node.dir/src/kill_switch_logic.cpp.o.d -o CMakeFiles/kill_switch_node.dir/src/kill_switch_logic.cpp.o -c /home/vdt_2026/VDT_project/ros2_ws/src/kill_switch/src/kill_switch_logic.cpp
[100%] Linking CXX executable kill_switch_node
/usr/bin/cmake -E cmake_link_script CMakeFiles/kill_switch_node.dir/link.txt --verbose=1
/usr/bin/c++ -O3 -DNDEBUG CMakeFiles/kill_switch_node.dir/src/main.cpp.o CMakeFiles/kill_switch_node.dir/src/kill_switch_node.cpp.o CMakeFiles/kill_switch_node.dir/src/kill_switch_logic.cpp.o -o kill_switch_node  -Wl,-rpath,/home/vdt_2026/ros2_ws/install/px4_msgs/lib:/opt/ros/jazzy/lib:/home/vdt_2026/VDT_project/install/vdt_msgs/lib: /home/vdt_2026/ros2_ws/install/px4_msgs/lib/libpx4_msgs__rosidl_typesupport_fastrtps_c.so /home/vdt_2026/ros2_ws/install/px4_msgs/lib/libpx4_msgs__rosidl_typesupport_fastrtps_cpp.so /home/vdt_2026/ros2_ws/install/px4_msgs/lib/libpx4_msgs__rosidl_typesupport_introspection_c.so /home/vdt_2026/ros2_ws/install/px4_msgs/lib/libpx4_msgs__rosidl_typesupport_introspection_cpp.so /home/vdt_2026/ros2_ws/install/px4_msgs/lib/libpx4_msgs__rosidl_typesupport_cpp.so /home/vdt_2026/ros2_ws/install/px4_msgs/lib/libpx4_msgs__rosidl_generator_py.so /home/vdt_2026/VDT_project/install/rc_parser/lib/librc_parser_lib.a /home/vdt_2026/VDT_project/install/rc_parser/lib/librc_parser_lib.a /home/vdt_2026/ros2_ws/install/px4_msgs/lib/libpx4_msgs__rosidl_typesupport_c.so /home/vdt_2026/ros2_ws/install/px4_msgs/lib/libpx4_msgs__rosidl_generator_c.so /opt/ros/jazzy/lib/librclcpp.so /opt/ros/jazzy/lib/liblibstatistics_collector.so /opt/ros/jazzy/lib/librcl.so /opt/ros/jazzy/lib/librmw_implementation.so /opt/ros/jazzy/lib/libtype_description_interfaces__rosidl_typesupport_fastrtps_c.so /opt/ros/jazzy/lib/libtype_description_interfaces__rosidl_typesupport_introspection_c.so /opt/ros/jazzy/lib/libtype_description_interfaces__rosidl_typesupport_fastrtps_cpp.so /opt/ros/jazzy/lib/libtype_description_interfaces__rosidl_typesupport_introspection_cpp.so /opt/ros/jazzy/lib/libtype_description_interfaces__rosidl_typesupport_cpp.so /opt/ros/jazzy/lib/libtype_description_interfaces__rosidl_generator_py.so /opt/ros/jazzy/lib/libtype_description_interfaces__rosidl_typesupport_c.so /opt/ros/jazzy/lib/libtype_description_interfaces__rosidl_generator_c.so /opt/ros/jazzy/lib/librcl_yaml_param_parser.so /opt/ros/jazzy/lib/librosgraph_msgs__rosidl_typesupport_fastrtps_c.so /opt/ros/jazzy/lib/librosgraph_msgs__rosidl_typesupport_fastrtps_cpp.so /opt/ros/jazzy/lib/librosgraph_msgs__rosidl_typesupport_introspection_c.so /opt/ros/jazzy/lib/librosgraph_msgs__rosidl_typesupport_introspection_cpp.so /opt/ros/jazzy/lib/librosgraph_msgs__rosidl_typesupport_cpp.so /opt/ros/jazzy/lib/librosgraph_msgs__rosidl_generator_py.so /opt/ros/jazzy/lib/librcl_interfaces__rosidl_typesupport_fastrtps_c.so /opt/ros/jazzy/lib/librcl_interfaces__rosidl_typesupport_introspection_c.so /opt/ros/jazzy/lib/librcl_interfaces__rosidl_typesupport_fastrtps_cpp.so /opt/ros/jazzy/lib/librcl_interfaces__rosidl_typesupport_introspection_cpp.so /opt/ros/jazzy/lib/librcl_interfaces__rosidl_typesupport_cpp.so /opt/ros/jazzy/lib/librcl_interfaces__rosidl_generator_py.so /opt/ros/jazzy/lib/librosgraph_msgs__rosidl_typesupport_c.so /opt/ros/jazzy/lib/librcl_interfaces__rosidl_typesupport_c.so /opt/ros/jazzy/lib/librosgraph_msgs__rosidl_generator_c.so /opt/ros/jazzy/lib/librcl_interfaces__rosidl_generator_c.so /opt/ros/jazzy/lib/libservice_msgs__rosidl_typesupport_fastrtps_c.so /opt/ros/jazzy/lib/libservice_msgs__rosidl_typesupport_fastrtps_cpp.so /opt/ros/jazzy/lib/libservice_msgs__rosidl_typesupport_introspection_c.so /opt/ros/jazzy/lib/libservice_msgs__rosidl_typesupport_introspection_cpp.so /opt/ros/jazzy/lib/libservice_msgs__rosidl_typesupport_cpp.so /opt/ros/jazzy/lib/libservice_msgs__rosidl_typesupport_c.so /opt/ros/jazzy/lib/libservice_msgs__rosidl_generator_c.so /opt/ros/jazzy/lib/libstatistics_msgs__rosidl_typesupport_fastrtps_c.so /opt/ros/jazzy/lib/libstatistics_msgs__rosidl_typesupport_fastrtps_cpp.so /opt/ros/jazzy/lib/libstatistics_msgs__rosidl_typesupport_introspection_c.so /opt/ros/jazzy/lib/libstatistics_msgs__rosidl_typesupport_introspection_cpp.so /opt/ros/jazzy/lib/libstatistics_msgs__rosidl_typesupport_cpp.so /opt/ros/jazzy/lib/libstatistics_msgs__rosidl_generator_py.so /opt/ros/jazzy/lib/libstatistics_msgs__rosidl_typesupport_c.so /opt/ros/jazzy/lib/libstatistics_msgs__rosidl_generator_c.so /opt/ros/jazzy/lib/libtracetools.so -llttng-ust -llttng-ust-common -rdynamic -ldl /opt/ros/jazzy/lib/librcl_logging_interface.so /home/vdt_2026/VDT_project/install/vdt_msgs/lib/libvdt_msgs__rosidl_typesupport_fastrtps_c.so /home/vdt_2026/VDT_project/install/vdt_msgs/lib/libvdt_msgs__rosidl_typesupport_fastrtps_cpp.so /home/vdt_2026/VDT_project/install/vdt_msgs/lib/libvdt_msgs__rosidl_typesupport_introspection_c.so /home/vdt_2026/VDT_project/install/vdt_msgs/lib/libvdt_msgs__rosidl_typesupport_introspection_cpp.so /home/vdt_2026/VDT_project/install/vdt_msgs/lib/libvdt_msgs__rosidl_typesupport_cpp.so /home/vdt_2026/VDT_project/install/vdt_msgs/lib/libvdt_msgs__rosidl_generator_py.so /opt/ros/jazzy/lib/libstd_msgs__rosidl_typesupport_fastrtps_c.so /opt/ros/jazzy/lib/libstd_msgs__rosidl_typesupport_fastrtps_cpp.so /opt/ros/jazzy/lib/libstd_msgs__rosidl_typesupport_introspection_c.so /opt/ros/jazzy/lib/libstd_msgs__rosidl_typesupport_introspection_cpp.so /opt/ros/jazzy/lib/libstd_msgs__rosidl_typesupport_cpp.so /opt/ros/jazzy/lib/libstd_msgs__rosidl_generator_py.so /home/vdt_2026/VDT_project/install/vdt_msgs/lib/libvdt_msgs__rosidl_typesupport_c.so /opt/ros/jazzy/lib/libstd_msgs__rosidl_typesupport_c.so /home/vdt_2026/VDT_project/install/vdt_msgs/lib/libvdt_msgs__rosidl_generator_c.so /opt/ros/jazzy/lib/libstd_msgs__rosidl_generator_c.so /opt/ros/jazzy/lib/libbuiltin_interfaces__rosidl_typesupport_fastrtps_c.so /opt/ros/jazzy/lib/librosidl_typesupport_fastrtps_c.so /opt/ros/jazzy/lib/libbuiltin_interfaces__rosidl_typesupport_introspection_c.so /opt/ros/jazzy/lib/libbuiltin_interfaces__rosidl_typesupport_fastrtps_cpp.so /opt/ros/jazzy/lib/librosidl_typesupport_fastrtps_cpp.so /opt/ros/jazzy/lib/librmw.so /opt/ros/jazzy/lib/librosidl_dynamic_typesupport.so /opt/ros/jazzy/lib/libfastcdr.so.2.2.8 /opt/ros/jazzy/lib/libbuiltin_interfaces__rosidl_typesupport_introspection_cpp.so /opt/ros/jazzy/lib/librosidl_typesupport_introspection_cpp.so /opt/ros/jazzy/lib/librosidl_typesupport_introspection_c.so /opt/ros/jazzy/lib/libbuiltin_interfaces__rosidl_typesupport_cpp.so /opt/ros/jazzy/lib/librosidl_typesupport_cpp.so /opt/ros/jazzy/lib/libbuiltin_interfaces__rosidl_generator_py.so /opt/ros/jazzy/lib/libbuiltin_interfaces__rosidl_typesupport_c.so /opt/ros/jazzy/lib/libbuiltin_interfaces__rosidl_generator_c.so /opt/ros/jazzy/lib/librosidl_typesupport_c.so /opt/ros/jazzy/lib/librcpputils.so /opt/ros/jazzy/lib/librosidl_runtime_c.so /opt/ros/jazzy/lib/librcutils.so -ldl -latomic -Wl,-rpath-link,/opt/ros/jazzy/lib 
gmake[2]: Leaving directory '/home/vdt_2026/VDT_project/build/kill_switch'
[100%] Built target kill_switch_node
gmake[1]: Leaving directory '/home/vdt_2026/VDT_project/build/kill_switch'
/usr/bin/cmake -E cmake_progress_start /home/vdt_2026/VDT_project/build/kill_switch/CMakeFiles 0

-- Install configuration: "Release"
-- Installing: /home/vdt_2026/VDT_project/install/kill_switch/lib/kill_switch/kill_switch_node
-- Set non-toolchain portion of runtime path of "/home/vdt_2026/VDT_project/install/kill_switch/lib/kill_switch/kill_switch_node" to ""
-- Installing: /home/vdt_2026/VDT_project/install/kill_switch/share/ament_index/resource_index/package_run_dependencies/kill_switch
-- Installing: /home/vdt_2026/VDT_project/install/kill_switch/share/ament_index/resource_index/parent_prefix_path/kill_switch
-- Installing: /home/vdt_2026/VDT_project/install/kill_switch/share/kill_switch/environment/ament_prefix_path.sh
-- Installing: /home/vdt_2026/VDT_project/install/kill_switch/share/kill_switch/environment/ament_prefix_path.dsv
-- Installing: /home/vdt_2026/VDT_project/install/kill_switch/share/kill_switch/environment/path.sh
-- Installing: /home/vdt_2026/VDT_project/install/kill_switch/share/kill_switch/environment/path.dsv
-- Installing: /home/vdt_2026/VDT_project/install/kill_switch/share/kill_switch/local_setup.bash
-- Installing: /home/vdt_2026/VDT_project/install/kill_switch/share/kill_switch/local_setup.sh
-- Installing: /home/vdt_2026/VDT_project/install/kill_switch/share/kill_switch/local_setup.zsh
-- Installing: /home/vdt_2026/VDT_project/install/kill_switch/share/kill_switch/local_setup.dsv
-- Installing: /home/vdt_2026/VDT_project/install/kill_switch/share/kill_switch/package.dsv
-- Installing: /home/vdt_2026/VDT_project/install/kill_switch/share/ament_index/resource_index/packages/kill_switch
-- Installing: /home/vdt_2026/VDT_project/install/kill_switch/share/kill_switch/cmake/kill_switchConfig.cmake
-- Installing: /home/vdt_2026/VDT_project/install/kill_switch/share/kill_switch/cmake/kill_switchConfig-version.cmake
-- Installing: /home/vdt_2026/VDT_project/install/kill_switch/share/kill_switch/package.xml
Finished <<< kill_switch [22.3s]
Starting >>> offboard_safety_monitor
-- The C compiler identification is GNU 13.3.0
-- The CXX compiler identification is GNU 13.3.0
-- Detecting C compiler ABI info
-- Detecting C compiler ABI info - done
-- Check for working C compiler: /usr/bin/cc - skipped
-- Detecting C compile features
-- Detecting C compile features - done
-- Detecting CXX compiler ABI info
-- Detecting CXX compiler ABI info - done
-- Check for working CXX compiler: /usr/bin/c++ - skipped
-- Detecting CXX compile features
-- Detecting CXX compile features - done
-- Found ament_cmake: 2.5.6 (/opt/ros/jazzy/share/ament_cmake/cmake)
-- Found Python3: /usr/bin/python3 (found version "3.12.3") found components: Interpreter 
-- Found rclcpp: 28.1.22 (/opt/ros/jazzy/share/rclcpp/cmake)
-- Found rosidl_generator_c: 4.6.9 (/opt/ros/jazzy/share/rosidl_generator_c/cmake)
-- Found rosidl_generator_cpp: 4.6.9 (/opt/ros/jazzy/share/rosidl_generator_cpp/cmake)
-- Using all available rosidl_typesupport_c: rosidl_typesupport_fastrtps_c;rosidl_typesupport_introspection_c
-- Using all available rosidl_typesupport_cpp: rosidl_typesupport_fastrtps_cpp;rosidl_typesupport_introspection_cpp
-- Found rmw_implementation_cmake: 7.3.3 (/opt/ros/jazzy/share/rmw_implementation_cmake/cmake)
-- Found rmw_fastrtps_cpp: 8.4.4 (/opt/ros/jazzy/share/rmw_fastrtps_cpp/cmake)
-- Found OpenSSL: /usr/lib/aarch64-linux-gnu/libcrypto.so (found version "3.0.13")  
-- Found FastRTPS: /opt/ros/jazzy/include (Required is at least version "2.13") 
-- Using RMW implementation 'rmw_fastrtps_cpp' as default
-- Found std_msgs: 5.3.8 (/opt/ros/jazzy/share/std_msgs/cmake)
-- Found px4_msgs: 2.0.1 (/home/vdt_2026/ros2_ws/install/px4_msgs/share/px4_msgs/cmake)
-- Found vdt_msgs: 0.1.0 (/home/vdt_2026/VDT_project/install/vdt_msgs/share/vdt_msgs/cmake)
-- Found launch_testing_ament_cmake: 3.4.12 (/opt/ros/jazzy/share/launch_testing_ament_cmake/cmake)
-- Found python_cmake_module: 0.11.1 (/opt/ros/jazzy/share/python_cmake_module/cmake)
-- Found PythonExtra: /usr/bin/python3  
-- Configuring done (1.9s)
-- Generating done (0.0s)
-- Build files have been written to: /home/vdt_2026/VDT_project/build/offboard_safety_monitor
Change Dir: '/home/vdt_2026/VDT_project/build/offboard_safety_monitor'

Run Build Command(s): /usr/bin/cmake -E env VERBOSE=1 /usr/bin/gmake -f Makefile -j4 -l4
/usr/bin/cmake -S/home/vdt_2026/VDT_project/ros2_ws/src/offboard_safety_monitor -B/home/vdt_2026/VDT_project/build/offboard_safety_monitor --check-build-system CMakeFiles/Makefile.cmake 0
/usr/bin/cmake -E cmake_progress_start /home/vdt_2026/VDT_project/build/offboard_safety_monitor/CMakeFiles /home/vdt_2026/VDT_project/build/offboard_safety_monitor//CMakeFiles/progress.marks
/usr/bin/gmake  -f CMakeFiles/Makefile2 all
gmake[1]: Entering directory '/home/vdt_2026/VDT_project/build/offboard_safety_monitor'
/usr/bin/gmake  -f CMakeFiles/safety_monitor_node.dir/build.make CMakeFiles/safety_monitor_node.dir/depend
/usr/bin/gmake  -f CMakeFiles/safety_logic_test.dir/build.make CMakeFiles/safety_logic_test.dir/depend
gmake[2]: Entering directory '/home/vdt_2026/VDT_project/build/offboard_safety_monitor'
cd /home/vdt_2026/VDT_project/build/offboard_safety_monitor && /usr/bin/cmake -E cmake_depends "Unix Makefiles" /home/vdt_2026/VDT_project/ros2_ws/src/offboard_safety_monitor /home/vdt_2026/VDT_project/ros2_ws/src/offboard_safety_monitor /home/vdt_2026/VDT_project/build/offboard_safety_monitor /home/vdt_2026/VDT_project/build/offboard_safety_monitor /home/vdt_2026/VDT_project/build/offboard_safety_monitor/CMakeFiles/safety_logic_test.dir/DependInfo.cmake "--color="
gmake[2]: Entering directory '/home/vdt_2026/VDT_project/build/offboard_safety_monitor'
cd /home/vdt_2026/VDT_project/build/offboard_safety_monitor && /usr/bin/cmake -E cmake_depends "Unix Makefiles" /home/vdt_2026/VDT_project/ros2_ws/src/offboard_safety_monitor /home/vdt_2026/VDT_project/ros2_ws/src/offboard_safety_monitor /home/vdt_2026/VDT_project/build/offboard_safety_monitor /home/vdt_2026/VDT_project/build/offboard_safety_monitor /home/vdt_2026/VDT_project/build/offboard_safety_monitor/CMakeFiles/safety_monitor_node.dir/DependInfo.cmake "--color="
gmake[2]: Leaving directory '/home/vdt_2026/VDT_project/build/offboard_safety_monitor'
gmake[2]: Leaving directory '/home/vdt_2026/VDT_project/build/offboard_safety_monitor'
/usr/bin/gmake  -f CMakeFiles/safety_logic_test.dir/build.make CMakeFiles/safety_logic_test.dir/build
/usr/bin/gmake  -f CMakeFiles/safety_monitor_node.dir/build.make CMakeFiles/safety_monitor_node.dir/build
gmake[2]: Entering directory '/home/vdt_2026/VDT_project/build/offboard_safety_monitor'
gmake[2]: Entering directory '/home/vdt_2026/VDT_project/build/offboard_safety_monitor'
[ 57%] Building CXX object CMakeFiles/safety_logic_test.dir/test/safety_logic_test.cpp.o
[ 57%] Building CXX object CMakeFiles/safety_logic_test.dir/src/safety_logic.cpp.o
[ 57%] Building CXX object CMakeFiles/safety_monitor_node.dir/src/main.cpp.o
[ 57%] Building CXX object CMakeFiles/safety_monitor_node.dir/src/safety_monitor_node.cpp.o
/usr/bin/c++  -I/home/vdt_2026/VDT_project/ros2_ws/src/offboard_safety_monitor/include -O3 -DNDEBUG -std=gnu++17 -MD -MT CMakeFiles/safety_logic_test.dir/src/safety_logic.cpp.o -MF CMakeFiles/safety_logic_test.dir/src/safety_logic.cpp.o.d -o CMakeFiles/safety_logic_test.dir/src/safety_logic.cpp.o -c /home/vdt_2026/VDT_project/ros2_ws/src/offboard_safety_monitor/src/safety_logic.cpp
/usr/bin/c++ -DDEFAULT_RMW_IMPLEMENTATION=rmw_fastrtps_cpp -DFASTCDR_DYN_LINK -I/home/vdt_2026/VDT_project/ros2_ws/src/offboard_safety_monitor/include -isystem /home/vdt_2026/VDT_project/install/vdt_msgs/include/vdt_msgs -isystem /home/vdt_2026/ros2_ws/install/px4_msgs/include/px4_msgs -isystem /opt/ros/jazzy/include/rclcpp -isystem /opt/ros/jazzy/include/std_msgs -isystem /opt/ros/jazzy/include/builtin_interfaces -isystem /opt/ros/jazzy/include/rosidl_runtime_c -isystem /opt/ros/jazzy/include/rcutils -isystem /opt/ros/jazzy/include/rosidl_typesupport_interface -isystem /opt/ros/jazzy/include/fastcdr -isystem /opt/ros/jazzy/include/rosidl_runtime_cpp -isystem /opt/ros/jazzy/include/rosidl_typesupport_fastrtps_cpp -isystem /opt/ros/jazzy/include/rmw -isystem /opt/ros/jazzy/include/rosidl_dynamic_typesupport -isystem /opt/ros/jazzy/include/rosidl_typesupport_fastrtps_c -isystem /opt/ros/jazzy/include/rosidl_typesupport_introspection_c -isystem /opt/ros/jazzy/include/rosidl_typesupport_introspection_cpp -isystem /opt/ros/jazzy/include/libstatistics_collector -isystem /opt/ros/jazzy/include/rcl -isystem /opt/ros/jazzy/include/rcl_interfaces -isystem /opt/ros/jazzy/include/service_msgs -isystem /opt/ros/jazzy/include/rcl_logging_interface -isystem /opt/ros/jazzy/include/rcl_yaml_param_parser -isystem /opt/ros/jazzy/include/type_description_interfaces -isystem /opt/ros/jazzy/include/rcpputils -isystem /opt/ros/jazzy/include/statistics_msgs -isystem /opt/ros/jazzy/include/rosgraph_msgs -isystem /opt/ros/jazzy/include/rosidl_typesupport_cpp -isystem /opt/ros/jazzy/include/rosidl_typesupport_c -isystem /opt/ros/jazzy/include/tracetools -O3 -DNDEBUG -std=gnu++17 -MD -MT CMakeFiles/safety_monitor_node.dir/src/main.cpp.o -MF CMakeFiles/safety_monitor_node.dir/src/main.cpp.o.d -o CMakeFiles/safety_monitor_node.dir/src/main.cpp.o -c /home/vdt_2026/VDT_project/ros2_ws/src/offboard_safety_monitor/src/main.cpp
/usr/bin/c++ -DDEFAULT_RMW_IMPLEMENTATION=rmw_fastrtps_cpp -DFASTCDR_DYN_LINK -I/home/vdt_2026/VDT_project/ros2_ws/src/offboard_safety_monitor/include -isystem /home/vdt_2026/VDT_project/install/vdt_msgs/include/vdt_msgs -isystem /home/vdt_2026/ros2_ws/install/px4_msgs/include/px4_msgs -isystem /opt/ros/jazzy/include/rclcpp -isystem /opt/ros/jazzy/include/std_msgs -isystem /opt/ros/jazzy/include/builtin_interfaces -isystem /opt/ros/jazzy/include/rosidl_runtime_c -isystem /opt/ros/jazzy/include/rcutils -isystem /opt/ros/jazzy/include/rosidl_typesupport_interface -isystem /opt/ros/jazzy/include/fastcdr -isystem /opt/ros/jazzy/include/rosidl_runtime_cpp -isystem /opt/ros/jazzy/include/rosidl_typesupport_fastrtps_cpp -isystem /opt/ros/jazzy/include/rmw -isystem /opt/ros/jazzy/include/rosidl_dynamic_typesupport -isystem /opt/ros/jazzy/include/rosidl_typesupport_fastrtps_c -isystem /opt/ros/jazzy/include/rosidl_typesupport_introspection_c -isystem /opt/ros/jazzy/include/rosidl_typesupport_introspection_cpp -isystem /opt/ros/jazzy/include/libstatistics_collector -isystem /opt/ros/jazzy/include/rcl -isystem /opt/ros/jazzy/include/rcl_interfaces -isystem /opt/ros/jazzy/include/service_msgs -isystem /opt/ros/jazzy/include/rcl_logging_interface -isystem /opt/ros/jazzy/include/rcl_yaml_param_parser -isystem /opt/ros/jazzy/include/type_description_interfaces -isystem /opt/ros/jazzy/include/rcpputils -isystem /opt/ros/jazzy/include/statistics_msgs -isystem /opt/ros/jazzy/include/rosgraph_msgs -isystem /opt/ros/jazzy/include/rosidl_typesupport_cpp -isystem /opt/ros/jazzy/include/rosidl_typesupport_c -isystem /opt/ros/jazzy/include/tracetools -O3 -DNDEBUG -std=gnu++17 -MD -MT CMakeFiles/safety_monitor_node.dir/src/safety_monitor_node.cpp.o -MF CMakeFiles/safety_monitor_node.dir/src/safety_monitor_node.cpp.o.d -o CMakeFiles/safety_monitor_node.dir/src/safety_monitor_node.cpp.o -c /home/vdt_2026/VDT_project/ros2_ws/src/offboard_safety_monitor/src/safety_monitor_node.cpp
/usr/bin/c++  -I/home/vdt_2026/VDT_project/ros2_ws/src/offboard_safety_monitor/include -O3 -DNDEBUG -std=gnu++17 -MD -MT CMakeFiles/safety_logic_test.dir/test/safety_logic_test.cpp.o -MF CMakeFiles/safety_logic_test.dir/test/safety_logic_test.cpp.o.d -o CMakeFiles/safety_logic_test.dir/test/safety_logic_test.cpp.o -c /home/vdt_2026/VDT_project/ros2_ws/src/offboard_safety_monitor/test/safety_logic_test.cpp
[ 71%] Building CXX object CMakeFiles/safety_monitor_node.dir/src/safety_logic.cpp.o
/usr/bin/c++ -DDEFAULT_RMW_IMPLEMENTATION=rmw_fastrtps_cpp -DFASTCDR_DYN_LINK -I/home/vdt_2026/VDT_project/ros2_ws/src/offboard_safety_monitor/include -isystem /home/vdt_2026/VDT_project/install/vdt_msgs/include/vdt_msgs -isystem /home/vdt_2026/ros2_ws/install/px4_msgs/include/px4_msgs -isystem /opt/ros/jazzy/include/rclcpp -isystem /opt/ros/jazzy/include/std_msgs -isystem /opt/ros/jazzy/include/builtin_interfaces -isystem /opt/ros/jazzy/include/rosidl_runtime_c -isystem /opt/ros/jazzy/include/rcutils -isystem /opt/ros/jazzy/include/rosidl_typesupport_interface -isystem /opt/ros/jazzy/include/fastcdr -isystem /opt/ros/jazzy/include/rosidl_runtime_cpp -isystem /opt/ros/jazzy/include/rosidl_typesupport_fastrtps_cpp -isystem /opt/ros/jazzy/include/rmw -isystem /opt/ros/jazzy/include/rosidl_dynamic_typesupport -isystem /opt/ros/jazzy/include/rosidl_typesupport_fastrtps_c -isystem /opt/ros/jazzy/include/rosidl_typesupport_introspection_c -isystem /opt/ros/jazzy/include/rosidl_typesupport_introspection_cpp -isystem /opt/ros/jazzy/include/libstatistics_collector -isystem /opt/ros/jazzy/include/rcl -isystem /opt/ros/jazzy/include/rcl_interfaces -isystem /opt/ros/jazzy/include/service_msgs -isystem /opt/ros/jazzy/include/rcl_logging_interface -isystem /opt/ros/jazzy/include/rcl_yaml_param_parser -isystem /opt/ros/jazzy/include/type_description_interfaces -isystem /opt/ros/jazzy/include/rcpputils -isystem /opt/ros/jazzy/include/statistics_msgs -isystem /opt/ros/jazzy/include/rosgraph_msgs -isystem /opt/ros/jazzy/include/rosidl_typesupport_cpp -isystem /opt/ros/jazzy/include/rosidl_typesupport_c -isystem /opt/ros/jazzy/include/tracetools -O3 -DNDEBUG -std=gnu++17 -MD -MT CMakeFiles/safety_monitor_node.dir/src/safety_logic.cpp.o -MF CMakeFiles/safety_monitor_node.dir/src/safety_logic.cpp.o.d -o CMakeFiles/safety_monitor_node.dir/src/safety_logic.cpp.o -c /home/vdt_2026/VDT_project/ros2_ws/src/offboard_safety_monitor/src/safety_logic.cpp
[ 85%] Linking CXX executable safety_logic_test
/usr/bin/cmake -E cmake_link_script CMakeFiles/safety_logic_test.dir/link.txt --verbose=1
/usr/bin/c++ -O3 -DNDEBUG CMakeFiles/safety_logic_test.dir/test/safety_logic_test.cpp.o CMakeFiles/safety_logic_test.dir/src/safety_logic.cpp.o -o safety_logic_test 
gmake[2]: Leaving directory '/home/vdt_2026/VDT_project/build/offboard_safety_monitor'
[ 85%] Built target safety_logic_test
[100%] Linking CXX executable safety_monitor_node
/usr/bin/cmake -E cmake_link_script CMakeFiles/safety_monitor_node.dir/link.txt --verbose=1
/usr/bin/c++ -O3 -DNDEBUG CMakeFiles/safety_monitor_node.dir/src/main.cpp.o CMakeFiles/safety_monitor_node.dir/src/safety_monitor_node.cpp.o CMakeFiles/safety_monitor_node.dir/src/safety_logic.cpp.o -o safety_monitor_node  -Wl,-rpath,/opt/ros/jazzy/lib:/home/vdt_2026/ros2_ws/install/px4_msgs/lib:/home/vdt_2026/VDT_project/install/vdt_msgs/lib: /opt/ros/jazzy/lib/librclcpp.so /home/vdt_2026/ros2_ws/install/px4_msgs/lib/libpx4_msgs__rosidl_typesupport_fastrtps_c.so /home/vdt_2026/ros2_ws/install/px4_msgs/lib/libpx4_msgs__rosidl_typesupport_fastrtps_cpp.so /home/vdt_2026/ros2_ws/install/px4_msgs/lib/libpx4_msgs__rosidl_typesupport_introspection_c.so /home/vdt_2026/ros2_ws/install/px4_msgs/lib/libpx4_msgs__rosidl_typesupport_introspection_cpp.so /home/vdt_2026/ros2_ws/install/px4_msgs/lib/libpx4_msgs__rosidl_typesupport_cpp.so /home/vdt_2026/ros2_ws/install/px4_msgs/lib/libpx4_msgs__rosidl_generator_py.so /home/vdt_2026/VDT_project/install/vdt_msgs/lib/libvdt_msgs__rosidl_typesupport_fastrtps_c.so /home/vdt_2026/VDT_project/install/vdt_msgs/lib/libvdt_msgs__rosidl_typesupport_fastrtps_cpp.so /home/vdt_2026/VDT_project/install/vdt_msgs/lib/libvdt_msgs__rosidl_typesupport_introspection_c.so /home/vdt_2026/VDT_project/install/vdt_msgs/lib/libvdt_msgs__rosidl_typesupport_introspection_cpp.so /home/vdt_2026/VDT_project/install/vdt_msgs/lib/libvdt_msgs__rosidl_typesupport_cpp.so /home/vdt_2026/VDT_project/install/vdt_msgs/lib/libvdt_msgs__rosidl_generator_py.so /opt/ros/jazzy/lib/liblibstatistics_collector.so /opt/ros/jazzy/lib/librcl.so /opt/ros/jazzy/lib/librmw_implementation.so /opt/ros/jazzy/lib/libtype_description_interfaces__rosidl_typesupport_fastrtps_c.so /opt/ros/jazzy/lib/libtype_description_interfaces__rosidl_typesupport_introspection_c.so /opt/ros/jazzy/lib/libtype_description_interfaces__rosidl_typesupport_fastrtps_cpp.so /opt/ros/jazzy/lib/libtype_description_interfaces__rosidl_typesupport_introspection_cpp.so /opt/ros/jazzy/lib/libtype_description_interfaces__rosidl_typesupport_cpp.so /opt/ros/jazzy/lib/libtype_description_interfaces__rosidl_generator_py.so /opt/ros/jazzy/lib/libtype_description_interfaces__rosidl_typesupport_c.so /opt/ros/jazzy/lib/libtype_description_interfaces__rosidl_generator_c.so /opt/ros/jazzy/lib/librcl_yaml_param_parser.so /opt/ros/jazzy/lib/librosgraph_msgs__rosidl_typesupport_fastrtps_c.so /opt/ros/jazzy/lib/librosgraph_msgs__rosidl_typesupport_fastrtps_cpp.so /opt/ros/jazzy/lib/librosgraph_msgs__rosidl_typesupport_introspection_c.so /opt/ros/jazzy/lib/librosgraph_msgs__rosidl_typesupport_introspection_cpp.so /opt/ros/jazzy/lib/librosgraph_msgs__rosidl_typesupport_cpp.so /opt/ros/jazzy/lib/librosgraph_msgs__rosidl_generator_py.so /opt/ros/jazzy/lib/librcl_interfaces__rosidl_typesupport_fastrtps_c.so /opt/ros/jazzy/lib/librcl_interfaces__rosidl_typesupport_introspection_c.so /opt/ros/jazzy/lib/librcl_interfaces__rosidl_typesupport_fastrtps_cpp.so /opt/ros/jazzy/lib/librcl_interfaces__rosidl_typesupport_introspection_cpp.so /opt/ros/jazzy/lib/librcl_interfaces__rosidl_typesupport_cpp.so /opt/ros/jazzy/lib/librcl_interfaces__rosidl_generator_py.so /opt/ros/jazzy/lib/librosgraph_msgs__rosidl_typesupport_c.so /opt/ros/jazzy/lib/librcl_interfaces__rosidl_typesupport_c.so /opt/ros/jazzy/lib/librosgraph_msgs__rosidl_generator_c.so /opt/ros/jazzy/lib/librcl_interfaces__rosidl_generator_c.so /opt/ros/jazzy/lib/libstatistics_msgs__rosidl_typesupport_fastrtps_c.so /opt/ros/jazzy/lib/libstatistics_msgs__rosidl_typesupport_fastrtps_cpp.so /opt/ros/jazzy/lib/libstatistics_msgs__rosidl_typesupport_introspection_c.so /opt/ros/jazzy/lib/libstatistics_msgs__rosidl_typesupport_introspection_cpp.so /opt/ros/jazzy/lib/libstatistics_msgs__rosidl_typesupport_cpp.so /opt/ros/jazzy/lib/libstatistics_msgs__rosidl_generator_py.so /opt/ros/jazzy/lib/libstatistics_msgs__rosidl_typesupport_c.so /opt/ros/jazzy/lib/libstatistics_msgs__rosidl_generator_c.so /opt/ros/jazzy/lib/libtracetools.so -llttng-ust -llttng-ust-common -rdynamic -ldl /opt/ros/jazzy/lib/librcl_logging_interface.so /home/vdt_2026/ros2_ws/install/px4_msgs/lib/libpx4_msgs__rosidl_typesupport_c.so /home/vdt_2026/ros2_ws/install/px4_msgs/lib/libpx4_msgs__rosidl_generator_c.so /opt/ros/jazzy/lib/libservice_msgs__rosidl_typesupport_fastrtps_c.so /opt/ros/jazzy/lib/libservice_msgs__rosidl_typesupport_fastrtps_cpp.so /opt/ros/jazzy/lib/libservice_msgs__rosidl_typesupport_introspection_c.so /opt/ros/jazzy/lib/libservice_msgs__rosidl_typesupport_introspection_cpp.so /opt/ros/jazzy/lib/libservice_msgs__rosidl_typesupport_cpp.so /opt/ros/jazzy/lib/libservice_msgs__rosidl_typesupport_c.so /opt/ros/jazzy/lib/libservice_msgs__rosidl_generator_c.so /opt/ros/jazzy/lib/libstd_msgs__rosidl_typesupport_fastrtps_c.so /opt/ros/jazzy/lib/libstd_msgs__rosidl_typesupport_fastrtps_cpp.so /opt/ros/jazzy/lib/libstd_msgs__rosidl_typesupport_introspection_c.so /opt/ros/jazzy/lib/libstd_msgs__rosidl_typesupport_introspection_cpp.so /opt/ros/jazzy/lib/libstd_msgs__rosidl_typesupport_cpp.so /opt/ros/jazzy/lib/libstd_msgs__rosidl_generator_py.so /home/vdt_2026/VDT_project/install/vdt_msgs/lib/libvdt_msgs__rosidl_typesupport_c.so /opt/ros/jazzy/lib/libstd_msgs__rosidl_typesupport_c.so /home/vdt_2026/VDT_project/install/vdt_msgs/lib/libvdt_msgs__rosidl_generator_c.so /opt/ros/jazzy/lib/libstd_msgs__rosidl_generator_c.so /opt/ros/jazzy/lib/libbuiltin_interfaces__rosidl_typesupport_fastrtps_c.so /opt/ros/jazzy/lib/librosidl_typesupport_fastrtps_c.so /opt/ros/jazzy/lib/libbuiltin_interfaces__rosidl_typesupport_introspection_c.so /opt/ros/jazzy/lib/libbuiltin_interfaces__rosidl_typesupport_fastrtps_cpp.so /opt/ros/jazzy/lib/librosidl_typesupport_fastrtps_cpp.so /opt/ros/jazzy/lib/librmw.so /opt/ros/jazzy/lib/librosidl_dynamic_typesupport.so /opt/ros/jazzy/lib/libfastcdr.so.2.2.8 /opt/ros/jazzy/lib/libbuiltin_interfaces__rosidl_typesupport_introspection_cpp.so /opt/ros/jazzy/lib/librosidl_typesupport_introspection_cpp.so /opt/ros/jazzy/lib/librosidl_typesupport_introspection_c.so /opt/ros/jazzy/lib/libbuiltin_interfaces__rosidl_typesupport_cpp.so /opt/ros/jazzy/lib/librosidl_typesupport_cpp.so /opt/ros/jazzy/lib/libbuiltin_interfaces__rosidl_generator_py.so /opt/ros/jazzy/lib/libbuiltin_interfaces__rosidl_typesupport_c.so /opt/ros/jazzy/lib/libbuiltin_interfaces__rosidl_generator_c.so /opt/ros/jazzy/lib/librosidl_typesupport_c.so /opt/ros/jazzy/lib/librcpputils.so /opt/ros/jazzy/lib/librosidl_runtime_c.so /opt/ros/jazzy/lib/librcutils.so -ldl -latomic -Wl,-rpath-link,/opt/ros/jazzy/lib 
gmake[2]: Leaving directory '/home/vdt_2026/VDT_project/build/offboard_safety_monitor'
[100%] Built target safety_monitor_node
gmake[1]: Leaving directory '/home/vdt_2026/VDT_project/build/offboard_safety_monitor'
/usr/bin/cmake -E cmake_progress_start /home/vdt_2026/VDT_project/build/offboard_safety_monitor/CMakeFiles 0

-- Install configuration: "Release"
-- Installing: /home/vdt_2026/VDT_project/install/offboard_safety_monitor/lib/offboard_safety_monitor/safety_monitor_node
-- Set non-toolchain portion of runtime path of "/home/vdt_2026/VDT_project/install/offboard_safety_monitor/lib/offboard_safety_monitor/safety_monitor_node" to ""
-- Installing: /home/vdt_2026/VDT_project/install/offboard_safety_monitor/lib/offboard_safety_monitor/hil_validation.py
-- Installing: /home/vdt_2026/VDT_project/install/offboard_safety_monitor/share/ament_index/resource_index/package_run_dependencies/offboard_safety_monitor
-- Installing: /home/vdt_2026/VDT_project/install/offboard_safety_monitor/share/ament_index/resource_index/parent_prefix_path/offboard_safety_monitor
-- Installing: /home/vdt_2026/VDT_project/install/offboard_safety_monitor/share/offboard_safety_monitor/environment/ament_prefix_path.sh
-- Installing: /home/vdt_2026/VDT_project/install/offboard_safety_monitor/share/offboard_safety_monitor/environment/ament_prefix_path.dsv
-- Installing: /home/vdt_2026/VDT_project/install/offboard_safety_monitor/share/offboard_safety_monitor/environment/path.sh
-- Installing: /home/vdt_2026/VDT_project/install/offboard_safety_monitor/share/offboard_safety_monitor/environment/path.dsv
-- Installing: /home/vdt_2026/VDT_project/install/offboard_safety_monitor/share/offboard_safety_monitor/local_setup.bash
-- Installing: /home/vdt_2026/VDT_project/install/offboard_safety_monitor/share/offboard_safety_monitor/local_setup.sh
-- Installing: /home/vdt_2026/VDT_project/install/offboard_safety_monitor/share/offboard_safety_monitor/local_setup.zsh
-- Installing: /home/vdt_2026/VDT_project/install/offboard_safety_monitor/share/offboard_safety_monitor/local_setup.dsv
-- Installing: /home/vdt_2026/VDT_project/install/offboard_safety_monitor/share/offboard_safety_monitor/package.dsv
-- Installing: /home/vdt_2026/VDT_project/install/offboard_safety_monitor/share/ament_index/resource_index/packages/offboard_safety_monitor
-- Installing: /home/vdt_2026/VDT_project/install/offboard_safety_monitor/share/offboard_safety_monitor/cmake/offboard_safety_monitorConfig.cmake
-- Installing: /home/vdt_2026/VDT_project/install/offboard_safety_monitor/share/offboard_safety_monitor/cmake/offboard_safety_monitorConfig-version.cmake
-- Installing: /home/vdt_2026/VDT_project/install/offboard_safety_monitor/share/offboard_safety_monitor/package.xml
Finished <<< offboard_safety_monitor [36.7s]
Starting >>> px4_state_bridge
-- The C compiler identification is GNU 13.3.0
-- The CXX compiler identification is GNU 13.3.0
-- Detecting C compiler ABI info
-- Detecting C compiler ABI info - done
-- Check for working C compiler: /usr/bin/cc - skipped
-- Detecting C compile features
-- Detecting C compile features - done
-- Detecting CXX compiler ABI info
-- Detecting CXX compiler ABI info - done
-- Check for working CXX compiler: /usr/bin/c++ - skipped
-- Detecting CXX compile features
-- Detecting CXX compile features - done
-- Found ament_cmake: 2.5.6 (/opt/ros/jazzy/share/ament_cmake/cmake)
-- Found Python3: /usr/bin/python3 (found version "3.12.3") found components: Interpreter 
-- Found rclcpp: 28.1.22 (/opt/ros/jazzy/share/rclcpp/cmake)
-- Found rosidl_generator_c: 4.6.9 (/opt/ros/jazzy/share/rosidl_generator_c/cmake)
-- Found rosidl_generator_cpp: 4.6.9 (/opt/ros/jazzy/share/rosidl_generator_cpp/cmake)
-- Using all available rosidl_typesupport_c: rosidl_typesupport_fastrtps_c;rosidl_typesupport_introspection_c
-- Using all available rosidl_typesupport_cpp: rosidl_typesupport_fastrtps_cpp;rosidl_typesupport_introspection_cpp
-- Found rmw_implementation_cmake: 7.3.3 (/opt/ros/jazzy/share/rmw_implementation_cmake/cmake)
-- Found rmw_fastrtps_cpp: 8.4.4 (/opt/ros/jazzy/share/rmw_fastrtps_cpp/cmake)
-- Found OpenSSL: /usr/lib/aarch64-linux-gnu/libcrypto.so (found version "3.0.13")  
-- Found FastRTPS: /opt/ros/jazzy/include (Required is at least version "2.13") 
-- Using RMW implementation 'rmw_fastrtps_cpp' as default
-- Found px4_msgs: 2.0.1 (/home/vdt_2026/ros2_ws/install/px4_msgs/share/px4_msgs/cmake)
-- Found nav_msgs: 5.3.8 (/opt/ros/jazzy/share/nav_msgs/cmake)
-- Found tf2_ros: 0.36.22 (/opt/ros/jazzy/share/tf2_ros/cmake)
-- Found fsm_state_machine: 0.1.0 (/home/vdt_2026/VDT_project/install/fsm_state_machine/share/fsm_state_machine/cmake)
-- Found vdt_msgs: 0.1.0 (/home/vdt_2026/VDT_project/install/vdt_msgs/share/vdt_msgs/cmake)
-- Configuring done (2.0s)
-- Generating done (0.0s)
-- Build files have been written to: /home/vdt_2026/VDT_project/build/px4_state_bridge
Change Dir: '/home/vdt_2026/VDT_project/build/px4_state_bridge'

Run Build Command(s): /usr/bin/cmake -E env VERBOSE=1 /usr/bin/gmake -f Makefile -j4 -l4
/usr/bin/cmake -S/home/vdt_2026/VDT_project/ros2_ws/src/px4_state_bridge -B/home/vdt_2026/VDT_project/build/px4_state_bridge --check-build-system CMakeFiles/Makefile.cmake 0
/usr/bin/cmake -E cmake_progress_start /home/vdt_2026/VDT_project/build/px4_state_bridge/CMakeFiles /home/vdt_2026/VDT_project/build/px4_state_bridge//CMakeFiles/progress.marks
/usr/bin/gmake  -f CMakeFiles/Makefile2 all
gmake[1]: Entering directory '/home/vdt_2026/VDT_project/build/px4_state_bridge'
/usr/bin/gmake  -f CMakeFiles/px4_state_bridge_node.dir/build.make CMakeFiles/px4_state_bridge_node.dir/depend
/usr/bin/gmake  -f CMakeFiles/frame_conversion_test.dir/build.make CMakeFiles/frame_conversion_test.dir/depend
gmake[2]: Entering directory '/home/vdt_2026/VDT_project/build/px4_state_bridge'
cd /home/vdt_2026/VDT_project/build/px4_state_bridge && /usr/bin/cmake -E cmake_depends "Unix Makefiles" /home/vdt_2026/VDT_project/ros2_ws/src/px4_state_bridge /home/vdt_2026/VDT_project/ros2_ws/src/px4_state_bridge /home/vdt_2026/VDT_project/build/px4_state_bridge /home/vdt_2026/VDT_project/build/px4_state_bridge /home/vdt_2026/VDT_project/build/px4_state_bridge/CMakeFiles/frame_conversion_test.dir/DependInfo.cmake "--color="
gmake[2]: Entering directory '/home/vdt_2026/VDT_project/build/px4_state_bridge'
cd /home/vdt_2026/VDT_project/build/px4_state_bridge && /usr/bin/cmake -E cmake_depends "Unix Makefiles" /home/vdt_2026/VDT_project/ros2_ws/src/px4_state_bridge /home/vdt_2026/VDT_project/ros2_ws/src/px4_state_bridge /home/vdt_2026/VDT_project/build/px4_state_bridge /home/vdt_2026/VDT_project/build/px4_state_bridge /home/vdt_2026/VDT_project/build/px4_state_bridge/CMakeFiles/px4_state_bridge_node.dir/DependInfo.cmake "--color="
gmake[2]: Leaving directory '/home/vdt_2026/VDT_project/build/px4_state_bridge'
gmake[2]: Leaving directory '/home/vdt_2026/VDT_project/build/px4_state_bridge'
/usr/bin/gmake  -f CMakeFiles/px4_state_bridge_node.dir/build.make CMakeFiles/px4_state_bridge_node.dir/build
/usr/bin/gmake  -f CMakeFiles/frame_conversion_test.dir/build.make CMakeFiles/frame_conversion_test.dir/build
gmake[2]: Entering directory '/home/vdt_2026/VDT_project/build/px4_state_bridge'
gmake[2]: Entering directory '/home/vdt_2026/VDT_project/build/px4_state_bridge'
[ 50%] Building CXX object CMakeFiles/px4_state_bridge_node.dir/src/px4_bridge_node.cpp.o
[ 50%] Building CXX object CMakeFiles/frame_conversion_test.dir/test/frame_conversion_test.cpp.o
/usr/bin/c++ -DDEFAULT_RMW_IMPLEMENTATION=rmw_fastrtps_cpp -DFASTCDR_DYN_LINK -I/home/vdt_2026/VDT_project/ros2_ws/src/px4_state_bridge/include -isystem /home/vdt_2026/VDT_project/install/vdt_msgs/include/vdt_msgs -isystem /home/vdt_2026/ros2_ws/install/px4_msgs/include/px4_msgs -isystem /opt/ros/jazzy/include/rclcpp -isystem /opt/ros/jazzy/include/nav_msgs -isystem /opt/ros/jazzy/include/geometry_msgs -isystem /opt/ros/jazzy/include/std_msgs -isystem /opt/ros/jazzy/include/tf2_ros -isystem /opt/ros/jazzy/include/builtin_interfaces -isystem /opt/ros/jazzy/include/rosidl_runtime_c -isystem /opt/ros/jazzy/include/rcutils -isystem /opt/ros/jazzy/include/rosidl_typesupport_interface -isystem /opt/ros/jazzy/include/fastcdr -isystem /opt/ros/jazzy/include/rosidl_runtime_cpp -isystem /opt/ros/jazzy/include/rosidl_typesupport_fastrtps_cpp -isystem /opt/ros/jazzy/include/rmw -isystem /opt/ros/jazzy/include/rosidl_dynamic_typesupport -isystem /opt/ros/jazzy/include/rosidl_typesupport_fastrtps_c -isystem /opt/ros/jazzy/include/rosidl_typesupport_introspection_c -isystem /opt/ros/jazzy/include/rosidl_typesupport_introspection_cpp -isystem /opt/ros/jazzy/include/libstatistics_collector -isystem /opt/ros/jazzy/include/rcl -isystem /opt/ros/jazzy/include/rcl_interfaces -isystem /opt/ros/jazzy/include/service_msgs -isystem /opt/ros/jazzy/include/rcl_logging_interface -isystem /opt/ros/jazzy/include/rcl_yaml_param_parser -isystem /opt/ros/jazzy/include/type_description_interfaces -isystem /opt/ros/jazzy/include/rcpputils -isystem /opt/ros/jazzy/include/statistics_msgs -isystem /opt/ros/jazzy/include/rosgraph_msgs -isystem /opt/ros/jazzy/include/rosidl_typesupport_cpp -isystem /opt/ros/jazzy/include/rosidl_typesupport_c -isystem /opt/ros/jazzy/include/tracetools -isystem /opt/ros/jazzy/include/message_filters -isystem /opt/ros/jazzy/include/rclcpp_action -isystem /opt/ros/jazzy/include/action_msgs -isystem /opt/ros/jazzy/include/unique_identifier_msgs -isystem /opt/ros/jazzy/include/rcl_action -isystem /opt/ros/jazzy/include/tf2 -isystem /opt/ros/jazzy/include/tf2_msgs  -MD -MT CMakeFiles/px4_state_bridge_node.dir/src/px4_bridge_node.cpp.o -MF CMakeFiles/px4_state_bridge_node.dir/src/px4_bridge_node.cpp.o.d -o CMakeFiles/px4_state_bridge_node.dir/src/px4_bridge_node.cpp.o -c /home/vdt_2026/VDT_project/ros2_ws/src/px4_state_bridge/src/px4_bridge_node.cpp
/usr/bin/c++  -I/home/vdt_2026/VDT_project/ros2_ws/src/px4_state_bridge/include -UNDEBUG -MD -MT CMakeFiles/frame_conversion_test.dir/test/frame_conversion_test.cpp.o -MF CMakeFiles/frame_conversion_test.dir/test/frame_conversion_test.cpp.o.d -o CMakeFiles/frame_conversion_test.dir/test/frame_conversion_test.cpp.o -c /home/vdt_2026/VDT_project/ros2_ws/src/px4_state_bridge/test/frame_conversion_test.cpp
[ 75%] Linking CXX executable frame_conversion_test
/usr/bin/cmake -E cmake_link_script CMakeFiles/frame_conversion_test.dir/link.txt --verbose=1
/usr/bin/c++ CMakeFiles/frame_conversion_test.dir/test/frame_conversion_test.cpp.o -o frame_conversion_test 
gmake[2]: Leaving directory '/home/vdt_2026/VDT_project/build/px4_state_bridge'
[ 75%] Built target frame_conversion_test
[100%] Linking CXX executable px4_state_bridge_node
/usr/bin/cmake -E cmake_link_script CMakeFiles/px4_state_bridge_node.dir/link.txt --verbose=1
/usr/bin/c++ CMakeFiles/px4_state_bridge_node.dir/src/px4_bridge_node.cpp.o -o px4_state_bridge_node  -Wl,-rpath,/home/vdt_2026/ros2_ws/install/px4_msgs/lib:/opt/ros/jazzy/lib:/home/vdt_2026/VDT_project/install/vdt_msgs/lib: /home/vdt_2026/ros2_ws/install/px4_msgs/lib/libpx4_msgs__rosidl_typesupport_fastrtps_c.so /home/vdt_2026/ros2_ws/install/px4_msgs/lib/libpx4_msgs__rosidl_typesupport_fastrtps_cpp.so /home/vdt_2026/ros2_ws/install/px4_msgs/lib/libpx4_msgs__rosidl_typesupport_introspection_c.so /home/vdt_2026/ros2_ws/install/px4_msgs/lib/libpx4_msgs__rosidl_typesupport_introspection_cpp.so /home/vdt_2026/ros2_ws/install/px4_msgs/lib/libpx4_msgs__rosidl_typesupport_cpp.so /home/vdt_2026/ros2_ws/install/px4_msgs/lib/libpx4_msgs__rosidl_generator_py.so /opt/ros/jazzy/lib/libnav_msgs__rosidl_typesupport_fastrtps_c.so /opt/ros/jazzy/lib/libnav_msgs__rosidl_typesupport_fastrtps_cpp.so /opt/ros/jazzy/lib/libnav_msgs__rosidl_typesupport_introspection_c.so /opt/ros/jazzy/lib/libnav_msgs__rosidl_typesupport_introspection_cpp.so /opt/ros/jazzy/lib/libnav_msgs__rosidl_typesupport_cpp.so /opt/ros/jazzy/lib/libnav_msgs__rosidl_generator_py.so /opt/ros/jazzy/lib/libstatic_transform_broadcaster_node.so /home/vdt_2026/VDT_project/install/vdt_msgs/lib/libvdt_msgs__rosidl_typesupport_fastrtps_c.so /home/vdt_2026/VDT_project/install/vdt_msgs/lib/libvdt_msgs__rosidl_typesupport_fastrtps_cpp.so /home/vdt_2026/VDT_project/install/vdt_msgs/lib/libvdt_msgs__rosidl_typesupport_introspection_c.so /home/vdt_2026/VDT_project/install/vdt_msgs/lib/libvdt_msgs__rosidl_typesupport_introspection_cpp.so /home/vdt_2026/VDT_project/install/vdt_msgs/lib/libvdt_msgs__rosidl_typesupport_cpp.so /home/vdt_2026/VDT_project/install/vdt_msgs/lib/libvdt_msgs__rosidl_generator_py.so /home/vdt_2026/ros2_ws/install/px4_msgs/lib/libpx4_msgs__rosidl_typesupport_c.so /home/vdt_2026/ros2_ws/install/px4_msgs/lib/libpx4_msgs__rosidl_generator_c.so /opt/ros/jazzy/lib/libnav_msgs__rosidl_typesupport_c.so /opt/ros/jazzy/lib/libnav_msgs__rosidl_generator_c.so /opt/ros/jazzy/lib/libtf2_ros.so /opt/ros/jazzy/lib/libmessage_filters.so /opt/ros/jazzy/lib/librclcpp_action.so /opt/ros/jazzy/lib/librclcpp.so /opt/ros/jazzy/lib/liblibstatistics_collector.so /opt/ros/jazzy/lib/librosgraph_msgs__rosidl_typesupport_fastrtps_c.so /opt/ros/jazzy/lib/librosgraph_msgs__rosidl_typesupport_fastrtps_cpp.so /opt/ros/jazzy/lib/librosgraph_msgs__rosidl_typesupport_introspection_c.so /opt/ros/jazzy/lib/librosgraph_msgs__rosidl_typesupport_introspection_cpp.so /opt/ros/jazzy/lib/librosgraph_msgs__rosidl_typesupport_cpp.so /opt/ros/jazzy/lib/librosgraph_msgs__rosidl_generator_py.so /opt/ros/jazzy/lib/librosgraph_msgs__rosidl_typesupport_c.so /opt/ros/jazzy/lib/librosgraph_msgs__rosidl_generator_c.so /opt/ros/jazzy/lib/libstatistics_msgs__rosidl_typesupport_fastrtps_c.so /opt/ros/jazzy/lib/libstatistics_msgs__rosidl_typesupport_fastrtps_cpp.so /opt/ros/jazzy/lib/libstatistics_msgs__rosidl_typesupport_introspection_c.so /opt/ros/jazzy/lib/libstatistics_msgs__rosidl_typesupport_introspection_cpp.so /opt/ros/jazzy/lib/libstatistics_msgs__rosidl_typesupport_cpp.so /opt/ros/jazzy/lib/libstatistics_msgs__rosidl_generator_py.so /opt/ros/jazzy/lib/libstatistics_msgs__rosidl_typesupport_c.so /opt/ros/jazzy/lib/libstatistics_msgs__rosidl_generator_c.so /opt/ros/jazzy/lib/librcl_action.so /opt/ros/jazzy/lib/librcl.so /opt/ros/jazzy/lib/librcl_interfaces__rosidl_typesupport_fastrtps_c.so /opt/ros/jazzy/lib/librcl_interfaces__rosidl_typesupport_introspection_c.so /opt/ros/jazzy/lib/librcl_interfaces__rosidl_typesupport_fastrtps_cpp.so /opt/ros/jazzy/lib/librcl_interfaces__rosidl_typesupport_introspection_cpp.so /opt/ros/jazzy/lib/librcl_interfaces__rosidl_typesupport_cpp.so /opt/ros/jazzy/lib/librcl_interfaces__rosidl_generator_py.so /opt/ros/jazzy/lib/librcl_interfaces__rosidl_typesupport_c.so /opt/ros/jazzy/lib/librcl_interfaces__rosidl_generator_c.so /opt/ros/jazzy/lib/librcl_yaml_param_parser.so /opt/ros/jazzy/lib/libtracetools.so -llttng-ust -llttng-ust-common -rdynamic -ldl /opt/ros/jazzy/lib/librcl_logging_interface.so /opt/ros/jazzy/lib/librmw_implementation.so /opt/ros/jazzy/lib/libtype_description_interfaces__rosidl_typesupport_fastrtps_c.so /opt/ros/jazzy/lib/libtype_description_interfaces__rosidl_typesupport_introspection_c.so /opt/ros/jazzy/lib/libtype_description_interfaces__rosidl_typesupport_fastrtps_cpp.so /opt/ros/jazzy/lib/libtype_description_interfaces__rosidl_typesupport_introspection_cpp.so /opt/ros/jazzy/lib/libtype_description_interfaces__rosidl_typesupport_cpp.so /opt/ros/jazzy/lib/libtype_description_interfaces__rosidl_generator_py.so /opt/ros/jazzy/lib/libtype_description_interfaces__rosidl_typesupport_c.so /opt/ros/jazzy/lib/libtype_description_interfaces__rosidl_generator_c.so /opt/ros/jazzy/lib/libtf2.so /opt/ros/jazzy/lib/libtf2_msgs__rosidl_typesupport_fastrtps_c.so /opt/ros/jazzy/lib/libtf2_msgs__rosidl_typesupport_introspection_c.so /opt/ros/jazzy/lib/libtf2_msgs__rosidl_typesupport_fastrtps_cpp.so /opt/ros/jazzy/lib/libtf2_msgs__rosidl_typesupport_introspection_cpp.so /opt/ros/jazzy/lib/libtf2_msgs__rosidl_typesupport_cpp.so /opt/ros/jazzy/lib/libtf2_msgs__rosidl_generator_py.so /opt/ros/jazzy/lib/libgeometry_msgs__rosidl_typesupport_fastrtps_c.so /opt/ros/jazzy/lib/libgeometry_msgs__rosidl_typesupport_introspection_c.so /opt/ros/jazzy/lib/libgeometry_msgs__rosidl_typesupport_fastrtps_cpp.so /opt/ros/jazzy/lib/libgeometry_msgs__rosidl_typesupport_introspection_cpp.so /opt/ros/jazzy/lib/libgeometry_msgs__rosidl_typesupport_cpp.so /opt/ros/jazzy/lib/libgeometry_msgs__rosidl_generator_py.so /opt/ros/jazzy/lib/libtf2_msgs__rosidl_typesupport_c.so /opt/ros/jazzy/lib/libgeometry_msgs__rosidl_typesupport_c.so /opt/ros/jazzy/lib/libtf2_msgs__rosidl_generator_c.so /opt/ros/jazzy/lib/libgeometry_msgs__rosidl_generator_c.so /opt/ros/jazzy/lib/libaction_msgs__rosidl_typesupport_fastrtps_c.so /opt/ros/jazzy/lib/libaction_msgs__rosidl_typesupport_fastrtps_cpp.so /opt/ros/jazzy/lib/libaction_msgs__rosidl_typesupport_introspection_c.so /opt/ros/jazzy/lib/libaction_msgs__rosidl_typesupport_introspection_cpp.so /opt/ros/jazzy/lib/libaction_msgs__rosidl_typesupport_cpp.so /opt/ros/jazzy/lib/libaction_msgs__rosidl_generator_py.so /opt/ros/jazzy/lib/libservice_msgs__rosidl_typesupport_fastrtps_c.so /opt/ros/jazzy/lib/libservice_msgs__rosidl_typesupport_fastrtps_cpp.so /opt/ros/jazzy/lib/libservice_msgs__rosidl_typesupport_introspection_c.so /opt/ros/jazzy/lib/libservice_msgs__rosidl_typesupport_introspection_cpp.so /opt/ros/jazzy/lib/libservice_msgs__rosidl_typesupport_cpp.so /opt/ros/jazzy/lib/libaction_msgs__rosidl_typesupport_c.so /opt/ros/jazzy/lib/libaction_msgs__rosidl_generator_c.so /opt/ros/jazzy/lib/libunique_identifier_msgs__rosidl_typesupport_fastrtps_c.so /opt/ros/jazzy/lib/libunique_identifier_msgs__rosidl_typesupport_introspection_c.so /opt/ros/jazzy/lib/libunique_identifier_msgs__rosidl_typesupport_fastrtps_cpp.so /opt/ros/jazzy/lib/libunique_identifier_msgs__rosidl_typesupport_introspection_cpp.so /opt/ros/jazzy/lib/libunique_identifier_msgs__rosidl_typesupport_cpp.so /opt/ros/jazzy/lib/libservice_msgs__rosidl_typesupport_c.so /opt/ros/jazzy/lib/libservice_msgs__rosidl_generator_c.so /opt/ros/jazzy/lib/libunique_identifier_msgs__rosidl_typesupport_c.so /opt/ros/jazzy/lib/libunique_identifier_msgs__rosidl_generator_c.so /opt/ros/jazzy/lib/libstd_msgs__rosidl_typesupport_fastrtps_c.so /opt/ros/jazzy/lib/libstd_msgs__rosidl_typesupport_fastrtps_cpp.so /opt/ros/jazzy/lib/libstd_msgs__rosidl_typesupport_introspection_c.so /opt/ros/jazzy/lib/libstd_msgs__rosidl_typesupport_introspection_cpp.so /opt/ros/jazzy/lib/libstd_msgs__rosidl_typesupport_cpp.so /opt/ros/jazzy/lib/libstd_msgs__rosidl_generator_py.so /home/vdt_2026/VDT_project/install/vdt_msgs/lib/libvdt_msgs__rosidl_typesupport_c.so /opt/ros/jazzy/lib/libstd_msgs__rosidl_typesupport_c.so /home/vdt_2026/VDT_project/install/vdt_msgs/lib/libvdt_msgs__rosidl_generator_c.so /opt/ros/jazzy/lib/libstd_msgs__rosidl_generator_c.so /opt/ros/jazzy/lib/libbuiltin_interfaces__rosidl_typesupport_fastrtps_c.so /opt/ros/jazzy/lib/librosidl_typesupport_fastrtps_c.so /opt/ros/jazzy/lib/libbuiltin_interfaces__rosidl_typesupport_introspection_c.so /opt/ros/jazzy/lib/libbuiltin_interfaces__rosidl_typesupport_fastrtps_cpp.so /opt/ros/jazzy/lib/librosidl_typesupport_fastrtps_cpp.so /opt/ros/jazzy/lib/librmw.so /opt/ros/jazzy/lib/librosidl_dynamic_typesupport.so /opt/ros/jazzy/lib/libfastcdr.so.2.2.8 /opt/ros/jazzy/lib/libbuiltin_interfaces__rosidl_typesupport_introspection_cpp.so /opt/ros/jazzy/lib/librosidl_typesupport_introspection_cpp.so /opt/ros/jazzy/lib/librosidl_typesupport_introspection_c.so /opt/ros/jazzy/lib/libbuiltin_interfaces__rosidl_typesupport_cpp.so /opt/ros/jazzy/lib/librosidl_typesupport_cpp.so /opt/ros/jazzy/lib/libbuiltin_interfaces__rosidl_generator_py.so /opt/ros/jazzy/lib/libbuiltin_interfaces__rosidl_typesupport_c.so /opt/ros/jazzy/lib/libbuiltin_interfaces__rosidl_generator_c.so /opt/ros/jazzy/lib/librosidl_typesupport_c.so /opt/ros/jazzy/lib/librcpputils.so /opt/ros/jazzy/lib/librosidl_runtime_c.so /opt/ros/jazzy/lib/librcutils.so -ldl -latomic -Wl,-rpath-link,/opt/ros/jazzy/lib 
gmake[2]: Leaving directory '/home/vdt_2026/VDT_project/build/px4_state_bridge'
[100%] Built target px4_state_bridge_node
gmake[1]: Leaving directory '/home/vdt_2026/VDT_project/build/px4_state_bridge'
/usr/bin/cmake -E cmake_progress_start /home/vdt_2026/VDT_project/build/px4_state_bridge/CMakeFiles 0

-- Install configuration: ""
-- Installing: /home/vdt_2026/VDT_project/install/px4_state_bridge/lib/px4_state_bridge/px4_state_bridge_node
-- Set non-toolchain portion of runtime path of "/home/vdt_2026/VDT_project/install/px4_state_bridge/lib/px4_state_bridge/px4_state_bridge_node" to ""
-- Installing: /home/vdt_2026/VDT_project/install/px4_state_bridge/share/px4_state_bridge/config
-- Installing: /home/vdt_2026/VDT_project/install/px4_state_bridge/share/px4_state_bridge/config/px4_state_bridge.yaml
-- Installing: /home/vdt_2026/VDT_project/install/px4_state_bridge/share/px4_state_bridge/launch
-- Installing: /home/vdt_2026/VDT_project/install/px4_state_bridge/share/px4_state_bridge/launch/px4_state_bridge.launch.py
-- Installing: /home/vdt_2026/VDT_project/install/px4_state_bridge/share/ament_index/resource_index/package_run_dependencies/px4_state_bridge
-- Installing: /home/vdt_2026/VDT_project/install/px4_state_bridge/share/ament_index/resource_index/parent_prefix_path/px4_state_bridge
-- Installing: /home/vdt_2026/VDT_project/install/px4_state_bridge/share/px4_state_bridge/environment/ament_prefix_path.sh
-- Installing: /home/vdt_2026/VDT_project/install/px4_state_bridge/share/px4_state_bridge/environment/ament_prefix_path.dsv
-- Installing: /home/vdt_2026/VDT_project/install/px4_state_bridge/share/px4_state_bridge/environment/path.sh
-- Installing: /home/vdt_2026/VDT_project/install/px4_state_bridge/share/px4_state_bridge/environment/path.dsv
-- Installing: /home/vdt_2026/VDT_project/install/px4_state_bridge/share/px4_state_bridge/local_setup.bash
-- Installing: /home/vdt_2026/VDT_project/install/px4_state_bridge/share/px4_state_bridge/local_setup.sh
-- Installing: /home/vdt_2026/VDT_project/install/px4_state_bridge/share/px4_state_bridge/local_setup.zsh
-- Installing: /home/vdt_2026/VDT_project/install/px4_state_bridge/share/px4_state_bridge/local_setup.dsv
-- Installing: /home/vdt_2026/VDT_project/install/px4_state_bridge/share/px4_state_bridge/package.dsv
-- Installing: /home/vdt_2026/VDT_project/install/px4_state_bridge/share/ament_index/resource_index/packages/px4_state_bridge
-- Installing: /home/vdt_2026/VDT_project/install/px4_state_bridge/share/px4_state_bridge/cmake/px4_state_bridgeConfig.cmake
-- Installing: /home/vdt_2026/VDT_project/install/px4_state_bridge/share/px4_state_bridge/cmake/px4_state_bridgeConfig-version.cmake
-- Installing: /home/vdt_2026/VDT_project/install/px4_state_bridge/share/px4_state_bridge/package.xml
Finished <<< px4_state_bridge [25.4s]
Starting >>> vdt_bringup
-- The C compiler identification is GNU 13.3.0
-- The CXX compiler identification is GNU 13.3.0
-- Detecting C compiler ABI info
-- Detecting C compiler ABI info - done
-- Check for working C compiler: /usr/bin/cc - skipped
-- Detecting C compile features
-- Detecting C compile features - done
-- Detecting CXX compiler ABI info
-- Detecting CXX compiler ABI info - done
-- Check for working CXX compiler: /usr/bin/c++ - skipped
-- Detecting CXX compile features
-- Detecting CXX compile features - done
-- Found ament_cmake: 2.5.6 (/opt/ros/jazzy/share/ament_cmake/cmake)
-- Found Python3: /usr/bin/python3 (found version "3.12.3") found components: Interpreter 
-- Configuring done (1.1s)
-- Generating done (0.0s)
-- Build files have been written to: /home/vdt_2026/VDT_project/build/vdt_bringup
Change Dir: '/home/vdt_2026/VDT_project/build/vdt_bringup'

Run Build Command(s): /usr/bin/cmake -E env VERBOSE=1 /usr/bin/gmake -f Makefile -j4 -l4
/usr/bin/cmake -S/home/vdt_2026/VDT_project/ros2_ws/src/vdt_bringup -B/home/vdt_2026/VDT_project/build/vdt_bringup --check-build-system CMakeFiles/Makefile.cmake 0
/usr/bin/cmake -E cmake_progress_start /home/vdt_2026/VDT_project/build/vdt_bringup/CMakeFiles /home/vdt_2026/VDT_project/build/vdt_bringup//CMakeFiles/progress.marks
/usr/bin/gmake  -f CMakeFiles/Makefile2 all
gmake[1]: Entering directory '/home/vdt_2026/VDT_project/build/vdt_bringup'
gmake[1]: Nothing to be done for 'all'.
gmake[1]: Leaving directory '/home/vdt_2026/VDT_project/build/vdt_bringup'
/usr/bin/cmake -E cmake_progress_start /home/vdt_2026/VDT_project/build/vdt_bringup/CMakeFiles 0

-- Install configuration: ""
-- Installing: /home/vdt_2026/VDT_project/install/vdt_bringup/share/vdt_bringup/launch
-- Installing: /home/vdt_2026/VDT_project/install/vdt_bringup/share/vdt_bringup/launch/vdt_system.launch.py
-- Installing: /home/vdt_2026/VDT_project/install/vdt_bringup/share/vdt_bringup/System_Params.yaml
-- Installing: /home/vdt_2026/VDT_project/install/vdt_bringup/share/ament_index/resource_index/package_run_dependencies/vdt_bringup
-- Installing: /home/vdt_2026/VDT_project/install/vdt_bringup/share/ament_index/resource_index/parent_prefix_path/vdt_bringup
-- Installing: /home/vdt_2026/VDT_project/install/vdt_bringup/share/vdt_bringup/environment/ament_prefix_path.sh
-- Installing: /home/vdt_2026/VDT_project/install/vdt_bringup/share/vdt_bringup/environment/ament_prefix_path.dsv
-- Installing: /home/vdt_2026/VDT_project/install/vdt_bringup/share/vdt_bringup/environment/path.sh
-- Installing: /home/vdt_2026/VDT_project/install/vdt_bringup/share/vdt_bringup/environment/path.dsv
-- Installing: /home/vdt_2026/VDT_project/install/vdt_bringup/share/vdt_bringup/local_setup.bash
-- Installing: /home/vdt_2026/VDT_project/install/vdt_bringup/share/vdt_bringup/local_setup.sh
-- Installing: /home/vdt_2026/VDT_project/install/vdt_bringup/share/vdt_bringup/local_setup.zsh
-- Installing: /home/vdt_2026/VDT_project/install/vdt_bringup/share/vdt_bringup/local_setup.dsv
-- Installing: /home/vdt_2026/VDT_project/install/vdt_bringup/share/vdt_bringup/package.dsv
-- Installing: /home/vdt_2026/VDT_project/install/vdt_bringup/share/ament_index/resource_index/packages/vdt_bringup
-- Installing: /home/vdt_2026/VDT_project/install/vdt_bringup/share/vdt_bringup/cmake/vdt_bringupConfig.cmake
-- Installing: /home/vdt_2026/VDT_project/install/vdt_bringup/share/vdt_bringup/cmake/vdt_bringupConfig-version.cmake
-- Installing: /home/vdt_2026/VDT_project/install/vdt_bringup/share/vdt_bringup/package.xml
Finished <<< vdt_bringup [1.30s]

Summary: 18 packages finished [3min 3s]
