[0.000000] (-) TimerEvent: {}
[0.000094] (aruco_detector) JobQueued: {'identifier': 'aruco_detector', 'dependencies': OrderedDict()}
[0.000131] (ekf_adapter) JobQueued: {'identifier': 'ekf_adapter', 'dependencies': OrderedDict()}
[0.000153] (ibvs) JobQueued: {'identifier': 'ibvs', 'dependencies': OrderedDict()}
[0.000172] (servo_control) JobQueued: {'identifier': 'servo_control', 'dependencies': OrderedDict()}
[0.000189] (vdt_msgs) JobQueued: {'identifier': 'vdt_msgs', 'dependencies': OrderedDict()}
[0.000206] (vdt_takeoff) JobQueued: {'identifier': 'vdt_takeoff', 'dependencies': OrderedDict()}
[0.000222] (xrce_bridge_manager) JobQueued: {'identifier': 'xrce_bridge_manager', 'dependencies': OrderedDict()}
[0.000237] (fsm_state_machine) JobQueued: {'identifier': 'fsm_state_machine', 'dependencies': OrderedDict({'vdt_msgs': '/home/vdt_2026/VDT_project/install/vdt_msgs'})}
[0.000260] (input_state_cache) JobQueued: {'identifier': 'input_state_cache', 'dependencies': OrderedDict({'vdt_msgs': '/home/vdt_2026/VDT_project/install/vdt_msgs'})}
[0.000278] (offboard_manager) JobQueued: {'identifier': 'offboard_manager', 'dependencies': OrderedDict({'vdt_msgs': '/home/vdt_2026/VDT_project/install/vdt_msgs'})}
[0.000297] (rc_parser) JobQueued: {'identifier': 'rc_parser', 'dependencies': OrderedDict({'vdt_msgs': '/home/vdt_2026/VDT_project/install/vdt_msgs'})}
[0.000315] (vision_interface_bridge) JobQueued: {'identifier': 'vision_interface_bridge', 'dependencies': OrderedDict({'vdt_msgs': '/home/vdt_2026/VDT_project/install/vdt_msgs'})}
[0.000333] (apf_planner) JobQueued: {'identifier': 'apf_planner', 'dependencies': OrderedDict({'vdt_msgs': '/home/vdt_2026/VDT_project/install/vdt_msgs', 'offboard_manager': '/home/vdt_2026/VDT_project/install/offboard_manager'})}
[0.000352] (gimbal_control) JobQueued: {'identifier': 'gimbal_control', 'dependencies': OrderedDict({'vdt_msgs': '/home/vdt_2026/VDT_project/install/vdt_msgs', 'fsm_state_machine': '/home/vdt_2026/VDT_project/install/fsm_state_machine', 'input_state_cache': '/home/vdt_2026/VDT_project/install/input_state_cache'})}
[0.000374] (kill_switch) JobQueued: {'identifier': 'kill_switch', 'dependencies': OrderedDict({'vdt_msgs': '/home/vdt_2026/VDT_project/install/vdt_msgs', 'rc_parser': '/home/vdt_2026/VDT_project/install/rc_parser'})}
[0.000393] (offboard_safety_monitor) JobQueued: {'identifier': 'offboard_safety_monitor', 'dependencies': OrderedDict({'vdt_msgs': '/home/vdt_2026/VDT_project/install/vdt_msgs', 'offboard_manager': '/home/vdt_2026/VDT_project/install/offboard_manager'})}
[0.000412] (px4_state_bridge) JobQueued: {'identifier': 'px4_state_bridge', 'dependencies': OrderedDict({'vdt_msgs': '/home/vdt_2026/VDT_project/install/vdt_msgs', 'fsm_state_machine': '/home/vdt_2026/VDT_project/install/fsm_state_machine'})}
[0.000431] (vdt_bringup) JobQueued: {'identifier': 'vdt_bringup', 'dependencies': OrderedDict({'servo_control': '/home/vdt_2026/VDT_project/install/servo_control', 'vdt_msgs': '/home/vdt_2026/VDT_project/install/vdt_msgs', 'xrce_bridge_manager': '/home/vdt_2026/VDT_project/install/xrce_bridge_manager', 'fsm_state_machine': '/home/vdt_2026/VDT_project/install/fsm_state_machine', 'input_state_cache': '/home/vdt_2026/VDT_project/install/input_state_cache', 'offboard_manager': '/home/vdt_2026/VDT_project/install/offboard_manager', 'rc_parser': '/home/vdt_2026/VDT_project/install/rc_parser', 'gimbal_control': '/home/vdt_2026/VDT_project/install/gimbal_control', 'kill_switch': '/home/vdt_2026/VDT_project/install/kill_switch', 'offboard_safety_monitor': '/home/vdt_2026/VDT_project/install/offboard_safety_monitor'})}
[0.000796] (aruco_detector) JobStarted: {'identifier': 'aruco_detector'}
[0.099636] (-) TimerEvent: {}
[0.199808] (-) TimerEvent: {}
[0.299996] (-) TimerEvent: {}
[0.400186] (-) TimerEvent: {}
[0.500345] (-) TimerEvent: {}
[0.600442] (-) TimerEvent: {}
[0.700542] (-) TimerEvent: {}
[0.800647] (-) TimerEvent: {}
[0.900753] (-) TimerEvent: {}
[1.000884] (-) TimerEvent: {}
[1.101020] (-) TimerEvent: {}
[1.201135] (-) TimerEvent: {}
[1.301254] (-) TimerEvent: {}
[1.401372] (-) TimerEvent: {}
[1.501570] (-) TimerEvent: {}
[1.592170] (aruco_detector) Command: {'cmd': ['/usr/bin/python3', '-W', 'ignore:setup.py install is deprecated', '-W', 'ignore:easy_install command is deprecated', 'setup.py', 'egg_info', '--egg-base', '../../../build/aruco_detector', 'build', '--build-base', '/home/vdt_2026/VDT_project/build/aruco_detector/build', 'install', '--record', '/home/vdt_2026/VDT_project/build/aruco_detector/install.log', '--install-scripts', '$base/lib/aruco_detector', '--single-version-externally-managed', 'install_data'], 'cwd': '/home/vdt_2026/VDT_project/ros2_ws/src/aruco_detector', 'env': OrderedDict({'LESSOPEN': '| /usr/bin/lesspipe %s', 'USER': 'vdt_2026', 'SSH_CLIENT': '100.101.240.43 53682 22', 'XDG_SESSION_TYPE': 'tty', 'SHLVL': '1', 'LD_LIBRARY_PATH': '/home/vdt_2026/ros2_ws/install/px4_msgs/lib:/opt/ros/jazzy/lib/aarch64-linux-gnu:/opt/ros/jazzy/lib', 'HOME': '/home/vdt_2026', 'OLDPWD': '/home/vdt_2026', 'SSH_TTY': '/dev/pts/0', 'ROS_PYTHON_VERSION': '3', 'DBUS_SESSION_BUS_ADDRESS': 'unix:path=/run/user/1000/bus', 'COLCON_PREFIX_PATH': '/home/vdt_2026/ros2_ws/install', 'ROS_DISTRO': 'jazzy', 'LOGNAME': 'vdt_2026', '_': '/usr/bin/colcon', 'ROS_VERSION': '2', 'XDG_SESSION_CLASS': 'user', 'TERM': 'xterm-256color', 'XDG_SESSION_ID': '1', 'PATH': '/home/vdt_2026/.local/bin:/opt/ros/jazzy/bin:/usr/local/sbin:/usr/local/bin:/usr/sbin:/usr/bin:/sbin:/bin:/usr/games:/usr/local/games:/snap/bin', 'XDG_RUNTIME_DIR': '/run/user/1000', 'LANG': 'en_US.UTF-8', 'LS_COLORS': 'rs=0:di=01;34:ln=01;36:mh=00:pi=40;33:so=01;35:do=01;35:bd=40;33;01:cd=40;33;01:or=40;31;01:mi=00:su=37;41:sg=30;43:ca=00:tw=30;42:ow=34;42:st=37;44:ex=01;32:*.tar=01;31:*.tgz=01;31:*.arc=01;31:*.arj=01;31:*.taz=01;31:*.lha=01;31:*.lz4=01;31:*.lzh=01;31:*.lzma=01;31:*.tlz=01;31:*.txz=01;31:*.tzo=01;31:*.t7z=01;31:*.zip=01;31:*.z=01;31:*.dz=01;31:*.gz=01;31:*.lrz=01;31:*.lz=01;31:*.lzo=01;31:*.xz=01;31:*.zst=01;31:*.tzst=01;31:*.bz2=01;31:*.bz=01;31:*.tbz=01;31:*.tbz2=01;31:*.tz=01;31:*.deb=01;31:*.rpm=01;31:*.jar=01;31:*.war=01;31:*.ear=01;31:*.sar=01;31:*.rar=01;31:*.alz=01;31:*.ace=01;31:*.zoo=01;31:*.cpio=01;31:*.7z=01;31:*.rz=01;31:*.cab=01;31:*.wim=01;31:*.swm=01;31:*.dwm=01;31:*.esd=01;31:*.avif=01;35:*.jpg=01;35:*.jpeg=01;35:*.mjpg=01;35:*.mjpeg=01;35:*.gif=01;35:*.bmp=01;35:*.pbm=01;35:*.pgm=01;35:*.ppm=01;35:*.tga=01;35:*.xbm=01;35:*.xpm=01;35:*.tif=01;35:*.tiff=01;35:*.png=01;35:*.svg=01;35:*.svgz=01;35:*.mng=01;35:*.pcx=01;35:*.mov=01;35:*.mpg=01;35:*.mpeg=01;35:*.m2v=01;35:*.mkv=01;35:*.webm=01;35:*.webp=01;35:*.ogm=01;35:*.mp4=01;35:*.m4v=01;35:*.mp4v=01;35:*.vob=01;35:*.qt=01;35:*.nuv=01;35:*.wmv=01;35:*.asf=01;35:*.rm=01;35:*.rmvb=01;35:*.flc=01;35:*.avi=01;35:*.fli=01;35:*.flv=01;35:*.gl=01;35:*.dl=01;35:*.xcf=01;35:*.xwd=01;35:*.yuv=01;35:*.cgm=01;35:*.emf=01;35:*.ogv=01;35:*.ogx=01;35:*.aac=00;36:*.au=00;36:*.flac=00;36:*.m4a=00;36:*.mid=00;36:*.midi=00;36:*.mka=00;36:*.mp3=00;36:*.mpc=00;36:*.ogg=00;36:*.ra=00;36:*.wav=00;36:*.oga=00;36:*.opus=00;36:*.spx=00;36:*.xspf=00;36:*~=00;90:*#=00;90:*.bak=00;90:*.crdownload=00;90:*.dpkg-dist=00;90:*.dpkg-new=00;90:*.dpkg-old=00;90:*.dpkg-tmp=00;90:*.old=00;90:*.orig=00;90:*.part=00;90:*.rej=00;90:*.rpmnew=00;90:*.rpmorig=00;90:*.rpmsave=00;90:*.swp=00;90:*.tmp=00;90:*.ucf-dist=00;90:*.ucf-new=00;90:*.ucf-old=00;90:', 'AMENT_PREFIX_PATH': '/home/vdt_2026/ros2_ws/install/px4_msgs:/opt/ros/jazzy', 'SHELL': '/bin/bash', 'LESSCLOSE': '/usr/bin/lesspipe %s %s', 'ROS_AUTOMATIC_DISCOVERY_RANGE': 'SUBNET', 'PWD': '/home/vdt_2026/VDT_project/build/aruco_detector', 'LC_ALL': 'en_US.UTF-8', 'SSH_CONNECTION': '100.101.240.43 53682 100.65.242.75 22', 'XDG_DATA_DIRS': '/usr/local/share:/usr/share:/var/lib/snapd/desktop', 'PYTHONPATH': '/home/vdt_2026/VDT_project/build/aruco_detector/prefix_override:/usr/lib/python3/dist-packages/colcon_core/task/python/colcon_distutils_commands:/home/vdt_2026/VDT_project/install/aruco_detector/lib/python3.12/site-packages:/home/vdt_2026/ros2_ws/install/px4_msgs/lib/python3.12/site-packages:/opt/ros/jazzy/lib/python3.12/site-packages:/home/vdt_2026/librealsense/build/Release', 'COLCON': '1', 'CMAKE_PREFIX_PATH': '/home/vdt_2026/ros2_ws/install/px4_msgs'}), 'shell': False}
[1.601642] (-) TimerEvent: {}
[1.701791] (-) TimerEvent: {}
[1.801935] (-) TimerEvent: {}
[1.899838] (aruco_detector) StdoutLine: {'line': b'running egg_info\n'}
[1.902015] (-) TimerEvent: {}
[1.919412] (aruco_detector) StdoutLine: {'line': b'writing ../../../build/aruco_detector/aruco_detector.egg-info/PKG-INFO\n'}
[1.920548] (aruco_detector) StdoutLine: {'line': b'writing dependency_links to ../../../build/aruco_detector/aruco_detector.egg-info/dependency_links.txt\n'}
[1.923203] (aruco_detector) StdoutLine: {'line': b'writing entry points to ../../../build/aruco_detector/aruco_detector.egg-info/entry_points.txt\n'}
[1.923967] (aruco_detector) StdoutLine: {'line': b'writing requirements to ../../../build/aruco_detector/aruco_detector.egg-info/requires.txt\n'}
[1.924790] (aruco_detector) StdoutLine: {'line': b'writing top-level names to ../../../build/aruco_detector/aruco_detector.egg-info/top_level.txt\n'}
[1.967191] (aruco_detector) StdoutLine: {'line': b"reading manifest file '../../../build/aruco_detector/aruco_detector.egg-info/SOURCES.txt'\n"}
[1.969154] (aruco_detector) StdoutLine: {'line': b"writing manifest file '../../../build/aruco_detector/aruco_detector.egg-info/SOURCES.txt'\n"}
[1.969410] (aruco_detector) StdoutLine: {'line': b'running build\n'}
[1.969640] (aruco_detector) StdoutLine: {'line': b'running build_py\n'}
[1.972565] (aruco_detector) StdoutLine: {'line': b'running install\n'}
[1.982173] (aruco_detector) StdoutLine: {'line': b'running install_lib\n'}
[2.002089] (-) TimerEvent: {}
[2.005231] (aruco_detector) StdoutLine: {'line': b'running install_data\n'}
[2.007087] (aruco_detector) StdoutLine: {'line': b'running install_egg_info\n'}
[2.030233] (aruco_detector) StdoutLine: {'line': b"removing '/home/vdt_2026/VDT_project/install/aruco_detector/lib/python3.12/site-packages/aruco_detector-0.1.0-py3.12.egg-info' (and everything under it)\n"}
[2.030714] (aruco_detector) StdoutLine: {'line': b'Copying ../../../build/aruco_detector/aruco_detector.egg-info to /home/vdt_2026/VDT_project/install/aruco_detector/lib/python3.12/site-packages/aruco_detector-0.1.0-py3.12.egg-info\n'}
[2.032686] (aruco_detector) StdoutLine: {'line': b'running install_scripts\n'}
[2.102175] (-) TimerEvent: {}
[2.179133] (aruco_detector) StdoutLine: {'line': b'Installing aruco_node script to /home/vdt_2026/VDT_project/install/aruco_detector/lib/aruco_detector\n'}
[2.180005] (aruco_detector) StdoutLine: {'line': b'Installing depth_to_image_node script to /home/vdt_2026/VDT_project/install/aruco_detector/lib/aruco_detector\n'}
[2.181444] (aruco_detector) StdoutLine: {'line': b"writing list of installed files to '/home/vdt_2026/VDT_project/build/aruco_detector/install.log'\n"}
[2.202356] (-) TimerEvent: {}
[2.270831] (aruco_detector) CommandEnded: {'returncode': 0}
[2.302415] (-) TimerEvent: {}
[2.307899] (aruco_detector) JobEnded: {'identifier': 'aruco_detector', 'rc': 0}
[2.309426] (ekf_adapter) JobStarted: {'identifier': 'ekf_adapter'}
[2.402525] (-) TimerEvent: {}
[2.502695] (-) TimerEvent: {}
[2.602835] (-) TimerEvent: {}
[2.703041] (-) TimerEvent: {}
[2.803214] (-) TimerEvent: {}
[2.903350] (-) TimerEvent: {}
[3.003517] (-) TimerEvent: {}
[3.103671] (-) TimerEvent: {}
[3.203823] (-) TimerEvent: {}
[3.304014] (-) TimerEvent: {}
[3.386441] (ekf_adapter) Command: {'cmd': ['/usr/bin/python3', '-W', 'ignore:setup.py install is deprecated', '-W', 'ignore:easy_install command is deprecated', 'setup.py', 'egg_info', '--egg-base', '../../../build/ekf_adapter', 'build', '--build-base', '/home/vdt_2026/VDT_project/build/ekf_adapter/build', 'install', '--record', '/home/vdt_2026/VDT_project/build/ekf_adapter/install.log', '--install-scripts', '$base/lib/ekf_adapter', '--single-version-externally-managed', 'install_data'], 'cwd': '/home/vdt_2026/VDT_project/ros2_ws/src/ekf_adapter', 'env': OrderedDict({'LESSOPEN': '| /usr/bin/lesspipe %s', 'USER': 'vdt_2026', 'SSH_CLIENT': '100.101.240.43 53682 22', 'XDG_SESSION_TYPE': 'tty', 'SHLVL': '1', 'LD_LIBRARY_PATH': '/home/vdt_2026/ros2_ws/install/px4_msgs/lib:/opt/ros/jazzy/lib/aarch64-linux-gnu:/opt/ros/jazzy/lib', 'HOME': '/home/vdt_2026', 'OLDPWD': '/home/vdt_2026', 'SSH_TTY': '/dev/pts/0', 'ROS_PYTHON_VERSION': '3', 'DBUS_SESSION_BUS_ADDRESS': 'unix:path=/run/user/1000/bus', 'COLCON_PREFIX_PATH': '/home/vdt_2026/ros2_ws/install', 'ROS_DISTRO': 'jazzy', 'LOGNAME': 'vdt_2026', '_': '/usr/bin/colcon', 'ROS_VERSION': '2', 'XDG_SESSION_CLASS': 'user', 'TERM': 'xterm-256color', 'XDG_SESSION_ID': '1', 'PATH': '/home/vdt_2026/.local/bin:/opt/ros/jazzy/bin:/usr/local/sbin:/usr/local/bin:/usr/sbin:/usr/bin:/sbin:/bin:/usr/games:/usr/local/games:/snap/bin', 'XDG_RUNTIME_DIR': '/run/user/1000', 'LANG': 'en_US.UTF-8', 'LS_COLORS': 'rs=0:di=01;34:ln=01;36:mh=00:pi=40;33:so=01;35:do=01;35:bd=40;33;01:cd=40;33;01:or=40;31;01:mi=00:su=37;41:sg=30;43:ca=00:tw=30;42:ow=34;42:st=37;44:ex=01;32:*.tar=01;31:*.tgz=01;31:*.arc=01;31:*.arj=01;31:*.taz=01;31:*.lha=01;31:*.lz4=01;31:*.lzh=01;31:*.lzma=01;31:*.tlz=01;31:*.txz=01;31:*.tzo=01;31:*.t7z=01;31:*.zip=01;31:*.z=01;31:*.dz=01;31:*.gz=01;31:*.lrz=01;31:*.lz=01;31:*.lzo=01;31:*.xz=01;31:*.zst=01;31:*.tzst=01;31:*.bz2=01;31:*.bz=01;31:*.tbz=01;31:*.tbz2=01;31:*.tz=01;31:*.deb=01;31:*.rpm=01;31:*.jar=01;31:*.war=01;31:*.ear=01;31:*.sar=01;31:*.rar=01;31:*.alz=01;31:*.ace=01;31:*.zoo=01;31:*.cpio=01;31:*.7z=01;31:*.rz=01;31:*.cab=01;31:*.wim=01;31:*.swm=01;31:*.dwm=01;31:*.esd=01;31:*.avif=01;35:*.jpg=01;35:*.jpeg=01;35:*.mjpg=01;35:*.mjpeg=01;35:*.gif=01;35:*.bmp=01;35:*.pbm=01;35:*.pgm=01;35:*.ppm=01;35:*.tga=01;35:*.xbm=01;35:*.xpm=01;35:*.tif=01;35:*.tiff=01;35:*.png=01;35:*.svg=01;35:*.svgz=01;35:*.mng=01;35:*.pcx=01;35:*.mov=01;35:*.mpg=01;35:*.mpeg=01;35:*.m2v=01;35:*.mkv=01;35:*.webm=01;35:*.webp=01;35:*.ogm=01;35:*.mp4=01;35:*.m4v=01;35:*.mp4v=01;35:*.vob=01;35:*.qt=01;35:*.nuv=01;35:*.wmv=01;35:*.asf=01;35:*.rm=01;35:*.rmvb=01;35:*.flc=01;35:*.avi=01;35:*.fli=01;35:*.flv=01;35:*.gl=01;35:*.dl=01;35:*.xcf=01;35:*.xwd=01;35:*.yuv=01;35:*.cgm=01;35:*.emf=01;35:*.ogv=01;35:*.ogx=01;35:*.aac=00;36:*.au=00;36:*.flac=00;36:*.m4a=00;36:*.mid=00;36:*.midi=00;36:*.mka=00;36:*.mp3=00;36:*.mpc=00;36:*.ogg=00;36:*.ra=00;36:*.wav=00;36:*.oga=00;36:*.opus=00;36:*.spx=00;36:*.xspf=00;36:*~=00;90:*#=00;90:*.bak=00;90:*.crdownload=00;90:*.dpkg-dist=00;90:*.dpkg-new=00;90:*.dpkg-old=00;90:*.dpkg-tmp=00;90:*.old=00;90:*.orig=00;90:*.part=00;90:*.rej=00;90:*.rpmnew=00;90:*.rpmorig=00;90:*.rpmsave=00;90:*.swp=00;90:*.tmp=00;90:*.ucf-dist=00;90:*.ucf-new=00;90:*.ucf-old=00;90:', 'AMENT_PREFIX_PATH': '/home/vdt_2026/ros2_ws/install/px4_msgs:/opt/ros/jazzy', 'SHELL': '/bin/bash', 'LESSCLOSE': '/usr/bin/lesspipe %s %s', 'ROS_AUTOMATIC_DISCOVERY_RANGE': 'SUBNET', 'PWD': '/home/vdt_2026/VDT_project/build/ekf_adapter', 'LC_ALL': 'en_US.UTF-8', 'SSH_CONNECTION': '100.101.240.43 53682 100.65.242.75 22', 'XDG_DATA_DIRS': '/usr/local/share:/usr/share:/var/lib/snapd/desktop', 'PYTHONPATH': '/home/vdt_2026/VDT_project/build/ekf_adapter/prefix_override:/usr/lib/python3/dist-packages/colcon_core/task/python/colcon_distutils_commands:/home/vdt_2026/VDT_project/install/ekf_adapter/lib/python3.12/site-packages:/home/vdt_2026/ros2_ws/install/px4_msgs/lib/python3.12/site-packages:/opt/ros/jazzy/lib/python3.12/site-packages:/home/vdt_2026/librealsense/build/Release', 'COLCON': '1', 'CMAKE_PREFIX_PATH': '/home/vdt_2026/ros2_ws/install/px4_msgs'}), 'shell': False}
[3.404086] (-) TimerEvent: {}
[3.504218] (-) TimerEvent: {}
[3.604321] (-) TimerEvent: {}
[3.692735] (ekf_adapter) StdoutLine: {'line': b'running egg_info\n'}
[3.704410] (-) TimerEvent: {}
[3.712373] (ekf_adapter) StdoutLine: {'line': b'writing ../../../build/ekf_adapter/ekf_adapter.egg-info/PKG-INFO\n'}
[3.713401] (ekf_adapter) StdoutLine: {'line': b'writing dependency_links to ../../../build/ekf_adapter/ekf_adapter.egg-info/dependency_links.txt\n'}
[3.714555] (ekf_adapter) StdoutLine: {'line': b'writing entry points to ../../../build/ekf_adapter/ekf_adapter.egg-info/entry_points.txt\n'}
[3.715326] (ekf_adapter) StdoutLine: {'line': b'writing requirements to ../../../build/ekf_adapter/ekf_adapter.egg-info/requires.txt\n'}
[3.716138] (ekf_adapter) StdoutLine: {'line': b'writing top-level names to ../../../build/ekf_adapter/ekf_adapter.egg-info/top_level.txt\n'}
[3.758460] (ekf_adapter) StdoutLine: {'line': b"reading manifest file '../../../build/ekf_adapter/ekf_adapter.egg-info/SOURCES.txt'\n"}
[3.760339] (ekf_adapter) StdoutLine: {'line': b"writing manifest file '../../../build/ekf_adapter/ekf_adapter.egg-info/SOURCES.txt'\n"}
[3.760556] (ekf_adapter) StdoutLine: {'line': b'running build\n'}
[3.760767] (ekf_adapter) StdoutLine: {'line': b'running build_py\n'}
[3.763644] (ekf_adapter) StdoutLine: {'line': b'running install\n'}
[3.773660] (ekf_adapter) StdoutLine: {'line': b'running install_lib\n'}
[3.795729] (ekf_adapter) StdoutLine: {'line': b'running install_data\n'}
[3.797533] (ekf_adapter) StdoutLine: {'line': b'running install_egg_info\n'}
[3.804472] (-) TimerEvent: {}
[3.820097] (ekf_adapter) StdoutLine: {'line': b"removing '/home/vdt_2026/VDT_project/install/ekf_adapter/lib/python3.12/site-packages/ekf_adapter-0.1.0-py3.12.egg-info' (and everything under it)\n"}
[3.820515] (ekf_adapter) StdoutLine: {'line': b'Copying ../../../build/ekf_adapter/ekf_adapter.egg-info to /home/vdt_2026/VDT_project/install/ekf_adapter/lib/python3.12/site-packages/ekf_adapter-0.1.0-py3.12.egg-info\n'}
[3.822442] (ekf_adapter) StdoutLine: {'line': b'running install_scripts\n'}
[3.904549] (-) TimerEvent: {}
[3.967492] (ekf_adapter) StdoutLine: {'line': b'Installing ekf_node script to /home/vdt_2026/VDT_project/install/ekf_adapter/lib/ekf_adapter\n'}
[3.968319] (ekf_adapter) StdoutLine: {'line': b'Installing odom_tf_node script to /home/vdt_2026/VDT_project/install/ekf_adapter/lib/ekf_adapter\n'}
[3.972317] (ekf_adapter) StdoutLine: {'line': b"writing list of installed files to '/home/vdt_2026/VDT_project/build/ekf_adapter/install.log'\n"}
[4.004679] (-) TimerEvent: {}
[4.059284] (ekf_adapter) CommandEnded: {'returncode': 0}
[4.073732] (ekf_adapter) JobEnded: {'identifier': 'ekf_adapter', 'rc': 0}
[4.075773] (ibvs) JobStarted: {'identifier': 'ibvs'}
[4.104807] (-) TimerEvent: {}
[4.205008] (-) TimerEvent: {}
[4.305203] (-) TimerEvent: {}
[4.414354] (-) TimerEvent: {}
[4.514539] (-) TimerEvent: {}
[4.614665] (-) TimerEvent: {}
[4.714822] (-) TimerEvent: {}
[4.814975] (-) TimerEvent: {}
[4.915111] (-) TimerEvent: {}
[5.015254] (-) TimerEvent: {}
[5.115449] (-) TimerEvent: {}
[5.146084] (ibvs) Command: {'cmd': ['/usr/bin/python3', '-W', 'ignore:setup.py install is deprecated', '-W', 'ignore:easy_install command is deprecated', 'setup.py', 'egg_info', '--egg-base', '../../../build/ibvs', 'build', '--build-base', '/home/vdt_2026/VDT_project/build/ibvs/build', 'install', '--record', '/home/vdt_2026/VDT_project/build/ibvs/install.log', '--install-scripts', '$base/lib/ibvs', '--single-version-externally-managed', 'install_data'], 'cwd': '/home/vdt_2026/VDT_project/ros2_ws/src/ibvs', 'env': OrderedDict({'LESSOPEN': '| /usr/bin/lesspipe %s', 'USER': 'vdt_2026', 'SSH_CLIENT': '100.101.240.43 53682 22', 'XDG_SESSION_TYPE': 'tty', 'SHLVL': '1', 'LD_LIBRARY_PATH': '/home/vdt_2026/ros2_ws/install/px4_msgs/lib:/opt/ros/jazzy/lib/aarch64-linux-gnu:/opt/ros/jazzy/lib', 'HOME': '/home/vdt_2026', 'OLDPWD': '/home/vdt_2026', 'SSH_TTY': '/dev/pts/0', 'ROS_PYTHON_VERSION': '3', 'DBUS_SESSION_BUS_ADDRESS': 'unix:path=/run/user/1000/bus', 'COLCON_PREFIX_PATH': '/home/vdt_2026/ros2_ws/install', 'ROS_DISTRO': 'jazzy', 'LOGNAME': 'vdt_2026', '_': '/usr/bin/colcon', 'ROS_VERSION': '2', 'XDG_SESSION_CLASS': 'user', 'TERM': 'xterm-256color', 'XDG_SESSION_ID': '1', 'PATH': '/home/vdt_2026/.local/bin:/opt/ros/jazzy/bin:/usr/local/sbin:/usr/local/bin:/usr/sbin:/usr/bin:/sbin:/bin:/usr/games:/usr/local/games:/snap/bin', 'XDG_RUNTIME_DIR': '/run/user/1000', 'LANG': 'en_US.UTF-8', 'LS_COLORS': 'rs=0:di=01;34:ln=01;36:mh=00:pi=40;33:so=01;35:do=01;35:bd=40;33;01:cd=40;33;01:or=40;31;01:mi=00:su=37;41:sg=30;43:ca=00:tw=30;42:ow=34;42:st=37;44:ex=01;32:*.tar=01;31:*.tgz=01;31:*.arc=01;31:*.arj=01;31:*.taz=01;31:*.lha=01;31:*.lz4=01;31:*.lzh=01;31:*.lzma=01;31:*.tlz=01;31:*.txz=01;31:*.tzo=01;31:*.t7z=01;31:*.zip=01;31:*.z=01;31:*.dz=01;31:*.gz=01;31:*.lrz=01;31:*.lz=01;31:*.lzo=01;31:*.xz=01;31:*.zst=01;31:*.tzst=01;31:*.bz2=01;31:*.bz=01;31:*.tbz=01;31:*.tbz2=01;31:*.tz=01;31:*.deb=01;31:*.rpm=01;31:*.jar=01;31:*.war=01;31:*.ear=01;31:*.sar=01;31:*.rar=01;31:*.alz=01;31:*.ace=01;31:*.zoo=01;31:*.cpio=01;31:*.7z=01;31:*.rz=01;31:*.cab=01;31:*.wim=01;31:*.swm=01;31:*.dwm=01;31:*.esd=01;31:*.avif=01;35:*.jpg=01;35:*.jpeg=01;35:*.mjpg=01;35:*.mjpeg=01;35:*.gif=01;35:*.bmp=01;35:*.pbm=01;35:*.pgm=01;35:*.ppm=01;35:*.tga=01;35:*.xbm=01;35:*.xpm=01;35:*.tif=01;35:*.tiff=01;35:*.png=01;35:*.svg=01;35:*.svgz=01;35:*.mng=01;35:*.pcx=01;35:*.mov=01;35:*.mpg=01;35:*.mpeg=01;35:*.m2v=01;35:*.mkv=01;35:*.webm=01;35:*.webp=01;35:*.ogm=01;35:*.mp4=01;35:*.m4v=01;35:*.mp4v=01;35:*.vob=01;35:*.qt=01;35:*.nuv=01;35:*.wmv=01;35:*.asf=01;35:*.rm=01;35:*.rmvb=01;35:*.flc=01;35:*.avi=01;35:*.fli=01;35:*.flv=01;35:*.gl=01;35:*.dl=01;35:*.xcf=01;35:*.xwd=01;35:*.yuv=01;35:*.cgm=01;35:*.emf=01;35:*.ogv=01;35:*.ogx=01;35:*.aac=00;36:*.au=00;36:*.flac=00;36:*.m4a=00;36:*.mid=00;36:*.midi=00;36:*.mka=00;36:*.mp3=00;36:*.mpc=00;36:*.ogg=00;36:*.ra=00;36:*.wav=00;36:*.oga=00;36:*.opus=00;36:*.spx=00;36:*.xspf=00;36:*~=00;90:*#=00;90:*.bak=00;90:*.crdownload=00;90:*.dpkg-dist=00;90:*.dpkg-new=00;90:*.dpkg-old=00;90:*.dpkg-tmp=00;90:*.old=00;90:*.orig=00;90:*.part=00;90:*.rej=00;90:*.rpmnew=00;90:*.rpmorig=00;90:*.rpmsave=00;90:*.swp=00;90:*.tmp=00;90:*.ucf-dist=00;90:*.ucf-new=00;90:*.ucf-old=00;90:', 'AMENT_PREFIX_PATH': '/home/vdt_2026/ros2_ws/install/px4_msgs:/opt/ros/jazzy', 'SHELL': '/bin/bash', 'LESSCLOSE': '/usr/bin/lesspipe %s %s', 'ROS_AUTOMATIC_DISCOVERY_RANGE': 'SUBNET', 'PWD': '/home/vdt_2026/VDT_project/build/ibvs', 'LC_ALL': 'en_US.UTF-8', 'SSH_CONNECTION': '100.101.240.43 53682 100.65.242.75 22', 'XDG_DATA_DIRS': '/usr/local/share:/usr/share:/var/lib/snapd/desktop', 'PYTHONPATH': '/home/vdt_2026/VDT_project/build/ibvs/prefix_override:/usr/lib/python3/dist-packages/colcon_core/task/python/colcon_distutils_commands:/home/vdt_2026/VDT_project/install/ibvs/lib/python3.12/site-packages:/home/vdt_2026/ros2_ws/install/px4_msgs/lib/python3.12/site-packages:/opt/ros/jazzy/lib/python3.12/site-packages:/home/vdt_2026/librealsense/build/Release', 'COLCON': '1', 'CMAKE_PREFIX_PATH': '/home/vdt_2026/ros2_ws/install/px4_msgs'}), 'shell': False}
[5.215514] (-) TimerEvent: {}
[5.315645] (-) TimerEvent: {}
[5.415765] (-) TimerEvent: {}
[5.451219] (ibvs) StdoutLine: {'line': b'running egg_info\n'}
[5.470733] (ibvs) StdoutLine: {'line': b'writing ../../../build/ibvs/ibvs.egg-info/PKG-INFO\n'}
[5.471769] (ibvs) StdoutLine: {'line': b'writing dependency_links to ../../../build/ibvs/ibvs.egg-info/dependency_links.txt\n'}
[5.472818] (ibvs) StdoutLine: {'line': b'writing entry points to ../../../build/ibvs/ibvs.egg-info/entry_points.txt\n'}
[5.473668] (ibvs) StdoutLine: {'line': b'writing requirements to ../../../build/ibvs/ibvs.egg-info/requires.txt\n'}
[5.474501] (ibvs) StdoutLine: {'line': b'writing top-level names to ../../../build/ibvs/ibvs.egg-info/top_level.txt\n'}
[5.515853] (-) TimerEvent: {}
[5.523899] (ibvs) StdoutLine: {'line': b"reading manifest file '../../../build/ibvs/ibvs.egg-info/SOURCES.txt'\n"}
[5.525645] (ibvs) StdoutLine: {'line': b"writing manifest file '../../../build/ibvs/ibvs.egg-info/SOURCES.txt'\n"}
[5.525893] (ibvs) StdoutLine: {'line': b'running build\n'}
[5.525998] (ibvs) StdoutLine: {'line': b'running build_py\n'}
[5.528767] (ibvs) StdoutLine: {'line': b'running install\n'}
[5.538493] (ibvs) StdoutLine: {'line': b'running install_lib\n'}
[5.560697] (ibvs) StdoutLine: {'line': b'running install_data\n'}
[5.562542] (ibvs) StdoutLine: {'line': b'running install_egg_info\n'}
[5.585193] (ibvs) StdoutLine: {'line': b"removing '/home/vdt_2026/VDT_project/install/ibvs/lib/python3.12/site-packages/ibvs-0.1.0-py3.12.egg-info' (and everything under it)\n"}
[5.585609] (ibvs) StdoutLine: {'line': b'Copying ../../../build/ibvs/ibvs.egg-info to /home/vdt_2026/VDT_project/install/ibvs/lib/python3.12/site-packages/ibvs-0.1.0-py3.12.egg-info\n'}
[5.587548] (ibvs) StdoutLine: {'line': b'running install_scripts\n'}
[5.615929] (-) TimerEvent: {}
[5.716080] (-) TimerEvent: {}
[5.731989] (ibvs) StdoutLine: {'line': b'Installing ibvs_controller script to /home/vdt_2026/VDT_project/install/ibvs/lib/ibvs\n'}
[5.733148] (ibvs) StdoutLine: {'line': b"writing list of installed files to '/home/vdt_2026/VDT_project/build/ibvs/install.log'\n"}
[5.816478] (-) TimerEvent: {}
[5.820947] (ibvs) CommandEnded: {'returncode': 0}
[5.833497] (ibvs) JobEnded: {'identifier': 'ibvs', 'rc': 0}
[5.835670] (servo_control) JobStarted: {'identifier': 'servo_control'}
[5.916519] (-) TimerEvent: {}
[6.016701] (-) TimerEvent: {}
[6.116922] (-) TimerEvent: {}
[6.217174] (-) TimerEvent: {}
[6.317380] (-) TimerEvent: {}
[6.417548] (-) TimerEvent: {}
[6.517694] (-) TimerEvent: {}
[6.617799] (-) TimerEvent: {}
[6.717890] (-) TimerEvent: {}
[6.818010] (-) TimerEvent: {}
[6.903467] (servo_control) Command: {'cmd': ['/usr/bin/python3', '-W', 'ignore:setup.py install is deprecated', '-W', 'ignore:easy_install command is deprecated', 'setup.py', 'egg_info', '--egg-base', '../../../build/servo_control', 'build', '--build-base', '/home/vdt_2026/VDT_project/build/servo_control/build', 'install', '--record', '/home/vdt_2026/VDT_project/build/servo_control/install.log', '--install-scripts', '$base/lib/servo_control', '--single-version-externally-managed', 'install_data'], 'cwd': '/home/vdt_2026/VDT_project/ros2_ws/src/servo_control', 'env': OrderedDict({'LESSOPEN': '| /usr/bin/lesspipe %s', 'USER': 'vdt_2026', 'SSH_CLIENT': '100.101.240.43 53682 22', 'XDG_SESSION_TYPE': 'tty', 'SHLVL': '1', 'LD_LIBRARY_PATH': '/home/vdt_2026/ros2_ws/install/px4_msgs/lib:/opt/ros/jazzy/lib/aarch64-linux-gnu:/opt/ros/jazzy/lib', 'HOME': '/home/vdt_2026', 'OLDPWD': '/home/vdt_2026', 'SSH_TTY': '/dev/pts/0', 'ROS_PYTHON_VERSION': '3', 'DBUS_SESSION_BUS_ADDRESS': 'unix:path=/run/user/1000/bus', 'COLCON_PREFIX_PATH': '/home/vdt_2026/ros2_ws/install', 'ROS_DISTRO': 'jazzy', 'LOGNAME': 'vdt_2026', '_': '/usr/bin/colcon', 'ROS_VERSION': '2', 'XDG_SESSION_CLASS': 'user', 'TERM': 'xterm-256color', 'XDG_SESSION_ID': '1', 'PATH': '/home/vdt_2026/.local/bin:/opt/ros/jazzy/bin:/usr/local/sbin:/usr/local/bin:/usr/sbin:/usr/bin:/sbin:/bin:/usr/games:/usr/local/games:/snap/bin', 'XDG_RUNTIME_DIR': '/run/user/1000', 'LANG': 'en_US.UTF-8', 'LS_COLORS': 'rs=0:di=01;34:ln=01;36:mh=00:pi=40;33:so=01;35:do=01;35:bd=40;33;01:cd=40;33;01:or=40;31;01:mi=00:su=37;41:sg=30;43:ca=00:tw=30;42:ow=34;42:st=37;44:ex=01;32:*.tar=01;31:*.tgz=01;31:*.arc=01;31:*.arj=01;31:*.taz=01;31:*.lha=01;31:*.lz4=01;31:*.lzh=01;31:*.lzma=01;31:*.tlz=01;31:*.txz=01;31:*.tzo=01;31:*.t7z=01;31:*.zip=01;31:*.z=01;31:*.dz=01;31:*.gz=01;31:*.lrz=01;31:*.lz=01;31:*.lzo=01;31:*.xz=01;31:*.zst=01;31:*.tzst=01;31:*.bz2=01;31:*.bz=01;31:*.tbz=01;31:*.tbz2=01;31:*.tz=01;31:*.deb=01;31:*.rpm=01;31:*.jar=01;31:*.war=01;31:*.ear=01;31:*.sar=01;31:*.rar=01;31:*.alz=01;31:*.ace=01;31:*.zoo=01;31:*.cpio=01;31:*.7z=01;31:*.rz=01;31:*.cab=01;31:*.wim=01;31:*.swm=01;31:*.dwm=01;31:*.esd=01;31:*.avif=01;35:*.jpg=01;35:*.jpeg=01;35:*.mjpg=01;35:*.mjpeg=01;35:*.gif=01;35:*.bmp=01;35:*.pbm=01;35:*.pgm=01;35:*.ppm=01;35:*.tga=01;35:*.xbm=01;35:*.xpm=01;35:*.tif=01;35:*.tiff=01;35:*.png=01;35:*.svg=01;35:*.svgz=01;35:*.mng=01;35:*.pcx=01;35:*.mov=01;35:*.mpg=01;35:*.mpeg=01;35:*.m2v=01;35:*.mkv=01;35:*.webm=01;35:*.webp=01;35:*.ogm=01;35:*.mp4=01;35:*.m4v=01;35:*.mp4v=01;35:*.vob=01;35:*.qt=01;35:*.nuv=01;35:*.wmv=01;35:*.asf=01;35:*.rm=01;35:*.rmvb=01;35:*.flc=01;35:*.avi=01;35:*.fli=01;35:*.flv=01;35:*.gl=01;35:*.dl=01;35:*.xcf=01;35:*.xwd=01;35:*.yuv=01;35:*.cgm=01;35:*.emf=01;35:*.ogv=01;35:*.ogx=01;35:*.aac=00;36:*.au=00;36:*.flac=00;36:*.m4a=00;36:*.mid=00;36:*.midi=00;36:*.mka=00;36:*.mp3=00;36:*.mpc=00;36:*.ogg=00;36:*.ra=00;36:*.wav=00;36:*.oga=00;36:*.opus=00;36:*.spx=00;36:*.xspf=00;36:*~=00;90:*#=00;90:*.bak=00;90:*.crdownload=00;90:*.dpkg-dist=00;90:*.dpkg-new=00;90:*.dpkg-old=00;90:*.dpkg-tmp=00;90:*.old=00;90:*.orig=00;90:*.part=00;90:*.rej=00;90:*.rpmnew=00;90:*.rpmorig=00;90:*.rpmsave=00;90:*.swp=00;90:*.tmp=00;90:*.ucf-dist=00;90:*.ucf-new=00;90:*.ucf-old=00;90:', 'AMENT_PREFIX_PATH': '/home/vdt_2026/ros2_ws/install/px4_msgs:/opt/ros/jazzy', 'SHELL': '/bin/bash', 'LESSCLOSE': '/usr/bin/lesspipe %s %s', 'ROS_AUTOMATIC_DISCOVERY_RANGE': 'SUBNET', 'PWD': '/home/vdt_2026/VDT_project/build/servo_control', 'LC_ALL': 'en_US.UTF-8', 'SSH_CONNECTION': '100.101.240.43 53682 100.65.242.75 22', 'XDG_DATA_DIRS': '/usr/local/share:/usr/share:/var/lib/snapd/desktop', 'PYTHONPATH': '/home/vdt_2026/VDT_project/build/servo_control/prefix_override:/usr/lib/python3/dist-packages/colcon_core/task/python/colcon_distutils_commands:/home/vdt_2026/VDT_project/install/servo_control/lib/python3.12/site-packages:/home/vdt_2026/ros2_ws/install/px4_msgs/lib/python3.12/site-packages:/opt/ros/jazzy/lib/python3.12/site-packages:/home/vdt_2026/librealsense/build/Release', 'COLCON': '1', 'CMAKE_PREFIX_PATH': '/home/vdt_2026/ros2_ws/install/px4_msgs'}), 'shell': False}
[6.918133] (-) TimerEvent: {}
[7.018293] (-) TimerEvent: {}
[7.118406] (-) TimerEvent: {}
[7.210568] (servo_control) StdoutLine: {'line': b'running egg_info\n'}
[7.218497] (-) TimerEvent: {}
[7.230087] (servo_control) StdoutLine: {'line': b'writing ../../../build/servo_control/servo_control.egg-info/PKG-INFO\n'}
[7.231092] (servo_control) StdoutLine: {'line': b'writing dependency_links to ../../../build/servo_control/servo_control.egg-info/dependency_links.txt\n'}
[7.233837] (servo_control) StdoutLine: {'line': b'writing entry points to ../../../build/servo_control/servo_control.egg-info/entry_points.txt\n'}
[7.234691] (servo_control) StdoutLine: {'line': b'writing requirements to ../../../build/servo_control/servo_control.egg-info/requires.txt\n'}
[7.235538] (servo_control) StdoutLine: {'line': b'writing top-level names to ../../../build/servo_control/servo_control.egg-info/top_level.txt\n'}
[7.278219] (servo_control) StdoutLine: {'line': b"reading manifest file '../../../build/servo_control/servo_control.egg-info/SOURCES.txt'\n"}
[7.280161] (servo_control) StdoutLine: {'line': b"writing manifest file '../../../build/servo_control/servo_control.egg-info/SOURCES.txt'\n"}
[7.280405] (servo_control) StdoutLine: {'line': b'running build\n'}
[7.280590] (servo_control) StdoutLine: {'line': b'running build_py\n'}
[7.283366] (servo_control) StdoutLine: {'line': b'running install\n'}
[7.293042] (servo_control) StdoutLine: {'line': b'running install_lib\n'}
[7.315497] (servo_control) StdoutLine: {'line': b'running install_data\n'}
[7.316939] (servo_control) StdoutLine: {'line': b'running install_egg_info\n'}
[7.318558] (-) TimerEvent: {}
[7.339392] (servo_control) StdoutLine: {'line': b"removing '/home/vdt_2026/VDT_project/install/servo_control/lib/python3.12/site-packages/servo_control-0.1.0-py3.12.egg-info' (and everything under it)\n"}
[7.339889] (servo_control) StdoutLine: {'line': b'Copying ../../../build/servo_control/servo_control.egg-info to /home/vdt_2026/VDT_project/install/servo_control/lib/python3.12/site-packages/servo_control-0.1.0-py3.12.egg-info\n'}
[7.341804] (servo_control) StdoutLine: {'line': b'running install_scripts\n'}
[7.418634] (-) TimerEvent: {}
[7.486479] (servo_control) StdoutLine: {'line': b'Installing servo_node script to /home/vdt_2026/VDT_project/install/servo_control/lib/servo_control\n'}
[7.487586] (servo_control) StdoutLine: {'line': b"writing list of installed files to '/home/vdt_2026/VDT_project/build/servo_control/install.log'\n"}
[7.518845] (-) TimerEvent: {}
[7.576155] (servo_control) CommandEnded: {'returncode': 0}
[7.589841] (servo_control) JobEnded: {'identifier': 'servo_control', 'rc': 0}
[7.591145] (vdt_msgs) JobStarted: {'identifier': 'vdt_msgs'}
[7.598363] (vdt_msgs) JobProgress: {'identifier': 'vdt_msgs', 'progress': 'cmake'}
[7.604831] (vdt_msgs) Command: {'cmd': ['/usr/bin/cmake', '/home/vdt_2026/VDT_project/ros2_ws/src/vdt_msgs', '-DCMAKE_VERBOSE_MAKEFILE=ON', '-DCMAKE_INSTALL_PREFIX=/home/vdt_2026/VDT_project/install/vdt_msgs'], 'cwd': '/home/vdt_2026/VDT_project/build/vdt_msgs', 'env': OrderedDict({'LESSOPEN': '| /usr/bin/lesspipe %s', 'USER': 'vdt_2026', 'SSH_CLIENT': '100.101.240.43 53682 22', 'XDG_SESSION_TYPE': 'tty', 'SHLVL': '1', 'LD_LIBRARY_PATH': '/home/vdt_2026/ros2_ws/install/px4_msgs/lib:/opt/ros/jazzy/lib/aarch64-linux-gnu:/opt/ros/jazzy/lib', 'HOME': '/home/vdt_2026', 'OLDPWD': '/home/vdt_2026', 'SSH_TTY': '/dev/pts/0', 'ROS_PYTHON_VERSION': '3', 'DBUS_SESSION_BUS_ADDRESS': 'unix:path=/run/user/1000/bus', 'COLCON_PREFIX_PATH': '/home/vdt_2026/ros2_ws/install', 'ROS_DISTRO': 'jazzy', 'LOGNAME': 'vdt_2026', '_': '/usr/bin/colcon', 'ROS_VERSION': '2', 'XDG_SESSION_CLASS': 'user', 'TERM': 'xterm-256color', 'XDG_SESSION_ID': '1', 'PATH': '/home/vdt_2026/.local/bin:/opt/ros/jazzy/bin:/usr/local/sbin:/usr/local/bin:/usr/sbin:/usr/bin:/sbin:/bin:/usr/games:/usr/local/games:/snap/bin', 'XDG_RUNTIME_DIR': '/run/user/1000', 'LANG': 'en_US.UTF-8', 'LS_COLORS': 'rs=0:di=01;34:ln=01;36:mh=00:pi=40;33:so=01;35:do=01;35:bd=40;33;01:cd=40;33;01:or=40;31;01:mi=00:su=37;41:sg=30;43:ca=00:tw=30;42:ow=34;42:st=37;44:ex=01;32:*.tar=01;31:*.tgz=01;31:*.arc=01;31:*.arj=01;31:*.taz=01;31:*.lha=01;31:*.lz4=01;31:*.lzh=01;31:*.lzma=01;31:*.tlz=01;31:*.txz=01;31:*.tzo=01;31:*.t7z=01;31:*.zip=01;31:*.z=01;31:*.dz=01;31:*.gz=01;31:*.lrz=01;31:*.lz=01;31:*.lzo=01;31:*.xz=01;31:*.zst=01;31:*.tzst=01;31:*.bz2=01;31:*.bz=01;31:*.tbz=01;31:*.tbz2=01;31:*.tz=01;31:*.deb=01;31:*.rpm=01;31:*.jar=01;31:*.war=01;31:*.ear=01;31:*.sar=01;31:*.rar=01;31:*.alz=01;31:*.ace=01;31:*.zoo=01;31:*.cpio=01;31:*.7z=01;31:*.rz=01;31:*.cab=01;31:*.wim=01;31:*.swm=01;31:*.dwm=01;31:*.esd=01;31:*.avif=01;35:*.jpg=01;35:*.jpeg=01;35:*.mjpg=01;35:*.mjpeg=01;35:*.gif=01;35:*.bmp=01;35:*.pbm=01;35:*.pgm=01;35:*.ppm=01;35:*.tga=01;35:*.xbm=01;35:*.xpm=01;35:*.tif=01;35:*.tiff=01;35:*.png=01;35:*.svg=01;35:*.svgz=01;35:*.mng=01;35:*.pcx=01;35:*.mov=01;35:*.mpg=01;35:*.mpeg=01;35:*.m2v=01;35:*.mkv=01;35:*.webm=01;35:*.webp=01;35:*.ogm=01;35:*.mp4=01;35:*.m4v=01;35:*.mp4v=01;35:*.vob=01;35:*.qt=01;35:*.nuv=01;35:*.wmv=01;35:*.asf=01;35:*.rm=01;35:*.rmvb=01;35:*.flc=01;35:*.avi=01;35:*.fli=01;35:*.flv=01;35:*.gl=01;35:*.dl=01;35:*.xcf=01;35:*.xwd=01;35:*.yuv=01;35:*.cgm=01;35:*.emf=01;35:*.ogv=01;35:*.ogx=01;35:*.aac=00;36:*.au=00;36:*.flac=00;36:*.m4a=00;36:*.mid=00;36:*.midi=00;36:*.mka=00;36:*.mp3=00;36:*.mpc=00;36:*.ogg=00;36:*.ra=00;36:*.wav=00;36:*.oga=00;36:*.opus=00;36:*.spx=00;36:*.xspf=00;36:*~=00;90:*#=00;90:*.bak=00;90:*.crdownload=00;90:*.dpkg-dist=00;90:*.dpkg-new=00;90:*.dpkg-old=00;90:*.dpkg-tmp=00;90:*.old=00;90:*.orig=00;90:*.part=00;90:*.rej=00;90:*.rpmnew=00;90:*.rpmorig=00;90:*.rpmsave=00;90:*.swp=00;90:*.tmp=00;90:*.ucf-dist=00;90:*.ucf-new=00;90:*.ucf-old=00;90:', 'AMENT_PREFIX_PATH': '/home/vdt_2026/ros2_ws/install/px4_msgs:/opt/ros/jazzy', 'SHELL': '/bin/bash', 'LESSCLOSE': '/usr/bin/lesspipe %s %s', 'ROS_AUTOMATIC_DISCOVERY_RANGE': 'SUBNET', 'PWD': '/home/vdt_2026/VDT_project/build/vdt_msgs', 'LC_ALL': 'en_US.UTF-8', 'SSH_CONNECTION': '100.101.240.43 53682 100.65.242.75 22', 'XDG_DATA_DIRS': '/usr/local/share:/usr/share:/var/lib/snapd/desktop', 'PYTHONPATH': '/home/vdt_2026/ros2_ws/install/px4_msgs/lib/python3.12/site-packages:/opt/ros/jazzy/lib/python3.12/site-packages:/home/vdt_2026/librealsense/build/Release', 'COLCON': '1', 'CMAKE_PREFIX_PATH': '/home/vdt_2026/ros2_ws/install/px4_msgs:/opt/ros/jazzy'}), 'shell': False}
[7.618898] (-) TimerEvent: {}
[7.719053] (-) TimerEvent: {}
[7.819205] (-) TimerEvent: {}
[7.900173] (vdt_msgs) StdoutLine: {'line': b'-- Found ament_cmake: 2.5.6 (/opt/ros/jazzy/share/ament_cmake/cmake)\n'}
[7.919363] (-) TimerEvent: {}
[8.019581] (-) TimerEvent: {}
[8.119791] (-) TimerEvent: {}
[8.157553] (vdt_msgs) StdoutLine: {'line': b'-- Found std_msgs: 5.3.8 (/opt/ros/jazzy/share/std_msgs/cmake)\n'}
[8.219903] (-) TimerEvent: {}
[8.236059] (vdt_msgs) StdoutLine: {'line': b'-- Found rosidl_generator_c: 4.6.9 (/opt/ros/jazzy/share/rosidl_generator_c/cmake)\n'}
[8.261509] (vdt_msgs) StdoutLine: {'line': b'-- Found rosidl_generator_cpp: 4.6.9 (/opt/ros/jazzy/share/rosidl_generator_cpp/cmake)\n'}
[8.300768] (vdt_msgs) StdoutLine: {'line': b'-- Using all available rosidl_typesupport_c: rosidl_typesupport_fastrtps_c;rosidl_typesupport_introspection_c\n'}
[8.319999] (-) TimerEvent: {}
[8.336703] (vdt_msgs) StdoutLine: {'line': b'-- Using all available rosidl_typesupport_cpp: rosidl_typesupport_fastrtps_cpp;rosidl_typesupport_introspection_cpp\n'}
[8.401611] (vdt_msgs) StdoutLine: {'line': b'-- Found rosidl_default_generators: 1.6.1 (/opt/ros/jazzy/share/rosidl_default_generators/cmake)\n'}
[8.420104] (-) TimerEvent: {}
[8.432060] (vdt_msgs) StdoutLine: {'line': b'-- Found rosidl_adapter: 4.6.9 (/opt/ros/jazzy/share/rosidl_adapter/cmake)\n'}
[8.520200] (-) TimerEvent: {}
[8.620360] (-) TimerEvent: {}
[8.720764] (-) TimerEvent: {}
[8.820985] (-) TimerEvent: {}
[8.921172] (-) TimerEvent: {}
[8.957475] (vdt_msgs) StdoutLine: {'line': b'-- Found ament_cmake_ros: 0.12.1 (/opt/ros/jazzy/share/ament_cmake_ros/cmake)\n'}
[9.021266] (-) TimerEvent: {}
[9.121506] (-) TimerEvent: {}
[9.221745] (-) TimerEvent: {}
[9.321907] (-) TimerEvent: {}
[9.334549] (vdt_msgs) StdoutLine: {'line': b'-- Using all available rosidl_typesupport_c: rosidl_typesupport_fastrtps_c;rosidl_typesupport_introspection_c\n'}
[9.422034] (-) TimerEvent: {}
[9.522246] (-) TimerEvent: {}
[9.543220] (vdt_msgs) StdoutLine: {'line': b'-- Using all available rosidl_typesupport_cpp: rosidl_typesupport_fastrtps_cpp;rosidl_typesupport_introspection_cpp\n'}
[9.547883] (vdt_msgs) StdoutLine: {'line': b'-- Found python_cmake_module: 0.11.1 (/opt/ros/jazzy/share/python_cmake_module/cmake)\n'}
[9.622342] (-) TimerEvent: {}
[9.722533] (-) TimerEvent: {}
[9.822731] (-) TimerEvent: {}
[9.922930] (-) TimerEvent: {}
[10.023128] (-) TimerEvent: {}
[10.123317] (-) TimerEvent: {}
[10.162535] (vdt_msgs) StdoutLine: {'line': b'-- Found Python3: /usr/bin/python3 (found version "3.12.3") found components: Interpreter Development NumPy Development.Module Development.Embed \n'}
[10.223430] (-) TimerEvent: {}
[10.278761] (vdt_msgs) StdoutLine: {'line': b'-- Found Python3: /usr/bin/python3 (found version "3.12.3") found components: Interpreter \n'}
[10.321674] (vdt_msgs) StdoutLine: {'line': b'-- Configuring done (2.5s)\n'}
[10.323511] (-) TimerEvent: {}
[10.423666] (-) TimerEvent: {}
[10.523814] (-) TimerEvent: {}
[10.586551] (vdt_msgs) StdoutLine: {'line': b'-- Generating done (0.2s)\n'}
[10.623920] (-) TimerEvent: {}
[10.625907] (vdt_msgs) StdoutLine: {'line': b'-- Build files have been written to: /home/vdt_2026/VDT_project/build/vdt_msgs\n'}
[10.654270] (vdt_msgs) CommandEnded: {'returncode': 0}
[10.655204] (vdt_msgs) JobProgress: {'identifier': 'vdt_msgs', 'progress': 'build'}
[10.656225] (vdt_msgs) Command: {'cmd': ['/usr/bin/cmake', '--build', '/home/vdt_2026/VDT_project/build/vdt_msgs', '--', '-j4', '-l4'], 'cwd': '/home/vdt_2026/VDT_project/build/vdt_msgs', 'env': OrderedDict({'LESSOPEN': '| /usr/bin/lesspipe %s', 'USER': 'vdt_2026', 'SSH_CLIENT': '100.101.240.43 53682 22', 'XDG_SESSION_TYPE': 'tty', 'SHLVL': '1', 'LD_LIBRARY_PATH': '/home/vdt_2026/ros2_ws/install/px4_msgs/lib:/opt/ros/jazzy/lib/aarch64-linux-gnu:/opt/ros/jazzy/lib', 'HOME': '/home/vdt_2026', 'OLDPWD': '/home/vdt_2026', 'SSH_TTY': '/dev/pts/0', 'ROS_PYTHON_VERSION': '3', 'DBUS_SESSION_BUS_ADDRESS': 'unix:path=/run/user/1000/bus', 'COLCON_PREFIX_PATH': '/home/vdt_2026/ros2_ws/install', 'ROS_DISTRO': 'jazzy', 'LOGNAME': 'vdt_2026', '_': '/usr/bin/colcon', 'ROS_VERSION': '2', 'XDG_SESSION_CLASS': 'user', 'TERM': 'xterm-256color', 'XDG_SESSION_ID': '1', 'PATH': '/home/vdt_2026/.local/bin:/opt/ros/jazzy/bin:/usr/local/sbin:/usr/local/bin:/usr/sbin:/usr/bin:/sbin:/bin:/usr/games:/usr/local/games:/snap/bin', 'XDG_RUNTIME_DIR': '/run/user/1000', 'LANG': 'en_US.UTF-8', 'LS_COLORS': 'rs=0:di=01;34:ln=01;36:mh=00:pi=40;33:so=01;35:do=01;35:bd=40;33;01:cd=40;33;01:or=40;31;01:mi=00:su=37;41:sg=30;43:ca=00:tw=30;42:ow=34;42:st=37;44:ex=01;32:*.tar=01;31:*.tgz=01;31:*.arc=01;31:*.arj=01;31:*.taz=01;31:*.lha=01;31:*.lz4=01;31:*.lzh=01;31:*.lzma=01;31:*.tlz=01;31:*.txz=01;31:*.tzo=01;31:*.t7z=01;31:*.zip=01;31:*.z=01;31:*.dz=01;31:*.gz=01;31:*.lrz=01;31:*.lz=01;31:*.lzo=01;31:*.xz=01;31:*.zst=01;31:*.tzst=01;31:*.bz2=01;31:*.bz=01;31:*.tbz=01;31:*.tbz2=01;31:*.tz=01;31:*.deb=01;31:*.rpm=01;31:*.jar=01;31:*.war=01;31:*.ear=01;31:*.sar=01;31:*.rar=01;31:*.alz=01;31:*.ace=01;31:*.zoo=01;31:*.cpio=01;31:*.7z=01;31:*.rz=01;31:*.cab=01;31:*.wim=01;31:*.swm=01;31:*.dwm=01;31:*.esd=01;31:*.avif=01;35:*.jpg=01;35:*.jpeg=01;35:*.mjpg=01;35:*.mjpeg=01;35:*.gif=01;35:*.bmp=01;35:*.pbm=01;35:*.pgm=01;35:*.ppm=01;35:*.tga=01;35:*.xbm=01;35:*.xpm=01;35:*.tif=01;35:*.tiff=01;35:*.png=01;35:*.svg=01;35:*.svgz=01;35:*.mng=01;35:*.pcx=01;35:*.mov=01;35:*.mpg=01;35:*.mpeg=01;35:*.m2v=01;35:*.mkv=01;35:*.webm=01;35:*.webp=01;35:*.ogm=01;35:*.mp4=01;35:*.m4v=01;35:*.mp4v=01;35:*.vob=01;35:*.qt=01;35:*.nuv=01;35:*.wmv=01;35:*.asf=01;35:*.rm=01;35:*.rmvb=01;35:*.flc=01;35:*.avi=01;35:*.fli=01;35:*.flv=01;35:*.gl=01;35:*.dl=01;35:*.xcf=01;35:*.xwd=01;35:*.yuv=01;35:*.cgm=01;35:*.emf=01;35:*.ogv=01;35:*.ogx=01;35:*.aac=00;36:*.au=00;36:*.flac=00;36:*.m4a=00;36:*.mid=00;36:*.midi=00;36:*.mka=00;36:*.mp3=00;36:*.mpc=00;36:*.ogg=00;36:*.ra=00;36:*.wav=00;36:*.oga=00;36:*.opus=00;36:*.spx=00;36:*.xspf=00;36:*~=00;90:*#=00;90:*.bak=00;90:*.crdownload=00;90:*.dpkg-dist=00;90:*.dpkg-new=00;90:*.dpkg-old=00;90:*.dpkg-tmp=00;90:*.old=00;90:*.orig=00;90:*.part=00;90:*.rej=00;90:*.rpmnew=00;90:*.rpmorig=00;90:*.rpmsave=00;90:*.swp=00;90:*.tmp=00;90:*.ucf-dist=00;90:*.ucf-new=00;90:*.ucf-old=00;90:', 'AMENT_PREFIX_PATH': '/home/vdt_2026/ros2_ws/install/px4_msgs:/opt/ros/jazzy', 'SHELL': '/bin/bash', 'LESSCLOSE': '/usr/bin/lesspipe %s %s', 'ROS_AUTOMATIC_DISCOVERY_RANGE': 'SUBNET', 'PWD': '/home/vdt_2026/VDT_project/build/vdt_msgs', 'LC_ALL': 'en_US.UTF-8', 'SSH_CONNECTION': '100.101.240.43 53682 100.65.242.75 22', 'XDG_DATA_DIRS': '/usr/local/share:/usr/share:/var/lib/snapd/desktop', 'PYTHONPATH': '/home/vdt_2026/ros2_ws/install/px4_msgs/lib/python3.12/site-packages:/opt/ros/jazzy/lib/python3.12/site-packages:/home/vdt_2026/librealsense/build/Release', 'COLCON': '1', 'CMAKE_PREFIX_PATH': '/home/vdt_2026/ros2_ws/install/px4_msgs:/opt/ros/jazzy'}), 'shell': False}
[10.671484] (vdt_msgs) StdoutLine: {'line': b"Change Dir: '/home/vdt_2026/VDT_project/build/vdt_msgs'\n"}
[10.671770] (vdt_msgs) StdoutLine: {'line': b'\n'}
[10.671939] (vdt_msgs) StdoutLine: {'line': b'Run Build Command(s): /usr/bin/cmake -E env VERBOSE=1 /usr/bin/gmake -f Makefile -j4 -l4\n'}
[10.697676] (vdt_msgs) StdoutLine: {'line': b'/usr/bin/cmake -S/home/vdt_2026/VDT_project/ros2_ws/src/vdt_msgs -B/home/vdt_2026/VDT_project/build/vdt_msgs --check-build-system CMakeFiles/Makefile.cmake 0\n'}
[10.718688] (vdt_msgs) StdoutLine: {'line': b'/usr/bin/cmake -E cmake_progress_start /home/vdt_2026/VDT_project/build/vdt_msgs/CMakeFiles /home/vdt_2026/VDT_project/build/vdt_msgs//CMakeFiles/progress.marks\n'}
[10.724052] (-) TimerEvent: {}
[10.733503] (vdt_msgs) StdoutLine: {'line': b'/usr/bin/gmake  -f CMakeFiles/Makefile2 all\n'}
[10.736219] (vdt_msgs) StdoutLine: {'line': b"gmake[1]: Entering directory '/home/vdt_2026/VDT_project/build/vdt_msgs'\n"}
[10.736593] (vdt_msgs) StdoutLine: {'line': b'/usr/bin/gmake  -f CMakeFiles/vdt_msgs__rosidl_generator_type_description.dir/build.make CMakeFiles/vdt_msgs__rosidl_generator_type_description.dir/depend\n'}
[10.736805] (vdt_msgs) StdoutLine: {'line': b'/usr/bin/gmake  -f /home/vdt_2026/VDT_project/build/vdt_msgs/vdt_msgs__rs/CMakeFiles/vdt_msgs__rs.dir/build.make /home/vdt_2026/VDT_project/build/vdt_msgs/vdt_msgs__rs/CMakeFiles/vdt_msgs__rs.dir/depend\n'}
[10.737307] (vdt_msgs) StdoutLine: {'line': b'/usr/bin/gmake  -f CMakeFiles/ament_cmake_python_copy_vdt_msgs.dir/build.make CMakeFiles/ament_cmake_python_copy_vdt_msgs.dir/depend\n'}
[10.739289] (vdt_msgs) StdoutLine: {'line': b"gmake[2]: Entering directory '/home/vdt_2026/VDT_project/build/vdt_msgs'\n"}
[10.739621] (vdt_msgs) StdoutLine: {'line': b'cd /home/vdt_2026/VDT_project/build/vdt_msgs && /usr/bin/cmake -E cmake_depends "Unix Makefiles" /home/vdt_2026/VDT_project/ros2_ws/src/vdt_msgs /home/vdt_2026/VDT_project/ros2_ws/src/vdt_msgs /home/vdt_2026/VDT_project/build/vdt_msgs /home/vdt_2026/VDT_project/build/vdt_msgs /home/vdt_2026/VDT_project/build/vdt_msgs/CMakeFiles/vdt_msgs__rosidl_generator_type_description.dir/DependInfo.cmake "--color="\n'}
[10.741183] (vdt_msgs) StdoutLine: {'line': b"gmake[2]: Entering directory '/home/vdt_2026/VDT_project/build/vdt_msgs'\n"}
[10.741512] (vdt_msgs) StdoutLine: {'line': b'cd /home/vdt_2026/VDT_project/build/vdt_msgs && /usr/bin/cmake -E cmake_depends "Unix Makefiles" /home/vdt_2026/VDT_project/ros2_ws/src/vdt_msgs /home/vdt_2026/VDT_project/build/vdt_msgs/vdt_msgs__rs /home/vdt_2026/VDT_project/build/vdt_msgs /home/vdt_2026/VDT_project/build/vdt_msgs/vdt_msgs__rs /home/vdt_2026/VDT_project/build/vdt_msgs/vdt_msgs__rs/CMakeFiles/vdt_msgs__rs.dir/DependInfo.cmake "--color="\n'}
[10.741649] (vdt_msgs) StdoutLine: {'line': b"gmake[2]: Entering directory '/home/vdt_2026/VDT_project/build/vdt_msgs'\n"}
[10.741786] (vdt_msgs) StdoutLine: {'line': b'cd /home/vdt_2026/VDT_project/build/vdt_msgs && /usr/bin/cmake -E cmake_depends "Unix Makefiles" /home/vdt_2026/VDT_project/ros2_ws/src/vdt_msgs /home/vdt_2026/VDT_project/ros2_ws/src/vdt_msgs /home/vdt_2026/VDT_project/build/vdt_msgs /home/vdt_2026/VDT_project/build/vdt_msgs /home/vdt_2026/VDT_project/build/vdt_msgs/CMakeFiles/ament_cmake_python_copy_vdt_msgs.dir/DependInfo.cmake "--color="\n'}
[10.758698] (vdt_msgs) StdoutLine: {'line': b"gmake[2]: Leaving directory '/home/vdt_2026/VDT_project/build/vdt_msgs'\n"}
[10.759120] (vdt_msgs) StdoutLine: {'line': b"gmake[2]: Leaving directory '/home/vdt_2026/VDT_project/build/vdt_msgs'\n"}
[10.759427] (vdt_msgs) StdoutLine: {'line': b"gmake[2]: Leaving directory '/home/vdt_2026/VDT_project/build/vdt_msgs'\n"}
[10.759599] (vdt_msgs) StdoutLine: {'line': b'/usr/bin/gmake  -f CMakeFiles/vdt_msgs__rosidl_generator_type_description.dir/build.make CMakeFiles/vdt_msgs__rosidl_generator_type_description.dir/build\n'}
[10.759735] (vdt_msgs) StdoutLine: {'line': b'/usr/bin/gmake  -f /home/vdt_2026/VDT_project/build/vdt_msgs/vdt_msgs__rs/CMakeFiles/vdt_msgs__rs.dir/build.make /home/vdt_2026/VDT_project/build/vdt_msgs/vdt_msgs__rs/CMakeFiles/vdt_msgs__rs.dir/build\n'}
[10.760169] (vdt_msgs) StdoutLine: {'line': b'/usr/bin/gmake  -f CMakeFiles/ament_cmake_python_copy_vdt_msgs.dir/build.make CMakeFiles/ament_cmake_python_copy_vdt_msgs.dir/build\n'}
[10.761307] (vdt_msgs) StdoutLine: {'line': b"gmake[2]: Entering directory '/home/vdt_2026/VDT_project/build/vdt_msgs'\n"}
[10.761762] (vdt_msgs) StdoutLine: {'line': b"gmake[2]: Nothing to be done for 'CMakeFiles/vdt_msgs__rosidl_generator_type_description.dir/build'.\n"}
[10.761898] (vdt_msgs) StdoutLine: {'line': b"gmake[2]: Leaving directory '/home/vdt_2026/VDT_project/build/vdt_msgs'\n"}
[10.761989] (vdt_msgs) StdoutLine: {'line': b"gmake[2]: Entering directory '/home/vdt_2026/VDT_project/build/vdt_msgs'\n"}
[10.762082] (vdt_msgs) StdoutLine: {'line': b'/usr/bin/cmake -E copy_directory /home/vdt_2026/VDT_project/build/vdt_msgs/rosidl_generator_py/vdt_msgs /home/vdt_2026/VDT_project/build/vdt_msgs/ament_cmake_python/vdt_msgs/vdt_msgs\n'}
[10.762905] (vdt_msgs) StdoutLine: {'line': b"gmake[2]: Entering directory '/home/vdt_2026/VDT_project/build/vdt_msgs'\n"}
[10.763314] (vdt_msgs) StdoutLine: {'line': b"gmake[2]: Nothing to be done for '/home/vdt_2026/VDT_project/build/vdt_msgs/vdt_msgs__rs/CMakeFiles/vdt_msgs__rs.dir/build'.\n"}
[10.763518] (vdt_msgs) StdoutLine: {'line': b"gmake[2]: Leaving directory '/home/vdt_2026/VDT_project/build/vdt_msgs'\n"}
[10.777388] (vdt_msgs) StdoutLine: {'line': b'[  2%] Built target vdt_msgs__rosidl_generator_type_description\n'}
[10.777823] (vdt_msgs) StdoutLine: {'line': b'[  1%] Built target vdt_msgs__rs\n'}
[10.779479] (vdt_msgs) StdoutLine: {'line': b'/usr/bin/gmake  -f CMakeFiles/vdt_msgs__rosidl_generator_c.dir/build.make CMakeFiles/vdt_msgs__rosidl_generator_c.dir/depend\n'}
[10.779969] (vdt_msgs) StdoutLine: {'line': b'/usr/bin/gmake  -f CMakeFiles/vdt_msgs__cpp.dir/build.make CMakeFiles/vdt_msgs__cpp.dir/depend\n'}
[10.783660] (vdt_msgs) StdoutLine: {'line': b"gmake[2]: Entering directory '/home/vdt_2026/VDT_project/build/vdt_msgs'\n"}
[10.783999] (vdt_msgs) StdoutLine: {'line': b'cd /home/vdt_2026/VDT_project/build/vdt_msgs && /usr/bin/cmake -E cmake_depends "Unix Makefiles" /home/vdt_2026/VDT_project/ros2_ws/src/vdt_msgs /home/vdt_2026/VDT_project/ros2_ws/src/vdt_msgs /home/vdt_2026/VDT_project/build/vdt_msgs /home/vdt_2026/VDT_project/build/vdt_msgs /home/vdt_2026/VDT_project/build/vdt_msgs/CMakeFiles/vdt_msgs__cpp.dir/DependInfo.cmake "--color="\n'}
[10.785551] (vdt_msgs) StdoutLine: {'line': b"gmake[2]: Entering directory '/home/vdt_2026/VDT_project/build/vdt_msgs'\n"}
[10.785959] (vdt_msgs) StdoutLine: {'line': b'cd /home/vdt_2026/VDT_project/build/vdt_msgs && /usr/bin/cmake -E cmake_depends "Unix Makefiles" /home/vdt_2026/VDT_project/ros2_ws/src/vdt_msgs /home/vdt_2026/VDT_project/ros2_ws/src/vdt_msgs /home/vdt_2026/VDT_project/build/vdt_msgs /home/vdt_2026/VDT_project/build/vdt_msgs /home/vdt_2026/VDT_project/build/vdt_msgs/CMakeFiles/vdt_msgs__rosidl_generator_c.dir/DependInfo.cmake "--color="\n'}
[10.801223] (vdt_msgs) StdoutLine: {'line': b'Dependencies file "CMakeFiles/vdt_msgs__rosidl_generator_c.dir/rosidl_generator_c/vdt_msgs/msg/detail/alt_estimate__description.c.o.d" is newer than depends file "/home/vdt_2026/VDT_project/build/vdt_msgs/CMakeFiles/vdt_msgs__rosidl_generator_c.dir/compiler_depend.internal".\n'}
[10.802441] (vdt_msgs) StdoutLine: {'line': b'Dependencies file "CMakeFiles/vdt_msgs__rosidl_generator_c.dir/rosidl_generator_c/vdt_msgs/msg/detail/alt_estimate__functions.c.o.d" is newer than depends file "/home/vdt_2026/VDT_project/build/vdt_msgs/CMakeFiles/vdt_msgs__rosidl_generator_c.dir/compiler_depend.internal".\n'}
[10.802803] (vdt_msgs) StdoutLine: {'line': b"gmake[2]: Leaving directory '/home/vdt_2026/VDT_project/build/vdt_msgs'\n"}
[10.803439] (vdt_msgs) StdoutLine: {'line': b'Dependencies file "CMakeFiles/vdt_msgs__rosidl_generator_c.dir/rosidl_generator_c/vdt_msgs/msg/detail/alt_estimate__type_support.c.o.d" is newer than depends file "/home/vdt_2026/VDT_project/build/vdt_msgs/CMakeFiles/vdt_msgs__rosidl_generator_c.dir/compiler_depend.internal".\n'}
[10.803965] (vdt_msgs) StdoutLine: {'line': b"gmake[2]: Leaving directory '/home/vdt_2026/VDT_project/build/vdt_msgs'\n"}
[10.804418] (vdt_msgs) StdoutLine: {'line': b'/usr/bin/gmake  -f CMakeFiles/vdt_msgs__cpp.dir/build.make CMakeFiles/vdt_msgs__cpp.dir/build\n'}
[10.804575] (vdt_msgs) StdoutLine: {'line': b'Dependencies file "CMakeFiles/vdt_msgs__rosidl_generator_c.dir/rosidl_generator_c/vdt_msgs/msg/detail/input_snapshot__description.c.o.d" is newer than depends file "/home/vdt_2026/VDT_project/build/vdt_msgs/CMakeFiles/vdt_msgs__rosidl_generator_c.dir/compiler_depend.internal".\n'}
[10.805070] (vdt_msgs) StdoutLine: {'line': b'Dependencies file "CMakeFiles/vdt_msgs__rosidl_generator_c.dir/rosidl_generator_c/vdt_msgs/msg/detail/input_snapshot__functions.c.o.d" is newer than depends file "/home/vdt_2026/VDT_project/build/vdt_msgs/CMakeFiles/vdt_msgs__rosidl_generator_c.dir/compiler_depend.internal".\n'}
[10.805736] (vdt_msgs) StdoutLine: {'line': b'Dependencies file "CMakeFiles/vdt_msgs__rosidl_generator_c.dir/rosidl_generator_c/vdt_msgs/msg/detail/input_snapshot__type_support.c.o.d" is newer than depends file "/home/vdt_2026/VDT_project/build/vdt_msgs/CMakeFiles/vdt_msgs__rosidl_generator_c.dir/compiler_depend.internal".\n'}
[10.806408] (vdt_msgs) StdoutLine: {'line': b'Dependencies file "CMakeFiles/vdt_msgs__rosidl_generator_c.dir/rosidl_generator_c/vdt_msgs/msg/detail/offboard_status__description.c.o.d" is newer than depends file "/home/vdt_2026/VDT_project/build/vdt_msgs/CMakeFiles/vdt_msgs__rosidl_generator_c.dir/compiler_depend.internal".\n'}
[10.806868] (vdt_msgs) StdoutLine: {'line': b"gmake[2]: Entering directory '/home/vdt_2026/VDT_project/build/vdt_msgs'\n"}
[10.807192] (vdt_msgs) StdoutLine: {'line': b"gmake[2]: Nothing to be done for 'CMakeFiles/vdt_msgs__cpp.dir/build'.\n"}
[10.807617] (vdt_msgs) StdoutLine: {'line': b"gmake[2]: Leaving directory '/home/vdt_2026/VDT_project/build/vdt_msgs'\n"}
[10.807930] (vdt_msgs) StdoutLine: {'line': b'Dependencies file "CMakeFiles/vdt_msgs__rosidl_generator_c.dir/rosidl_generator_c/vdt_msgs/msg/detail/offboard_status__functions.c.o.d" is newer than depends file "/home/vdt_2026/VDT_project/build/vdt_msgs/CMakeFiles/vdt_msgs__rosidl_generator_c.dir/compiler_depend.internal".\n'}
[10.808257] (vdt_msgs) StdoutLine: {'line': b'Dependencies file "CMakeFiles/vdt_msgs__rosidl_generator_c.dir/rosidl_generator_c/vdt_msgs/msg/detail/offboard_status__type_support.c.o.d" is newer than depends file "/home/vdt_2026/VDT_project/build/vdt_msgs/CMakeFiles/vdt_msgs__rosidl_generator_c.dir/compiler_depend.internal".\n'}
[10.808838] (vdt_msgs) StdoutLine: {'line': b'Dependencies file "CMakeFiles/vdt_msgs__rosidl_generator_c.dir/rosidl_generator_c/vdt_msgs/msg/detail/planner_output__description.c.o.d" is newer than depends file "/home/vdt_2026/VDT_project/build/vdt_msgs/CMakeFiles/vdt_msgs__rosidl_generator_c.dir/compiler_depend.internal".\n'}
[10.809615] (vdt_msgs) StdoutLine: {'line': b'Dependencies file "CMakeFiles/vdt_msgs__rosidl_generator_c.dir/rosidl_generator_c/vdt_msgs/msg/detail/planner_output__functions.c.o.d" is newer than depends file "/home/vdt_2026/VDT_project/build/vdt_msgs/CMakeFiles/vdt_msgs__rosidl_generator_c.dir/compiler_depend.internal".\n'}
[10.810390] (vdt_msgs) StdoutLine: {'line': b'Dependencies file "CMakeFiles/vdt_msgs__rosidl_generator_c.dir/rosidl_generator_c/vdt_msgs/msg/detail/planner_output__type_support.c.o.d" is newer than depends file "/home/vdt_2026/VDT_project/build/vdt_msgs/CMakeFiles/vdt_msgs__rosidl_generator_c.dir/compiler_depend.internal".\n'}
[10.811414] (vdt_msgs) StdoutLine: {'line': b'Dependencies file "CMakeFiles/vdt_msgs__rosidl_generator_c.dir/rosidl_generator_c/vdt_msgs/msg/detail/rc_channels_raw__description.c.o.d" is newer than depends file "/home/vdt_2026/VDT_project/build/vdt_msgs/CMakeFiles/vdt_msgs__rosidl_generator_c.dir/compiler_depend.internal".\n'}
[10.812190] (vdt_msgs) StdoutLine: {'line': b'Dependencies file "CMakeFiles/vdt_msgs__rosidl_generator_c.dir/rosidl_generator_c/vdt_msgs/msg/detail/rc_channels_raw__functions.c.o.d" is newer than depends file "/home/vdt_2026/VDT_project/build/vdt_msgs/CMakeFiles/vdt_msgs__rosidl_generator_c.dir/compiler_depend.internal".\n'}
[10.812950] (vdt_msgs) StdoutLine: {'line': b'Dependencies file "CMakeFiles/vdt_msgs__rosidl_generator_c.dir/rosidl_generator_c/vdt_msgs/msg/detail/rc_channels_raw__type_support.c.o.d" is newer than depends file "/home/vdt_2026/VDT_project/build/vdt_msgs/CMakeFiles/vdt_msgs__rosidl_generator_c.dir/compiler_depend.internal".\n'}
[10.813648] (vdt_msgs) StdoutLine: {'line': b'Dependencies file "CMakeFiles/vdt_msgs__rosidl_generator_c.dir/rosidl_generator_c/vdt_msgs/msg/detail/rc_fsm_input__description.c.o.d" is newer than depends file "/home/vdt_2026/VDT_project/build/vdt_msgs/CMakeFiles/vdt_msgs__rosidl_generator_c.dir/compiler_depend.internal".\n'}
[10.814377] (vdt_msgs) StdoutLine: {'line': b'Dependencies file "CMakeFiles/vdt_msgs__rosidl_generator_c.dir/rosidl_generator_c/vdt_msgs/msg/detail/rc_fsm_input__functions.c.o.d" is newer than depends file "/home/vdt_2026/VDT_project/build/vdt_msgs/CMakeFiles/vdt_msgs__rosidl_generator_c.dir/compiler_depend.internal".\n'}
[10.815297] (vdt_msgs) StdoutLine: {'line': b'Dependencies file "CMakeFiles/vdt_msgs__rosidl_generator_c.dir/rosidl_generator_c/vdt_msgs/msg/detail/rc_fsm_input__type_support.c.o.d" is newer than depends file "/home/vdt_2026/VDT_project/build/vdt_msgs/CMakeFiles/vdt_msgs__rosidl_generator_c.dir/compiler_depend.internal".\n'}
[10.816087] (vdt_msgs) StdoutLine: {'line': b'Dependencies file "CMakeFiles/vdt_msgs__rosidl_generator_c.dir/rosidl_generator_c/vdt_msgs/msg/detail/timeout_flags__description.c.o.d" is newer than depends file "/home/vdt_2026/VDT_project/build/vdt_msgs/CMakeFiles/vdt_msgs__rosidl_generator_c.dir/compiler_depend.internal".\n'}
[10.817479] (vdt_msgs) StdoutLine: {'line': b'Dependencies file "CMakeFiles/vdt_msgs__rosidl_generator_c.dir/rosidl_generator_c/vdt_msgs/msg/detail/timeout_flags__functions.c.o.d" is newer than depends file "/home/vdt_2026/VDT_project/build/vdt_msgs/CMakeFiles/vdt_msgs__rosidl_generator_c.dir/compiler_depend.internal".\n'}
[10.818388] (vdt_msgs) StdoutLine: {'line': b'Dependencies file "CMakeFiles/vdt_msgs__rosidl_generator_c.dir/rosidl_generator_c/vdt_msgs/msg/detail/timeout_flags__type_support.c.o.d" is newer than depends file "/home/vdt_2026/VDT_project/build/vdt_msgs/CMakeFiles/vdt_msgs__rosidl_generator_c.dir/compiler_depend.internal".\n'}
[10.819128] (vdt_msgs) StdoutLine: {'line': b'Dependencies file "CMakeFiles/vdt_msgs__rosidl_generator_c.dir/rosidl_generator_c/vdt_msgs/msg/detail/vision_marker__description.c.o.d" is newer than depends file "/home/vdt_2026/VDT_project/build/vdt_msgs/CMakeFiles/vdt_msgs__rosidl_generator_c.dir/compiler_depend.internal".\n'}
[10.819900] (vdt_msgs) StdoutLine: {'line': b'Dependencies file "CMakeFiles/vdt_msgs__rosidl_generator_c.dir/rosidl_generator_c/vdt_msgs/msg/detail/vision_marker__functions.c.o.d" is newer than depends file "/home/vdt_2026/VDT_project/build/vdt_msgs/CMakeFiles/vdt_msgs__rosidl_generator_c.dir/compiler_depend.internal".\n'}
[10.820680] (vdt_msgs) StdoutLine: {'line': b'Dependencies file "CMakeFiles/vdt_msgs__rosidl_generator_c.dir/rosidl_generator_c/vdt_msgs/msg/detail/vision_marker__type_support.c.o.d" is newer than depends file "/home/vdt_2026/VDT_project/build/vdt_msgs/CMakeFiles/vdt_msgs__rosidl_generator_c.dir/compiler_depend.internal".\n'}
[10.821095] (vdt_msgs) StdoutLine: {'line': b'[  2%] Built target ament_cmake_python_copy_vdt_msgs\n'}
[10.823229] (vdt_msgs) StdoutLine: {'line': b'/usr/bin/gmake  -f CMakeFiles/ament_cmake_python_build_vdt_msgs_egg.dir/build.make CMakeFiles/ament_cmake_python_build_vdt_msgs_egg.dir/depend\n'}
[10.824144] (-) TimerEvent: {}
[10.825692] (vdt_msgs) StdoutLine: {'line': b"gmake[2]: Entering directory '/home/vdt_2026/VDT_project/build/vdt_msgs'\n"}
[10.826019] (vdt_msgs) StdoutLine: {'line': b'cd /home/vdt_2026/VDT_project/build/vdt_msgs && /usr/bin/cmake -E cmake_depends "Unix Makefiles" /home/vdt_2026/VDT_project/ros2_ws/src/vdt_msgs /home/vdt_2026/VDT_project/ros2_ws/src/vdt_msgs /home/vdt_2026/VDT_project/build/vdt_msgs /home/vdt_2026/VDT_project/build/vdt_msgs /home/vdt_2026/VDT_project/build/vdt_msgs/CMakeFiles/ament_cmake_python_build_vdt_msgs_egg.dir/DependInfo.cmake "--color="\n'}
[10.827776] (vdt_msgs) StdoutLine: {'line': b'[  2%] Built target vdt_msgs__cpp\n'}
[10.829643] (vdt_msgs) StdoutLine: {'line': b'Consolidate compiler generated dependencies of target vdt_msgs__rosidl_generator_c\n'}
[10.831487] (vdt_msgs) StdoutLine: {'line': b"gmake[2]: Leaving directory '/home/vdt_2026/VDT_project/build/vdt_msgs'\n"}
[10.832034] (vdt_msgs) StdoutLine: {'line': b'/usr/bin/gmake  -f CMakeFiles/vdt_msgs__rosidl_generator_c.dir/build.make CMakeFiles/vdt_msgs__rosidl_generator_c.dir/build\n'}
[10.842938] (vdt_msgs) StdoutLine: {'line': b"gmake[2]: Leaving directory '/home/vdt_2026/VDT_project/build/vdt_msgs'\n"}
[10.843377] (vdt_msgs) StdoutLine: {'line': b'/usr/bin/gmake  -f CMakeFiles/ament_cmake_python_build_vdt_msgs_egg.dir/build.make CMakeFiles/ament_cmake_python_build_vdt_msgs_egg.dir/build\n'}
[10.844743] (vdt_msgs) StdoutLine: {'line': b"gmake[2]: Entering directory '/home/vdt_2026/VDT_project/build/vdt_msgs'\n"}
[10.844917] (vdt_msgs) StdoutLine: {'line': b'cd /home/vdt_2026/VDT_project/build/vdt_msgs/ament_cmake_python/vdt_msgs && /usr/bin/python3 setup.py egg_info\n'}
[10.849188] (vdt_msgs) StdoutLine: {'line': b"gmake[2]: Entering directory '/home/vdt_2026/VDT_project/build/vdt_msgs'\n"}
[10.864901] (vdt_msgs) StdoutLine: {'line': b'[  3%] Linking C shared library libvdt_msgs__rosidl_generator_c.so\n'}
[10.867055] (vdt_msgs) StdoutLine: {'line': b'/usr/bin/cmake -E cmake_link_script CMakeFiles/vdt_msgs__rosidl_generator_c.dir/link.txt --verbose=1\n'}
[10.880341] (vdt_msgs) StdoutLine: {'line': b'/usr/bin/cc -fPIC -shared -Wl,-soname,libvdt_msgs__rosidl_generator_c.so -o libvdt_msgs__rosidl_generator_c.so CMakeFiles/vdt_msgs__rosidl_generator_c.dir/rosidl_generator_c/vdt_msgs/msg/detail/alt_estimate__description.c.o CMakeFiles/vdt_msgs__rosidl_generator_c.dir/rosidl_generator_c/vdt_msgs/msg/detail/alt_estimate__functions.c.o CMakeFiles/vdt_msgs__rosidl_generator_c.dir/rosidl_generator_c/vdt_msgs/msg/detail/alt_estimate__type_support.c.o CMakeFiles/vdt_msgs__rosidl_generator_c.dir/rosidl_generator_c/vdt_msgs/msg/detail/vision_marker__description.c.o CMakeFiles/vdt_msgs__rosidl_generator_c.dir/rosidl_generator_c/vdt_msgs/msg/detail/vision_marker__functions.c.o CMakeFiles/vdt_msgs__rosidl_generator_c.dir/rosidl_generator_c/vdt_msgs/msg/detail/vision_marker__type_support.c.o CMakeFiles/vdt_msgs__rosidl_generator_c.dir/rosidl_generator_c/vdt_msgs/msg/detail/input_snapshot__description.c.o CMakeFiles/vdt_msgs__rosidl_generator_c.dir/rosidl_generator_c/vdt_msgs/msg/detail/input_snapshot__functions.c.o CMakeFiles/vdt_msgs__rosidl_generator_c.dir/rosidl_generator_c/vdt_msgs/msg/detail/input_snapshot__type_support.c.o CMakeFiles/vdt_msgs__rosidl_generator_c.dir/rosidl_generator_c/vdt_msgs/msg/detail/timeout_flags__description.c.o CMakeFiles/vdt_msgs__rosidl_generator_c.dir/rosidl_generator_c/vdt_msgs/msg/detail/timeout_flags__functions.c.o CMakeFiles/vdt_msgs__rosidl_generator_c.dir/rosidl_generator_c/vdt_msgs/msg/detail/timeout_flags__type_support.c.o CMakeFiles/vdt_msgs__rosidl_generator_c.dir/rosidl_generator_c/vdt_msgs/msg/detail/planner_output__description.c.o CMakeFiles/vdt_msgs__rosidl_generator_c.dir/rosidl_generator_c/vdt_msgs/msg/detail/planner_output__functions.c.o CMakeFiles/vdt_msgs__rosidl_generator_c.dir/rosidl_generator_c/vdt_msgs/msg/detail/planner_output__type_support.c.o CMakeFiles/vdt_msgs__rosidl_generator_c.dir/rosidl_generator_c/vdt_msgs/msg/detail/offboard_status__description.c.o CMakeFiles/vdt_msgs__rosidl_generator_c.dir/rosidl_generator_c/vdt_msgs/msg/detail/offboard_status__functions.c.o CMakeFiles/vdt_msgs__rosidl_generator_c.dir/rosidl_generator_c/vdt_msgs/msg/detail/offboard_status__type_support.c.o CMakeFiles/vdt_msgs__rosidl_generator_c.dir/rosidl_generator_c/vdt_msgs/msg/detail/rc_fsm_input__description.c.o CMakeFiles/vdt_msgs__rosidl_generator_c.dir/rosidl_generator_c/vdt_msgs/msg/detail/rc_fsm_input__functions.c.o CMakeFiles/vdt_msgs__rosidl_generator_c.dir/rosidl_generator_c/vdt_msgs/msg/detail/rc_fsm_input__type_support.c.o CMakeFiles/vdt_msgs__rosidl_generator_c.dir/rosidl_generator_c/vdt_msgs/msg/detail/rc_channels_raw__description.c.o CMakeFiles/vdt_msgs__rosidl_generator_c.dir/rosidl_generator_c/vdt_msgs/msg/detail/rc_channels_raw__functions.c.o CMakeFiles/vdt_msgs__rosidl_generator_c.dir/rosidl_generator_c/vdt_msgs/msg/detail/rc_channels_raw__type_support.c.o  -Wl,-rpath,/opt/ros/jazzy/lib: /opt/ros/jazzy/lib/libstd_msgs__rosidl_generator_c.so /opt/ros/jazzy/lib/libbuiltin_interfaces__rosidl_generator_c.so /opt/ros/jazzy/lib/librosidl_runtime_c.so /opt/ros/jazzy/lib/librcutils.so -ldl -latomic \n'}
[10.924256] (-) TimerEvent: {}
[11.018438] (vdt_msgs) StdoutLine: {'line': b"gmake[2]: Leaving directory '/home/vdt_2026/VDT_project/build/vdt_msgs'\n"}
[11.024368] (-) TimerEvent: {}
[11.032805] (vdt_msgs) StdoutLine: {'line': b'[ 27%] Built target vdt_msgs__rosidl_generator_c\n'}
[11.034704] (vdt_msgs) StdoutLine: {'line': b'/usr/bin/gmake  -f CMakeFiles/vdt_msgs__rosidl_typesupport_fastrtps_cpp.dir/build.make CMakeFiles/vdt_msgs__rosidl_typesupport_fastrtps_cpp.dir/depend\n'}
[11.035322] (vdt_msgs) StdoutLine: {'line': b'/usr/bin/gmake  -f CMakeFiles/vdt_msgs__rosidl_typesupport_introspection_c.dir/build.make CMakeFiles/vdt_msgs__rosidl_typesupport_introspection_c.dir/depend\n'}
[11.039590] (vdt_msgs) StdoutLine: {'line': b'/usr/bin/gmake  -f CMakeFiles/vdt_msgs__rosidl_typesupport_c.dir/build.make CMakeFiles/vdt_msgs__rosidl_typesupport_c.dir/depend\n'}
[11.039959] (vdt_msgs) StdoutLine: {'line': b"gmake[2]: Entering directory '/home/vdt_2026/VDT_project/build/vdt_msgs'\n"}
[11.040067] (vdt_msgs) StdoutLine: {'line': b'cd /home/vdt_2026/VDT_project/build/vdt_msgs && /usr/bin/cmake -E cmake_depends "Unix Makefiles" /home/vdt_2026/VDT_project/ros2_ws/src/vdt_msgs /home/vdt_2026/VDT_project/ros2_ws/src/vdt_msgs /home/vdt_2026/VDT_project/build/vdt_msgs /home/vdt_2026/VDT_project/build/vdt_msgs /home/vdt_2026/VDT_project/build/vdt_msgs/CMakeFiles/vdt_msgs__rosidl_typesupport_fastrtps_cpp.dir/DependInfo.cmake "--color="\n'}
[11.040186] (vdt_msgs) StdoutLine: {'line': b"gmake[2]: Entering directory '/home/vdt_2026/VDT_project/build/vdt_msgs'\n"}
[11.040267] (vdt_msgs) StdoutLine: {'line': b'cd /home/vdt_2026/VDT_project/build/vdt_msgs && /usr/bin/cmake -E cmake_depends "Unix Makefiles" /home/vdt_2026/VDT_project/ros2_ws/src/vdt_msgs /home/vdt_2026/VDT_project/ros2_ws/src/vdt_msgs /home/vdt_2026/VDT_project/build/vdt_msgs /home/vdt_2026/VDT_project/build/vdt_msgs /home/vdt_2026/VDT_project/build/vdt_msgs/CMakeFiles/vdt_msgs__rosidl_typesupport_introspection_c.dir/DependInfo.cmake "--color="\n'}
[11.042489] (vdt_msgs) StdoutLine: {'line': b"gmake[2]: Entering directory '/home/vdt_2026/VDT_project/build/vdt_msgs'\n"}
[11.042887] (vdt_msgs) StdoutLine: {'line': b'cd /home/vdt_2026/VDT_project/build/vdt_msgs && /usr/bin/cmake -E cmake_depends "Unix Makefiles" /home/vdt_2026/VDT_project/ros2_ws/src/vdt_msgs /home/vdt_2026/VDT_project/ros2_ws/src/vdt_msgs /home/vdt_2026/VDT_project/build/vdt_msgs /home/vdt_2026/VDT_project/build/vdt_msgs /home/vdt_2026/VDT_project/build/vdt_msgs/CMakeFiles/vdt_msgs__rosidl_typesupport_c.dir/DependInfo.cmake "--color="\n'}
[11.060814] (vdt_msgs) StdoutLine: {'line': b'Dependencies file "CMakeFiles/vdt_msgs__rosidl_typesupport_fastrtps_cpp.dir/rosidl_typesupport_fastrtps_cpp/vdt_msgs/msg/detail/dds_fastrtps/alt_estimate__type_support.cpp.o.d" is newer than depends file "/home/vdt_2026/VDT_project/build/vdt_msgs/CMakeFiles/vdt_msgs__rosidl_typesupport_fastrtps_cpp.dir/compiler_depend.internal".\n'}
[11.061406] (vdt_msgs) StdoutLine: {'line': b'Dependencies file "CMakeFiles/vdt_msgs__rosidl_typesupport_introspection_c.dir/rosidl_typesupport_introspection_c/vdt_msgs/msg/detail/alt_estimate__type_support.c.o.d" is newer than depends file "/home/vdt_2026/VDT_project/build/vdt_msgs/CMakeFiles/vdt_msgs__rosidl_typesupport_introspection_c.dir/compiler_depend.internal".\n'}
[11.061580] (vdt_msgs) StdoutLine: {'line': b'Dependencies file "CMakeFiles/vdt_msgs__rosidl_typesupport_fastrtps_cpp.dir/rosidl_typesupport_fastrtps_cpp/vdt_msgs/msg/detail/dds_fastrtps/input_snapshot__type_support.cpp.o.d" is newer than depends file "/home/vdt_2026/VDT_project/build/vdt_msgs/CMakeFiles/vdt_msgs__rosidl_typesupport_fastrtps_cpp.dir/compiler_depend.internal".\n'}
[11.061713] (vdt_msgs) StdoutLine: {'line': b'Dependencies file "CMakeFiles/vdt_msgs__rosidl_typesupport_introspection_c.dir/rosidl_typesupport_introspection_c/vdt_msgs/msg/detail/input_snapshot__type_support.c.o.d" is newer than depends file "/home/vdt_2026/VDT_project/build/vdt_msgs/CMakeFiles/vdt_msgs__rosidl_typesupport_introspection_c.dir/compiler_depend.internal".\n'}
[11.061910] (vdt_msgs) StdoutLine: {'line': b'Dependencies file "CMakeFiles/vdt_msgs__rosidl_typesupport_fastrtps_cpp.dir/rosidl_typesupport_fastrtps_cpp/vdt_msgs/msg/detail/dds_fastrtps/offboard_status__type_support.cpp.o.d" is newer than depends file "/home/vdt_2026/VDT_project/build/vdt_msgs/CMakeFiles/vdt_msgs__rosidl_typesupport_fastrtps_cpp.dir/compiler_depend.internal".\n'}
[11.062059] (vdt_msgs) StdoutLine: {'line': b'Dependencies file "CMakeFiles/vdt_msgs__rosidl_typesupport_introspection_c.dir/rosidl_typesupport_introspection_c/vdt_msgs/msg/detail/offboard_status__type_support.c.o.d" is newer than depends file "/home/vdt_2026/VDT_project/build/vdt_msgs/CMakeFiles/vdt_msgs__rosidl_typesupport_introspection_c.dir/compiler_depend.internal".\n'}
[11.062197] (vdt_msgs) StdoutLine: {'line': b'Dependencies file "CMakeFiles/vdt_msgs__rosidl_typesupport_c.dir/rosidl_typesupport_c/vdt_msgs/msg/alt_estimate__type_support.cpp.o.d" is newer than depends file "/home/vdt_2026/VDT_project/build/vdt_msgs/CMakeFiles/vdt_msgs__rosidl_typesupport_c.dir/compiler_depend.internal".\n'}
[11.062551] (vdt_msgs) StdoutLine: {'line': b'Dependencies file "CMakeFiles/vdt_msgs__rosidl_typesupport_fastrtps_cpp.dir/rosidl_typesupport_fastrtps_cpp/vdt_msgs/msg/detail/dds_fastrtps/planner_output__type_support.cpp.o.d" is newer than depends file "/home/vdt_2026/VDT_project/build/vdt_msgs/CMakeFiles/vdt_msgs__rosidl_typesupport_fastrtps_cpp.dir/compiler_depend.internal".\n'}
[11.062706] (vdt_msgs) StdoutLine: {'line': b'Dependencies file "CMakeFiles/vdt_msgs__rosidl_typesupport_introspection_c.dir/rosidl_typesupport_introspection_c/vdt_msgs/msg/detail/planner_output__type_support.c.o.d" is newer than depends file "/home/vdt_2026/VDT_project/build/vdt_msgs/CMakeFiles/vdt_msgs__rosidl_typesupport_introspection_c.dir/compiler_depend.internal".\n'}
[11.063241] (vdt_msgs) StdoutLine: {'line': b'Dependencies file "CMakeFiles/vdt_msgs__rosidl_typesupport_c.dir/rosidl_typesupport_c/vdt_msgs/msg/input_snapshot__type_support.cpp.o.d" is newer than depends file "/home/vdt_2026/VDT_project/build/vdt_msgs/CMakeFiles/vdt_msgs__rosidl_typesupport_c.dir/compiler_depend.internal".\n'}
[11.064127] (vdt_msgs) StdoutLine: {'line': b'Dependencies file "CMakeFiles/vdt_msgs__rosidl_typesupport_fastrtps_cpp.dir/rosidl_typesupport_fastrtps_cpp/vdt_msgs/msg/detail/dds_fastrtps/rc_channels_raw__type_support.cpp.o.d" is newer than depends file "/home/vdt_2026/VDT_project/build/vdt_msgs/CMakeFiles/vdt_msgs__rosidl_typesupport_fastrtps_cpp.dir/compiler_depend.internal".\n'}
[11.064346] (vdt_msgs) StdoutLine: {'line': b'Dependencies file "CMakeFiles/vdt_msgs__rosidl_typesupport_introspection_c.dir/rosidl_typesupport_introspection_c/vdt_msgs/msg/detail/rc_channels_raw__type_support.c.o.d" is newer than depends file "/home/vdt_2026/VDT_project/build/vdt_msgs/CMakeFiles/vdt_msgs__rosidl_typesupport_introspection_c.dir/compiler_depend.internal".\n'}
[11.064837] (vdt_msgs) StdoutLine: {'line': b'Dependencies file "CMakeFiles/vdt_msgs__rosidl_typesupport_c.dir/rosidl_typesupport_c/vdt_msgs/msg/offboard_status__type_support.cpp.o.d" is newer than depends file "/home/vdt_2026/VDT_project/build/vdt_msgs/CMakeFiles/vdt_msgs__rosidl_typesupport_c.dir/compiler_depend.internal".\n'}
[11.065836] (vdt_msgs) StdoutLine: {'line': b'Dependencies file "CMakeFiles/vdt_msgs__rosidl_typesupport_fastrtps_cpp.dir/rosidl_typesupport_fastrtps_cpp/vdt_msgs/msg/detail/dds_fastrtps/rc_fsm_input__type_support.cpp.o.d" is newer than depends file "/home/vdt_2026/VDT_project/build/vdt_msgs/CMakeFiles/vdt_msgs__rosidl_typesupport_fastrtps_cpp.dir/compiler_depend.internal".\n'}
[11.066062] (vdt_msgs) StdoutLine: {'line': b'Dependencies file "CMakeFiles/vdt_msgs__rosidl_typesupport_introspection_c.dir/rosidl_typesupport_introspection_c/vdt_msgs/msg/detail/rc_fsm_input__type_support.c.o.d" is newer than depends file "/home/vdt_2026/VDT_project/build/vdt_msgs/CMakeFiles/vdt_msgs__rosidl_typesupport_introspection_c.dir/compiler_depend.internal".\n'}
[11.066554] (vdt_msgs) StdoutLine: {'line': b'Dependencies file "CMakeFiles/vdt_msgs__rosidl_typesupport_c.dir/rosidl_typesupport_c/vdt_msgs/msg/planner_output__type_support.cpp.o.d" is newer than depends file "/home/vdt_2026/VDT_project/build/vdt_msgs/CMakeFiles/vdt_msgs__rosidl_typesupport_c.dir/compiler_depend.internal".\n'}
[11.067485] (vdt_msgs) StdoutLine: {'line': b'Dependencies file "CMakeFiles/vdt_msgs__rosidl_typesupport_fastrtps_cpp.dir/rosidl_typesupport_fastrtps_cpp/vdt_msgs/msg/detail/dds_fastrtps/timeout_flags__type_support.cpp.o.d" is newer than depends file "/home/vdt_2026/VDT_project/build/vdt_msgs/CMakeFiles/vdt_msgs__rosidl_typesupport_fastrtps_cpp.dir/compiler_depend.internal".\n'}
[11.067726] (vdt_msgs) StdoutLine: {'line': b'Dependencies file "CMakeFiles/vdt_msgs__rosidl_typesupport_introspection_c.dir/rosidl_typesupport_introspection_c/vdt_msgs/msg/detail/timeout_flags__type_support.c.o.d" is newer than depends file "/home/vdt_2026/VDT_project/build/vdt_msgs/CMakeFiles/vdt_msgs__rosidl_typesupport_introspection_c.dir/compiler_depend.internal".\n'}
[11.068223] (vdt_msgs) StdoutLine: {'line': b'Dependencies file "CMakeFiles/vdt_msgs__rosidl_typesupport_c.dir/rosidl_typesupport_c/vdt_msgs/msg/rc_channels_raw__type_support.cpp.o.d" is newer than depends file "/home/vdt_2026/VDT_project/build/vdt_msgs/CMakeFiles/vdt_msgs__rosidl_typesupport_c.dir/compiler_depend.internal".\n'}
[11.069170] (vdt_msgs) StdoutLine: {'line': b'Dependencies file "CMakeFiles/vdt_msgs__rosidl_typesupport_fastrtps_cpp.dir/rosidl_typesupport_fastrtps_cpp/vdt_msgs/msg/detail/dds_fastrtps/vision_marker__type_support.cpp.o.d" is newer than depends file "/home/vdt_2026/VDT_project/build/vdt_msgs/CMakeFiles/vdt_msgs__rosidl_typesupport_fastrtps_cpp.dir/compiler_depend.internal".\n'}
[11.069414] (vdt_msgs) StdoutLine: {'line': b'Dependencies file "CMakeFiles/vdt_msgs__rosidl_typesupport_introspection_c.dir/rosidl_typesupport_introspection_c/vdt_msgs/msg/detail/vision_marker__type_support.c.o.d" is newer than depends file "/home/vdt_2026/VDT_project/build/vdt_msgs/CMakeFiles/vdt_msgs__rosidl_typesupport_introspection_c.dir/compiler_depend.internal".\n'}
[11.069846] (vdt_msgs) StdoutLine: {'line': b'Dependencies file "CMakeFiles/vdt_msgs__rosidl_typesupport_c.dir/rosidl_typesupport_c/vdt_msgs/msg/rc_fsm_input__type_support.cpp.o.d" is newer than depends file "/home/vdt_2026/VDT_project/build/vdt_msgs/CMakeFiles/vdt_msgs__rosidl_typesupport_c.dir/compiler_depend.internal".\n'}
[11.071617] (vdt_msgs) StdoutLine: {'line': b'Dependencies file "CMakeFiles/vdt_msgs__rosidl_typesupport_c.dir/rosidl_typesupport_c/vdt_msgs/msg/timeout_flags__type_support.cpp.o.d" is newer than depends file "/home/vdt_2026/VDT_project/build/vdt_msgs/CMakeFiles/vdt_msgs__rosidl_typesupport_c.dir/compiler_depend.internal".\n'}
[11.072355] (vdt_msgs) StdoutLine: {'line': b'Dependencies file "CMakeFiles/vdt_msgs__rosidl_typesupport_c.dir/rosidl_typesupport_c/vdt_msgs/msg/vision_marker__type_support.cpp.o.d" is newer than depends file "/home/vdt_2026/VDT_project/build/vdt_msgs/CMakeFiles/vdt_msgs__rosidl_typesupport_c.dir/compiler_depend.internal".\n'}
[11.076174] (vdt_msgs) StdoutLine: {'line': b'Consolidate compiler generated dependencies of target vdt_msgs__rosidl_typesupport_introspection_c\n'}
[11.076696] (vdt_msgs) StdoutLine: {'line': b"gmake[2]: Leaving directory '/home/vdt_2026/VDT_project/build/vdt_msgs'\n"}
[11.077095] (vdt_msgs) StdoutLine: {'line': b'/usr/bin/gmake  -f CMakeFiles/vdt_msgs__rosidl_typesupport_introspection_c.dir/build.make CMakeFiles/vdt_msgs__rosidl_typesupport_introspection_c.dir/build\n'}
[11.080130] (vdt_msgs) StdoutLine: {'line': b'Consolidate compiler generated dependencies of target vdt_msgs__rosidl_typesupport_c\n'}
[11.080443] (vdt_msgs) StdoutLine: {'line': b'Consolidate compiler generated dependencies of target vdt_msgs__rosidl_typesupport_fastrtps_cpp\n'}
[11.082130] (vdt_msgs) StdoutLine: {'line': b"gmake[2]: Leaving directory '/home/vdt_2026/VDT_project/build/vdt_msgs'\n"}
[11.082628] (vdt_msgs) StdoutLine: {'line': b"gmake[2]: Leaving directory '/home/vdt_2026/VDT_project/build/vdt_msgs'\n"}
[11.083331] (vdt_msgs) StdoutLine: {'line': b'/usr/bin/gmake  -f CMakeFiles/vdt_msgs__rosidl_typesupport_c.dir/build.make CMakeFiles/vdt_msgs__rosidl_typesupport_c.dir/build\n'}
[11.083652] (vdt_msgs) StdoutLine: {'line': b'/usr/bin/gmake  -f CMakeFiles/vdt_msgs__rosidl_typesupport_fastrtps_cpp.dir/build.make CMakeFiles/vdt_msgs__rosidl_typesupport_fastrtps_cpp.dir/build\n'}
[11.086092] (vdt_msgs) StdoutLine: {'line': b"gmake[2]: Entering directory '/home/vdt_2026/VDT_project/build/vdt_msgs'\n"}
[11.100531] (vdt_msgs) StdoutLine: {'line': b"gmake[2]: Entering directory '/home/vdt_2026/VDT_project/build/vdt_msgs'\n"}
[11.103086] (vdt_msgs) StdoutLine: {'line': b'[ 28%] Linking C shared library libvdt_msgs__rosidl_typesupport_introspection_c.so\n'}
[11.105225] (vdt_msgs) StdoutLine: {'line': b'/usr/bin/cmake -E cmake_link_script CMakeFiles/vdt_msgs__rosidl_typesupport_introspection_c.dir/link.txt --verbose=1\n'}
[11.116705] (vdt_msgs) StdoutLine: {'line': b"gmake[2]: Entering directory '/home/vdt_2026/VDT_project/build/vdt_msgs'\n"}
[11.119733] (vdt_msgs) StdoutLine: {'line': b'[ 29%] Linking CXX shared library libvdt_msgs__rosidl_typesupport_c.so\n'}
[11.123898] (vdt_msgs) StdoutLine: {'line': b'/usr/bin/cmake -E cmake_link_script CMakeFiles/vdt_msgs__rosidl_typesupport_c.dir/link.txt --verbose=1\n'}
[11.124399] (-) TimerEvent: {}
[11.129166] (vdt_msgs) StdoutLine: {'line': b'/usr/bin/cc -fPIC -shared -Wl,-soname,libvdt_msgs__rosidl_typesupport_introspection_c.so -o libvdt_msgs__rosidl_typesupport_introspection_c.so CMakeFiles/vdt_msgs__rosidl_typesupport_introspection_c.dir/rosidl_typesupport_introspection_c/vdt_msgs/msg/detail/alt_estimate__type_support.c.o CMakeFiles/vdt_msgs__rosidl_typesupport_introspection_c.dir/rosidl_typesupport_introspection_c/vdt_msgs/msg/detail/vision_marker__type_support.c.o CMakeFiles/vdt_msgs__rosidl_typesupport_introspection_c.dir/rosidl_typesupport_introspection_c/vdt_msgs/msg/detail/input_snapshot__type_support.c.o CMakeFiles/vdt_msgs__rosidl_typesupport_introspection_c.dir/rosidl_typesupport_introspection_c/vdt_msgs/msg/detail/timeout_flags__type_support.c.o CMakeFiles/vdt_msgs__rosidl_typesupport_introspection_c.dir/rosidl_typesupport_introspection_c/vdt_msgs/msg/detail/planner_output__type_support.c.o CMakeFiles/vdt_msgs__rosidl_typesupport_introspection_c.dir/rosidl_typesupport_introspection_c/vdt_msgs/msg/detail/offboard_status__type_support.c.o CMakeFiles/vdt_msgs__rosidl_typesupport_introspection_c.dir/rosidl_typesupport_introspection_c/vdt_msgs/msg/detail/rc_fsm_input__type_support.c.o CMakeFiles/vdt_msgs__rosidl_typesupport_introspection_c.dir/rosidl_typesupport_introspection_c/vdt_msgs/msg/detail/rc_channels_raw__type_support.c.o  -Wl,-rpath,/home/vdt_2026/VDT_project/build/vdt_msgs:/opt/ros/jazzy/lib: libvdt_msgs__rosidl_generator_c.so /opt/ros/jazzy/lib/libstd_msgs__rosidl_typesupport_introspection_c.so /opt/ros/jazzy/lib/libbuiltin_interfaces__rosidl_typesupport_introspection_c.so /opt/ros/jazzy/lib/librosidl_typesupport_introspection_c.so /opt/ros/jazzy/lib/libstd_msgs__rosidl_generator_c.so /opt/ros/jazzy/lib/libbuiltin_interfaces__rosidl_generator_c.so /opt/ros/jazzy/lib/librosidl_runtime_c.so /opt/ros/jazzy/lib/librcutils.so -ldl -latomic \n'}
[11.137714] (vdt_msgs) StdoutLine: {'line': b'[ 30%] Linking CXX shared library libvdt_msgs__rosidl_typesupport_fastrtps_cpp.so\n'}
[11.140585] (vdt_msgs) StdoutLine: {'line': b'/usr/bin/cmake -E cmake_link_script CMakeFiles/vdt_msgs__rosidl_typesupport_fastrtps_cpp.dir/link.txt --verbose=1\n'}
[11.141856] (vdt_msgs) StdoutLine: {'line': b'/usr/bin/c++ -fPIC -shared -Wl,-soname,libvdt_msgs__rosidl_typesupport_c.so -o libvdt_msgs__rosidl_typesupport_c.so CMakeFiles/vdt_msgs__rosidl_typesupport_c.dir/rosidl_typesupport_c/vdt_msgs/msg/alt_estimate__type_support.cpp.o CMakeFiles/vdt_msgs__rosidl_typesupport_c.dir/rosidl_typesupport_c/vdt_msgs/msg/vision_marker__type_support.cpp.o CMakeFiles/vdt_msgs__rosidl_typesupport_c.dir/rosidl_typesupport_c/vdt_msgs/msg/input_snapshot__type_support.cpp.o CMakeFiles/vdt_msgs__rosidl_typesupport_c.dir/rosidl_typesupport_c/vdt_msgs/msg/timeout_flags__type_support.cpp.o CMakeFiles/vdt_msgs__rosidl_typesupport_c.dir/rosidl_typesupport_c/vdt_msgs/msg/planner_output__type_support.cpp.o CMakeFiles/vdt_msgs__rosidl_typesupport_c.dir/rosidl_typesupport_c/vdt_msgs/msg/offboard_status__type_support.cpp.o CMakeFiles/vdt_msgs__rosidl_typesupport_c.dir/rosidl_typesupport_c/vdt_msgs/msg/rc_fsm_input__type_support.cpp.o CMakeFiles/vdt_msgs__rosidl_typesupport_c.dir/rosidl_typesupport_c/vdt_msgs/msg/rc_channels_raw__type_support.cpp.o  -Wl,-rpath,/home/vdt_2026/VDT_project/build/vdt_msgs:/opt/ros/jazzy/lib: libvdt_msgs__rosidl_generator_c.so /opt/ros/jazzy/lib/libstd_msgs__rosidl_typesupport_c.so /opt/ros/jazzy/lib/libbuiltin_interfaces__rosidl_typesupport_c.so /opt/ros/jazzy/lib/librosidl_typesupport_c.so /opt/ros/jazzy/lib/libstd_msgs__rosidl_generator_c.so /opt/ros/jazzy/lib/libbuiltin_interfaces__rosidl_generator_c.so /opt/ros/jazzy/lib/librosidl_runtime_c.so /opt/ros/jazzy/lib/librcutils.so -ldl -latomic -Wl,-rpath-link,/opt/ros/jazzy/lib \n'}
[11.154949] (vdt_msgs) StdoutLine: {'line': b'/usr/bin/c++ -fPIC -shared -Wl,-soname,libvdt_msgs__rosidl_typesupport_fastrtps_cpp.so -o libvdt_msgs__rosidl_typesupport_fastrtps_cpp.so CMakeFiles/vdt_msgs__rosidl_typesupport_fastrtps_cpp.dir/rosidl_typesupport_fastrtps_cpp/vdt_msgs/msg/detail/dds_fastrtps/alt_estimate__type_support.cpp.o CMakeFiles/vdt_msgs__rosidl_typesupport_fastrtps_cpp.dir/rosidl_typesupport_fastrtps_cpp/vdt_msgs/msg/detail/dds_fastrtps/vision_marker__type_support.cpp.o CMakeFiles/vdt_msgs__rosidl_typesupport_fastrtps_cpp.dir/rosidl_typesupport_fastrtps_cpp/vdt_msgs/msg/detail/dds_fastrtps/input_snapshot__type_support.cpp.o CMakeFiles/vdt_msgs__rosidl_typesupport_fastrtps_cpp.dir/rosidl_typesupport_fastrtps_cpp/vdt_msgs/msg/detail/dds_fastrtps/timeout_flags__type_support.cpp.o CMakeFiles/vdt_msgs__rosidl_typesupport_fastrtps_cpp.dir/rosidl_typesupport_fastrtps_cpp/vdt_msgs/msg/detail/dds_fastrtps/planner_output__type_support.cpp.o CMakeFiles/vdt_msgs__rosidl_typesupport_fastrtps_cpp.dir/rosidl_typesupport_fastrtps_cpp/vdt_msgs/msg/detail/dds_fastrtps/offboard_status__type_support.cpp.o CMakeFiles/vdt_msgs__rosidl_typesupport_fastrtps_cpp.dir/rosidl_typesupport_fastrtps_cpp/vdt_msgs/msg/detail/dds_fastrtps/rc_fsm_input__type_support.cpp.o CMakeFiles/vdt_msgs__rosidl_typesupport_fastrtps_cpp.dir/rosidl_typesupport_fastrtps_cpp/vdt_msgs/msg/detail/dds_fastrtps/rc_channels_raw__type_support.cpp.o  -Wl,-rpath,/opt/ros/jazzy/lib:/home/vdt_2026/VDT_project/build/vdt_msgs: /opt/ros/jazzy/lib/libstd_msgs__rosidl_typesupport_fastrtps_cpp.so /opt/ros/jazzy/lib/libbuiltin_interfaces__rosidl_typesupport_fastrtps_cpp.so libvdt_msgs__rosidl_generator_c.so /opt/ros/jazzy/lib/librosidl_typesupport_fastrtps_cpp.so /opt/ros/jazzy/lib/libfastcdr.so.2.2.8 /opt/ros/jazzy/lib/librmw.so /opt/ros/jazzy/lib/librosidl_dynamic_typesupport.so /opt/ros/jazzy/lib/libstd_msgs__rosidl_generator_c.so /opt/ros/jazzy/lib/libbuiltin_interfaces__rosidl_generator_c.so /opt/ros/jazzy/lib/librosidl_runtime_c.so /opt/ros/jazzy/lib/librcutils.so -ldl -latomic \n'}
[11.163597] (vdt_msgs) StdoutLine: {'line': b'running egg_info\n'}
[11.189670] (vdt_msgs) StdoutLine: {'line': b'writing vdt_msgs.egg-info/PKG-INFO\n'}
[11.190283] (vdt_msgs) StdoutLine: {'line': b'writing dependency_links to vdt_msgs.egg-info/dependency_links.txt\n'}
[11.190865] (vdt_msgs) StdoutLine: {'line': b'writing top-level names to vdt_msgs.egg-info/top_level.txt\n'}
[11.202147] (vdt_msgs) StdoutLine: {'line': b"gmake[2]: Leaving directory '/home/vdt_2026/VDT_project/build/vdt_msgs'\n"}
[11.224660] (-) TimerEvent: {}
[11.227680] (vdt_msgs) StdoutLine: {'line': b'[ 38%] Built target vdt_msgs__rosidl_typesupport_introspection_c\n'}
[11.234971] (vdt_msgs) StdoutLine: {'line': b'/usr/bin/gmake  -f CMakeFiles/vdt_msgs__rosidl_typesupport_introspection_cpp.dir/build.make CMakeFiles/vdt_msgs__rosidl_typesupport_introspection_cpp.dir/depend\n'}
[11.240681] (vdt_msgs) StdoutLine: {'line': b"gmake[2]: Entering directory '/home/vdt_2026/VDT_project/build/vdt_msgs'\n"}
[11.242942] (vdt_msgs) StdoutLine: {'line': b'cd /home/vdt_2026/VDT_project/build/vdt_msgs && /usr/bin/cmake -E cmake_depends "Unix Makefiles" /home/vdt_2026/VDT_project/ros2_ws/src/vdt_msgs /home/vdt_2026/VDT_project/ros2_ws/src/vdt_msgs /home/vdt_2026/VDT_project/build/vdt_msgs /home/vdt_2026/VDT_project/build/vdt_msgs /home/vdt_2026/VDT_project/build/vdt_msgs/CMakeFiles/vdt_msgs__rosidl_typesupport_introspection_cpp.dir/DependInfo.cmake "--color="\n'}
[11.260891] (vdt_msgs) StdoutLine: {'line': b"gmake[2]: Leaving directory '/home/vdt_2026/VDT_project/build/vdt_msgs'\n"}
[11.281133] (vdt_msgs) StdoutLine: {'line': b'Dependencies file "CMakeFiles/vdt_msgs__rosidl_typesupport_introspection_cpp.dir/rosidl_typesupport_introspection_cpp/vdt_msgs/msg/detail/alt_estimate__type_support.cpp.o.d" is newer than depends file "/home/vdt_2026/VDT_project/build/vdt_msgs/CMakeFiles/vdt_msgs__rosidl_typesupport_introspection_cpp.dir/compiler_depend.internal".\n'}
[11.283720] (vdt_msgs) StdoutLine: {'line': b'Dependencies file "CMakeFiles/vdt_msgs__rosidl_typesupport_introspection_cpp.dir/rosidl_typesupport_introspection_cpp/vdt_msgs/msg/detail/input_snapshot__type_support.cpp.o.d" is newer than depends file "/home/vdt_2026/VDT_project/build/vdt_msgs/CMakeFiles/vdt_msgs__rosidl_typesupport_introspection_cpp.dir/compiler_depend.internal".\n'}
[11.285944] (vdt_msgs) StdoutLine: {'line': b'Dependencies file "CMakeFiles/vdt_msgs__rosidl_typesupport_introspection_cpp.dir/rosidl_typesupport_introspection_cpp/vdt_msgs/msg/detail/offboard_status__type_support.cpp.o.d" is newer than depends file "/home/vdt_2026/VDT_project/build/vdt_msgs/CMakeFiles/vdt_msgs__rosidl_typesupport_introspection_cpp.dir/compiler_depend.internal".\n'}
[11.288578] (vdt_msgs) StdoutLine: {'line': b'Dependencies file "CMakeFiles/vdt_msgs__rosidl_typesupport_introspection_cpp.dir/rosidl_typesupport_introspection_cpp/vdt_msgs/msg/detail/planner_output__type_support.cpp.o.d" is newer than depends file "/home/vdt_2026/VDT_project/build/vdt_msgs/CMakeFiles/vdt_msgs__rosidl_typesupport_introspection_cpp.dir/compiler_depend.internal".\n'}
[11.290873] (vdt_msgs) StdoutLine: {'line': b'Dependencies file "CMakeFiles/vdt_msgs__rosidl_typesupport_introspection_cpp.dir/rosidl_typesupport_introspection_cpp/vdt_msgs/msg/detail/rc_channels_raw__type_support.cpp.o.d" is newer than depends file "/home/vdt_2026/VDT_project/build/vdt_msgs/CMakeFiles/vdt_msgs__rosidl_typesupport_introspection_cpp.dir/compiler_depend.internal".\n'}
[11.292751] (vdt_msgs) StdoutLine: {'line': b'Dependencies file "CMakeFiles/vdt_msgs__rosidl_typesupport_introspection_cpp.dir/rosidl_typesupport_introspection_cpp/vdt_msgs/msg/detail/rc_fsm_input__type_support.cpp.o.d" is newer than depends file "/home/vdt_2026/VDT_project/build/vdt_msgs/CMakeFiles/vdt_msgs__rosidl_typesupport_introspection_cpp.dir/compiler_depend.internal".\n'}
[11.293789] (vdt_msgs) StdoutLine: {'line': b'Dependencies file "CMakeFiles/vdt_msgs__rosidl_typesupport_introspection_cpp.dir/rosidl_typesupport_introspection_cpp/vdt_msgs/msg/detail/timeout_flags__type_support.cpp.o.d" is newer than depends file "/home/vdt_2026/VDT_project/build/vdt_msgs/CMakeFiles/vdt_msgs__rosidl_typesupport_introspection_cpp.dir/compiler_depend.internal".\n'}
[11.294219] (vdt_msgs) StdoutLine: {'line': b'Dependencies file "CMakeFiles/vdt_msgs__rosidl_typesupport_introspection_cpp.dir/rosidl_typesupport_introspection_cpp/vdt_msgs/msg/detail/vision_marker__type_support.cpp.o.d" is newer than depends file "/home/vdt_2026/VDT_project/build/vdt_msgs/CMakeFiles/vdt_msgs__rosidl_typesupport_introspection_cpp.dir/compiler_depend.internal".\n'}
[11.307269] (vdt_msgs) StdoutLine: {'line': b'[ 46%] Built target vdt_msgs__rosidl_typesupport_c\n'}
[11.309144] (vdt_msgs) StdoutLine: {'line': b'Consolidate compiler generated dependencies of target vdt_msgs__rosidl_typesupport_introspection_cpp\n'}
[11.312978] (vdt_msgs) StdoutLine: {'line': b'/usr/bin/gmake  -f CMakeFiles/vdt_msgs__rosidl_typesupport_cpp.dir/build.make CMakeFiles/vdt_msgs__rosidl_typesupport_cpp.dir/depend\n'}
[11.313975] (vdt_msgs) StdoutLine: {'line': b"gmake[2]: Leaving directory '/home/vdt_2026/VDT_project/build/vdt_msgs'\n"}
[11.314736] (vdt_msgs) StdoutLine: {'line': b'/usr/bin/gmake  -f CMakeFiles/vdt_msgs__rosidl_typesupport_introspection_cpp.dir/build.make CMakeFiles/vdt_msgs__rosidl_typesupport_introspection_cpp.dir/build\n'}
[11.315220] (vdt_msgs) StdoutLine: {'line': b"gmake[2]: Entering directory '/home/vdt_2026/VDT_project/build/vdt_msgs'\n"}
[11.317917] (vdt_msgs) StdoutLine: {'line': b'cd /home/vdt_2026/VDT_project/build/vdt_msgs && /usr/bin/cmake -E cmake_depends "Unix Makefiles" /home/vdt_2026/VDT_project/ros2_ws/src/vdt_msgs /home/vdt_2026/VDT_project/ros2_ws/src/vdt_msgs /home/vdt_2026/VDT_project/build/vdt_msgs /home/vdt_2026/VDT_project/build/vdt_msgs /home/vdt_2026/VDT_project/build/vdt_msgs/CMakeFiles/vdt_msgs__rosidl_typesupport_cpp.dir/DependInfo.cmake "--color="\n'}
[11.324951] (-) TimerEvent: {}
[11.326026] (vdt_msgs) StdoutLine: {'line': b"gmake[2]: Entering directory '/home/vdt_2026/VDT_project/build/vdt_msgs'\n"}
[11.342159] (vdt_msgs) StdoutLine: {'line': b'Dependencies file "CMakeFiles/vdt_msgs__rosidl_typesupport_cpp.dir/rosidl_typesupport_cpp/vdt_msgs/msg/alt_estimate__type_support.cpp.o.d" is newer than depends file "/home/vdt_2026/VDT_project/build/vdt_msgs/CMakeFiles/vdt_msgs__rosidl_typesupport_cpp.dir/compiler_depend.internal".\n'}
[11.342939] (vdt_msgs) StdoutLine: {'line': b'Dependencies file "CMakeFiles/vdt_msgs__rosidl_typesupport_cpp.dir/rosidl_typesupport_cpp/vdt_msgs/msg/input_snapshot__type_support.cpp.o.d" is newer than depends file "/home/vdt_2026/VDT_project/build/vdt_msgs/CMakeFiles/vdt_msgs__rosidl_typesupport_cpp.dir/compiler_depend.internal".\n'}
[11.345362] (vdt_msgs) StdoutLine: {'line': b'Dependencies file "CMakeFiles/vdt_msgs__rosidl_typesupport_cpp.dir/rosidl_typesupport_cpp/vdt_msgs/msg/offboard_status__type_support.cpp.o.d" is newer than depends file "/home/vdt_2026/VDT_project/build/vdt_msgs/CMakeFiles/vdt_msgs__rosidl_typesupport_cpp.dir/compiler_depend.internal".\n'}
[11.345835] (vdt_msgs) StdoutLine: {'line': b'Dependencies file "CMakeFiles/vdt_msgs__rosidl_typesupport_cpp.dir/rosidl_typesupport_cpp/vdt_msgs/msg/planner_output__type_support.cpp.o.d" is newer than depends file "/home/vdt_2026/VDT_project/build/vdt_msgs/CMakeFiles/vdt_msgs__rosidl_typesupport_cpp.dir/compiler_depend.internal".\n'}
[11.346377] (vdt_msgs) StdoutLine: {'line': b'Dependencies file "CMakeFiles/vdt_msgs__rosidl_typesupport_cpp.dir/rosidl_typesupport_cpp/vdt_msgs/msg/rc_channels_raw__type_support.cpp.o.d" is newer than depends file "/home/vdt_2026/VDT_project/build/vdt_msgs/CMakeFiles/vdt_msgs__rosidl_typesupport_cpp.dir/compiler_depend.internal".\n'}
[11.347590] (vdt_msgs) StdoutLine: {'line': b'Dependencies file "CMakeFiles/vdt_msgs__rosidl_typesupport_cpp.dir/rosidl_typesupport_cpp/vdt_msgs/msg/rc_fsm_input__type_support.cpp.o.d" is newer than depends file "/home/vdt_2026/VDT_project/build/vdt_msgs/CMakeFiles/vdt_msgs__rosidl_typesupport_cpp.dir/compiler_depend.internal".\n'}
[11.349817] (vdt_msgs) StdoutLine: {'line': b'Dependencies file "CMakeFiles/vdt_msgs__rosidl_typesupport_cpp.dir/rosidl_typesupport_cpp/vdt_msgs/msg/timeout_flags__type_support.cpp.o.d" is newer than depends file "/home/vdt_2026/VDT_project/build/vdt_msgs/CMakeFiles/vdt_msgs__rosidl_typesupport_cpp.dir/compiler_depend.internal".\n'}
[11.350312] (vdt_msgs) StdoutLine: {'line': b'Dependencies file "CMakeFiles/vdt_msgs__rosidl_typesupport_cpp.dir/rosidl_typesupport_cpp/vdt_msgs/msg/vision_marker__type_support.cpp.o.d" is newer than depends file "/home/vdt_2026/VDT_project/build/vdt_msgs/CMakeFiles/vdt_msgs__rosidl_typesupport_cpp.dir/compiler_depend.internal".\n'}
[11.355672] (vdt_msgs) StdoutLine: {'line': b"reading manifest file 'vdt_msgs.egg-info/SOURCES.txt'\n"}
[11.359034] (vdt_msgs) StdoutLine: {'line': b'[ 47%] Linking CXX shared library libvdt_msgs__rosidl_typesupport_introspection_cpp.so\n'}
[11.361767] (vdt_msgs) StdoutLine: {'line': b'/usr/bin/cmake -E cmake_link_script CMakeFiles/vdt_msgs__rosidl_typesupport_introspection_cpp.dir/link.txt --verbose=1\n'}
[11.365079] (vdt_msgs) StdoutLine: {'line': b'Consolidate compiler generated dependencies of target vdt_msgs__rosidl_typesupport_cpp\n'}
[11.365883] (vdt_msgs) StdoutLine: {'line': b"writing manifest file 'vdt_msgs.egg-info/SOURCES.txt'\n"}
[11.367252] (vdt_msgs) StdoutLine: {'line': b"gmake[2]: Leaving directory '/home/vdt_2026/VDT_project/build/vdt_msgs'\n"}
[11.367955] (vdt_msgs) StdoutLine: {'line': b'/usr/bin/gmake  -f CMakeFiles/vdt_msgs__rosidl_typesupport_cpp.dir/build.make CMakeFiles/vdt_msgs__rosidl_typesupport_cpp.dir/build\n'}
[11.376508] (vdt_msgs) StdoutLine: {'line': b"gmake[2]: Entering directory '/home/vdt_2026/VDT_project/build/vdt_msgs'\n"}
[11.393430] (vdt_msgs) StdoutLine: {'line': b'/usr/bin/c++ -fPIC -shared -Wl,-soname,libvdt_msgs__rosidl_typesupport_introspection_cpp.so -o libvdt_msgs__rosidl_typesupport_introspection_cpp.so CMakeFiles/vdt_msgs__rosidl_typesupport_introspection_cpp.dir/rosidl_typesupport_introspection_cpp/vdt_msgs/msg/detail/alt_estimate__type_support.cpp.o CMakeFiles/vdt_msgs__rosidl_typesupport_introspection_cpp.dir/rosidl_typesupport_introspection_cpp/vdt_msgs/msg/detail/vision_marker__type_support.cpp.o CMakeFiles/vdt_msgs__rosidl_typesupport_introspection_cpp.dir/rosidl_typesupport_introspection_cpp/vdt_msgs/msg/detail/input_snapshot__type_support.cpp.o CMakeFiles/vdt_msgs__rosidl_typesupport_introspection_cpp.dir/rosidl_typesupport_introspection_cpp/vdt_msgs/msg/detail/timeout_flags__type_support.cpp.o CMakeFiles/vdt_msgs__rosidl_typesupport_introspection_cpp.dir/rosidl_typesupport_introspection_cpp/vdt_msgs/msg/detail/planner_output__type_support.cpp.o CMakeFiles/vdt_msgs__rosidl_typesupport_introspection_cpp.dir/rosidl_typesupport_introspection_cpp/vdt_msgs/msg/detail/offboard_status__type_support.cpp.o CMakeFiles/vdt_msgs__rosidl_typesupport_introspection_cpp.dir/rosidl_typesupport_introspection_cpp/vdt_msgs/msg/detail/rc_fsm_input__type_support.cpp.o CMakeFiles/vdt_msgs__rosidl_typesupport_introspection_cpp.dir/rosidl_typesupport_introspection_cpp/vdt_msgs/msg/detail/rc_channels_raw__type_support.cpp.o  -Wl,-rpath,/home/vdt_2026/VDT_project/build/vdt_msgs:/opt/ros/jazzy/lib: libvdt_msgs__rosidl_generator_c.so /opt/ros/jazzy/lib/libstd_msgs__rosidl_typesupport_introspection_cpp.so /opt/ros/jazzy/lib/libbuiltin_interfaces__rosidl_typesupport_introspection_cpp.so /opt/ros/jazzy/lib/librosidl_typesupport_introspection_cpp.so /opt/ros/jazzy/lib/librosidl_typesupport_introspection_c.so /opt/ros/jazzy/lib/libstd_msgs__rosidl_generator_c.so /opt/ros/jazzy/lib/libbuiltin_interfaces__rosidl_generator_c.so /opt/ros/jazzy/lib/librosidl_runtime_c.so /opt/ros/jazzy/lib/librcutils.so -ldl -latomic \n'}
[11.409157] (vdt_msgs) StdoutLine: {'line': b'[ 48%] Linking CXX shared library libvdt_msgs__rosidl_typesupport_cpp.so\n'}
[11.411265] (vdt_msgs) StdoutLine: {'line': b'/usr/bin/cmake -E cmake_link_script CMakeFiles/vdt_msgs__rosidl_typesupport_cpp.dir/link.txt --verbose=1\n'}
[11.425167] (-) TimerEvent: {}
[11.437979] (vdt_msgs) StdoutLine: {'line': b'/usr/bin/c++ -fPIC -shared -Wl,-soname,libvdt_msgs__rosidl_typesupport_cpp.so -o libvdt_msgs__rosidl_typesupport_cpp.so CMakeFiles/vdt_msgs__rosidl_typesupport_cpp.dir/rosidl_typesupport_cpp/vdt_msgs/msg/alt_estimate__type_support.cpp.o CMakeFiles/vdt_msgs__rosidl_typesupport_cpp.dir/rosidl_typesupport_cpp/vdt_msgs/msg/vision_marker__type_support.cpp.o CMakeFiles/vdt_msgs__rosidl_typesupport_cpp.dir/rosidl_typesupport_cpp/vdt_msgs/msg/input_snapshot__type_support.cpp.o CMakeFiles/vdt_msgs__rosidl_typesupport_cpp.dir/rosidl_typesupport_cpp/vdt_msgs/msg/timeout_flags__type_support.cpp.o CMakeFiles/vdt_msgs__rosidl_typesupport_cpp.dir/rosidl_typesupport_cpp/vdt_msgs/msg/planner_output__type_support.cpp.o CMakeFiles/vdt_msgs__rosidl_typesupport_cpp.dir/rosidl_typesupport_cpp/vdt_msgs/msg/offboard_status__type_support.cpp.o CMakeFiles/vdt_msgs__rosidl_typesupport_cpp.dir/rosidl_typesupport_cpp/vdt_msgs/msg/rc_fsm_input__type_support.cpp.o CMakeFiles/vdt_msgs__rosidl_typesupport_cpp.dir/rosidl_typesupport_cpp/vdt_msgs/msg/rc_channels_raw__type_support.cpp.o  -Wl,-rpath,/home/vdt_2026/VDT_project/build/vdt_msgs:/opt/ros/jazzy/lib: libvdt_msgs__rosidl_generator_c.so /opt/ros/jazzy/lib/libstd_msgs__rosidl_typesupport_cpp.so /opt/ros/jazzy/lib/libbuiltin_interfaces__rosidl_typesupport_cpp.so /opt/ros/jazzy/lib/librosidl_typesupport_cpp.so /opt/ros/jazzy/lib/librosidl_typesupport_c.so /opt/ros/jazzy/lib/libstd_msgs__rosidl_generator_c.so /opt/ros/jazzy/lib/libbuiltin_interfaces__rosidl_generator_c.so /opt/ros/jazzy/lib/librosidl_runtime_c.so /opt/ros/jazzy/lib/librcutils.so -ldl -latomic -Wl,-rpath-link,/opt/ros/jazzy/lib \n'}
[11.449536] (vdt_msgs) StdoutLine: {'line': b"gmake[2]: Leaving directory '/home/vdt_2026/VDT_project/build/vdt_msgs'\n"}
[11.493710] (vdt_msgs) StdoutLine: {'line': b'[ 57%] Built target vdt_msgs__rosidl_typesupport_fastrtps_cpp\n'}
[11.498205] (vdt_msgs) StdoutLine: {'line': b'/usr/bin/gmake  -f CMakeFiles/vdt_msgs__rosidl_typesupport_fastrtps_c.dir/build.make CMakeFiles/vdt_msgs__rosidl_typesupport_fastrtps_c.dir/depend\n'}
[11.506165] (vdt_msgs) StdoutLine: {'line': b"gmake[2]: Entering directory '/home/vdt_2026/VDT_project/build/vdt_msgs'\n"}
[11.509905] (vdt_msgs) StdoutLine: {'line': b'cd /home/vdt_2026/VDT_project/build/vdt_msgs && /usr/bin/cmake -E cmake_depends "Unix Makefiles" /home/vdt_2026/VDT_project/ros2_ws/src/vdt_msgs /home/vdt_2026/VDT_project/ros2_ws/src/vdt_msgs /home/vdt_2026/VDT_project/build/vdt_msgs /home/vdt_2026/VDT_project/build/vdt_msgs /home/vdt_2026/VDT_project/build/vdt_msgs/CMakeFiles/vdt_msgs__rosidl_typesupport_fastrtps_c.dir/DependInfo.cmake "--color="\n'}
[11.525494] (-) TimerEvent: {}
[11.551430] (vdt_msgs) StdoutLine: {'line': b'Dependencies file "CMakeFiles/vdt_msgs__rosidl_typesupport_fastrtps_c.dir/rosidl_typesupport_fastrtps_c/vdt_msgs/msg/detail/alt_estimate__type_support_c.cpp.o.d" is newer than depends file "/home/vdt_2026/VDT_project/build/vdt_msgs/CMakeFiles/vdt_msgs__rosidl_typesupport_fastrtps_c.dir/compiler_depend.internal".\n'}
[11.554831] (vdt_msgs) StdoutLine: {'line': b'Dependencies file "CMakeFiles/vdt_msgs__rosidl_typesupport_fastrtps_c.dir/rosidl_typesupport_fastrtps_c/vdt_msgs/msg/detail/input_snapshot__type_support_c.cpp.o.d" is newer than depends file "/home/vdt_2026/VDT_project/build/vdt_msgs/CMakeFiles/vdt_msgs__rosidl_typesupport_fastrtps_c.dir/compiler_depend.internal".\n'}
[11.555613] (vdt_msgs) StdoutLine: {'line': b"gmake[2]: Leaving directory '/home/vdt_2026/VDT_project/build/vdt_msgs'\n"}
[11.556157] (vdt_msgs) StdoutLine: {'line': b'Dependencies file "CMakeFiles/vdt_msgs__rosidl_typesupport_fastrtps_c.dir/rosidl_typesupport_fastrtps_c/vdt_msgs/msg/detail/offboard_status__type_support_c.cpp.o.d" is newer than depends file "/home/vdt_2026/VDT_project/build/vdt_msgs/CMakeFiles/vdt_msgs__rosidl_typesupport_fastrtps_c.dir/compiler_depend.internal".\n'}
[11.557647] (vdt_msgs) StdoutLine: {'line': b'Dependencies file "CMakeFiles/vdt_msgs__rosidl_typesupport_fastrtps_c.dir/rosidl_typesupport_fastrtps_c/vdt_msgs/msg/detail/planner_output__type_support_c.cpp.o.d" is newer than depends file "/home/vdt_2026/VDT_project/build/vdt_msgs/CMakeFiles/vdt_msgs__rosidl_typesupport_fastrtps_c.dir/compiler_depend.internal".\n'}
[11.560157] (vdt_msgs) StdoutLine: {'line': b'Dependencies file "CMakeFiles/vdt_msgs__rosidl_typesupport_fastrtps_c.dir/rosidl_typesupport_fastrtps_c/vdt_msgs/msg/detail/rc_channels_raw__type_support_c.cpp.o.d" is newer than depends file "/home/vdt_2026/VDT_project/build/vdt_msgs/CMakeFiles/vdt_msgs__rosidl_typesupport_fastrtps_c.dir/compiler_depend.internal".\n'}
[11.561834] (vdt_msgs) StdoutLine: {'line': b'Dependencies file "CMakeFiles/vdt_msgs__rosidl_typesupport_fastrtps_c.dir/rosidl_typesupport_fastrtps_c/vdt_msgs/msg/detail/rc_fsm_input__type_support_c.cpp.o.d" is newer than depends file "/home/vdt_2026/VDT_project/build/vdt_msgs/CMakeFiles/vdt_msgs__rosidl_typesupport_fastrtps_c.dir/compiler_depend.internal".\n'}
[11.562960] (vdt_msgs) StdoutLine: {'line': b'Dependencies file "CMakeFiles/vdt_msgs__rosidl_typesupport_fastrtps_c.dir/rosidl_typesupport_fastrtps_c/vdt_msgs/msg/detail/timeout_flags__type_support_c.cpp.o.d" is newer than depends file "/home/vdt_2026/VDT_project/build/vdt_msgs/CMakeFiles/vdt_msgs__rosidl_typesupport_fastrtps_c.dir/compiler_depend.internal".\n'}
[11.564153] (vdt_msgs) StdoutLine: {'line': b"gmake[2]: Leaving directory '/home/vdt_2026/VDT_project/build/vdt_msgs'\n"}
[11.564948] (vdt_msgs) StdoutLine: {'line': b'Dependencies file "CMakeFiles/vdt_msgs__rosidl_typesupport_fastrtps_c.dir/rosidl_typesupport_fastrtps_c/vdt_msgs/msg/detail/vision_marker__type_support_c.cpp.o.d" is newer than depends file "/home/vdt_2026/VDT_project/build/vdt_msgs/CMakeFiles/vdt_msgs__rosidl_typesupport_fastrtps_c.dir/compiler_depend.internal".\n'}
[11.581217] (vdt_msgs) StdoutLine: {'line': b'Consolidate compiler generated dependencies of target vdt_msgs__rosidl_typesupport_fastrtps_c\n'}
[11.585891] (vdt_msgs) StdoutLine: {'line': b"gmake[2]: Leaving directory '/home/vdt_2026/VDT_project/build/vdt_msgs'\n"}
[11.587307] (vdt_msgs) StdoutLine: {'line': b'/usr/bin/gmake  -f CMakeFiles/vdt_msgs__rosidl_typesupport_fastrtps_c.dir/build.make CMakeFiles/vdt_msgs__rosidl_typesupport_fastrtps_c.dir/build\n'}
[11.590934] (vdt_msgs) StdoutLine: {'line': b'[ 66%] Built target vdt_msgs__rosidl_typesupport_cpp\n'}
[11.591874] (vdt_msgs) StdoutLine: {'line': b'[ 66%] Built target ament_cmake_python_build_vdt_msgs_egg\n'}
[11.598049] (vdt_msgs) StdoutLine: {'line': b"gmake[2]: Entering directory '/home/vdt_2026/VDT_project/build/vdt_msgs'\n"}
[11.614905] (vdt_msgs) StdoutLine: {'line': b'[ 67%] Linking CXX shared library libvdt_msgs__rosidl_typesupport_fastrtps_c.so\n'}
[11.617154] (vdt_msgs) StdoutLine: {'line': b'/usr/bin/cmake -E cmake_link_script CMakeFiles/vdt_msgs__rosidl_typesupport_fastrtps_c.dir/link.txt --verbose=1\n'}
[11.625639] (-) TimerEvent: {}
[11.631370] (vdt_msgs) StdoutLine: {'line': b'/usr/bin/c++ -fPIC -shared -Wl,-soname,libvdt_msgs__rosidl_typesupport_fastrtps_c.so -o libvdt_msgs__rosidl_typesupport_fastrtps_c.so CMakeFiles/vdt_msgs__rosidl_typesupport_fastrtps_c.dir/rosidl_typesupport_fastrtps_c/vdt_msgs/msg/detail/alt_estimate__type_support_c.cpp.o CMakeFiles/vdt_msgs__rosidl_typesupport_fastrtps_c.dir/rosidl_typesupport_fastrtps_c/vdt_msgs/msg/detail/vision_marker__type_support_c.cpp.o CMakeFiles/vdt_msgs__rosidl_typesupport_fastrtps_c.dir/rosidl_typesupport_fastrtps_c/vdt_msgs/msg/detail/input_snapshot__type_support_c.cpp.o CMakeFiles/vdt_msgs__rosidl_typesupport_fastrtps_c.dir/rosidl_typesupport_fastrtps_c/vdt_msgs/msg/detail/timeout_flags__type_support_c.cpp.o CMakeFiles/vdt_msgs__rosidl_typesupport_fastrtps_c.dir/rosidl_typesupport_fastrtps_c/vdt_msgs/msg/detail/planner_output__type_support_c.cpp.o CMakeFiles/vdt_msgs__rosidl_typesupport_fastrtps_c.dir/rosidl_typesupport_fastrtps_c/vdt_msgs/msg/detail/offboard_status__type_support_c.cpp.o CMakeFiles/vdt_msgs__rosidl_typesupport_fastrtps_c.dir/rosidl_typesupport_fastrtps_c/vdt_msgs/msg/detail/rc_fsm_input__type_support_c.cpp.o CMakeFiles/vdt_msgs__rosidl_typesupport_fastrtps_c.dir/rosidl_typesupport_fastrtps_c/vdt_msgs/msg/detail/rc_channels_raw__type_support_c.cpp.o  -Wl,-rpath,/home/vdt_2026/VDT_project/build/vdt_msgs:/opt/ros/jazzy/lib: libvdt_msgs__rosidl_generator_c.so /opt/ros/jazzy/lib/libstd_msgs__rosidl_typesupport_fastrtps_c.so /opt/ros/jazzy/lib/libbuiltin_interfaces__rosidl_typesupport_fastrtps_c.so /opt/ros/jazzy/lib/librosidl_typesupport_fastrtps_cpp.so /opt/ros/jazzy/lib/librmw.so /opt/ros/jazzy/lib/librosidl_dynamic_typesupport.so /opt/ros/jazzy/lib/librosidl_typesupport_fastrtps_c.so /opt/ros/jazzy/lib/libfastcdr.so.2.2.8 /opt/ros/jazzy/lib/libstd_msgs__rosidl_generator_c.so /opt/ros/jazzy/lib/libbuiltin_interfaces__rosidl_generator_c.so /opt/ros/jazzy/lib/librosidl_runtime_c.so /opt/ros/jazzy/lib/librcutils.so -ldl -latomic \n'}
[11.649870] (vdt_msgs) StdoutLine: {'line': b"gmake[2]: Leaving directory '/home/vdt_2026/VDT_project/build/vdt_msgs'\n"}
[11.668890] (vdt_msgs) StdoutLine: {'line': b'[ 76%] Built target vdt_msgs__rosidl_typesupport_introspection_cpp\n'}
[11.705618] (vdt_msgs) StdoutLine: {'line': b"gmake[2]: Leaving directory '/home/vdt_2026/VDT_project/build/vdt_msgs'\n"}
[11.720694] (vdt_msgs) StdoutLine: {'line': b'[ 84%] Built target vdt_msgs__rosidl_typesupport_fastrtps_c\n'}
[11.722471] (vdt_msgs) StdoutLine: {'line': b'/usr/bin/gmake  -f CMakeFiles/vdt_msgs.dir/build.make CMakeFiles/vdt_msgs.dir/depend\n'}
[11.724979] (vdt_msgs) StdoutLine: {'line': b"gmake[2]: Entering directory '/home/vdt_2026/VDT_project/build/vdt_msgs'\n"}
[11.725176] (vdt_msgs) StdoutLine: {'line': b'cd /home/vdt_2026/VDT_project/build/vdt_msgs && /usr/bin/cmake -E cmake_depends "Unix Makefiles" /home/vdt_2026/VDT_project/ros2_ws/src/vdt_msgs /home/vdt_2026/VDT_project/ros2_ws/src/vdt_msgs /home/vdt_2026/VDT_project/build/vdt_msgs /home/vdt_2026/VDT_project/build/vdt_msgs /home/vdt_2026/VDT_project/build/vdt_msgs/CMakeFiles/vdt_msgs.dir/DependInfo.cmake "--color="\n'}
[11.725683] (-) TimerEvent: {}
[11.740611] (vdt_msgs) StdoutLine: {'line': b"gmake[2]: Leaving directory '/home/vdt_2026/VDT_project/build/vdt_msgs'\n"}
[11.740961] (vdt_msgs) StdoutLine: {'line': b'/usr/bin/gmake  -f CMakeFiles/vdt_msgs.dir/build.make CMakeFiles/vdt_msgs.dir/build\n'}
[11.742918] (vdt_msgs) StdoutLine: {'line': b"gmake[2]: Entering directory '/home/vdt_2026/VDT_project/build/vdt_msgs'\n"}
[11.743116] (vdt_msgs) StdoutLine: {'line': b"gmake[2]: Nothing to be done for 'CMakeFiles/vdt_msgs.dir/build'.\n"}
[11.743232] (vdt_msgs) StdoutLine: {'line': b"gmake[2]: Leaving directory '/home/vdt_2026/VDT_project/build/vdt_msgs'\n"}
[11.756021] (vdt_msgs) StdoutLine: {'line': b'[ 84%] Built target vdt_msgs\n'}
[11.757575] (vdt_msgs) StdoutLine: {'line': b'/usr/bin/gmake  -f /home/vdt_2026/VDT_project/build/vdt_msgs/vdt_msgs__py/CMakeFiles/vdt_msgs__py.dir/build.make /home/vdt_2026/VDT_project/build/vdt_msgs/vdt_msgs__py/CMakeFiles/vdt_msgs__py.dir/depend\n'}
[11.760853] (vdt_msgs) StdoutLine: {'line': b"gmake[2]: Entering directory '/home/vdt_2026/VDT_project/build/vdt_msgs'\n"}
[11.761055] (vdt_msgs) StdoutLine: {'line': b'cd /home/vdt_2026/VDT_project/build/vdt_msgs && /usr/bin/cmake -E cmake_depends "Unix Makefiles" /home/vdt_2026/VDT_project/ros2_ws/src/vdt_msgs /home/vdt_2026/VDT_project/build/vdt_msgs/vdt_msgs__py /home/vdt_2026/VDT_project/build/vdt_msgs /home/vdt_2026/VDT_project/build/vdt_msgs/vdt_msgs__py /home/vdt_2026/VDT_project/build/vdt_msgs/vdt_msgs__py/CMakeFiles/vdt_msgs__py.dir/DependInfo.cmake "--color="\n'}
[11.776823] (vdt_msgs) StdoutLine: {'line': b"gmake[2]: Leaving directory '/home/vdt_2026/VDT_project/build/vdt_msgs'\n"}
[11.777163] (vdt_msgs) StdoutLine: {'line': b'/usr/bin/gmake  -f /home/vdt_2026/VDT_project/build/vdt_msgs/vdt_msgs__py/CMakeFiles/vdt_msgs__py.dir/build.make /home/vdt_2026/VDT_project/build/vdt_msgs/vdt_msgs__py/CMakeFiles/vdt_msgs__py.dir/build\n'}
[11.779136] (vdt_msgs) StdoutLine: {'line': b"gmake[2]: Entering directory '/home/vdt_2026/VDT_project/build/vdt_msgs'\n"}
[11.779314] (vdt_msgs) StdoutLine: {'line': b"gmake[2]: Nothing to be done for '/home/vdt_2026/VDT_project/build/vdt_msgs/vdt_msgs__py/CMakeFiles/vdt_msgs__py.dir/build'.\n"}
[11.779414] (vdt_msgs) StdoutLine: {'line': b"gmake[2]: Leaving directory '/home/vdt_2026/VDT_project/build/vdt_msgs'\n"}
[11.792822] (vdt_msgs) StdoutLine: {'line': b'[ 85%] Built target vdt_msgs__py\n'}
[11.794889] (vdt_msgs) StdoutLine: {'line': b'/usr/bin/gmake  -f CMakeFiles/vdt_msgs__rosidl_generator_py.dir/build.make CMakeFiles/vdt_msgs__rosidl_generator_py.dir/depend\n'}
[11.797025] (vdt_msgs) StdoutLine: {'line': b"gmake[2]: Entering directory '/home/vdt_2026/VDT_project/build/vdt_msgs'\n"}
[11.797230] (vdt_msgs) StdoutLine: {'line': b'cd /home/vdt_2026/VDT_project/build/vdt_msgs && /usr/bin/cmake -E cmake_depends "Unix Makefiles" /home/vdt_2026/VDT_project/ros2_ws/src/vdt_msgs /home/vdt_2026/VDT_project/ros2_ws/src/vdt_msgs /home/vdt_2026/VDT_project/build/vdt_msgs /home/vdt_2026/VDT_project/build/vdt_msgs /home/vdt_2026/VDT_project/build/vdt_msgs/CMakeFiles/vdt_msgs__rosidl_generator_py.dir/DependInfo.cmake "--color="\n'}
[11.810796] (vdt_msgs) StdoutLine: {'line': b'Dependencies file "CMakeFiles/vdt_msgs__rosidl_generator_py.dir/rosidl_generator_py/vdt_msgs/msg/_alt_estimate_s.c.o.d" is newer than depends file "/home/vdt_2026/VDT_project/build/vdt_msgs/CMakeFiles/vdt_msgs__rosidl_generator_py.dir/compiler_depend.internal".\n'}
[11.811966] (vdt_msgs) StdoutLine: {'line': b'Dependencies file "CMakeFiles/vdt_msgs__rosidl_generator_py.dir/rosidl_generator_py/vdt_msgs/msg/_input_snapshot_s.c.o.d" is newer than depends file "/home/vdt_2026/VDT_project/build/vdt_msgs/CMakeFiles/vdt_msgs__rosidl_generator_py.dir/compiler_depend.internal".\n'}
[11.813055] (vdt_msgs) StdoutLine: {'line': b'Dependencies file "CMakeFiles/vdt_msgs__rosidl_generator_py.dir/rosidl_generator_py/vdt_msgs/msg/_offboard_status_s.c.o.d" is newer than depends file "/home/vdt_2026/VDT_project/build/vdt_msgs/CMakeFiles/vdt_msgs__rosidl_generator_py.dir/compiler_depend.internal".\n'}
[11.814148] (vdt_msgs) StdoutLine: {'line': b'Dependencies file "CMakeFiles/vdt_msgs__rosidl_generator_py.dir/rosidl_generator_py/vdt_msgs/msg/_planner_output_s.c.o.d" is newer than depends file "/home/vdt_2026/VDT_project/build/vdt_msgs/CMakeFiles/vdt_msgs__rosidl_generator_py.dir/compiler_depend.internal".\n'}
[11.815254] (vdt_msgs) StdoutLine: {'line': b'Dependencies file "CMakeFiles/vdt_msgs__rosidl_generator_py.dir/rosidl_generator_py/vdt_msgs/msg/_rc_channels_raw_s.c.o.d" is newer than depends file "/home/vdt_2026/VDT_project/build/vdt_msgs/CMakeFiles/vdt_msgs__rosidl_generator_py.dir/compiler_depend.internal".\n'}
[11.816242] (vdt_msgs) StdoutLine: {'line': b'Dependencies file "CMakeFiles/vdt_msgs__rosidl_generator_py.dir/rosidl_generator_py/vdt_msgs/msg/_rc_fsm_input_s.c.o.d" is newer than depends file "/home/vdt_2026/VDT_project/build/vdt_msgs/CMakeFiles/vdt_msgs__rosidl_generator_py.dir/compiler_depend.internal".\n'}
[11.817341] (vdt_msgs) StdoutLine: {'line': b'Dependencies file "CMakeFiles/vdt_msgs__rosidl_generator_py.dir/rosidl_generator_py/vdt_msgs/msg/_timeout_flags_s.c.o.d" is newer than depends file "/home/vdt_2026/VDT_project/build/vdt_msgs/CMakeFiles/vdt_msgs__rosidl_generator_py.dir/compiler_depend.internal".\n'}
[11.818449] (vdt_msgs) StdoutLine: {'line': b'Dependencies file "CMakeFiles/vdt_msgs__rosidl_generator_py.dir/rosidl_generator_py/vdt_msgs/msg/_vision_marker_s.c.o.d" is newer than depends file "/home/vdt_2026/VDT_project/build/vdt_msgs/CMakeFiles/vdt_msgs__rosidl_generator_py.dir/compiler_depend.internal".\n'}
[11.825785] (-) TimerEvent: {}
[11.828314] (vdt_msgs) StdoutLine: {'line': b'Consolidate compiler generated dependencies of target vdt_msgs__rosidl_generator_py\n'}
[11.830305] (vdt_msgs) StdoutLine: {'line': b"gmake[2]: Leaving directory '/home/vdt_2026/VDT_project/build/vdt_msgs'\n"}
[11.830556] (vdt_msgs) StdoutLine: {'line': b'/usr/bin/gmake  -f CMakeFiles/vdt_msgs__rosidl_generator_py.dir/build.make CMakeFiles/vdt_msgs__rosidl_generator_py.dir/build\n'}
[11.847651] (vdt_msgs) StdoutLine: {'line': b"gmake[2]: Entering directory '/home/vdt_2026/VDT_project/build/vdt_msgs'\n"}
[11.864189] (vdt_msgs) StdoutLine: {'line': b'[ 86%] Linking C shared library libvdt_msgs__rosidl_generator_py.so\n'}
[11.865785] (vdt_msgs) StdoutLine: {'line': b'/usr/bin/cmake -E cmake_link_script CMakeFiles/vdt_msgs__rosidl_generator_py.dir/link.txt --verbose=1\n'}
[11.878073] (vdt_msgs) StdoutLine: {'line': b'/usr/bin/cc -fPIC -shared -Wl,-soname,libvdt_msgs__rosidl_generator_py.so -o libvdt_msgs__rosidl_generator_py.so CMakeFiles/vdt_msgs__rosidl_generator_py.dir/rosidl_generator_py/vdt_msgs/msg/_alt_estimate_s.c.o CMakeFiles/vdt_msgs__rosidl_generator_py.dir/rosidl_generator_py/vdt_msgs/msg/_vision_marker_s.c.o CMakeFiles/vdt_msgs__rosidl_generator_py.dir/rosidl_generator_py/vdt_msgs/msg/_input_snapshot_s.c.o CMakeFiles/vdt_msgs__rosidl_generator_py.dir/rosidl_generator_py/vdt_msgs/msg/_timeout_flags_s.c.o CMakeFiles/vdt_msgs__rosidl_generator_py.dir/rosidl_generator_py/vdt_msgs/msg/_planner_output_s.c.o CMakeFiles/vdt_msgs__rosidl_generator_py.dir/rosidl_generator_py/vdt_msgs/msg/_offboard_status_s.c.o CMakeFiles/vdt_msgs__rosidl_generator_py.dir/rosidl_generator_py/vdt_msgs/msg/_rc_fsm_input_s.c.o CMakeFiles/vdt_msgs__rosidl_generator_py.dir/rosidl_generator_py/vdt_msgs/msg/_rc_channels_raw_s.c.o  -Wl,-rpath,/home/vdt_2026/VDT_project/build/vdt_msgs:/opt/ros/jazzy/lib: libvdt_msgs__rosidl_typesupport_c.so /opt/ros/jazzy/lib/libstd_msgs__rosidl_typesupport_fastrtps_c.so /opt/ros/jazzy/lib/libstd_msgs__rosidl_typesupport_fastrtps_cpp.so /opt/ros/jazzy/lib/libstd_msgs__rosidl_typesupport_introspection_c.so /opt/ros/jazzy/lib/libstd_msgs__rosidl_typesupport_introspection_cpp.so /opt/ros/jazzy/lib/libstd_msgs__rosidl_typesupport_cpp.so /opt/ros/jazzy/lib/libstd_msgs__rosidl_generator_py.so /opt/ros/jazzy/lib/libbuiltin_interfaces__rosidl_typesupport_fastrtps_c.so /opt/ros/jazzy/lib/libbuiltin_interfaces__rosidl_typesupport_introspection_c.so /opt/ros/jazzy/lib/libbuiltin_interfaces__rosidl_typesupport_fastrtps_cpp.so /opt/ros/jazzy/lib/libbuiltin_interfaces__rosidl_typesupport_introspection_cpp.so /opt/ros/jazzy/lib/libbuiltin_interfaces__rosidl_typesupport_cpp.so /opt/ros/jazzy/lib/libbuiltin_interfaces__rosidl_generator_py.so libvdt_msgs__rosidl_generator_c.so /opt/ros/jazzy/lib/libstd_msgs__rosidl_typesupport_c.so /opt/ros/jazzy/lib/libstd_msgs__rosidl_generator_c.so /opt/ros/jazzy/lib/librosidl_typesupport_fastrtps_c.so /opt/ros/jazzy/lib/librosidl_typesupport_fastrtps_cpp.so /opt/ros/jazzy/lib/libfastcdr.so.2.2.8 /opt/ros/jazzy/lib/librmw.so /opt/ros/jazzy/lib/librosidl_dynamic_typesupport.so /opt/ros/jazzy/lib/librosidl_typesupport_introspection_cpp.so /opt/ros/jazzy/lib/librosidl_typesupport_introspection_c.so /usr/lib/aarch64-linux-gnu/libpython3.12.so /opt/ros/jazzy/lib/libbuiltin_interfaces__rosidl_typesupport_c.so /opt/ros/jazzy/lib/libbuiltin_interfaces__rosidl_generator_c.so /opt/ros/jazzy/lib/librosidl_runtime_c.so /opt/ros/jazzy/lib/librcutils.so -ldl -latomic -Wl,-rpath-link,/opt/ros/jazzy/lib \n'}
[11.925944] (-) TimerEvent: {}
[11.941056] (vdt_msgs) StdoutLine: {'line': b"gmake[2]: Leaving directory '/home/vdt_2026/VDT_project/build/vdt_msgs'\n"}
[11.955227] (vdt_msgs) StdoutLine: {'line': b'[ 94%] Built target vdt_msgs__rosidl_generator_py\n'}
[11.956815] (vdt_msgs) StdoutLine: {'line': b'/usr/bin/gmake  -f CMakeFiles/vdt_msgs_s__rosidl_typesupport_fastrtps_c.dir/build.make CMakeFiles/vdt_msgs_s__rosidl_typesupport_fastrtps_c.dir/depend\n'}
[11.957483] (vdt_msgs) StdoutLine: {'line': b'/usr/bin/gmake  -f CMakeFiles/vdt_msgs_s__rosidl_typesupport_introspection_c.dir/build.make CMakeFiles/vdt_msgs_s__rosidl_typesupport_introspection_c.dir/depend\n'}
[11.959612] (vdt_msgs) StdoutLine: {'line': b'/usr/bin/gmake  -f CMakeFiles/vdt_msgs_s__rosidl_typesupport_c.dir/build.make CMakeFiles/vdt_msgs_s__rosidl_typesupport_c.dir/depend\n'}
[11.960040] (vdt_msgs) StdoutLine: {'line': b"gmake[2]: Entering directory '/home/vdt_2026/VDT_project/build/vdt_msgs'\n"}
[11.960175] (vdt_msgs) StdoutLine: {'line': b"gmake[2]: Entering directory '/home/vdt_2026/VDT_project/build/vdt_msgs'\n"}
[11.960269] (vdt_msgs) StdoutLine: {'line': b'cd /home/vdt_2026/VDT_project/build/vdt_msgs && /usr/bin/cmake -E cmake_depends "Unix Makefiles" /home/vdt_2026/VDT_project/ros2_ws/src/vdt_msgs /home/vdt_2026/VDT_project/ros2_ws/src/vdt_msgs /home/vdt_2026/VDT_project/build/vdt_msgs /home/vdt_2026/VDT_project/build/vdt_msgs /home/vdt_2026/VDT_project/build/vdt_msgs/CMakeFiles/vdt_msgs_s__rosidl_typesupport_introspection_c.dir/DependInfo.cmake "--color="\n'}
[11.960379] (vdt_msgs) StdoutLine: {'line': b'cd /home/vdt_2026/VDT_project/build/vdt_msgs && /usr/bin/cmake -E cmake_depends "Unix Makefiles" /home/vdt_2026/VDT_project/ros2_ws/src/vdt_msgs /home/vdt_2026/VDT_project/ros2_ws/src/vdt_msgs /home/vdt_2026/VDT_project/build/vdt_msgs /home/vdt_2026/VDT_project/build/vdt_msgs /home/vdt_2026/VDT_project/build/vdt_msgs/CMakeFiles/vdt_msgs_s__rosidl_typesupport_fastrtps_c.dir/DependInfo.cmake "--color="\n'}
[11.960515] (vdt_msgs) StdoutLine: {'line': b"gmake[2]: Entering directory '/home/vdt_2026/VDT_project/build/vdt_msgs'\n"}
[11.960636] (vdt_msgs) StdoutLine: {'line': b'cd /home/vdt_2026/VDT_project/build/vdt_msgs && /usr/bin/cmake -E cmake_depends "Unix Makefiles" /home/vdt_2026/VDT_project/ros2_ws/src/vdt_msgs /home/vdt_2026/VDT_project/ros2_ws/src/vdt_msgs /home/vdt_2026/VDT_project/build/vdt_msgs /home/vdt_2026/VDT_project/build/vdt_msgs /home/vdt_2026/VDT_project/build/vdt_msgs/CMakeFiles/vdt_msgs_s__rosidl_typesupport_c.dir/DependInfo.cmake "--color="\n'}
[11.975925] (vdt_msgs) StdoutLine: {'line': b'Dependencies file "CMakeFiles/vdt_msgs_s__rosidl_typesupport_fastrtps_c.dir/rosidl_generator_py/vdt_msgs/_vdt_msgs_s.ep.rosidl_typesupport_fastrtps_c.c.o.d" is newer than depends file "/home/vdt_2026/VDT_project/build/vdt_msgs/CMakeFiles/vdt_msgs_s__rosidl_typesupport_fastrtps_c.dir/compiler_depend.internal".\n'}
[11.976285] (vdt_msgs) StdoutLine: {'line': b'Dependencies file "CMakeFiles/vdt_msgs_s__rosidl_typesupport_introspection_c.dir/rosidl_generator_py/vdt_msgs/_vdt_msgs_s.ep.rosidl_typesupport_introspection_c.c.o.d" is newer than depends file "/home/vdt_2026/VDT_project/build/vdt_msgs/CMakeFiles/vdt_msgs_s__rosidl_typesupport_introspection_c.dir/compiler_depend.internal".\n'}
[11.976620] (vdt_msgs) StdoutLine: {'line': b'Dependencies file "CMakeFiles/vdt_msgs_s__rosidl_typesupport_c.dir/rosidl_generator_py/vdt_msgs/_vdt_msgs_s.ep.rosidl_typesupport_c.c.o.d" is newer than depends file "/home/vdt_2026/VDT_project/build/vdt_msgs/CMakeFiles/vdt_msgs_s__rosidl_typesupport_c.dir/compiler_depend.internal".\n'}
[11.980240] (vdt_msgs) StdoutLine: {'line': b'Consolidate compiler generated dependencies of target vdt_msgs_s__rosidl_typesupport_fastrtps_c\n'}
[11.983575] (vdt_msgs) StdoutLine: {'line': b'Consolidate compiler generated dependencies of target vdt_msgs_s__rosidl_typesupport_c\n'}
[11.983888] (vdt_msgs) StdoutLine: {'line': b'Consolidate compiler generated dependencies of target vdt_msgs_s__rosidl_typesupport_introspection_c\n'}
[11.983986] (vdt_msgs) StdoutLine: {'line': b"gmake[2]: Leaving directory '/home/vdt_2026/VDT_project/build/vdt_msgs'\n"}
[11.984069] (vdt_msgs) StdoutLine: {'line': b'/usr/bin/gmake  -f CMakeFiles/vdt_msgs_s__rosidl_typesupport_fastrtps_c.dir/build.make CMakeFiles/vdt_msgs_s__rosidl_typesupport_fastrtps_c.dir/build\n'}
[11.984335] (vdt_msgs) StdoutLine: {'line': b"gmake[2]: Leaving directory '/home/vdt_2026/VDT_project/build/vdt_msgs'\n"}
[11.985268] (vdt_msgs) StdoutLine: {'line': b'/usr/bin/gmake  -f CMakeFiles/vdt_msgs_s__rosidl_typesupport_c.dir/build.make CMakeFiles/vdt_msgs_s__rosidl_typesupport_c.dir/build\n'}
[11.985594] (vdt_msgs) StdoutLine: {'line': b"gmake[2]: Leaving directory '/home/vdt_2026/VDT_project/build/vdt_msgs'\n"}
[11.985728] (vdt_msgs) StdoutLine: {'line': b'/usr/bin/gmake  -f CMakeFiles/vdt_msgs_s__rosidl_typesupport_introspection_c.dir/build.make CMakeFiles/vdt_msgs_s__rosidl_typesupport_introspection_c.dir/build\n'}
[11.987664] (vdt_msgs) StdoutLine: {'line': b"gmake[2]: Entering directory '/home/vdt_2026/VDT_project/build/vdt_msgs'\n"}
[11.988969] (vdt_msgs) StdoutLine: {'line': b"gmake[2]: Entering directory '/home/vdt_2026/VDT_project/build/vdt_msgs'\n"}
[11.989273] (vdt_msgs) StdoutLine: {'line': b"gmake[2]: Entering directory '/home/vdt_2026/VDT_project/build/vdt_msgs'\n"}
[12.004468] (vdt_msgs) StdoutLine: {'line': b'[ 97%] Linking C shared module rosidl_generator_py/vdt_msgs/vdt_msgs_s__rosidl_typesupport_fastrtps_c.so\n'}
[12.004927] (vdt_msgs) StdoutLine: {'line': b'[ 97%] Linking C shared module rosidl_generator_py/vdt_msgs/vdt_msgs_s__rosidl_typesupport_c.so\n'}
[12.005050] (vdt_msgs) StdoutLine: {'line': b'[ 97%] Linking C shared module rosidl_generator_py/vdt_msgs/vdt_msgs_s__rosidl_typesupport_introspection_c.so\n'}
[12.006679] (vdt_msgs) StdoutLine: {'line': b'/usr/bin/cmake -E cmake_link_script CMakeFiles/vdt_msgs_s__rosidl_typesupport_fastrtps_c.dir/link.txt --verbose=1\n'}
[12.006946] (vdt_msgs) StdoutLine: {'line': b'/usr/bin/cmake -E cmake_link_script CMakeFiles/vdt_msgs_s__rosidl_typesupport_c.dir/link.txt --verbose=1\n'}
[12.007047] (vdt_msgs) StdoutLine: {'line': b'/usr/bin/cmake -E cmake_link_script CMakeFiles/vdt_msgs_s__rosidl_typesupport_introspection_c.dir/link.txt --verbose=1\n'}
[12.020697] (vdt_msgs) StdoutLine: {'line': b'/usr/bin/cc -fPIC -shared  -o rosidl_generator_py/vdt_msgs/vdt_msgs_s__rosidl_typesupport_fastrtps_c.so CMakeFiles/vdt_msgs_s__rosidl_typesupport_fastrtps_c.dir/rosidl_generator_py/vdt_msgs/_vdt_msgs_s.ep.rosidl_typesupport_fastrtps_c.c.o  -Wl,-rpath,/home/vdt_2026/VDT_project/build/vdt_msgs:/opt/ros/jazzy/lib: libvdt_msgs__rosidl_generator_py.so libvdt_msgs__rosidl_typesupport_fastrtps_c.so libvdt_msgs__rosidl_typesupport_c.so /opt/ros/jazzy/lib/librmw.so /opt/ros/jazzy/lib/libstd_msgs__rosidl_typesupport_c.so /opt/ros/jazzy/lib/libbuiltin_interfaces__rosidl_typesupport_c.so /opt/ros/jazzy/lib/librosidl_typesupport_c.so libvdt_msgs__rosidl_generator_c.so /opt/ros/jazzy/lib/libstd_msgs__rosidl_typesupport_fastrtps_c.so /opt/ros/jazzy/lib/libstd_msgs__rosidl_generator_c.so /opt/ros/jazzy/lib/libbuiltin_interfaces__rosidl_typesupport_fastrtps_c.so /opt/ros/jazzy/lib/librosidl_typesupport_fastrtps_cpp.so /opt/ros/jazzy/lib/librmw.so /opt/ros/jazzy/lib/librosidl_dynamic_typesupport.so /opt/ros/jazzy/lib/librosidl_typesupport_fastrtps_c.so /opt/ros/jazzy/lib/libfastcdr.so.2.2.8 /opt/ros/jazzy/lib/libbuiltin_interfaces__rosidl_generator_c.so /opt/ros/jazzy/lib/librosidl_runtime_c.so /opt/ros/jazzy/lib/librcutils.so -ldl -latomic -Wl,-rpath-link,/opt/ros/jazzy/lib \n'}
[12.021358] (vdt_msgs) StdoutLine: {'line': b'/usr/bin/cc -fPIC -shared  -o rosidl_generator_py/vdt_msgs/vdt_msgs_s__rosidl_typesupport_introspection_c.so CMakeFiles/vdt_msgs_s__rosidl_typesupport_introspection_c.dir/rosidl_generator_py/vdt_msgs/_vdt_msgs_s.ep.rosidl_typesupport_introspection_c.c.o  -Wl,-rpath,/home/vdt_2026/VDT_project/build/vdt_msgs:/opt/ros/jazzy/lib: libvdt_msgs__rosidl_generator_py.so libvdt_msgs__rosidl_typesupport_introspection_c.so libvdt_msgs__rosidl_typesupport_c.so /opt/ros/jazzy/lib/librmw.so /opt/ros/jazzy/lib/libstd_msgs__rosidl_typesupport_c.so /opt/ros/jazzy/lib/librosidl_dynamic_typesupport.so /opt/ros/jazzy/lib/libbuiltin_interfaces__rosidl_typesupport_c.so /opt/ros/jazzy/lib/librosidl_typesupport_c.so libvdt_msgs__rosidl_generator_c.so /opt/ros/jazzy/lib/libstd_msgs__rosidl_typesupport_introspection_c.so /opt/ros/jazzy/lib/libstd_msgs__rosidl_generator_c.so /opt/ros/jazzy/lib/libbuiltin_interfaces__rosidl_typesupport_introspection_c.so /opt/ros/jazzy/lib/librosidl_typesupport_introspection_c.so /opt/ros/jazzy/lib/libbuiltin_interfaces__rosidl_generator_c.so /opt/ros/jazzy/lib/librosidl_runtime_c.so /opt/ros/jazzy/lib/librcutils.so -ldl -latomic -Wl,-rpath-link,/opt/ros/jazzy/lib \n'}
[12.021561] (vdt_msgs) StdoutLine: {'line': b'/usr/bin/cc -fPIC -shared  -o rosidl_generator_py/vdt_msgs/vdt_msgs_s__rosidl_typesupport_c.so CMakeFiles/vdt_msgs_s__rosidl_typesupport_c.dir/rosidl_generator_py/vdt_msgs/_vdt_msgs_s.ep.rosidl_typesupport_c.c.o  -Wl,-rpath,/home/vdt_2026/VDT_project/build/vdt_msgs:/opt/ros/jazzy/lib: libvdt_msgs__rosidl_generator_py.so libvdt_msgs__rosidl_typesupport_c.so /opt/ros/jazzy/lib/librmw.so libvdt_msgs__rosidl_generator_c.so /opt/ros/jazzy/lib/libstd_msgs__rosidl_typesupport_c.so /opt/ros/jazzy/lib/libstd_msgs__rosidl_generator_c.so /opt/ros/jazzy/lib/librosidl_dynamic_typesupport.so /opt/ros/jazzy/lib/libbuiltin_interfaces__rosidl_typesupport_c.so /opt/ros/jazzy/lib/librosidl_typesupport_c.so /opt/ros/jazzy/lib/libbuiltin_interfaces__rosidl_generator_c.so /opt/ros/jazzy/lib/librosidl_runtime_c.so /opt/ros/jazzy/lib/librcutils.so -ldl -latomic -Wl,-rpath-link,/opt/ros/jazzy/lib \n'}
[12.026180] (-) TimerEvent: {}
[12.059035] (vdt_msgs) StdoutLine: {'line': b"gmake[2]: Leaving directory '/home/vdt_2026/VDT_project/build/vdt_msgs'\n"}
[12.059995] (vdt_msgs) StdoutLine: {'line': b"gmake[2]: Leaving directory '/home/vdt_2026/VDT_project/build/vdt_msgs'\n"}
[12.060197] (vdt_msgs) StdoutLine: {'line': b"gmake[2]: Leaving directory '/home/vdt_2026/VDT_project/build/vdt_msgs'\n"}
[12.077134] (vdt_msgs) StdoutLine: {'line': b'[100%] Built target vdt_msgs_s__rosidl_typesupport_introspection_c\n'}
[12.077541] (vdt_msgs) StdoutLine: {'line': b'[100%] Built target vdt_msgs_s__rosidl_typesupport_c\n'}
[12.077870] (vdt_msgs) StdoutLine: {'line': b'[100%] Built target vdt_msgs_s__rosidl_typesupport_fastrtps_c\n'}
[12.077997] (vdt_msgs) StdoutLine: {'line': b"gmake[1]: Leaving directory '/home/vdt_2026/VDT_project/build/vdt_msgs'\n"}
[12.078094] (vdt_msgs) StdoutLine: {'line': b'/usr/bin/cmake -E cmake_progress_start /home/vdt_2026/VDT_project/build/vdt_msgs/CMakeFiles 0\n'}
[12.096774] (vdt_msgs) StdoutLine: {'line': b'\n'}
[12.099439] (vdt_msgs) CommandEnded: {'returncode': 0}
[12.100176] (vdt_msgs) JobProgress: {'identifier': 'vdt_msgs', 'progress': 'install'}
[12.116053] (vdt_msgs) Command: {'cmd': ['/usr/bin/cmake', '--install', '/home/vdt_2026/VDT_project/build/vdt_msgs'], 'cwd': '/home/vdt_2026/VDT_project/build/vdt_msgs', 'env': OrderedDict({'LESSOPEN': '| /usr/bin/lesspipe %s', 'USER': 'vdt_2026', 'SSH_CLIENT': '100.101.240.43 53682 22', 'XDG_SESSION_TYPE': 'tty', 'SHLVL': '1', 'LD_LIBRARY_PATH': '/home/vdt_2026/ros2_ws/install/px4_msgs/lib:/opt/ros/jazzy/lib/aarch64-linux-gnu:/opt/ros/jazzy/lib', 'HOME': '/home/vdt_2026', 'OLDPWD': '/home/vdt_2026', 'SSH_TTY': '/dev/pts/0', 'ROS_PYTHON_VERSION': '3', 'DBUS_SESSION_BUS_ADDRESS': 'unix:path=/run/user/1000/bus', 'COLCON_PREFIX_PATH': '/home/vdt_2026/ros2_ws/install', 'ROS_DISTRO': 'jazzy', 'LOGNAME': 'vdt_2026', '_': '/usr/bin/colcon', 'ROS_VERSION': '2', 'XDG_SESSION_CLASS': 'user', 'TERM': 'xterm-256color', 'XDG_SESSION_ID': '1', 'PATH': '/home/vdt_2026/.local/bin:/opt/ros/jazzy/bin:/usr/local/sbin:/usr/local/bin:/usr/sbin:/usr/bin:/sbin:/bin:/usr/games:/usr/local/games:/snap/bin', 'XDG_RUNTIME_DIR': '/run/user/1000', 'LANG': 'en_US.UTF-8', 'LS_COLORS': 'rs=0:di=01;34:ln=01;36:mh=00:pi=40;33:so=01;35:do=01;35:bd=40;33;01:cd=40;33;01:or=40;31;01:mi=00:su=37;41:sg=30;43:ca=00:tw=30;42:ow=34;42:st=37;44:ex=01;32:*.tar=01;31:*.tgz=01;31:*.arc=01;31:*.arj=01;31:*.taz=01;31:*.lha=01;31:*.lz4=01;31:*.lzh=01;31:*.lzma=01;31:*.tlz=01;31:*.txz=01;31:*.tzo=01;31:*.t7z=01;31:*.zip=01;31:*.z=01;31:*.dz=01;31:*.gz=01;31:*.lrz=01;31:*.lz=01;31:*.lzo=01;31:*.xz=01;31:*.zst=01;31:*.tzst=01;31:*.bz2=01;31:*.bz=01;31:*.tbz=01;31:*.tbz2=01;31:*.tz=01;31:*.deb=01;31:*.rpm=01;31:*.jar=01;31:*.war=01;31:*.ear=01;31:*.sar=01;31:*.rar=01;31:*.alz=01;31:*.ace=01;31:*.zoo=01;31:*.cpio=01;31:*.7z=01;31:*.rz=01;31:*.cab=01;31:*.wim=01;31:*.swm=01;31:*.dwm=01;31:*.esd=01;31:*.avif=01;35:*.jpg=01;35:*.jpeg=01;35:*.mjpg=01;35:*.mjpeg=01;35:*.gif=01;35:*.bmp=01;35:*.pbm=01;35:*.pgm=01;35:*.ppm=01;35:*.tga=01;35:*.xbm=01;35:*.xpm=01;35:*.tif=01;35:*.tiff=01;35:*.png=01;35:*.svg=01;35:*.svgz=01;35:*.mng=01;35:*.pcx=01;35:*.mov=01;35:*.mpg=01;35:*.mpeg=01;35:*.m2v=01;35:*.mkv=01;35:*.webm=01;35:*.webp=01;35:*.ogm=01;35:*.mp4=01;35:*.m4v=01;35:*.mp4v=01;35:*.vob=01;35:*.qt=01;35:*.nuv=01;35:*.wmv=01;35:*.asf=01;35:*.rm=01;35:*.rmvb=01;35:*.flc=01;35:*.avi=01;35:*.fli=01;35:*.flv=01;35:*.gl=01;35:*.dl=01;35:*.xcf=01;35:*.xwd=01;35:*.yuv=01;35:*.cgm=01;35:*.emf=01;35:*.ogv=01;35:*.ogx=01;35:*.aac=00;36:*.au=00;36:*.flac=00;36:*.m4a=00;36:*.mid=00;36:*.midi=00;36:*.mka=00;36:*.mp3=00;36:*.mpc=00;36:*.ogg=00;36:*.ra=00;36:*.wav=00;36:*.oga=00;36:*.opus=00;36:*.spx=00;36:*.xspf=00;36:*~=00;90:*#=00;90:*.bak=00;90:*.crdownload=00;90:*.dpkg-dist=00;90:*.dpkg-new=00;90:*.dpkg-old=00;90:*.dpkg-tmp=00;90:*.old=00;90:*.orig=00;90:*.part=00;90:*.rej=00;90:*.rpmnew=00;90:*.rpmorig=00;90:*.rpmsave=00;90:*.swp=00;90:*.tmp=00;90:*.ucf-dist=00;90:*.ucf-new=00;90:*.ucf-old=00;90:', 'AMENT_PREFIX_PATH': '/home/vdt_2026/ros2_ws/install/px4_msgs:/opt/ros/jazzy', 'SHELL': '/bin/bash', 'LESSCLOSE': '/usr/bin/lesspipe %s %s', 'ROS_AUTOMATIC_DISCOVERY_RANGE': 'SUBNET', 'PWD': '/home/vdt_2026/VDT_project/build/vdt_msgs', 'LC_ALL': 'en_US.UTF-8', 'SSH_CONNECTION': '100.101.240.43 53682 100.65.242.75 22', 'XDG_DATA_DIRS': '/usr/local/share:/usr/share:/var/lib/snapd/desktop', 'PYTHONPATH': '/home/vdt_2026/ros2_ws/install/px4_msgs/lib/python3.12/site-packages:/opt/ros/jazzy/lib/python3.12/site-packages:/home/vdt_2026/librealsense/build/Release', 'COLCON': '1', 'CMAKE_PREFIX_PATH': '/home/vdt_2026/ros2_ws/install/px4_msgs:/opt/ros/jazzy'}), 'shell': False}
[12.126248] (-) TimerEvent: {}
[12.130188] (vdt_msgs) StdoutLine: {'line': b'-- Install configuration: ""\n'}
[12.131201] (vdt_msgs) StdoutLine: {'line': b'-- Up-to-date: /home/vdt_2026/VDT_project/install/vdt_msgs/share/ament_index/resource_index/rosidl_interfaces/vdt_msgs\n'}
[12.132139] (vdt_msgs) StdoutLine: {'line': b'-- Up-to-date: /home/vdt_2026/VDT_project/install/vdt_msgs/share/vdt_msgs/msg/AltEstimate.json\n'}
[12.132424] (vdt_msgs) StdoutLine: {'line': b'-- Up-to-date: /home/vdt_2026/VDT_project/install/vdt_msgs/share/vdt_msgs/msg/VisionMarker.json\n'}
[12.132548] (vdt_msgs) StdoutLine: {'line': b'-- Up-to-date: /home/vdt_2026/VDT_project/install/vdt_msgs/share/vdt_msgs/msg/InputSnapshot.json\n'}
[12.132654] (vdt_msgs) StdoutLine: {'line': b'-- Up-to-date: /home/vdt_2026/VDT_project/install/vdt_msgs/share/vdt_msgs/msg/TimeoutFlags.json\n'}
[12.132856] (vdt_msgs) StdoutLine: {'line': b'-- Up-to-date: /home/vdt_2026/VDT_project/install/vdt_msgs/share/vdt_msgs/msg/PlannerOutput.json\n'}
[12.133030] (vdt_msgs) StdoutLine: {'line': b'-- Up-to-date: /home/vdt_2026/VDT_project/install/vdt_msgs/share/vdt_msgs/msg/OffboardStatus.json\n'}
[12.133114] (vdt_msgs) StdoutLine: {'line': b'-- Up-to-date: /home/vdt_2026/VDT_project/install/vdt_msgs/share/vdt_msgs/msg/RcFsmInput.json\n'}
[12.133192] (vdt_msgs) StdoutLine: {'line': b'-- Up-to-date: /home/vdt_2026/VDT_project/install/vdt_msgs/share/vdt_msgs/msg/RcChannelsRaw.json\n'}
[12.133471] (vdt_msgs) StdoutLine: {'line': b'-- Up-to-date: /home/vdt_2026/VDT_project/install/vdt_msgs/include/vdt_msgs/vdt_msgs\n'}
[12.133960] (vdt_msgs) StdoutLine: {'line': b'-- Up-to-date: /home/vdt_2026/VDT_project/install/vdt_msgs/include/vdt_msgs/vdt_msgs/msg\n'}
[12.134521] (vdt_msgs) StdoutLine: {'line': b'-- Up-to-date: /home/vdt_2026/VDT_project/install/vdt_msgs/include/vdt_msgs/vdt_msgs/msg/vision_marker.h\n'}
[12.134619] (vdt_msgs) StdoutLine: {'line': b'-- Up-to-date: /home/vdt_2026/VDT_project/install/vdt_msgs/include/vdt_msgs/vdt_msgs/msg/planner_output.h\n'}
[12.134712] (vdt_msgs) StdoutLine: {'line': b'-- Up-to-date: /home/vdt_2026/VDT_project/install/vdt_msgs/include/vdt_msgs/vdt_msgs/msg/input_snapshot.h\n'}
[12.134866] (vdt_msgs) StdoutLine: {'line': b'-- Up-to-date: /home/vdt_2026/VDT_project/install/vdt_msgs/include/vdt_msgs/vdt_msgs/msg/rosidl_generator_c__visibility_control.h\n'}
[12.134949] (vdt_msgs) StdoutLine: {'line': b'-- Up-to-date: /home/vdt_2026/VDT_project/install/vdt_msgs/include/vdt_msgs/vdt_msgs/msg/rc_channels_raw.h\n'}
[12.135030] (vdt_msgs) StdoutLine: {'line': b'-- Up-to-date: /home/vdt_2026/VDT_project/install/vdt_msgs/include/vdt_msgs/vdt_msgs/msg/detail\n'}
[12.135521] (vdt_msgs) StdoutLine: {'line': b'-- Up-to-date: /home/vdt_2026/VDT_project/install/vdt_msgs/include/vdt_msgs/vdt_msgs/msg/detail/timeout_flags__type_support.c\n'}
[12.135755] (vdt_msgs) StdoutLine: {'line': b'-- Up-to-date: /home/vdt_2026/VDT_project/install/vdt_msgs/include/vdt_msgs/vdt_msgs/msg/detail/input_snapshot__type_support.h\n'}
[12.136210] (vdt_msgs) StdoutLine: {'line': b'-- Up-to-date: /home/vdt_2026/VDT_project/install/vdt_msgs/include/vdt_msgs/vdt_msgs/msg/detail/rc_fsm_input__type_support.c\n'}
[12.136296] (vdt_msgs) StdoutLine: {'line': b'-- Up-to-date: /home/vdt_2026/VDT_project/install/vdt_msgs/include/vdt_msgs/vdt_msgs/msg/detail/timeout_flags__functions.c\n'}
[12.136375] (vdt_msgs) StdoutLine: {'line': b'-- Up-to-date: /home/vdt_2026/VDT_project/install/vdt_msgs/include/vdt_msgs/vdt_msgs/msg/detail/input_snapshot__struct.h\n'}
[12.136451] (vdt_msgs) StdoutLine: {'line': b'-- Up-to-date: /home/vdt_2026/VDT_project/install/vdt_msgs/include/vdt_msgs/vdt_msgs/msg/detail/planner_output__struct.h\n'}
[12.136532] (vdt_msgs) StdoutLine: {'line': b'-- Up-to-date: /home/vdt_2026/VDT_project/install/vdt_msgs/include/vdt_msgs/vdt_msgs/msg/detail/alt_estimate__functions.h\n'}
[12.136664] (vdt_msgs) StdoutLine: {'line': b'-- Up-to-date: /home/vdt_2026/VDT_project/install/vdt_msgs/include/vdt_msgs/vdt_msgs/msg/detail/input_snapshot__functions.c\n'}
[12.137034] (vdt_msgs) StdoutLine: {'line': b'-- Up-to-date: /home/vdt_2026/VDT_project/install/vdt_msgs/include/vdt_msgs/vdt_msgs/msg/detail/offboard_status__type_support.c\n'}
[12.137213] (vdt_msgs) StdoutLine: {'line': b'-- Up-to-date: /home/vdt_2026/VDT_project/install/vdt_msgs/include/vdt_msgs/vdt_msgs/msg/detail/rc_channels_raw__functions.c\n'}
[12.137310] (vdt_msgs) StdoutLine: {'line': b'-- Up-to-date: /home/vdt_2026/VDT_project/install/vdt_msgs/include/vdt_msgs/vdt_msgs/msg/detail/rc_fsm_input__description.c\n'}
[12.137460] (vdt_msgs) StdoutLine: {'line': b'-- Up-to-date: /home/vdt_2026/VDT_project/install/vdt_msgs/include/vdt_msgs/vdt_msgs/msg/detail/timeout_flags__type_support.h\n'}
[12.137599] (vdt_msgs) StdoutLine: {'line': b'-- Up-to-date: /home/vdt_2026/VDT_project/install/vdt_msgs/include/vdt_msgs/vdt_msgs/msg/detail/rc_channels_raw__type_support.h\n'}
[12.137700] (vdt_msgs) StdoutLine: {'line': b'-- Up-to-date: /home/vdt_2026/VDT_project/install/vdt_msgs/include/vdt_msgs/vdt_msgs/msg/detail/rc_channels_raw__type_support.c\n'}
[12.137835] (vdt_msgs) StdoutLine: {'line': b'-- Up-to-date: /home/vdt_2026/VDT_project/install/vdt_msgs/include/vdt_msgs/vdt_msgs/msg/detail/rc_fsm_input__struct.h\n'}
[12.137933] (vdt_msgs) StdoutLine: {'line': b'-- Up-to-date: /home/vdt_2026/VDT_project/install/vdt_msgs/include/vdt_msgs/vdt_msgs/msg/detail/vision_marker__description.c\n'}
[12.138153] (vdt_msgs) StdoutLine: {'line': b'-- Up-to-date: /home/vdt_2026/VDT_project/install/vdt_msgs/include/vdt_msgs/vdt_msgs/msg/detail/alt_estimate__type_support.h\n'}
[12.138297] (vdt_msgs) StdoutLine: {'line': b'-- Up-to-date: /home/vdt_2026/VDT_project/install/vdt_msgs/include/vdt_msgs/vdt_msgs/msg/detail/alt_estimate__struct.h\n'}
[12.138407] (vdt_msgs) StdoutLine: {'line': b'-- Up-to-date: /home/vdt_2026/VDT_project/install/vdt_msgs/include/vdt_msgs/vdt_msgs/msg/detail/planner_output__functions.h\n'}
[12.138675] (vdt_msgs) StdoutLine: {'line': b'-- Up-to-date: /home/vdt_2026/VDT_project/install/vdt_msgs/include/vdt_msgs/vdt_msgs/msg/detail/rc_fsm_input__functions.c\n'}
[12.138805] (vdt_msgs) StdoutLine: {'line': b'-- Up-to-date: /home/vdt_2026/VDT_project/install/vdt_msgs/include/vdt_msgs/vdt_msgs/msg/detail/offboard_status__functions.h\n'}
[12.138904] (vdt_msgs) StdoutLine: {'line': b'-- Up-to-date: /home/vdt_2026/VDT_project/install/vdt_msgs/include/vdt_msgs/vdt_msgs/msg/detail/timeout_flags__functions.h\n'}
[12.138999] (vdt_msgs) StdoutLine: {'line': b'-- Up-to-date: /home/vdt_2026/VDT_project/install/vdt_msgs/include/vdt_msgs/vdt_msgs/msg/detail/planner_output__functions.c\n'}
[12.139139] (vdt_msgs) StdoutLine: {'line': b'-- Up-to-date: /home/vdt_2026/VDT_project/install/vdt_msgs/include/vdt_msgs/vdt_msgs/msg/detail/rc_channels_raw__description.c\n'}
[12.139251] (vdt_msgs) StdoutLine: {'line': b'-- Up-to-date: /home/vdt_2026/VDT_project/install/vdt_msgs/include/vdt_msgs/vdt_msgs/msg/detail/timeout_flags__description.c\n'}
[12.139352] (vdt_msgs) StdoutLine: {'line': b'-- Up-to-date: /home/vdt_2026/VDT_project/install/vdt_msgs/include/vdt_msgs/vdt_msgs/msg/detail/input_snapshot__functions.h\n'}
[12.139544] (vdt_msgs) StdoutLine: {'line': b'-- Up-to-date: /home/vdt_2026/VDT_project/install/vdt_msgs/include/vdt_msgs/vdt_msgs/msg/detail/offboard_status__description.c\n'}
[12.139701] (vdt_msgs) StdoutLine: {'line': b'-- Up-to-date: /home/vdt_2026/VDT_project/install/vdt_msgs/include/vdt_msgs/vdt_msgs/msg/detail/vision_marker__functions.c\n'}
[12.139836] (vdt_msgs) StdoutLine: {'line': b'-- Up-to-date: /home/vdt_2026/VDT_project/install/vdt_msgs/include/vdt_msgs/vdt_msgs/msg/detail/alt_estimate__description.c\n'}
[12.139939] (vdt_msgs) StdoutLine: {'line': b'-- Up-to-date: /home/vdt_2026/VDT_project/install/vdt_msgs/include/vdt_msgs/vdt_msgs/msg/detail/planner_output__description.c\n'}
[12.140032] (vdt_msgs) StdoutLine: {'line': b'-- Up-to-date: /home/vdt_2026/VDT_project/install/vdt_msgs/include/vdt_msgs/vdt_msgs/msg/detail/vision_marker__struct.h\n'}
[12.140121] (vdt_msgs) StdoutLine: {'line': b'-- Up-to-date: /home/vdt_2026/VDT_project/install/vdt_msgs/include/vdt_msgs/vdt_msgs/msg/detail/offboard_status__struct.h\n'}
[12.140209] (vdt_msgs) StdoutLine: {'line': b'-- Up-to-date: /home/vdt_2026/VDT_project/install/vdt_msgs/include/vdt_msgs/vdt_msgs/msg/detail/rc_fsm_input__functions.h\n'}
[12.140297] (vdt_msgs) StdoutLine: {'line': b'-- Up-to-date: /home/vdt_2026/VDT_project/install/vdt_msgs/include/vdt_msgs/vdt_msgs/msg/detail/offboard_status__type_support.h\n'}
[12.140385] (vdt_msgs) StdoutLine: {'line': b'-- Up-to-date: /home/vdt_2026/VDT_project/install/vdt_msgs/include/vdt_msgs/vdt_msgs/msg/detail/rc_channels_raw__struct.h\n'}
[12.140474] (vdt_msgs) StdoutLine: {'line': b'-- Up-to-date: /home/vdt_2026/VDT_project/install/vdt_msgs/include/vdt_msgs/vdt_msgs/msg/detail/rc_channels_raw__functions.h\n'}
[12.140562] (vdt_msgs) StdoutLine: {'line': b'-- Up-to-date: /home/vdt_2026/VDT_project/install/vdt_msgs/include/vdt_msgs/vdt_msgs/msg/detail/planner_output__type_support.h\n'}
[12.140665] (vdt_msgs) StdoutLine: {'line': b'-- Up-to-date: /home/vdt_2026/VDT_project/install/vdt_msgs/include/vdt_msgs/vdt_msgs/msg/detail/planner_output__type_support.c\n'}
[12.140768] (vdt_msgs) StdoutLine: {'line': b'-- Installing: /home/vdt_2026/VDT_project/install/vdt_msgs/include/vdt_msgs/vdt_msgs/msg/detail/alt_estimate__type_support.c\n'}
[12.140867] (vdt_msgs) StdoutLine: {'line': b'-- Up-to-date: /home/vdt_2026/VDT_project/install/vdt_msgs/include/vdt_msgs/vdt_msgs/msg/detail/vision_marker__functions.h\n'}
[12.140955] (vdt_msgs) StdoutLine: {'line': b'-- Up-to-date: /home/vdt_2026/VDT_project/install/vdt_msgs/include/vdt_msgs/vdt_msgs/msg/detail/vision_marker__type_support.h\n'}
[12.141043] (vdt_msgs) StdoutLine: {'line': b'-- Up-to-date: /home/vdt_2026/VDT_project/install/vdt_msgs/include/vdt_msgs/vdt_msgs/msg/detail/vision_marker__type_support.c\n'}
[12.141129] (vdt_msgs) StdoutLine: {'line': b'-- Up-to-date: /home/vdt_2026/VDT_project/install/vdt_msgs/include/vdt_msgs/vdt_msgs/msg/detail/input_snapshot__type_support.c\n'}
[12.141215] (vdt_msgs) StdoutLine: {'line': b'-- Up-to-date: /home/vdt_2026/VDT_project/install/vdt_msgs/include/vdt_msgs/vdt_msgs/msg/detail/rc_fsm_input__type_support.h\n'}
[12.141301] (vdt_msgs) StdoutLine: {'line': b'-- Up-to-date: /home/vdt_2026/VDT_project/install/vdt_msgs/include/vdt_msgs/vdt_msgs/msg/detail/alt_estimate__functions.c\n'}
[12.141386] (vdt_msgs) StdoutLine: {'line': b'-- Up-to-date: /home/vdt_2026/VDT_project/install/vdt_msgs/include/vdt_msgs/vdt_msgs/msg/detail/timeout_flags__struct.h\n'}
[12.141472] (vdt_msgs) StdoutLine: {'line': b'-- Up-to-date: /home/vdt_2026/VDT_project/install/vdt_msgs/include/vdt_msgs/vdt_msgs/msg/detail/offboard_status__functions.c\n'}
[12.141558] (vdt_msgs) StdoutLine: {'line': b'-- Up-to-date: /home/vdt_2026/VDT_project/install/vdt_msgs/include/vdt_msgs/vdt_msgs/msg/detail/input_snapshot__description.c\n'}
[12.141660] (vdt_msgs) StdoutLine: {'line': b'-- Up-to-date: /home/vdt_2026/VDT_project/install/vdt_msgs/include/vdt_msgs/vdt_msgs/msg/offboard_status.h\n'}
[12.141771] (vdt_msgs) StdoutLine: {'line': b'-- Up-to-date: /home/vdt_2026/VDT_project/install/vdt_msgs/include/vdt_msgs/vdt_msgs/msg/alt_estimate.h\n'}
[12.141878] (vdt_msgs) StdoutLine: {'line': b'-- Up-to-date: /home/vdt_2026/VDT_project/install/vdt_msgs/include/vdt_msgs/vdt_msgs/msg/timeout_flags.h\n'}
[12.141980] (vdt_msgs) StdoutLine: {'line': b'-- Up-to-date: /home/vdt_2026/VDT_project/install/vdt_msgs/include/vdt_msgs/vdt_msgs/msg/rc_fsm_input.h\n'}
[12.142073] (vdt_msgs) StdoutLine: {'line': b'-- Up-to-date: /home/vdt_2026/VDT_project/install/vdt_msgs/share/vdt_msgs/environment/library_path.sh\n'}
[12.142194] (vdt_msgs) StdoutLine: {'line': b'-- Up-to-date: /home/vdt_2026/VDT_project/install/vdt_msgs/share/vdt_msgs/environment/library_path.dsv\n'}
[12.143451] (vdt_msgs) StdoutLine: {'line': b'-- Installing: /home/vdt_2026/VDT_project/install/vdt_msgs/lib/libvdt_msgs__rosidl_generator_c.so\n'}
[12.143573] (vdt_msgs) StdoutLine: {'line': b'-- Set non-toolchain portion of runtime path of "/home/vdt_2026/VDT_project/install/vdt_msgs/lib/libvdt_msgs__rosidl_generator_c.so" to ""\n'}
[12.143664] (vdt_msgs) StdoutLine: {'line': b'-- Up-to-date: /home/vdt_2026/VDT_project/install/vdt_msgs/include/vdt_msgs/vdt_msgs\n'}
[12.143764] (vdt_msgs) StdoutLine: {'line': b'-- Up-to-date: /home/vdt_2026/VDT_project/install/vdt_msgs/include/vdt_msgs/vdt_msgs/msg\n'}
[12.143865] (vdt_msgs) StdoutLine: {'line': b'-- Up-to-date: /home/vdt_2026/VDT_project/install/vdt_msgs/include/vdt_msgs/vdt_msgs/msg/rosidl_typesupport_fastrtps_c__visibility_control.h\n'}
[12.143954] (vdt_msgs) StdoutLine: {'line': b'-- Up-to-date: /home/vdt_2026/VDT_project/install/vdt_msgs/include/vdt_msgs/vdt_msgs/msg/detail\n'}
[12.144040] (vdt_msgs) StdoutLine: {'line': b'-- Up-to-date: /home/vdt_2026/VDT_project/install/vdt_msgs/include/vdt_msgs/vdt_msgs/msg/detail/offboard_status__rosidl_typesupport_fastrtps_c.h\n'}
[12.144127] (vdt_msgs) StdoutLine: {'line': b'-- Up-to-date: /home/vdt_2026/VDT_project/install/vdt_msgs/include/vdt_msgs/vdt_msgs/msg/detail/alt_estimate__rosidl_typesupport_fastrtps_c.h\n'}
[12.144224] (vdt_msgs) StdoutLine: {'line': b'-- Up-to-date: /home/vdt_2026/VDT_project/install/vdt_msgs/include/vdt_msgs/vdt_msgs/msg/detail/planner_output__rosidl_typesupport_fastrtps_c.h\n'}
[12.144312] (vdt_msgs) StdoutLine: {'line': b'-- Up-to-date: /home/vdt_2026/VDT_project/install/vdt_msgs/include/vdt_msgs/vdt_msgs/msg/detail/rc_channels_raw__rosidl_typesupport_fastrtps_c.h\n'}
[12.144398] (vdt_msgs) StdoutLine: {'line': b'-- Up-to-date: /home/vdt_2026/VDT_project/install/vdt_msgs/include/vdt_msgs/vdt_msgs/msg/detail/rc_fsm_input__rosidl_typesupport_fastrtps_c.h\n'}
[12.144484] (vdt_msgs) StdoutLine: {'line': b'-- Up-to-date: /home/vdt_2026/VDT_project/install/vdt_msgs/include/vdt_msgs/vdt_msgs/msg/detail/input_snapshot__rosidl_typesupport_fastrtps_c.h\n'}
[12.144569] (vdt_msgs) StdoutLine: {'line': b'-- Up-to-date: /home/vdt_2026/VDT_project/install/vdt_msgs/include/vdt_msgs/vdt_msgs/msg/detail/timeout_flags__rosidl_typesupport_fastrtps_c.h\n'}
[12.144656] (vdt_msgs) StdoutLine: {'line': b'-- Up-to-date: /home/vdt_2026/VDT_project/install/vdt_msgs/include/vdt_msgs/vdt_msgs/msg/detail/vision_marker__rosidl_typesupport_fastrtps_c.h\n'}
[12.145211] (vdt_msgs) StdoutLine: {'line': b'-- Installing: /home/vdt_2026/VDT_project/install/vdt_msgs/lib/libvdt_msgs__rosidl_typesupport_fastrtps_c.so\n'}
[12.145992] (vdt_msgs) StdoutLine: {'line': b'-- Set non-toolchain portion of runtime path of "/home/vdt_2026/VDT_project/install/vdt_msgs/lib/libvdt_msgs__rosidl_typesupport_fastrtps_c.so" to ""\n'}
[12.146233] (vdt_msgs) StdoutLine: {'line': b'-- Up-to-date: /home/vdt_2026/VDT_project/install/vdt_msgs/include/vdt_msgs/vdt_msgs\n'}
[12.146346] (vdt_msgs) StdoutLine: {'line': b'-- Up-to-date: /home/vdt_2026/VDT_project/install/vdt_msgs/include/vdt_msgs/vdt_msgs/msg\n'}
[12.146459] (vdt_msgs) StdoutLine: {'line': b'-- Up-to-date: /home/vdt_2026/VDT_project/install/vdt_msgs/include/vdt_msgs/vdt_msgs/msg/input_snapshot.hpp\n'}
[12.146627] (vdt_msgs) StdoutLine: {'line': b'-- Up-to-date: /home/vdt_2026/VDT_project/install/vdt_msgs/include/vdt_msgs/vdt_msgs/msg/offboard_status.hpp\n'}
[12.146923] (vdt_msgs) StdoutLine: {'line': b'-- Up-to-date: /home/vdt_2026/VDT_project/install/vdt_msgs/include/vdt_msgs/vdt_msgs/msg/rc_fsm_input.hpp\n'}
[12.147655] (vdt_msgs) StdoutLine: {'line': b'-- Up-to-date: /home/vdt_2026/VDT_project/install/vdt_msgs/include/vdt_msgs/vdt_msgs/msg/planner_output.hpp\n'}
[12.147989] (vdt_msgs) StdoutLine: {'line': b'-- Up-to-date: /home/vdt_2026/VDT_project/install/vdt_msgs/include/vdt_msgs/vdt_msgs/msg/alt_estimate.hpp\n'}
[12.148346] (vdt_msgs) StdoutLine: {'line': b'-- Up-to-date: /home/vdt_2026/VDT_project/install/vdt_msgs/include/vdt_msgs/vdt_msgs/msg/timeout_flags.hpp\n'}
[12.148504] (vdt_msgs) StdoutLine: {'line': b'-- Up-to-date: /home/vdt_2026/VDT_project/install/vdt_msgs/include/vdt_msgs/vdt_msgs/msg/rosidl_generator_cpp__visibility_control.hpp\n'}
[12.148622] (vdt_msgs) StdoutLine: {'line': b'-- Up-to-date: /home/vdt_2026/VDT_project/install/vdt_msgs/include/vdt_msgs/vdt_msgs/msg/detail\n'}
[12.148821] (vdt_msgs) StdoutLine: {'line': b'-- Up-to-date: /home/vdt_2026/VDT_project/install/vdt_msgs/include/vdt_msgs/vdt_msgs/msg/detail/offboard_status__type_support.hpp\n'}
[12.148949] (vdt_msgs) StdoutLine: {'line': b'-- Up-to-date: /home/vdt_2026/VDT_project/install/vdt_msgs/include/vdt_msgs/vdt_msgs/msg/detail/rc_fsm_input__type_support.hpp\n'}
[12.149044] (vdt_msgs) StdoutLine: {'line': b'-- Up-to-date: /home/vdt_2026/VDT_project/install/vdt_msgs/include/vdt_msgs/vdt_msgs/msg/detail/planner_output__traits.hpp\n'}
[12.149136] (vdt_msgs) StdoutLine: {'line': b'-- Up-to-date: /home/vdt_2026/VDT_project/install/vdt_msgs/include/vdt_msgs/vdt_msgs/msg/detail/rc_channels_raw__traits.hpp\n'}
[12.149225] (vdt_msgs) StdoutLine: {'line': b'-- Up-to-date: /home/vdt_2026/VDT_project/install/vdt_msgs/include/vdt_msgs/vdt_msgs/msg/detail/planner_output__struct.hpp\n'}
[12.149316] (vdt_msgs) StdoutLine: {'line': b'-- Up-to-date: /home/vdt_2026/VDT_project/install/vdt_msgs/include/vdt_msgs/vdt_msgs/msg/detail/alt_estimate__builder.hpp\n'}
[12.149415] (vdt_msgs) StdoutLine: {'line': b'-- Up-to-date: /home/vdt_2026/VDT_project/install/vdt_msgs/include/vdt_msgs/vdt_msgs/msg/detail/alt_estimate__struct.hpp\n'}
[12.149517] (vdt_msgs) StdoutLine: {'line': b'-- Up-to-date: /home/vdt_2026/VDT_project/install/vdt_msgs/include/vdt_msgs/vdt_msgs/msg/detail/input_snapshot__traits.hpp\n'}
[12.149608] (vdt_msgs) StdoutLine: {'line': b'-- Up-to-date: /home/vdt_2026/VDT_project/install/vdt_msgs/include/vdt_msgs/vdt_msgs/msg/detail/vision_marker__type_support.hpp\n'}
[12.149696] (vdt_msgs) StdoutLine: {'line': b'-- Up-to-date: /home/vdt_2026/VDT_project/install/vdt_msgs/include/vdt_msgs/vdt_msgs/msg/detail/planner_output__type_support.hpp\n'}
[12.149802] (vdt_msgs) StdoutLine: {'line': b'-- Up-to-date: /home/vdt_2026/VDT_project/install/vdt_msgs/include/vdt_msgs/vdt_msgs/msg/detail/timeout_flags__type_support.hpp\n'}
[12.149899] (vdt_msgs) StdoutLine: {'line': b'-- Up-to-date: /home/vdt_2026/VDT_project/install/vdt_msgs/include/vdt_msgs/vdt_msgs/msg/detail/vision_marker__traits.hpp\n'}
[12.149988] (vdt_msgs) StdoutLine: {'line': b'-- Up-to-date: /home/vdt_2026/VDT_project/install/vdt_msgs/include/vdt_msgs/vdt_msgs/msg/detail/offboard_status__builder.hpp\n'}
[12.150072] (vdt_msgs) StdoutLine: {'line': b'-- Up-to-date: /home/vdt_2026/VDT_project/install/vdt_msgs/include/vdt_msgs/vdt_msgs/msg/detail/rc_channels_raw__builder.hpp\n'}
[12.150155] (vdt_msgs) StdoutLine: {'line': b'-- Up-to-date: /home/vdt_2026/VDT_project/install/vdt_msgs/include/vdt_msgs/vdt_msgs/msg/detail/vision_marker__struct.hpp\n'}
[12.150238] (vdt_msgs) StdoutLine: {'line': b'-- Up-to-date: /home/vdt_2026/VDT_project/install/vdt_msgs/include/vdt_msgs/vdt_msgs/msg/detail/input_snapshot__struct.hpp\n'}
[12.150319] (vdt_msgs) StdoutLine: {'line': b'-- Up-to-date: /home/vdt_2026/VDT_project/install/vdt_msgs/include/vdt_msgs/vdt_msgs/msg/detail/offboard_status__traits.hpp\n'}
[12.150401] (vdt_msgs) StdoutLine: {'line': b'-- Up-to-date: /home/vdt_2026/VDT_project/install/vdt_msgs/include/vdt_msgs/vdt_msgs/msg/detail/alt_estimate__type_support.hpp\n'}
[12.150483] (vdt_msgs) StdoutLine: {'line': b'-- Up-to-date: /home/vdt_2026/VDT_project/install/vdt_msgs/include/vdt_msgs/vdt_msgs/msg/detail/input_snapshot__builder.hpp\n'}
[12.150678] (vdt_msgs) StdoutLine: {'line': b'-- Up-to-date: /home/vdt_2026/VDT_project/install/vdt_msgs/include/vdt_msgs/vdt_msgs/msg/detail/alt_estimate__traits.hpp\n'}
[12.150840] (vdt_msgs) StdoutLine: {'line': b'-- Up-to-date: /home/vdt_2026/VDT_project/install/vdt_msgs/include/vdt_msgs/vdt_msgs/msg/detail/rc_fsm_input__traits.hpp\n'}
[12.150939] (vdt_msgs) StdoutLine: {'line': b'-- Up-to-date: /home/vdt_2026/VDT_project/install/vdt_msgs/include/vdt_msgs/vdt_msgs/msg/detail/rc_fsm_input__struct.hpp\n'}
[12.151028] (vdt_msgs) StdoutLine: {'line': b'-- Up-to-date: /home/vdt_2026/VDT_project/install/vdt_msgs/include/vdt_msgs/vdt_msgs/msg/detail/timeout_flags__struct.hpp\n'}
[12.151114] (vdt_msgs) StdoutLine: {'line': b'-- Up-to-date: /home/vdt_2026/VDT_project/install/vdt_msgs/include/vdt_msgs/vdt_msgs/msg/detail/planner_output__builder.hpp\n'}
[12.151200] (vdt_msgs) StdoutLine: {'line': b'-- Up-to-date: /home/vdt_2026/VDT_project/install/vdt_msgs/include/vdt_msgs/vdt_msgs/msg/detail/timeout_flags__traits.hpp\n'}
[12.151284] (vdt_msgs) StdoutLine: {'line': b'-- Up-to-date: /home/vdt_2026/VDT_project/install/vdt_msgs/include/vdt_msgs/vdt_msgs/msg/detail/timeout_flags__builder.hpp\n'}
[12.151373] (vdt_msgs) StdoutLine: {'line': b'-- Up-to-date: /home/vdt_2026/VDT_project/install/vdt_msgs/include/vdt_msgs/vdt_msgs/msg/detail/offboard_status__struct.hpp\n'}
[12.151523] (vdt_msgs) StdoutLine: {'line': b'-- Up-to-date: /home/vdt_2026/VDT_project/install/vdt_msgs/include/vdt_msgs/vdt_msgs/msg/detail/rc_fsm_input__builder.hpp\n'}
[12.151708] (vdt_msgs) StdoutLine: {'line': b'-- Up-to-date: /home/vdt_2026/VDT_project/install/vdt_msgs/include/vdt_msgs/vdt_msgs/msg/detail/rc_channels_raw__type_support.hpp\n'}
[12.152138] (vdt_msgs) StdoutLine: {'line': b'-- Up-to-date: /home/vdt_2026/VDT_project/install/vdt_msgs/include/vdt_msgs/vdt_msgs/msg/detail/input_snapshot__type_support.hpp\n'}
[12.152283] (vdt_msgs) StdoutLine: {'line': b'-- Up-to-date: /home/vdt_2026/VDT_project/install/vdt_msgs/include/vdt_msgs/vdt_msgs/msg/detail/rc_channels_raw__struct.hpp\n'}
[12.152387] (vdt_msgs) StdoutLine: {'line': b'-- Up-to-date: /home/vdt_2026/VDT_project/install/vdt_msgs/include/vdt_msgs/vdt_msgs/msg/detail/vision_marker__builder.hpp\n'}
[12.152479] (vdt_msgs) StdoutLine: {'line': b'-- Up-to-date: /home/vdt_2026/VDT_project/install/vdt_msgs/include/vdt_msgs/vdt_msgs/msg/vision_marker.hpp\n'}
[12.152564] (vdt_msgs) StdoutLine: {'line': b'-- Up-to-date: /home/vdt_2026/VDT_project/install/vdt_msgs/include/vdt_msgs/vdt_msgs/msg/rc_channels_raw.hpp\n'}
[12.152653] (vdt_msgs) StdoutLine: {'line': b'-- Up-to-date: /home/vdt_2026/VDT_project/install/vdt_msgs/include/vdt_msgs/vdt_msgs\n'}
[12.152748] (vdt_msgs) StdoutLine: {'line': b'-- Up-to-date: /home/vdt_2026/VDT_project/install/vdt_msgs/include/vdt_msgs/vdt_msgs/msg\n'}
[12.152856] (vdt_msgs) StdoutLine: {'line': b'-- Up-to-date: /home/vdt_2026/VDT_project/install/vdt_msgs/include/vdt_msgs/vdt_msgs/msg/detail\n'}
[12.153125] (vdt_msgs) StdoutLine: {'line': b'-- Up-to-date: /home/vdt_2026/VDT_project/install/vdt_msgs/include/vdt_msgs/vdt_msgs/msg/detail/offboard_status__rosidl_typesupport_fastrtps_cpp.hpp\n'}
[12.153289] (vdt_msgs) StdoutLine: {'line': b'-- Up-to-date: /home/vdt_2026/VDT_project/install/vdt_msgs/include/vdt_msgs/vdt_msgs/msg/detail/vision_marker__rosidl_typesupport_fastrtps_cpp.hpp\n'}
[12.153389] (vdt_msgs) StdoutLine: {'line': b'-- Up-to-date: /home/vdt_2026/VDT_project/install/vdt_msgs/include/vdt_msgs/vdt_msgs/msg/detail/planner_output__rosidl_typesupport_fastrtps_cpp.hpp\n'}
[12.153499] (vdt_msgs) StdoutLine: {'line': b'-- Up-to-date: /home/vdt_2026/VDT_project/install/vdt_msgs/include/vdt_msgs/vdt_msgs/msg/detail/alt_estimate__rosidl_typesupport_fastrtps_cpp.hpp\n'}
[12.153588] (vdt_msgs) StdoutLine: {'line': b'-- Up-to-date: /home/vdt_2026/VDT_project/install/vdt_msgs/include/vdt_msgs/vdt_msgs/msg/detail/rc_channels_raw__rosidl_typesupport_fastrtps_cpp.hpp\n'}
[12.153673] (vdt_msgs) StdoutLine: {'line': b'-- Up-to-date: /home/vdt_2026/VDT_project/install/vdt_msgs/include/vdt_msgs/vdt_msgs/msg/detail/dds_fastrtps\n'}
[12.153780] (vdt_msgs) StdoutLine: {'line': b'-- Up-to-date: /home/vdt_2026/VDT_project/install/vdt_msgs/include/vdt_msgs/vdt_msgs/msg/detail/rc_fsm_input__rosidl_typesupport_fastrtps_cpp.hpp\n'}
[12.153879] (vdt_msgs) StdoutLine: {'line': b'-- Up-to-date: /home/vdt_2026/VDT_project/install/vdt_msgs/include/vdt_msgs/vdt_msgs/msg/detail/input_snapshot__rosidl_typesupport_fastrtps_cpp.hpp\n'}
[12.153996] (vdt_msgs) StdoutLine: {'line': b'-- Up-to-date: /home/vdt_2026/VDT_project/install/vdt_msgs/include/vdt_msgs/vdt_msgs/msg/detail/timeout_flags__rosidl_typesupport_fastrtps_cpp.hpp\n'}
[12.154091] (vdt_msgs) StdoutLine: {'line': b'-- Up-to-date: /home/vdt_2026/VDT_project/install/vdt_msgs/include/vdt_msgs/vdt_msgs/msg/rosidl_typesupport_fastrtps_cpp__visibility_control.h\n'}
[12.154177] (vdt_msgs) StdoutLine: {'line': b'-- Installing: /home/vdt_2026/VDT_project/install/vdt_msgs/lib/libvdt_msgs__rosidl_typesupport_fastrtps_cpp.so\n'}
[12.154261] (vdt_msgs) StdoutLine: {'line': b'-- Set non-toolchain portion of runtime path of "/home/vdt_2026/VDT_project/install/vdt_msgs/lib/libvdt_msgs__rosidl_typesupport_fastrtps_cpp.so" to ""\n'}
[12.154353] (vdt_msgs) StdoutLine: {'line': b'-- Up-to-date: /home/vdt_2026/VDT_project/install/vdt_msgs/include/vdt_msgs/vdt_msgs\n'}
[12.154439] (vdt_msgs) StdoutLine: {'line': b'-- Up-to-date: /home/vdt_2026/VDT_project/install/vdt_msgs/include/vdt_msgs/vdt_msgs/msg\n'}
[12.154522] (vdt_msgs) StdoutLine: {'line': b'-- Up-to-date: /home/vdt_2026/VDT_project/install/vdt_msgs/include/vdt_msgs/vdt_msgs/msg/detail\n'}
[12.154605] (vdt_msgs) StdoutLine: {'line': b'-- Up-to-date: /home/vdt_2026/VDT_project/install/vdt_msgs/include/vdt_msgs/vdt_msgs/msg/detail/timeout_flags__type_support.c\n'}
[12.154698] (vdt_msgs) StdoutLine: {'line': b'-- Up-to-date: /home/vdt_2026/VDT_project/install/vdt_msgs/include/vdt_msgs/vdt_msgs/msg/detail/rc_fsm_input__type_support.c\n'}
[12.154800] (vdt_msgs) StdoutLine: {'line': b'-- Up-to-date: /home/vdt_2026/VDT_project/install/vdt_msgs/include/vdt_msgs/vdt_msgs/msg/detail/timeout_flags__rosidl_typesupport_introspection_c.h\n'}
[12.154891] (vdt_msgs) StdoutLine: {'line': b'-- Up-to-date: /home/vdt_2026/VDT_project/install/vdt_msgs/include/vdt_msgs/vdt_msgs/msg/detail/offboard_status__type_support.c\n'}
[12.154975] (vdt_msgs) StdoutLine: {'line': b'-- Up-to-date: /home/vdt_2026/VDT_project/install/vdt_msgs/include/vdt_msgs/vdt_msgs/msg/detail/rc_channels_raw__type_support.c\n'}
[12.155058] (vdt_msgs) StdoutLine: {'line': b'-- Up-to-date: /home/vdt_2026/VDT_project/install/vdt_msgs/include/vdt_msgs/vdt_msgs/msg/detail/rc_fsm_input__rosidl_typesupport_introspection_c.h\n'}
[12.155141] (vdt_msgs) StdoutLine: {'line': b'-- Up-to-date: /home/vdt_2026/VDT_project/install/vdt_msgs/include/vdt_msgs/vdt_msgs/msg/detail/input_snapshot__rosidl_typesupport_introspection_c.h\n'}
[12.155223] (vdt_msgs) StdoutLine: {'line': b'-- Up-to-date: /home/vdt_2026/VDT_project/install/vdt_msgs/include/vdt_msgs/vdt_msgs/msg/detail/offboard_status__rosidl_typesupport_introspection_c.h\n'}
[12.155306] (vdt_msgs) StdoutLine: {'line': b'-- Up-to-date: /home/vdt_2026/VDT_project/install/vdt_msgs/include/vdt_msgs/vdt_msgs/msg/detail/vision_marker__rosidl_typesupport_introspection_c.h\n'}
[12.155395] (vdt_msgs) StdoutLine: {'line': b'-- Up-to-date: /home/vdt_2026/VDT_project/install/vdt_msgs/include/vdt_msgs/vdt_msgs/msg/detail/planner_output__rosidl_typesupport_introspection_c.h\n'}
[12.155480] (vdt_msgs) StdoutLine: {'line': b'-- Up-to-date: /home/vdt_2026/VDT_project/install/vdt_msgs/include/vdt_msgs/vdt_msgs/msg/detail/planner_output__type_support.c\n'}
[12.155562] (vdt_msgs) StdoutLine: {'line': b'-- Installing: /home/vdt_2026/VDT_project/install/vdt_msgs/include/vdt_msgs/vdt_msgs/msg/detail/alt_estimate__type_support.c\n'}
[12.155644] (vdt_msgs) StdoutLine: {'line': b'-- Up-to-date: /home/vdt_2026/VDT_project/install/vdt_msgs/include/vdt_msgs/vdt_msgs/msg/detail/rc_channels_raw__rosidl_typesupport_introspection_c.h\n'}
[12.155726] (vdt_msgs) StdoutLine: {'line': b'-- Up-to-date: /home/vdt_2026/VDT_project/install/vdt_msgs/include/vdt_msgs/vdt_msgs/msg/detail/vision_marker__type_support.c\n'}
[12.155851] (vdt_msgs) StdoutLine: {'line': b'-- Up-to-date: /home/vdt_2026/VDT_project/install/vdt_msgs/include/vdt_msgs/vdt_msgs/msg/detail/input_snapshot__type_support.c\n'}
[12.155941] (vdt_msgs) StdoutLine: {'line': b'-- Up-to-date: /home/vdt_2026/VDT_project/install/vdt_msgs/include/vdt_msgs/vdt_msgs/msg/detail/alt_estimate__rosidl_typesupport_introspection_c.h\n'}
[12.156025] (vdt_msgs) StdoutLine: {'line': b'-- Up-to-date: /home/vdt_2026/VDT_project/install/vdt_msgs/include/vdt_msgs/vdt_msgs/msg/rosidl_typesupport_introspection_c__visibility_control.h\n'}
[12.156699] (vdt_msgs) StdoutLine: {'line': b'-- Installing: /home/vdt_2026/VDT_project/install/vdt_msgs/lib/libvdt_msgs__rosidl_typesupport_introspection_c.so\n'}
[12.157459] (vdt_msgs) StdoutLine: {'line': b'-- Set non-toolchain portion of runtime path of "/home/vdt_2026/VDT_project/install/vdt_msgs/lib/libvdt_msgs__rosidl_typesupport_introspection_c.so" to ""\n'}
[12.159461] (vdt_msgs) StdoutLine: {'line': b'-- Installing: /home/vdt_2026/VDT_project/install/vdt_msgs/lib/libvdt_msgs__rosidl_typesupport_c.so\n'}
[12.160229] (vdt_msgs) StdoutLine: {'line': b'-- Set non-toolchain portion of runtime path of "/home/vdt_2026/VDT_project/install/vdt_msgs/lib/libvdt_msgs__rosidl_typesupport_c.so" to ""\n'}
[12.160725] (vdt_msgs) StdoutLine: {'line': b'-- Up-to-date: /home/vdt_2026/VDT_project/install/vdt_msgs/include/vdt_msgs/vdt_msgs\n'}
[12.161053] (vdt_msgs) StdoutLine: {'line': b'-- Up-to-date: /home/vdt_2026/VDT_project/install/vdt_msgs/include/vdt_msgs/vdt_msgs/msg\n'}
[12.161331] (vdt_msgs) StdoutLine: {'line': b'-- Up-to-date: /home/vdt_2026/VDT_project/install/vdt_msgs/include/vdt_msgs/vdt_msgs/msg/detail\n'}
[12.161428] (vdt_msgs) StdoutLine: {'line': b'-- Up-to-date: /home/vdt_2026/VDT_project/install/vdt_msgs/include/vdt_msgs/vdt_msgs/msg/detail/offboard_status__type_support.cpp\n'}
[12.161520] (vdt_msgs) StdoutLine: {'line': b'-- Up-to-date: /home/vdt_2026/VDT_project/install/vdt_msgs/include/vdt_msgs/vdt_msgs/msg/detail/rc_fsm_input__rosidl_typesupport_introspection_cpp.hpp\n'}
[12.161614] (vdt_msgs) StdoutLine: {'line': b'-- Up-to-date: /home/vdt_2026/VDT_project/install/vdt_msgs/include/vdt_msgs/vdt_msgs/msg/detail/rc_channels_raw__type_support.cpp\n'}
[12.161702] (vdt_msgs) StdoutLine: {'line': b'-- Up-to-date: /home/vdt_2026/VDT_project/install/vdt_msgs/include/vdt_msgs/vdt_msgs/msg/detail/rc_channels_raw__rosidl_typesupport_introspection_cpp.hpp\n'}
[12.161823] (vdt_msgs) StdoutLine: {'line': b'-- Up-to-date: /home/vdt_2026/VDT_project/install/vdt_msgs/include/vdt_msgs/vdt_msgs/msg/detail/input_snapshot__rosidl_typesupport_introspection_cpp.hpp\n'}
[12.161918] (vdt_msgs) StdoutLine: {'line': b'-- Up-to-date: /home/vdt_2026/VDT_project/install/vdt_msgs/include/vdt_msgs/vdt_msgs/msg/detail/vision_marker__type_support.cpp\n'}
[12.162007] (vdt_msgs) StdoutLine: {'line': b'-- Up-to-date: /home/vdt_2026/VDT_project/install/vdt_msgs/include/vdt_msgs/vdt_msgs/msg/detail/timeout_flags__type_support.cpp\n'}
[12.162094] (vdt_msgs) StdoutLine: {'line': b'-- Up-to-date: /home/vdt_2026/VDT_project/install/vdt_msgs/include/vdt_msgs/vdt_msgs/msg/detail/offboard_status__rosidl_typesupport_introspection_cpp.hpp\n'}
[12.162182] (vdt_msgs) StdoutLine: {'line': b'-- Up-to-date: /home/vdt_2026/VDT_project/install/vdt_msgs/include/vdt_msgs/vdt_msgs/msg/detail/alt_estimate__rosidl_typesupport_introspection_cpp.hpp\n'}
[12.162269] (vdt_msgs) StdoutLine: {'line': b'-- Up-to-date: /home/vdt_2026/VDT_project/install/vdt_msgs/include/vdt_msgs/vdt_msgs/msg/detail/vision_marker__rosidl_typesupport_introspection_cpp.hpp\n'}
[12.162357] (vdt_msgs) StdoutLine: {'line': b'-- Up-to-date: /home/vdt_2026/VDT_project/install/vdt_msgs/include/vdt_msgs/vdt_msgs/msg/detail/timeout_flags__rosidl_typesupport_introspection_cpp.hpp\n'}
[12.162444] (vdt_msgs) StdoutLine: {'line': b'-- Up-to-date: /home/vdt_2026/VDT_project/install/vdt_msgs/include/vdt_msgs/vdt_msgs/msg/detail/alt_estimate__type_support.cpp\n'}
[12.162531] (vdt_msgs) StdoutLine: {'line': b'-- Up-to-date: /home/vdt_2026/VDT_project/install/vdt_msgs/include/vdt_msgs/vdt_msgs/msg/detail/input_snapshot__type_support.cpp\n'}
[12.162618] (vdt_msgs) StdoutLine: {'line': b'-- Up-to-date: /home/vdt_2026/VDT_project/install/vdt_msgs/include/vdt_msgs/vdt_msgs/msg/detail/planner_output__rosidl_typesupport_introspection_cpp.hpp\n'}
[12.162725] (vdt_msgs) StdoutLine: {'line': b'-- Up-to-date: /home/vdt_2026/VDT_project/install/vdt_msgs/include/vdt_msgs/vdt_msgs/msg/detail/planner_output__type_support.cpp\n'}
[12.162839] (vdt_msgs) StdoutLine: {'line': b'-- Up-to-date: /home/vdt_2026/VDT_project/install/vdt_msgs/include/vdt_msgs/vdt_msgs/msg/detail/rc_fsm_input__type_support.cpp\n'}
[12.163103] (vdt_msgs) StdoutLine: {'line': b'-- Installing: /home/vdt_2026/VDT_project/install/vdt_msgs/lib/libvdt_msgs__rosidl_typesupport_introspection_cpp.so\n'}
[12.163953] (vdt_msgs) StdoutLine: {'line': b'-- Set non-toolchain portion of runtime path of "/home/vdt_2026/VDT_project/install/vdt_msgs/lib/libvdt_msgs__rosidl_typesupport_introspection_cpp.so" to ""\n'}
[12.165925] (vdt_msgs) StdoutLine: {'line': b'-- Installing: /home/vdt_2026/VDT_project/install/vdt_msgs/lib/libvdt_msgs__rosidl_typesupport_cpp.so\n'}
[12.166631] (vdt_msgs) StdoutLine: {'line': b'-- Set non-toolchain portion of runtime path of "/home/vdt_2026/VDT_project/install/vdt_msgs/lib/libvdt_msgs__rosidl_typesupport_cpp.so" to ""\n'}
[12.166890] (vdt_msgs) StdoutLine: {'line': b'-- Up-to-date: /home/vdt_2026/VDT_project/install/vdt_msgs/share/vdt_msgs/environment/pythonpath.sh\n'}
[12.167077] (vdt_msgs) StdoutLine: {'line': b'-- Up-to-date: /home/vdt_2026/VDT_project/install/vdt_msgs/share/vdt_msgs/environment/pythonpath.dsv\n'}
[12.170439] (vdt_msgs) StdoutLine: {'line': b'-- Up-to-date: /home/vdt_2026/VDT_project/install/vdt_msgs/lib/python3.12/site-packages/vdt_msgs-0.1.0-py3.12.egg-info\n'}
[12.170936] (vdt_msgs) StdoutLine: {'line': b'-- Installing: /home/vdt_2026/VDT_project/install/vdt_msgs/lib/python3.12/site-packages/vdt_msgs-0.1.0-py3.12.egg-info/dependency_links.txt\n'}
[12.171181] (vdt_msgs) StdoutLine: {'line': b'-- Installing: /home/vdt_2026/VDT_project/install/vdt_msgs/lib/python3.12/site-packages/vdt_msgs-0.1.0-py3.12.egg-info/SOURCES.txt\n'}
[12.171384] (vdt_msgs) StdoutLine: {'line': b'-- Installing: /home/vdt_2026/VDT_project/install/vdt_msgs/lib/python3.12/site-packages/vdt_msgs-0.1.0-py3.12.egg-info/PKG-INFO\n'}
[12.171631] (vdt_msgs) StdoutLine: {'line': b'-- Installing: /home/vdt_2026/VDT_project/install/vdt_msgs/lib/python3.12/site-packages/vdt_msgs-0.1.0-py3.12.egg-info/top_level.txt\n'}
[12.171888] (vdt_msgs) StdoutLine: {'line': b'-- Up-to-date: /home/vdt_2026/VDT_project/install/vdt_msgs/lib/python3.12/site-packages/vdt_msgs\n'}
[12.172377] (vdt_msgs) StdoutLine: {'line': b'-- Up-to-date: /home/vdt_2026/VDT_project/install/vdt_msgs/lib/python3.12/site-packages/vdt_msgs/_vdt_msgs_s.ep.rosidl_typesupport_introspection_c.c\n'}
[12.172629] (vdt_msgs) StdoutLine: {'line': b'-- Installing: /home/vdt_2026/VDT_project/install/vdt_msgs/lib/python3.12/site-packages/vdt_msgs/vdt_msgs_s__rosidl_typesupport_fastrtps_c.so\n'}
[12.172879] (vdt_msgs) StdoutLine: {'line': b'-- Installing: /home/vdt_2026/VDT_project/install/vdt_msgs/lib/python3.12/site-packages/vdt_msgs/__init__.py\n'}
[12.173134] (vdt_msgs) StdoutLine: {'line': b'-- Up-to-date: /home/vdt_2026/VDT_project/install/vdt_msgs/lib/python3.12/site-packages/vdt_msgs/_vdt_msgs_s.ep.rosidl_typesupport_c.c\n'}
[12.173244] (vdt_msgs) StdoutLine: {'line': b'-- Up-to-date: /home/vdt_2026/VDT_project/install/vdt_msgs/lib/python3.12/site-packages/vdt_msgs/_vdt_msgs_s.ep.rosidl_typesupport_fastrtps_c.c\n'}
[12.173354] (vdt_msgs) StdoutLine: {'line': b'-- Installing: /home/vdt_2026/VDT_project/install/vdt_msgs/lib/python3.12/site-packages/vdt_msgs/vdt_msgs_s__rosidl_typesupport_introspection_c.so\n'}
[12.173588] (vdt_msgs) StdoutLine: {'line': b'-- Up-to-date: /home/vdt_2026/VDT_project/install/vdt_msgs/lib/python3.12/site-packages/vdt_msgs/msg\n'}
[12.173947] (vdt_msgs) StdoutLine: {'line': b'-- Up-to-date: /home/vdt_2026/VDT_project/install/vdt_msgs/lib/python3.12/site-packages/vdt_msgs/msg/_input_snapshot_s.c\n'}
[12.174591] (vdt_msgs) StdoutLine: {'line': b'-- Up-to-date: /home/vdt_2026/VDT_project/install/vdt_msgs/lib/python3.12/site-packages/vdt_msgs/msg/_planner_output.py\n'}
[12.174696] (vdt_msgs) StdoutLine: {'line': b'-- Up-to-date: /home/vdt_2026/VDT_project/install/vdt_msgs/lib/python3.12/site-packages/vdt_msgs/msg/_alt_estimate.py\n'}
[12.174809] (vdt_msgs) StdoutLine: {'line': b'-- Up-to-date: /home/vdt_2026/VDT_project/install/vdt_msgs/lib/python3.12/site-packages/vdt_msgs/msg/_rc_channels_raw_s.c\n'}
[12.174914] (vdt_msgs) StdoutLine: {'line': b'-- Up-to-date: /home/vdt_2026/VDT_project/install/vdt_msgs/lib/python3.12/site-packages/vdt_msgs/msg/_input_snapshot.py\n'}
[12.175003] (vdt_msgs) StdoutLine: {'line': b'-- Up-to-date: /home/vdt_2026/VDT_project/install/vdt_msgs/lib/python3.12/site-packages/vdt_msgs/msg/__init__.py\n'}
[12.175096] (vdt_msgs) StdoutLine: {'line': b'-- Up-to-date: /home/vdt_2026/VDT_project/install/vdt_msgs/lib/python3.12/site-packages/vdt_msgs/msg/_offboard_status.py\n'}
[12.175200] (vdt_msgs) StdoutLine: {'line': b'-- Up-to-date: /home/vdt_2026/VDT_project/install/vdt_msgs/lib/python3.12/site-packages/vdt_msgs/msg/_rc_channels_raw.py\n'}
[12.175300] (vdt_msgs) StdoutLine: {'line': b'-- Up-to-date: /home/vdt_2026/VDT_project/install/vdt_msgs/lib/python3.12/site-packages/vdt_msgs/msg/_planner_output_s.c\n'}
[12.175390] (vdt_msgs) StdoutLine: {'line': b'-- Up-to-date: /home/vdt_2026/VDT_project/install/vdt_msgs/lib/python3.12/site-packages/vdt_msgs/msg/_timeout_flags.py\n'}
[12.175533] (vdt_msgs) StdoutLine: {'line': b'-- Up-to-date: /home/vdt_2026/VDT_project/install/vdt_msgs/lib/python3.12/site-packages/vdt_msgs/msg/_vision_marker_s.c\n'}
[12.175627] (vdt_msgs) StdoutLine: {'line': b'-- Up-to-date: /home/vdt_2026/VDT_project/install/vdt_msgs/lib/python3.12/site-packages/vdt_msgs/msg/_alt_estimate_s.c\n'}
[12.175725] (vdt_msgs) StdoutLine: {'line': b'-- Up-to-date: /home/vdt_2026/VDT_project/install/vdt_msgs/lib/python3.12/site-packages/vdt_msgs/msg/_vision_marker.py\n'}
[12.175880] (vdt_msgs) StdoutLine: {'line': b'-- Up-to-date: /home/vdt_2026/VDT_project/install/vdt_msgs/lib/python3.12/site-packages/vdt_msgs/msg/_rc_fsm_input.py\n'}
[12.175989] (vdt_msgs) StdoutLine: {'line': b'-- Up-to-date: /home/vdt_2026/VDT_project/install/vdt_msgs/lib/python3.12/site-packages/vdt_msgs/msg/_rc_fsm_input_s.c\n'}
[12.176082] (vdt_msgs) StdoutLine: {'line': b'-- Up-to-date: /home/vdt_2026/VDT_project/install/vdt_msgs/lib/python3.12/site-packages/vdt_msgs/msg/_offboard_status_s.c\n'}
[12.176182] (vdt_msgs) StdoutLine: {'line': b'-- Up-to-date: /home/vdt_2026/VDT_project/install/vdt_msgs/lib/python3.12/site-packages/vdt_msgs/msg/_timeout_flags_s.c\n'}
[12.176276] (vdt_msgs) StdoutLine: {'line': b'-- Installing: /home/vdt_2026/VDT_project/install/vdt_msgs/lib/python3.12/site-packages/vdt_msgs/vdt_msgs_s__rosidl_typesupport_c.so\n'}
[12.226326] (-) TimerEvent: {}
[12.239971] (vdt_msgs) StdoutLine: {'line': b"Listing '/home/vdt_2026/VDT_project/install/vdt_msgs/lib/python3.12/site-packages/vdt_msgs'...\n"}
[12.240259] (vdt_msgs) StdoutLine: {'line': b"Compiling '/home/vdt_2026/VDT_project/install/vdt_msgs/lib/python3.12/site-packages/vdt_msgs/__init__.py'...\n"}
[12.240371] (vdt_msgs) StdoutLine: {'line': b"Listing '/home/vdt_2026/VDT_project/install/vdt_msgs/lib/python3.12/site-packages/vdt_msgs/msg'...\n"}
[12.255494] (vdt_msgs) StdoutLine: {'line': b'-- Installing: /home/vdt_2026/VDT_project/install/vdt_msgs/lib/python3.12/site-packages/vdt_msgs/vdt_msgs_s__rosidl_typesupport_fastrtps_c.so\n'}
[12.256089] (vdt_msgs) StdoutLine: {'line': b'-- Set non-toolchain portion of runtime path of "/home/vdt_2026/VDT_project/install/vdt_msgs/lib/python3.12/site-packages/vdt_msgs/vdt_msgs_s__rosidl_typesupport_fastrtps_c.so" to ""\n'}
[12.256487] (vdt_msgs) StdoutLine: {'line': b'-- Installing: /home/vdt_2026/VDT_project/install/vdt_msgs/lib/python3.12/site-packages/vdt_msgs/vdt_msgs_s__rosidl_typesupport_introspection_c.so\n'}
[12.257101] (vdt_msgs) StdoutLine: {'line': b'-- Set non-toolchain portion of runtime path of "/home/vdt_2026/VDT_project/install/vdt_msgs/lib/python3.12/site-packages/vdt_msgs/vdt_msgs_s__rosidl_typesupport_introspection_c.so" to ""\n'}
[12.257445] (vdt_msgs) StdoutLine: {'line': b'-- Installing: /home/vdt_2026/VDT_project/install/vdt_msgs/lib/python3.12/site-packages/vdt_msgs/vdt_msgs_s__rosidl_typesupport_c.so\n'}
[12.258054] (vdt_msgs) StdoutLine: {'line': b'-- Set non-toolchain portion of runtime path of "/home/vdt_2026/VDT_project/install/vdt_msgs/lib/python3.12/site-packages/vdt_msgs/vdt_msgs_s__rosidl_typesupport_c.so" to ""\n'}
[12.260176] (vdt_msgs) StdoutLine: {'line': b'-- Installing: /home/vdt_2026/VDT_project/install/vdt_msgs/lib/libvdt_msgs__rosidl_generator_py.so\n'}
[12.260823] (vdt_msgs) StdoutLine: {'line': b'-- Set non-toolchain portion of runtime path of "/home/vdt_2026/VDT_project/install/vdt_msgs/lib/libvdt_msgs__rosidl_generator_py.so" to ""\n'}
[12.260999] (vdt_msgs) StdoutLine: {'line': b'-- Up-to-date: /home/vdt_2026/VDT_project/install/vdt_msgs/share/vdt_msgs/rust\n'}
[12.261556] (vdt_msgs) StdoutLine: {'line': b'-- Up-to-date: /home/vdt_2026/VDT_project/install/vdt_msgs/share/vdt_msgs/rust/Cargo.toml\n'}
[12.261644] (vdt_msgs) StdoutLine: {'line': b'-- Up-to-date: /home/vdt_2026/VDT_project/install/vdt_msgs/share/vdt_msgs/rust/src\n'}
[12.262082] (vdt_msgs) StdoutLine: {'line': b'-- Up-to-date: /home/vdt_2026/VDT_project/install/vdt_msgs/share/vdt_msgs/rust/src/msg\n'}
[12.262974] (vdt_msgs) StdoutLine: {'line': b'-- Up-to-date: /home/vdt_2026/VDT_project/install/vdt_msgs/share/vdt_msgs/rust/src/msg/rmw.rs\n'}
[12.263237] (vdt_msgs) StdoutLine: {'line': b'-- Up-to-date: /home/vdt_2026/VDT_project/install/vdt_msgs/share/vdt_msgs/rust/src/lib.rs\n'}
[12.263565] (vdt_msgs) StdoutLine: {'line': b'-- Up-to-date: /home/vdt_2026/VDT_project/install/vdt_msgs/share/vdt_msgs/rust/src/msg.rs\n'}
[12.263688] (vdt_msgs) StdoutLine: {'line': b'-- Up-to-date: /home/vdt_2026/VDT_project/install/vdt_msgs/share/vdt_msgs/rust/build.rs\n'}
[12.264076] (vdt_msgs) StdoutLine: {'line': b'-- Up-to-date: /home/vdt_2026/VDT_project/install/vdt_msgs/share/vdt_msgs/msg/AltEstimate.idl\n'}
[12.264199] (vdt_msgs) StdoutLine: {'line': b'-- Up-to-date: /home/vdt_2026/VDT_project/install/vdt_msgs/share/vdt_msgs/msg/VisionMarker.idl\n'}
[12.264316] (vdt_msgs) StdoutLine: {'line': b'-- Up-to-date: /home/vdt_2026/VDT_project/install/vdt_msgs/share/vdt_msgs/msg/InputSnapshot.idl\n'}
[12.264443] (vdt_msgs) StdoutLine: {'line': b'-- Up-to-date: /home/vdt_2026/VDT_project/install/vdt_msgs/share/vdt_msgs/msg/TimeoutFlags.idl\n'}
[12.264624] (vdt_msgs) StdoutLine: {'line': b'-- Up-to-date: /home/vdt_2026/VDT_project/install/vdt_msgs/share/vdt_msgs/msg/PlannerOutput.idl\n'}
[12.264721] (vdt_msgs) StdoutLine: {'line': b'-- Up-to-date: /home/vdt_2026/VDT_project/install/vdt_msgs/share/vdt_msgs/msg/OffboardStatus.idl\n'}
[12.264970] (vdt_msgs) StdoutLine: {'line': b'-- Up-to-date: /home/vdt_2026/VDT_project/install/vdt_msgs/share/vdt_msgs/msg/RcFsmInput.idl\n'}
[12.265127] (vdt_msgs) StdoutLine: {'line': b'-- Up-to-date: /home/vdt_2026/VDT_project/install/vdt_msgs/share/vdt_msgs/msg/RcChannelsRaw.idl\n'}
[12.265228] (vdt_msgs) StdoutLine: {'line': b'-- Up-to-date: /home/vdt_2026/VDT_project/install/vdt_msgs/share/vdt_msgs/msg/AltEstimate.msg\n'}
[12.265322] (vdt_msgs) StdoutLine: {'line': b'-- Up-to-date: /home/vdt_2026/VDT_project/install/vdt_msgs/share/vdt_msgs/msg/VisionMarker.msg\n'}
[12.265414] (vdt_msgs) StdoutLine: {'line': b'-- Up-to-date: /home/vdt_2026/VDT_project/install/vdt_msgs/share/vdt_msgs/msg/InputSnapshot.msg\n'}
[12.265523] (vdt_msgs) StdoutLine: {'line': b'-- Up-to-date: /home/vdt_2026/VDT_project/install/vdt_msgs/share/vdt_msgs/msg/TimeoutFlags.msg\n'}
[12.265774] (vdt_msgs) StdoutLine: {'line': b'-- Up-to-date: /home/vdt_2026/VDT_project/install/vdt_msgs/share/vdt_msgs/msg/PlannerOutput.msg\n'}
[12.266068] (vdt_msgs) StdoutLine: {'line': b'-- Up-to-date: /home/vdt_2026/VDT_project/install/vdt_msgs/share/vdt_msgs/msg/OffboardStatus.msg\n'}
[12.266185] (vdt_msgs) StdoutLine: {'line': b'-- Up-to-date: /home/vdt_2026/VDT_project/install/vdt_msgs/share/vdt_msgs/msg/RcFsmInput.msg\n'}
[12.266361] (vdt_msgs) StdoutLine: {'line': b'-- Up-to-date: /home/vdt_2026/VDT_project/install/vdt_msgs/share/vdt_msgs/msg/RcChannelsRaw.msg\n'}
[12.266463] (vdt_msgs) StdoutLine: {'line': b'-- Up-to-date: /home/vdt_2026/VDT_project/install/vdt_msgs/share/ament_index/resource_index/package_run_dependencies/vdt_msgs\n'}
[12.266568] (vdt_msgs) StdoutLine: {'line': b'-- Up-to-date: /home/vdt_2026/VDT_project/install/vdt_msgs/share/ament_index/resource_index/parent_prefix_path/vdt_msgs\n'}
[12.266662] (vdt_msgs) StdoutLine: {'line': b'-- Up-to-date: /home/vdt_2026/VDT_project/install/vdt_msgs/share/vdt_msgs/environment/ament_prefix_path.sh\n'}
[12.266771] (vdt_msgs) StdoutLine: {'line': b'-- Up-to-date: /home/vdt_2026/VDT_project/install/vdt_msgs/share/vdt_msgs/environment/ament_prefix_path.dsv\n'}
[12.266876] (vdt_msgs) StdoutLine: {'line': b'-- Up-to-date: /home/vdt_2026/VDT_project/install/vdt_msgs/share/vdt_msgs/environment/path.sh\n'}
[12.266991] (vdt_msgs) StdoutLine: {'line': b'-- Up-to-date: /home/vdt_2026/VDT_project/install/vdt_msgs/share/vdt_msgs/environment/path.dsv\n'}
[12.267211] (vdt_msgs) StdoutLine: {'line': b'-- Up-to-date: /home/vdt_2026/VDT_project/install/vdt_msgs/share/vdt_msgs/local_setup.bash\n'}
[12.267345] (vdt_msgs) StdoutLine: {'line': b'-- Up-to-date: /home/vdt_2026/VDT_project/install/vdt_msgs/share/vdt_msgs/local_setup.sh\n'}
[12.267456] (vdt_msgs) StdoutLine: {'line': b'-- Up-to-date: /home/vdt_2026/VDT_project/install/vdt_msgs/share/vdt_msgs/local_setup.zsh\n'}
[12.267552] (vdt_msgs) StdoutLine: {'line': b'-- Up-to-date: /home/vdt_2026/VDT_project/install/vdt_msgs/share/vdt_msgs/local_setup.dsv\n'}
[12.267644] (vdt_msgs) StdoutLine: {'line': b'-- Installing: /home/vdt_2026/VDT_project/install/vdt_msgs/share/vdt_msgs/package.dsv\n'}
[12.267736] (vdt_msgs) StdoutLine: {'line': b'-- Up-to-date: /home/vdt_2026/VDT_project/install/vdt_msgs/share/ament_index/resource_index/packages/vdt_msgs\n'}
[12.268264] (vdt_msgs) StdoutLine: {'line': b'-- Up-to-date: /home/vdt_2026/VDT_project/install/vdt_msgs/share/vdt_msgs/cmake/export_vdt_msgs__rosidl_generator_cExport.cmake\n'}
[12.268462] (vdt_msgs) StdoutLine: {'line': b'-- Up-to-date: /home/vdt_2026/VDT_project/install/vdt_msgs/share/vdt_msgs/cmake/export_vdt_msgs__rosidl_generator_cExport-noconfig.cmake\n'}
[12.269090] (vdt_msgs) StdoutLine: {'line': b'-- Up-to-date: /home/vdt_2026/VDT_project/install/vdt_msgs/share/vdt_msgs/cmake/export_vdt_msgs__rosidl_typesupport_fastrtps_cExport.cmake\n'}
[12.269268] (vdt_msgs) StdoutLine: {'line': b'-- Up-to-date: /home/vdt_2026/VDT_project/install/vdt_msgs/share/vdt_msgs/cmake/export_vdt_msgs__rosidl_typesupport_fastrtps_cExport-noconfig.cmake\n'}
[12.269823] (vdt_msgs) StdoutLine: {'line': b'-- Up-to-date: /home/vdt_2026/VDT_project/install/vdt_msgs/share/vdt_msgs/cmake/export_vdt_msgs__rosidl_generator_cppExport.cmake\n'}
[12.270501] (vdt_msgs) StdoutLine: {'line': b'-- Up-to-date: /home/vdt_2026/VDT_project/install/vdt_msgs/share/vdt_msgs/cmake/export_vdt_msgs__rosidl_typesupport_fastrtps_cppExport.cmake\n'}
[12.270672] (vdt_msgs) StdoutLine: {'line': b'-- Up-to-date: /home/vdt_2026/VDT_project/install/vdt_msgs/share/vdt_msgs/cmake/export_vdt_msgs__rosidl_typesupport_fastrtps_cppExport-noconfig.cmake\n'}
[12.271348] (vdt_msgs) StdoutLine: {'line': b'-- Up-to-date: /home/vdt_2026/VDT_project/install/vdt_msgs/share/vdt_msgs/cmake/vdt_msgs__rosidl_typesupport_introspection_cExport.cmake\n'}
[12.271543] (vdt_msgs) StdoutLine: {'line': b'-- Up-to-date: /home/vdt_2026/VDT_project/install/vdt_msgs/share/vdt_msgs/cmake/vdt_msgs__rosidl_typesupport_introspection_cExport-noconfig.cmake\n'}
[12.272069] (vdt_msgs) StdoutLine: {'line': b'-- Up-to-date: /home/vdt_2026/VDT_project/install/vdt_msgs/share/vdt_msgs/cmake/vdt_msgs__rosidl_typesupport_cExport.cmake\n'}
[12.272248] (vdt_msgs) StdoutLine: {'line': b'-- Up-to-date: /home/vdt_2026/VDT_project/install/vdt_msgs/share/vdt_msgs/cmake/vdt_msgs__rosidl_typesupport_cExport-noconfig.cmake\n'}
[12.272789] (vdt_msgs) StdoutLine: {'line': b'-- Up-to-date: /home/vdt_2026/VDT_project/install/vdt_msgs/share/vdt_msgs/cmake/vdt_msgs__rosidl_typesupport_introspection_cppExport.cmake\n'}
[12.273000] (vdt_msgs) StdoutLine: {'line': b'-- Up-to-date: /home/vdt_2026/VDT_project/install/vdt_msgs/share/vdt_msgs/cmake/vdt_msgs__rosidl_typesupport_introspection_cppExport-noconfig.cmake\n'}
[12.273630] (vdt_msgs) StdoutLine: {'line': b'-- Up-to-date: /home/vdt_2026/VDT_project/install/vdt_msgs/share/vdt_msgs/cmake/vdt_msgs__rosidl_typesupport_cppExport.cmake\n'}
[12.273828] (vdt_msgs) StdoutLine: {'line': b'-- Up-to-date: /home/vdt_2026/VDT_project/install/vdt_msgs/share/vdt_msgs/cmake/vdt_msgs__rosidl_typesupport_cppExport-noconfig.cmake\n'}
[12.274323] (vdt_msgs) StdoutLine: {'line': b'-- Up-to-date: /home/vdt_2026/VDT_project/install/vdt_msgs/share/vdt_msgs/cmake/export_vdt_msgs__rosidl_generator_pyExport.cmake\n'}
[12.274509] (vdt_msgs) StdoutLine: {'line': b'-- Up-to-date: /home/vdt_2026/VDT_project/install/vdt_msgs/share/vdt_msgs/cmake/export_vdt_msgs__rosidl_generator_pyExport-noconfig.cmake\n'}
[12.274620] (vdt_msgs) StdoutLine: {'line': b'-- Up-to-date: /home/vdt_2026/VDT_project/install/vdt_msgs/share/vdt_msgs/cmake/rosidl_cmake-extras.cmake\n'}
[12.274816] (vdt_msgs) StdoutLine: {'line': b'-- Up-to-date: /home/vdt_2026/VDT_project/install/vdt_msgs/share/vdt_msgs/cmake/ament_cmake_export_dependencies-extras.cmake\n'}
[12.275099] (vdt_msgs) StdoutLine: {'line': b'-- Up-to-date: /home/vdt_2026/VDT_project/install/vdt_msgs/share/vdt_msgs/cmake/ament_cmake_export_include_directories-extras.cmake\n'}
[12.275245] (vdt_msgs) StdoutLine: {'line': b'-- Up-to-date: /home/vdt_2026/VDT_project/install/vdt_msgs/share/vdt_msgs/cmake/ament_cmake_export_libraries-extras.cmake\n'}
[12.275371] (vdt_msgs) StdoutLine: {'line': b'-- Up-to-date: /home/vdt_2026/VDT_project/install/vdt_msgs/share/vdt_msgs/cmake/ament_cmake_export_targets-extras.cmake\n'}
[12.275477] (vdt_msgs) StdoutLine: {'line': b'-- Up-to-date: /home/vdt_2026/VDT_project/install/vdt_msgs/share/vdt_msgs/cmake/rosidl_cmake_export_typesupport_targets-extras.cmake\n'}
[12.275597] (vdt_msgs) StdoutLine: {'line': b'-- Up-to-date: /home/vdt_2026/VDT_project/install/vdt_msgs/share/vdt_msgs/cmake/rosidl_cmake_export_typesupport_libraries-extras.cmake\n'}
[12.275870] (vdt_msgs) StdoutLine: {'line': b'-- Up-to-date: /home/vdt_2026/VDT_project/install/vdt_msgs/share/vdt_msgs/cmake/rosidl_cmake_aggregate_target-extras.cmake\n'}
[12.276065] (vdt_msgs) StdoutLine: {'line': b'-- Up-to-date: /home/vdt_2026/VDT_project/install/vdt_msgs/share/vdt_msgs/cmake/vdt_msgsConfig.cmake\n'}
[12.276186] (vdt_msgs) StdoutLine: {'line': b'-- Up-to-date: /home/vdt_2026/VDT_project/install/vdt_msgs/share/vdt_msgs/cmake/vdt_msgsConfig-version.cmake\n'}
[12.276292] (vdt_msgs) StdoutLine: {'line': b'-- Up-to-date: /home/vdt_2026/VDT_project/install/vdt_msgs/share/vdt_msgs/package.xml\n'}
[12.279432] (vdt_msgs) CommandEnded: {'returncode': 0}
[12.312980] (vdt_msgs) JobEnded: {'identifier': 'vdt_msgs', 'rc': 0}
[12.314866] (vdt_takeoff) JobStarted: {'identifier': 'vdt_takeoff'}
[12.326427] (-) TimerEvent: {}
[12.426585] (-) TimerEvent: {}
[12.526714] (-) TimerEvent: {}
[12.626852] (-) TimerEvent: {}
[12.727016] (-) TimerEvent: {}
[12.827201] (-) TimerEvent: {}
[12.927375] (-) TimerEvent: {}
[13.027519] (-) TimerEvent: {}
[13.127646] (-) TimerEvent: {}
[13.227783] (-) TimerEvent: {}
[13.327928] (-) TimerEvent: {}
[13.376275] (vdt_takeoff) Command: {'cmd': ['/usr/bin/python3', '-W', 'ignore:setup.py install is deprecated', '-W', 'ignore:easy_install command is deprecated', 'setup.py', 'egg_info', '--egg-base', '../../../build/vdt_takeoff', 'build', '--build-base', '/home/vdt_2026/VDT_project/build/vdt_takeoff/build', 'install', '--record', '/home/vdt_2026/VDT_project/build/vdt_takeoff/install.log', '--install-scripts', '$base/lib/vdt_takeoff', '--single-version-externally-managed', 'install_data'], 'cwd': '/home/vdt_2026/VDT_project/ros2_ws/src/takeoff', 'env': OrderedDict({'LESSOPEN': '| /usr/bin/lesspipe %s', 'USER': 'vdt_2026', 'SSH_CLIENT': '100.101.240.43 53682 22', 'XDG_SESSION_TYPE': 'tty', 'SHLVL': '1', 'LD_LIBRARY_PATH': '/home/vdt_2026/ros2_ws/install/px4_msgs/lib:/opt/ros/jazzy/lib/aarch64-linux-gnu:/opt/ros/jazzy/lib', 'HOME': '/home/vdt_2026', 'OLDPWD': '/home/vdt_2026', 'SSH_TTY': '/dev/pts/0', 'ROS_PYTHON_VERSION': '3', 'DBUS_SESSION_BUS_ADDRESS': 'unix:path=/run/user/1000/bus', 'COLCON_PREFIX_PATH': '/home/vdt_2026/ros2_ws/install', 'ROS_DISTRO': 'jazzy', 'LOGNAME': 'vdt_2026', '_': '/usr/bin/colcon', 'ROS_VERSION': '2', 'XDG_SESSION_CLASS': 'user', 'TERM': 'xterm-256color', 'XDG_SESSION_ID': '1', 'PATH': '/home/vdt_2026/.local/bin:/opt/ros/jazzy/bin:/usr/local/sbin:/usr/local/bin:/usr/sbin:/usr/bin:/sbin:/bin:/usr/games:/usr/local/games:/snap/bin', 'XDG_RUNTIME_DIR': '/run/user/1000', 'LANG': 'en_US.UTF-8', 'LS_COLORS': 'rs=0:di=01;34:ln=01;36:mh=00:pi=40;33:so=01;35:do=01;35:bd=40;33;01:cd=40;33;01:or=40;31;01:mi=00:su=37;41:sg=30;43:ca=00:tw=30;42:ow=34;42:st=37;44:ex=01;32:*.tar=01;31:*.tgz=01;31:*.arc=01;31:*.arj=01;31:*.taz=01;31:*.lha=01;31:*.lz4=01;31:*.lzh=01;31:*.lzma=01;31:*.tlz=01;31:*.txz=01;31:*.tzo=01;31:*.t7z=01;31:*.zip=01;31:*.z=01;31:*.dz=01;31:*.gz=01;31:*.lrz=01;31:*.lz=01;31:*.lzo=01;31:*.xz=01;31:*.zst=01;31:*.tzst=01;31:*.bz2=01;31:*.bz=01;31:*.tbz=01;31:*.tbz2=01;31:*.tz=01;31:*.deb=01;31:*.rpm=01;31:*.jar=01;31:*.war=01;31:*.ear=01;31:*.sar=01;31:*.rar=01;31:*.alz=01;31:*.ace=01;31:*.zoo=01;31:*.cpio=01;31:*.7z=01;31:*.rz=01;31:*.cab=01;31:*.wim=01;31:*.swm=01;31:*.dwm=01;31:*.esd=01;31:*.avif=01;35:*.jpg=01;35:*.jpeg=01;35:*.mjpg=01;35:*.mjpeg=01;35:*.gif=01;35:*.bmp=01;35:*.pbm=01;35:*.pgm=01;35:*.ppm=01;35:*.tga=01;35:*.xbm=01;35:*.xpm=01;35:*.tif=01;35:*.tiff=01;35:*.png=01;35:*.svg=01;35:*.svgz=01;35:*.mng=01;35:*.pcx=01;35:*.mov=01;35:*.mpg=01;35:*.mpeg=01;35:*.m2v=01;35:*.mkv=01;35:*.webm=01;35:*.webp=01;35:*.ogm=01;35:*.mp4=01;35:*.m4v=01;35:*.mp4v=01;35:*.vob=01;35:*.qt=01;35:*.nuv=01;35:*.wmv=01;35:*.asf=01;35:*.rm=01;35:*.rmvb=01;35:*.flc=01;35:*.avi=01;35:*.fli=01;35:*.flv=01;35:*.gl=01;35:*.dl=01;35:*.xcf=01;35:*.xwd=01;35:*.yuv=01;35:*.cgm=01;35:*.emf=01;35:*.ogv=01;35:*.ogx=01;35:*.aac=00;36:*.au=00;36:*.flac=00;36:*.m4a=00;36:*.mid=00;36:*.midi=00;36:*.mka=00;36:*.mp3=00;36:*.mpc=00;36:*.ogg=00;36:*.ra=00;36:*.wav=00;36:*.oga=00;36:*.opus=00;36:*.spx=00;36:*.xspf=00;36:*~=00;90:*#=00;90:*.bak=00;90:*.crdownload=00;90:*.dpkg-dist=00;90:*.dpkg-new=00;90:*.dpkg-old=00;90:*.dpkg-tmp=00;90:*.old=00;90:*.orig=00;90:*.part=00;90:*.rej=00;90:*.rpmnew=00;90:*.rpmorig=00;90:*.rpmsave=00;90:*.swp=00;90:*.tmp=00;90:*.ucf-dist=00;90:*.ucf-new=00;90:*.ucf-old=00;90:', 'AMENT_PREFIX_PATH': '/home/vdt_2026/ros2_ws/install/px4_msgs:/opt/ros/jazzy', 'SHELL': '/bin/bash', 'LESSCLOSE': '/usr/bin/lesspipe %s %s', 'ROS_AUTOMATIC_DISCOVERY_RANGE': 'SUBNET', 'PWD': '/home/vdt_2026/VDT_project/build/vdt_takeoff', 'LC_ALL': 'en_US.UTF-8', 'SSH_CONNECTION': '100.101.240.43 53682 100.65.242.75 22', 'XDG_DATA_DIRS': '/usr/local/share:/usr/share:/var/lib/snapd/desktop', 'PYTHONPATH': '/home/vdt_2026/VDT_project/build/vdt_takeoff/prefix_override:/usr/lib/python3/dist-packages/colcon_core/task/python/colcon_distutils_commands:/home/vdt_2026/VDT_project/install/vdt_takeoff/lib/python3.12/site-packages:/home/vdt_2026/ros2_ws/install/px4_msgs/lib/python3.12/site-packages:/opt/ros/jazzy/lib/python3.12/site-packages:/home/vdt_2026/librealsense/build/Release', 'COLCON': '1', 'CMAKE_PREFIX_PATH': '/home/vdt_2026/ros2_ws/install/px4_msgs'}), 'shell': False}
[13.428041] (-) TimerEvent: {}
[13.528233] (-) TimerEvent: {}
[13.628409] (-) TimerEvent: {}
[13.683473] (vdt_takeoff) StdoutLine: {'line': b'running egg_info\n'}
[13.702852] (vdt_takeoff) StdoutLine: {'line': b'writing ../../../build/vdt_takeoff/takeoff.egg-info/PKG-INFO\n'}
[13.703745] (vdt_takeoff) StdoutLine: {'line': b'writing dependency_links to ../../../build/vdt_takeoff/takeoff.egg-info/dependency_links.txt\n'}
[13.704673] (vdt_takeoff) StdoutLine: {'line': b'writing entry points to ../../../build/vdt_takeoff/takeoff.egg-info/entry_points.txt\n'}
[13.705313] (vdt_takeoff) StdoutLine: {'line': b'writing requirements to ../../../build/vdt_takeoff/takeoff.egg-info/requires.txt\n'}
[13.706012] (vdt_takeoff) StdoutLine: {'line': b'writing top-level names to ../../../build/vdt_takeoff/takeoff.egg-info/top_level.txt\n'}
[13.728476] (-) TimerEvent: {}
[13.749210] (vdt_takeoff) StdoutLine: {'line': b"reading manifest file '../../../build/vdt_takeoff/takeoff.egg-info/SOURCES.txt'\n"}
[13.750924] (vdt_takeoff) StdoutLine: {'line': b"writing manifest file '../../../build/vdt_takeoff/takeoff.egg-info/SOURCES.txt'\n"}
[13.751153] (vdt_takeoff) StdoutLine: {'line': b'running build\n'}
[13.751377] (vdt_takeoff) StdoutLine: {'line': b'running build_py\n'}
[13.754029] (vdt_takeoff) StdoutLine: {'line': b'running install\n'}
[13.763947] (vdt_takeoff) StdoutLine: {'line': b'running install_lib\n'}
[13.786316] (vdt_takeoff) StdoutLine: {'line': b'running install_data\n'}
[13.786919] (vdt_takeoff) StdoutLine: {'line': b'running install_egg_info\n'}
[13.809592] (vdt_takeoff) StdoutLine: {'line': b"removing '/home/vdt_2026/VDT_project/install/vdt_takeoff/lib/python3.12/site-packages/takeoff-0.1.0-py3.12.egg-info' (and everything under it)\n"}
[13.810077] (vdt_takeoff) StdoutLine: {'line': b'Copying ../../../build/vdt_takeoff/takeoff.egg-info to /home/vdt_2026/VDT_project/install/vdt_takeoff/lib/python3.12/site-packages/takeoff-0.1.0-py3.12.egg-info\n'}
[13.812005] (vdt_takeoff) StdoutLine: {'line': b'running install_scripts\n'}
[13.828555] (-) TimerEvent: {}
[13.928695] (-) TimerEvent: {}
[13.956273] (vdt_takeoff) StdoutLine: {'line': b'Installing takeoff script to /home/vdt_2026/VDT_project/install/vdt_takeoff/lib/vdt_takeoff\n'}
[13.957360] (vdt_takeoff) StdoutLine: {'line': b"writing list of installed files to '/home/vdt_2026/VDT_project/build/vdt_takeoff/install.log'\n"}
[14.028831] (-) TimerEvent: {}
[14.045105] (vdt_takeoff) CommandEnded: {'returncode': 0}
[14.059423] (vdt_takeoff) JobEnded: {'identifier': 'vdt_takeoff', 'rc': 0}
[14.061502] (xrce_bridge_manager) JobStarted: {'identifier': 'xrce_bridge_manager'}
[14.128921] (-) TimerEvent: {}
[14.229078] (-) TimerEvent: {}
[14.329279] (-) TimerEvent: {}
[14.429611] (-) TimerEvent: {}
[14.529883] (-) TimerEvent: {}
[14.630049] (-) TimerEvent: {}
[14.730177] (-) TimerEvent: {}
[14.830292] (-) TimerEvent: {}
[14.930429] (-) TimerEvent: {}
[15.030631] (-) TimerEvent: {}
[15.130966] (-) TimerEvent: {}
[15.139053] (xrce_bridge_manager) Command: {'cmd': ['/usr/bin/python3', '-W', 'ignore:setup.py install is deprecated', '-W', 'ignore:easy_install command is deprecated', 'setup.py', 'egg_info', '--egg-base', '../../../build/xrce_bridge_manager', 'build', '--build-base', '/home/vdt_2026/VDT_project/build/xrce_bridge_manager/build', 'install', '--record', '/home/vdt_2026/VDT_project/build/xrce_bridge_manager/install.log', '--install-scripts', '$base/lib/xrce_bridge_manager', '--single-version-externally-managed', 'install_data'], 'cwd': '/home/vdt_2026/VDT_project/ros2_ws/src/xrce_bridge_manager', 'env': OrderedDict({'LESSOPEN': '| /usr/bin/lesspipe %s', 'USER': 'vdt_2026', 'SSH_CLIENT': '100.101.240.43 53682 22', 'XDG_SESSION_TYPE': 'tty', 'SHLVL': '1', 'LD_LIBRARY_PATH': '/home/vdt_2026/ros2_ws/install/px4_msgs/lib:/opt/ros/jazzy/lib/aarch64-linux-gnu:/opt/ros/jazzy/lib', 'HOME': '/home/vdt_2026', 'OLDPWD': '/home/vdt_2026', 'SSH_TTY': '/dev/pts/0', 'ROS_PYTHON_VERSION': '3', 'DBUS_SESSION_BUS_ADDRESS': 'unix:path=/run/user/1000/bus', 'COLCON_PREFIX_PATH': '/home/vdt_2026/ros2_ws/install', 'ROS_DISTRO': 'jazzy', 'LOGNAME': 'vdt_2026', '_': '/usr/bin/colcon', 'ROS_VERSION': '2', 'XDG_SESSION_CLASS': 'user', 'TERM': 'xterm-256color', 'XDG_SESSION_ID': '1', 'PATH': '/home/vdt_2026/.local/bin:/opt/ros/jazzy/bin:/usr/local/sbin:/usr/local/bin:/usr/sbin:/usr/bin:/sbin:/bin:/usr/games:/usr/local/games:/snap/bin', 'XDG_RUNTIME_DIR': '/run/user/1000', 'LANG': 'en_US.UTF-8', 'LS_COLORS': 'rs=0:di=01;34:ln=01;36:mh=00:pi=40;33:so=01;35:do=01;35:bd=40;33;01:cd=40;33;01:or=40;31;01:mi=00:su=37;41:sg=30;43:ca=00:tw=30;42:ow=34;42:st=37;44:ex=01;32:*.tar=01;31:*.tgz=01;31:*.arc=01;31:*.arj=01;31:*.taz=01;31:*.lha=01;31:*.lz4=01;31:*.lzh=01;31:*.lzma=01;31:*.tlz=01;31:*.txz=01;31:*.tzo=01;31:*.t7z=01;31:*.zip=01;31:*.z=01;31:*.dz=01;31:*.gz=01;31:*.lrz=01;31:*.lz=01;31:*.lzo=01;31:*.xz=01;31:*.zst=01;31:*.tzst=01;31:*.bz2=01;31:*.bz=01;31:*.tbz=01;31:*.tbz2=01;31:*.tz=01;31:*.deb=01;31:*.rpm=01;31:*.jar=01;31:*.war=01;31:*.ear=01;31:*.sar=01;31:*.rar=01;31:*.alz=01;31:*.ace=01;31:*.zoo=01;31:*.cpio=01;31:*.7z=01;31:*.rz=01;31:*.cab=01;31:*.wim=01;31:*.swm=01;31:*.dwm=01;31:*.esd=01;31:*.avif=01;35:*.jpg=01;35:*.jpeg=01;35:*.mjpg=01;35:*.mjpeg=01;35:*.gif=01;35:*.bmp=01;35:*.pbm=01;35:*.pgm=01;35:*.ppm=01;35:*.tga=01;35:*.xbm=01;35:*.xpm=01;35:*.tif=01;35:*.tiff=01;35:*.png=01;35:*.svg=01;35:*.svgz=01;35:*.mng=01;35:*.pcx=01;35:*.mov=01;35:*.mpg=01;35:*.mpeg=01;35:*.m2v=01;35:*.mkv=01;35:*.webm=01;35:*.webp=01;35:*.ogm=01;35:*.mp4=01;35:*.m4v=01;35:*.mp4v=01;35:*.vob=01;35:*.qt=01;35:*.nuv=01;35:*.wmv=01;35:*.asf=01;35:*.rm=01;35:*.rmvb=01;35:*.flc=01;35:*.avi=01;35:*.fli=01;35:*.flv=01;35:*.gl=01;35:*.dl=01;35:*.xcf=01;35:*.xwd=01;35:*.yuv=01;35:*.cgm=01;35:*.emf=01;35:*.ogv=01;35:*.ogx=01;35:*.aac=00;36:*.au=00;36:*.flac=00;36:*.m4a=00;36:*.mid=00;36:*.midi=00;36:*.mka=00;36:*.mp3=00;36:*.mpc=00;36:*.ogg=00;36:*.ra=00;36:*.wav=00;36:*.oga=00;36:*.opus=00;36:*.spx=00;36:*.xspf=00;36:*~=00;90:*#=00;90:*.bak=00;90:*.crdownload=00;90:*.dpkg-dist=00;90:*.dpkg-new=00;90:*.dpkg-old=00;90:*.dpkg-tmp=00;90:*.old=00;90:*.orig=00;90:*.part=00;90:*.rej=00;90:*.rpmnew=00;90:*.rpmorig=00;90:*.rpmsave=00;90:*.swp=00;90:*.tmp=00;90:*.ucf-dist=00;90:*.ucf-new=00;90:*.ucf-old=00;90:', 'AMENT_PREFIX_PATH': '/home/vdt_2026/ros2_ws/install/px4_msgs:/opt/ros/jazzy', 'SHELL': '/bin/bash', 'LESSCLOSE': '/usr/bin/lesspipe %s %s', 'ROS_AUTOMATIC_DISCOVERY_RANGE': 'SUBNET', 'PWD': '/home/vdt_2026/VDT_project/build/xrce_bridge_manager', 'LC_ALL': 'en_US.UTF-8', 'SSH_CONNECTION': '100.101.240.43 53682 100.65.242.75 22', 'XDG_DATA_DIRS': '/usr/local/share:/usr/share:/var/lib/snapd/desktop', 'PYTHONPATH': '/home/vdt_2026/VDT_project/build/xrce_bridge_manager/prefix_override:/usr/lib/python3/dist-packages/colcon_core/task/python/colcon_distutils_commands:/home/vdt_2026/VDT_project/install/xrce_bridge_manager/lib/python3.12/site-packages:/home/vdt_2026/ros2_ws/install/px4_msgs/lib/python3.12/site-packages:/opt/ros/jazzy/lib/python3.12/site-packages:/home/vdt_2026/librealsense/build/Release', 'COLCON': '1', 'CMAKE_PREFIX_PATH': '/home/vdt_2026/ros2_ws/install/px4_msgs'}), 'shell': False}
[15.231001] (-) TimerEvent: {}
[15.331159] (-) TimerEvent: {}
[15.431302] (-) TimerEvent: {}
[15.451685] (xrce_bridge_manager) StdoutLine: {'line': b'running egg_info\n'}
[15.471386] (xrce_bridge_manager) StdoutLine: {'line': b'writing ../../../build/xrce_bridge_manager/xrce_bridge_manager.egg-info/PKG-INFO\n'}
[15.472330] (xrce_bridge_manager) StdoutLine: {'line': b'writing dependency_links to ../../../build/xrce_bridge_manager/xrce_bridge_manager.egg-info/dependency_links.txt\n'}
[15.474274] (xrce_bridge_manager) StdoutLine: {'line': b'writing entry points to ../../../build/xrce_bridge_manager/xrce_bridge_manager.egg-info/entry_points.txt\n'}
[15.474964] (xrce_bridge_manager) StdoutLine: {'line': b'writing requirements to ../../../build/xrce_bridge_manager/xrce_bridge_manager.egg-info/requires.txt\n'}
[15.475828] (xrce_bridge_manager) StdoutLine: {'line': b'writing top-level names to ../../../build/xrce_bridge_manager/xrce_bridge_manager.egg-info/top_level.txt\n'}
[15.518024] (xrce_bridge_manager) StdoutLine: {'line': b"reading manifest file '../../../build/xrce_bridge_manager/xrce_bridge_manager.egg-info/SOURCES.txt'\n"}
[15.519909] (xrce_bridge_manager) StdoutLine: {'line': b"writing manifest file '../../../build/xrce_bridge_manager/xrce_bridge_manager.egg-info/SOURCES.txt'\n"}
[15.520161] (xrce_bridge_manager) StdoutLine: {'line': b'running build\n'}
[15.520363] (xrce_bridge_manager) StdoutLine: {'line': b'running build_py\n'}
[15.522880] (xrce_bridge_manager) StdoutLine: {'line': b'running install\n'}
[15.531374] (-) TimerEvent: {}
[15.532775] (xrce_bridge_manager) StdoutLine: {'line': b'running install_lib\n'}
[15.555112] (xrce_bridge_manager) StdoutLine: {'line': b'running install_data\n'}
[15.556553] (xrce_bridge_manager) StdoutLine: {'line': b'creating /home/vdt_2026/VDT_project/install/xrce_bridge_manager/share/xrce_bridge_manager/launch\n'}
[15.556747] (xrce_bridge_manager) StdoutLine: {'line': b'copying launch/xrce_bringe_manager.launch.py -> /home/vdt_2026/VDT_project/install/xrce_bridge_manager/share/xrce_bridge_manager/launch\n'}
[15.557415] (xrce_bridge_manager) StdoutLine: {'line': b'running install_egg_info\n'}
[15.579985] (xrce_bridge_manager) StdoutLine: {'line': b"removing '/home/vdt_2026/VDT_project/install/xrce_bridge_manager/lib/python3.12/site-packages/xrce_bridge_manager-0.1.0-py3.12.egg-info' (and everything under it)\n"}
[15.580418] (xrce_bridge_manager) StdoutLine: {'line': b'Copying ../../../build/xrce_bridge_manager/xrce_bridge_manager.egg-info to /home/vdt_2026/VDT_project/install/xrce_bridge_manager/lib/python3.12/site-packages/xrce_bridge_manager-0.1.0-py3.12.egg-info\n'}
[15.582324] (xrce_bridge_manager) StdoutLine: {'line': b'running install_scripts\n'}
[15.631478] (-) TimerEvent: {}
[15.727806] (xrce_bridge_manager) StdoutLine: {'line': b'Installing xrce_bridge_node script to /home/vdt_2026/VDT_project/install/xrce_bridge_manager/lib/xrce_bridge_manager\n'}
[15.728937] (xrce_bridge_manager) StdoutLine: {'line': b"writing list of installed files to '/home/vdt_2026/VDT_project/build/xrce_bridge_manager/install.log'\n"}
[15.731572] (-) TimerEvent: {}
[15.819416] (xrce_bridge_manager) CommandEnded: {'returncode': 0}
[15.831086] (xrce_bridge_manager) JobEnded: {'identifier': 'xrce_bridge_manager', 'rc': 0}
[15.832734] (-) TimerEvent: {}
[15.832794] (fsm_state_machine) JobStarted: {'identifier': 'fsm_state_machine'}
[15.846133] (fsm_state_machine) JobProgress: {'identifier': 'fsm_state_machine', 'progress': 'cmake'}
[15.855050] (fsm_state_machine) Command: {'cmd': ['/usr/bin/cmake', '/home/vdt_2026/VDT_project/ros2_ws/src/fsm_state_machine', '-DCMAKE_VERBOSE_MAKEFILE=ON', '-DCMAKE_INSTALL_PREFIX=/home/vdt_2026/VDT_project/install/fsm_state_machine'], 'cwd': '/home/vdt_2026/VDT_project/build/fsm_state_machine', 'env': OrderedDict({'LESSOPEN': '| /usr/bin/lesspipe %s', 'USER': 'vdt_2026', 'SSH_CLIENT': '100.101.240.43 53682 22', 'XDG_SESSION_TYPE': 'tty', 'SHLVL': '1', 'LD_LIBRARY_PATH': '/home/vdt_2026/VDT_project/install/vdt_msgs/lib:/home/vdt_2026/ros2_ws/install/px4_msgs/lib:/opt/ros/jazzy/lib/aarch64-linux-gnu:/opt/ros/jazzy/lib', 'HOME': '/home/vdt_2026', 'OLDPWD': '/home/vdt_2026', 'SSH_TTY': '/dev/pts/0', 'ROS_PYTHON_VERSION': '3', 'DBUS_SESSION_BUS_ADDRESS': 'unix:path=/run/user/1000/bus', 'COLCON_PREFIX_PATH': '/home/vdt_2026/ros2_ws/install', 'ROS_DISTRO': 'jazzy', 'LOGNAME': 'vdt_2026', '_': '/usr/bin/colcon', 'ROS_VERSION': '2', 'XDG_SESSION_CLASS': 'user', 'TERM': 'xterm-256color', 'XDG_SESSION_ID': '1', 'PATH': '/home/vdt_2026/.local/bin:/opt/ros/jazzy/bin:/usr/local/sbin:/usr/local/bin:/usr/sbin:/usr/bin:/sbin:/bin:/usr/games:/usr/local/games:/snap/bin', 'XDG_RUNTIME_DIR': '/run/user/1000', 'LANG': 'en_US.UTF-8', 'LS_COLORS': 'rs=0:di=01;34:ln=01;36:mh=00:pi=40;33:so=01;35:do=01;35:bd=40;33;01:cd=40;33;01:or=40;31;01:mi=00:su=37;41:sg=30;43:ca=00:tw=30;42:ow=34;42:st=37;44:ex=01;32:*.tar=01;31:*.tgz=01;31:*.arc=01;31:*.arj=01;31:*.taz=01;31:*.lha=01;31:*.lz4=01;31:*.lzh=01;31:*.lzma=01;31:*.tlz=01;31:*.txz=01;31:*.tzo=01;31:*.t7z=01;31:*.zip=01;31:*.z=01;31:*.dz=01;31:*.gz=01;31:*.lrz=01;31:*.lz=01;31:*.lzo=01;31:*.xz=01;31:*.zst=01;31:*.tzst=01;31:*.bz2=01;31:*.bz=01;31:*.tbz=01;31:*.tbz2=01;31:*.tz=01;31:*.deb=01;31:*.rpm=01;31:*.jar=01;31:*.war=01;31:*.ear=01;31:*.sar=01;31:*.rar=01;31:*.alz=01;31:*.ace=01;31:*.zoo=01;31:*.cpio=01;31:*.7z=01;31:*.rz=01;31:*.cab=01;31:*.wim=01;31:*.swm=01;31:*.dwm=01;31:*.esd=01;31:*.avif=01;35:*.jpg=01;35:*.jpeg=01;35:*.mjpg=01;35:*.mjpeg=01;35:*.gif=01;35:*.bmp=01;35:*.pbm=01;35:*.pgm=01;35:*.ppm=01;35:*.tga=01;35:*.xbm=01;35:*.xpm=01;35:*.tif=01;35:*.tiff=01;35:*.png=01;35:*.svg=01;35:*.svgz=01;35:*.mng=01;35:*.pcx=01;35:*.mov=01;35:*.mpg=01;35:*.mpeg=01;35:*.m2v=01;35:*.mkv=01;35:*.webm=01;35:*.webp=01;35:*.ogm=01;35:*.mp4=01;35:*.m4v=01;35:*.mp4v=01;35:*.vob=01;35:*.qt=01;35:*.nuv=01;35:*.wmv=01;35:*.asf=01;35:*.rm=01;35:*.rmvb=01;35:*.flc=01;35:*.avi=01;35:*.fli=01;35:*.flv=01;35:*.gl=01;35:*.dl=01;35:*.xcf=01;35:*.xwd=01;35:*.yuv=01;35:*.cgm=01;35:*.emf=01;35:*.ogv=01;35:*.ogx=01;35:*.aac=00;36:*.au=00;36:*.flac=00;36:*.m4a=00;36:*.mid=00;36:*.midi=00;36:*.mka=00;36:*.mp3=00;36:*.mpc=00;36:*.ogg=00;36:*.ra=00;36:*.wav=00;36:*.oga=00;36:*.opus=00;36:*.spx=00;36:*.xspf=00;36:*~=00;90:*#=00;90:*.bak=00;90:*.crdownload=00;90:*.dpkg-dist=00;90:*.dpkg-new=00;90:*.dpkg-old=00;90:*.dpkg-tmp=00;90:*.old=00;90:*.orig=00;90:*.part=00;90:*.rej=00;90:*.rpmnew=00;90:*.rpmorig=00;90:*.rpmsave=00;90:*.swp=00;90:*.tmp=00;90:*.ucf-dist=00;90:*.ucf-new=00;90:*.ucf-old=00;90:', 'AMENT_PREFIX_PATH': '/home/vdt_2026/VDT_project/install/vdt_msgs:/home/vdt_2026/ros2_ws/install/px4_msgs:/opt/ros/jazzy', 'SHELL': '/bin/bash', 'LESSCLOSE': '/usr/bin/lesspipe %s %s', 'ROS_AUTOMATIC_DISCOVERY_RANGE': 'SUBNET', 'PWD': '/home/vdt_2026/VDT_project/build/fsm_state_machine', 'LC_ALL': 'en_US.UTF-8', 'SSH_CONNECTION': '100.101.240.43 53682 100.65.242.75 22', 'XDG_DATA_DIRS': '/usr/local/share:/usr/share:/var/lib/snapd/desktop', 'PYTHONPATH': '/home/vdt_2026/VDT_project/install/vdt_msgs/lib/python3.12/site-packages:/home/vdt_2026/ros2_ws/install/px4_msgs/lib/python3.12/site-packages:/opt/ros/jazzy/lib/python3.12/site-packages:/home/vdt_2026/librealsense/build/Release', 'COLCON': '1', 'CMAKE_PREFIX_PATH': '/home/vdt_2026/VDT_project/install/vdt_msgs:/home/vdt_2026/ros2_ws/install/px4_msgs:/opt/ros/jazzy'}), 'shell': False}
[15.884051] (fsm_state_machine) StdoutLine: {'line': b'-- Found ament_cmake: 2.5.6 (/opt/ros/jazzy/share/ament_cmake/cmake)\n'}
[15.932819] (-) TimerEvent: {}
[16.033046] (-) TimerEvent: {}
[16.133254] (-) TimerEvent: {}
[16.225471] (fsm_state_machine) StdoutLine: {'line': b'-- Found rclcpp: 28.1.22 (/opt/ros/jazzy/share/rclcpp/cmake)\n'}
[16.233352] (-) TimerEvent: {}
[16.262778] (fsm_state_machine) StdoutLine: {'line': b'-- Found rosidl_generator_c: 4.6.9 (/opt/ros/jazzy/share/rosidl_generator_c/cmake)\n'}
[16.276374] (fsm_state_machine) StdoutLine: {'line': b'-- Found rosidl_generator_cpp: 4.6.9 (/opt/ros/jazzy/share/rosidl_generator_cpp/cmake)\n'}
[16.295123] (fsm_state_machine) StdoutLine: {'line': b'-- Using all available rosidl_typesupport_c: rosidl_typesupport_fastrtps_c;rosidl_typesupport_introspection_c\n'}
[16.314972] (fsm_state_machine) StdoutLine: {'line': b'-- Using all available rosidl_typesupport_cpp: rosidl_typesupport_fastrtps_cpp;rosidl_typesupport_introspection_cpp\n'}
[16.333440] (-) TimerEvent: {}
[16.433595] (-) TimerEvent: {}
[16.455266] (fsm_state_machine) StdoutLine: {'line': b'-- Found rmw_implementation_cmake: 7.3.3 (/opt/ros/jazzy/share/rmw_implementation_cmake/cmake)\n'}
[16.462181] (fsm_state_machine) StdoutLine: {'line': b'-- Found rmw_fastrtps_cpp: 8.4.4 (/opt/ros/jazzy/share/rmw_fastrtps_cpp/cmake)\n'}
[16.533703] (-) TimerEvent: {}
[16.604327] (fsm_state_machine) StdoutLine: {'line': b"-- Using RMW implementation 'rmw_fastrtps_cpp' as default\n"}
[16.633799] (-) TimerEvent: {}
[16.733965] (-) TimerEvent: {}
[16.766928] (fsm_state_machine) StdoutLine: {'line': b'-- Found std_msgs: 5.3.8 (/opt/ros/jazzy/share/std_msgs/cmake)\n'}
[16.788070] (fsm_state_machine) StdoutLine: {'line': b'-- Found nav_msgs: 5.3.8 (/opt/ros/jazzy/share/nav_msgs/cmake)\n'}
[16.834082] (-) TimerEvent: {}
[16.874798] (fsm_state_machine) StdoutLine: {'line': b'-- Found vdt_msgs: 0.1.0 (/home/vdt_2026/VDT_project/install/vdt_msgs/share/vdt_msgs/cmake)\n'}
[16.915481] (fsm_state_machine) StdoutLine: {'line': b'-- Found ament_cmake_gtest: 2.5.6 (/opt/ros/jazzy/share/ament_cmake_gtest/cmake)\n'}
[16.918085] (fsm_state_machine) StdoutLine: {'line': b'-- Found launch_testing_ament_cmake: 3.4.12 (/opt/ros/jazzy/share/launch_testing_ament_cmake/cmake)\n'}
[16.919101] (fsm_state_machine) StdoutLine: {'line': b'-- Found python_cmake_module: 0.11.1 (/opt/ros/jazzy/share/python_cmake_module/cmake)\n'}
[16.934204] (-) TimerEvent: {}
[17.034419] (-) TimerEvent: {}
[17.133596] (fsm_state_machine) StdoutLine: {'line': b"-- Found gtest sources under '/opt/ros/jazzy/src/gtest_vendor': C++ tests using 'Google Test' will be built\n"}
[17.134491] (-) TimerEvent: {}
[17.234618] (-) TimerEvent: {}
[17.315425] (fsm_state_machine) StdoutLine: {'line': b'-- Configuring done (1.4s)\n'}
[17.334726] (-) TimerEvent: {}
[17.434913] (-) TimerEvent: {}
[17.472794] (fsm_state_machine) StdoutLine: {'line': b'-- Generating done (0.1s)\n'}
[17.504053] (fsm_state_machine) StdoutLine: {'line': b'-- Build files have been written to: /home/vdt_2026/VDT_project/build/fsm_state_machine\n'}
[17.526103] (fsm_state_machine) CommandEnded: {'returncode': 0}
[17.526800] (fsm_state_machine) JobProgress: {'identifier': 'fsm_state_machine', 'progress': 'build'}
[17.527260] (fsm_state_machine) Command: {'cmd': ['/usr/bin/cmake', '--build', '/home/vdt_2026/VDT_project/build/fsm_state_machine', '--', '-j4', '-l4'], 'cwd': '/home/vdt_2026/VDT_project/build/fsm_state_machine', 'env': OrderedDict({'LESSOPEN': '| /usr/bin/lesspipe %s', 'USER': 'vdt_2026', 'SSH_CLIENT': '100.101.240.43 53682 22', 'XDG_SESSION_TYPE': 'tty', 'SHLVL': '1', 'LD_LIBRARY_PATH': '/home/vdt_2026/VDT_project/install/vdt_msgs/lib:/home/vdt_2026/ros2_ws/install/px4_msgs/lib:/opt/ros/jazzy/lib/aarch64-linux-gnu:/opt/ros/jazzy/lib', 'HOME': '/home/vdt_2026', 'OLDPWD': '/home/vdt_2026', 'SSH_TTY': '/dev/pts/0', 'ROS_PYTHON_VERSION': '3', 'DBUS_SESSION_BUS_ADDRESS': 'unix:path=/run/user/1000/bus', 'COLCON_PREFIX_PATH': '/home/vdt_2026/ros2_ws/install', 'ROS_DISTRO': 'jazzy', 'LOGNAME': 'vdt_2026', '_': '/usr/bin/colcon', 'ROS_VERSION': '2', 'XDG_SESSION_CLASS': 'user', 'TERM': 'xterm-256color', 'XDG_SESSION_ID': '1', 'PATH': '/home/vdt_2026/.local/bin:/opt/ros/jazzy/bin:/usr/local/sbin:/usr/local/bin:/usr/sbin:/usr/bin:/sbin:/bin:/usr/games:/usr/local/games:/snap/bin', 'XDG_RUNTIME_DIR': '/run/user/1000', 'LANG': 'en_US.UTF-8', 'LS_COLORS': 'rs=0:di=01;34:ln=01;36:mh=00:pi=40;33:so=01;35:do=01;35:bd=40;33;01:cd=40;33;01:or=40;31;01:mi=00:su=37;41:sg=30;43:ca=00:tw=30;42:ow=34;42:st=37;44:ex=01;32:*.tar=01;31:*.tgz=01;31:*.arc=01;31:*.arj=01;31:*.taz=01;31:*.lha=01;31:*.lz4=01;31:*.lzh=01;31:*.lzma=01;31:*.tlz=01;31:*.txz=01;31:*.tzo=01;31:*.t7z=01;31:*.zip=01;31:*.z=01;31:*.dz=01;31:*.gz=01;31:*.lrz=01;31:*.lz=01;31:*.lzo=01;31:*.xz=01;31:*.zst=01;31:*.tzst=01;31:*.bz2=01;31:*.bz=01;31:*.tbz=01;31:*.tbz2=01;31:*.tz=01;31:*.deb=01;31:*.rpm=01;31:*.jar=01;31:*.war=01;31:*.ear=01;31:*.sar=01;31:*.rar=01;31:*.alz=01;31:*.ace=01;31:*.zoo=01;31:*.cpio=01;31:*.7z=01;31:*.rz=01;31:*.cab=01;31:*.wim=01;31:*.swm=01;31:*.dwm=01;31:*.esd=01;31:*.avif=01;35:*.jpg=01;35:*.jpeg=01;35:*.mjpg=01;35:*.mjpeg=01;35:*.gif=01;35:*.bmp=01;35:*.pbm=01;35:*.pgm=01;35:*.ppm=01;35:*.tga=01;35:*.xbm=01;35:*.xpm=01;35:*.tif=01;35:*.tiff=01;35:*.png=01;35:*.svg=01;35:*.svgz=01;35:*.mng=01;35:*.pcx=01;35:*.mov=01;35:*.mpg=01;35:*.mpeg=01;35:*.m2v=01;35:*.mkv=01;35:*.webm=01;35:*.webp=01;35:*.ogm=01;35:*.mp4=01;35:*.m4v=01;35:*.mp4v=01;35:*.vob=01;35:*.qt=01;35:*.nuv=01;35:*.wmv=01;35:*.asf=01;35:*.rm=01;35:*.rmvb=01;35:*.flc=01;35:*.avi=01;35:*.fli=01;35:*.flv=01;35:*.gl=01;35:*.dl=01;35:*.xcf=01;35:*.xwd=01;35:*.yuv=01;35:*.cgm=01;35:*.emf=01;35:*.ogv=01;35:*.ogx=01;35:*.aac=00;36:*.au=00;36:*.flac=00;36:*.m4a=00;36:*.mid=00;36:*.midi=00;36:*.mka=00;36:*.mp3=00;36:*.mpc=00;36:*.ogg=00;36:*.ra=00;36:*.wav=00;36:*.oga=00;36:*.opus=00;36:*.spx=00;36:*.xspf=00;36:*~=00;90:*#=00;90:*.bak=00;90:*.crdownload=00;90:*.dpkg-dist=00;90:*.dpkg-new=00;90:*.dpkg-old=00;90:*.dpkg-tmp=00;90:*.old=00;90:*.orig=00;90:*.part=00;90:*.rej=00;90:*.rpmnew=00;90:*.rpmorig=00;90:*.rpmsave=00;90:*.swp=00;90:*.tmp=00;90:*.ucf-dist=00;90:*.ucf-new=00;90:*.ucf-old=00;90:', 'AMENT_PREFIX_PATH': '/home/vdt_2026/VDT_project/install/vdt_msgs:/home/vdt_2026/ros2_ws/install/px4_msgs:/opt/ros/jazzy', 'SHELL': '/bin/bash', 'LESSCLOSE': '/usr/bin/lesspipe %s %s', 'ROS_AUTOMATIC_DISCOVERY_RANGE': 'SUBNET', 'PWD': '/home/vdt_2026/VDT_project/build/fsm_state_machine', 'LC_ALL': 'en_US.UTF-8', 'SSH_CONNECTION': '100.101.240.43 53682 100.65.242.75 22', 'XDG_DATA_DIRS': '/usr/local/share:/usr/share:/var/lib/snapd/desktop', 'PYTHONPATH': '/home/vdt_2026/VDT_project/install/vdt_msgs/lib/python3.12/site-packages:/home/vdt_2026/ros2_ws/install/px4_msgs/lib/python3.12/site-packages:/opt/ros/jazzy/lib/python3.12/site-packages:/home/vdt_2026/librealsense/build/Release', 'COLCON': '1', 'CMAKE_PREFIX_PATH': '/home/vdt_2026/VDT_project/install/vdt_msgs:/home/vdt_2026/ros2_ws/install/px4_msgs:/opt/ros/jazzy'}), 'shell': False}
[17.535030] (-) TimerEvent: {}
[17.541174] (fsm_state_machine) StdoutLine: {'line': b"Change Dir: '/home/vdt_2026/VDT_project/build/fsm_state_machine'\n"}
[17.541387] (fsm_state_machine) StdoutLine: {'line': b'\n'}
[17.541491] (fsm_state_machine) StdoutLine: {'line': b'Run Build Command(s): /usr/bin/cmake -E env VERBOSE=1 /usr/bin/gmake -f Makefile -j4 -l4\n'}
[17.558305] (fsm_state_machine) StdoutLine: {'line': b'/usr/bin/cmake -S/home/vdt_2026/VDT_project/ros2_ws/src/fsm_state_machine -B/home/vdt_2026/VDT_project/build/fsm_state_machine --check-build-system CMakeFiles/Makefile.cmake 0\n'}
[17.579501] (fsm_state_machine) StdoutLine: {'line': b'/usr/bin/cmake -E cmake_progress_start /home/vdt_2026/VDT_project/build/fsm_state_machine/CMakeFiles /home/vdt_2026/VDT_project/build/fsm_state_machine//CMakeFiles/progress.marks\n'}
[17.593733] (fsm_state_machine) StdoutLine: {'line': b'/usr/bin/gmake  -f CMakeFiles/Makefile2 all\n'}
[17.595653] (fsm_state_machine) StdoutLine: {'line': b"gmake[1]: Entering directory '/home/vdt_2026/VDT_project/build/fsm_state_machine'\n"}
[17.595870] (fsm_state_machine) StdoutLine: {'line': b'/usr/bin/gmake  -f CMakeFiles/fsm_logic.dir/build.make CMakeFiles/fsm_logic.dir/depend\n'}
[17.596183] (fsm_state_machine) StdoutLine: {'line': b'/usr/bin/gmake  -f gtest/CMakeFiles/gtest_main.dir/build.make gtest/CMakeFiles/gtest_main.dir/depend\n'}
[17.596697] (fsm_state_machine) StdoutLine: {'line': b'/usr/bin/gmake  -f gtest/CMakeFiles/gtest.dir/build.make gtest/CMakeFiles/gtest.dir/depend\n'}
[17.597883] (fsm_state_machine) StdoutLine: {'line': b"gmake[2]: Entering directory '/home/vdt_2026/VDT_project/build/fsm_state_machine'\n"}
[17.598264] (fsm_state_machine) StdoutLine: {'line': b'cd /home/vdt_2026/VDT_project/build/fsm_state_machine && /usr/bin/cmake -E cmake_depends "Unix Makefiles" /home/vdt_2026/VDT_project/ros2_ws/src/fsm_state_machine /home/vdt_2026/VDT_project/ros2_ws/src/fsm_state_machine /home/vdt_2026/VDT_project/build/fsm_state_machine /home/vdt_2026/VDT_project/build/fsm_state_machine /home/vdt_2026/VDT_project/build/fsm_state_machine/CMakeFiles/fsm_logic.dir/DependInfo.cmake "--color="\n'}
[17.598416] (fsm_state_machine) StdoutLine: {'line': b"gmake[2]: Entering directory '/home/vdt_2026/VDT_project/build/fsm_state_machine'\n"}
[17.598529] (fsm_state_machine) StdoutLine: {'line': b'cd /home/vdt_2026/VDT_project/build/fsm_state_machine && /usr/bin/cmake -E cmake_depends "Unix Makefiles" /home/vdt_2026/VDT_project/ros2_ws/src/fsm_state_machine /opt/ros/jazzy/src/gtest_vendor /home/vdt_2026/VDT_project/build/fsm_state_machine /home/vdt_2026/VDT_project/build/fsm_state_machine/gtest /home/vdt_2026/VDT_project/build/fsm_state_machine/gtest/CMakeFiles/gtest_main.dir/DependInfo.cmake "--color="\n'}
[17.599205] (fsm_state_machine) StdoutLine: {'line': b"gmake[2]: Entering directory '/home/vdt_2026/VDT_project/build/fsm_state_machine'\n"}
[17.599565] (fsm_state_machine) StdoutLine: {'line': b'cd /home/vdt_2026/VDT_project/build/fsm_state_machine && /usr/bin/cmake -E cmake_depends "Unix Makefiles" /home/vdt_2026/VDT_project/ros2_ws/src/fsm_state_machine /opt/ros/jazzy/src/gtest_vendor /home/vdt_2026/VDT_project/build/fsm_state_machine /home/vdt_2026/VDT_project/build/fsm_state_machine/gtest /home/vdt_2026/VDT_project/build/fsm_state_machine/gtest/CMakeFiles/gtest.dir/DependInfo.cmake "--color="\n'}
[17.614428] (fsm_state_machine) StdoutLine: {'line': b'Dependencies file "CMakeFiles/fsm_logic.dir/src/fsm_logic.cpp.o.d" is newer than depends file "/home/vdt_2026/VDT_project/build/fsm_state_machine/CMakeFiles/fsm_logic.dir/compiler_depend.internal".\n'}
[17.615153] (fsm_state_machine) StdoutLine: {'line': b'Dependencies file "gtest/CMakeFiles/gtest_main.dir/src/gtest_main.cc.o.d" is newer than depends file "/home/vdt_2026/VDT_project/build/fsm_state_machine/gtest/CMakeFiles/gtest_main.dir/compiler_depend.internal".\n'}
[17.616251] (fsm_state_machine) StdoutLine: {'line': b'Dependencies file "gtest/CMakeFiles/gtest.dir/src/gtest-all.cc.o.d" is newer than depends file "/home/vdt_2026/VDT_project/build/fsm_state_machine/gtest/CMakeFiles/gtest.dir/compiler_depend.internal".\n'}
[17.617504] (fsm_state_machine) StdoutLine: {'line': b'Consolidate compiler generated dependencies of target fsm_logic\n'}
[17.619346] (fsm_state_machine) StdoutLine: {'line': b"gmake[2]: Leaving directory '/home/vdt_2026/VDT_project/build/fsm_state_machine'\n"}
[17.619697] (fsm_state_machine) StdoutLine: {'line': b'/usr/bin/gmake  -f CMakeFiles/fsm_logic.dir/build.make CMakeFiles/fsm_logic.dir/build\n'}
[17.626670] (fsm_state_machine) StdoutLine: {'line': b"gmake[2]: Entering directory '/home/vdt_2026/VDT_project/build/fsm_state_machine'\n"}
[17.627070] (fsm_state_machine) StdoutLine: {'line': b'Consolidate compiler generated dependencies of target gtest_main\n'}
[17.627355] (fsm_state_machine) StdoutLine: {'line': b'Consolidate compiler generated dependencies of target gtest\n'}
[17.628228] (fsm_state_machine) StdoutLine: {'line': b"gmake[2]: Leaving directory '/home/vdt_2026/VDT_project/build/fsm_state_machine'\n"}
[17.628802] (fsm_state_machine) StdoutLine: {'line': b"gmake[2]: Leaving directory '/home/vdt_2026/VDT_project/build/fsm_state_machine'\n"}
[17.629145] (fsm_state_machine) StdoutLine: {'line': b'/usr/bin/gmake  -f gtest/CMakeFiles/gtest.dir/build.make gtest/CMakeFiles/gtest.dir/build\n'}
[17.629453] (fsm_state_machine) StdoutLine: {'line': b'/usr/bin/gmake  -f gtest/CMakeFiles/gtest_main.dir/build.make gtest/CMakeFiles/gtest_main.dir/build\n'}
[17.635235] (-) TimerEvent: {}
[17.636803] (fsm_state_machine) StdoutLine: {'line': b"gmake[2]: Entering directory '/home/vdt_2026/VDT_project/build/fsm_state_machine'\n"}
[17.641145] (fsm_state_machine) StdoutLine: {'line': b'[  5%] Linking CXX static library libfsm_logic.a\n'}
[17.641980] (fsm_state_machine) StdoutLine: {'line': b"gmake[2]: Entering directory '/home/vdt_2026/VDT_project/build/fsm_state_machine'\n"}
[17.643152] (fsm_state_machine) StdoutLine: {'line': b'/usr/bin/cmake -P CMakeFiles/fsm_logic.dir/cmake_clean_target.cmake\n'}
[17.656135] (fsm_state_machine) StdoutLine: {'line': b'[ 11%] Linking CXX static library libgtest_main.a\n'}
[17.660544] (fsm_state_machine) StdoutLine: {'line': b'cd /home/vdt_2026/VDT_project/build/fsm_state_machine/gtest && /usr/bin/cmake -P CMakeFiles/gtest_main.dir/cmake_clean_target.cmake\n'}
[17.661023] (fsm_state_machine) StdoutLine: {'line': b'[ 16%] Linking CXX static library libgtest.a\n'}
[17.661792] (fsm_state_machine) StdoutLine: {'line': b'cd /home/vdt_2026/VDT_project/build/fsm_state_machine/gtest && /usr/bin/cmake -P CMakeFiles/gtest.dir/cmake_clean_target.cmake\n'}
[17.662353] (fsm_state_machine) StdoutLine: {'line': b'/usr/bin/cmake -E cmake_link_script CMakeFiles/fsm_logic.dir/link.txt --verbose=1\n'}
[17.676669] (fsm_state_machine) StdoutLine: {'line': b'/usr/bin/ar qc libfsm_logic.a CMakeFiles/fsm_logic.dir/src/fsm_logic.cpp.o\n'}
[17.679687] (fsm_state_machine) StdoutLine: {'line': b'cd /home/vdt_2026/VDT_project/build/fsm_state_machine/gtest && /usr/bin/cmake -E cmake_link_script CMakeFiles/gtest.dir/link.txt --verbose=1\n'}
[17.680103] (fsm_state_machine) StdoutLine: {'line': b'cd /home/vdt_2026/VDT_project/build/fsm_state_machine/gtest && /usr/bin/cmake -E cmake_link_script CMakeFiles/gtest_main.dir/link.txt --verbose=1\n'}
[17.692247] (fsm_state_machine) StdoutLine: {'line': b'/usr/bin/ranlib libfsm_logic.a\n'}
[17.695954] (fsm_state_machine) StdoutLine: {'line': b'/usr/bin/ar qc libgtest.a "CMakeFiles/gtest.dir/src/gtest-all.cc.o"\n'}
[17.699610] (fsm_state_machine) StdoutLine: {'line': b'/usr/bin/ar qc libgtest_main.a CMakeFiles/gtest_main.dir/src/gtest_main.cc.o\n'}
[17.702197] (fsm_state_machine) StdoutLine: {'line': b"gmake[2]: Leaving directory '/home/vdt_2026/VDT_project/build/fsm_state_machine'\n"}
[17.705804] (fsm_state_machine) StdoutLine: {'line': b'/usr/bin/ranlib libgtest_main.a\n'}
[17.716170] (fsm_state_machine) StdoutLine: {'line': b"gmake[2]: Leaving directory '/home/vdt_2026/VDT_project/build/fsm_state_machine'\n"}
[17.718782] (fsm_state_machine) StdoutLine: {'line': b'[ 22%] Built target fsm_logic\n'}
[17.721029] (fsm_state_machine) StdoutLine: {'line': b'/usr/bin/gmake  -f CMakeFiles/fsm_actions.dir/build.make CMakeFiles/fsm_actions.dir/depend\n'}
[17.723483] (fsm_state_machine) StdoutLine: {'line': b"gmake[2]: Entering directory '/home/vdt_2026/VDT_project/build/fsm_state_machine'\n"}
[17.724041] (fsm_state_machine) StdoutLine: {'line': b'cd /home/vdt_2026/VDT_project/build/fsm_state_machine && /usr/bin/cmake -E cmake_depends "Unix Makefiles" /home/vdt_2026/VDT_project/ros2_ws/src/fsm_state_machine /home/vdt_2026/VDT_project/ros2_ws/src/fsm_state_machine /home/vdt_2026/VDT_project/build/fsm_state_machine /home/vdt_2026/VDT_project/build/fsm_state_machine /home/vdt_2026/VDT_project/build/fsm_state_machine/CMakeFiles/fsm_actions.dir/DependInfo.cmake "--color="\n'}
[17.734046] (fsm_state_machine) StdoutLine: {'line': b'[ 27%] Built target gtest_main\n'}
[17.735363] (-) TimerEvent: {}
[17.750219] (fsm_state_machine) StdoutLine: {'line': b'/usr/bin/ranlib libgtest.a\n'}
[17.755314] (fsm_state_machine) StdoutLine: {'line': b'Dependencies file "CMakeFiles/fsm_actions.dir/src/fsm_actions.cpp.o.d" is newer than depends file "/home/vdt_2026/VDT_project/build/fsm_state_machine/CMakeFiles/fsm_actions.dir/compiler_depend.internal".\n'}
[17.765451] (fsm_state_machine) StdoutLine: {'line': b'Consolidate compiler generated dependencies of target fsm_actions\n'}
[17.767457] (fsm_state_machine) StdoutLine: {'line': b"gmake[2]: Leaving directory '/home/vdt_2026/VDT_project/build/fsm_state_machine'\n"}
[17.767777] (fsm_state_machine) StdoutLine: {'line': b'/usr/bin/gmake  -f CMakeFiles/fsm_actions.dir/build.make CMakeFiles/fsm_actions.dir/build\n'}
[17.782962] (fsm_state_machine) StdoutLine: {'line': b"gmake[2]: Leaving directory '/home/vdt_2026/VDT_project/build/fsm_state_machine'\n"}
[17.799536] (fsm_state_machine) StdoutLine: {'line': b'[ 33%] Built target gtest\n'}
[17.801233] (fsm_state_machine) StdoutLine: {'line': b'/usr/bin/gmake  -f CMakeFiles/fsm_logic_test.dir/build.make CMakeFiles/fsm_logic_test.dir/depend\n'}
[17.803267] (fsm_state_machine) StdoutLine: {'line': b"gmake[2]: Entering directory '/home/vdt_2026/VDT_project/build/fsm_state_machine'\n"}
[17.803468] (fsm_state_machine) StdoutLine: {'line': b'cd /home/vdt_2026/VDT_project/build/fsm_state_machine && /usr/bin/cmake -E cmake_depends "Unix Makefiles" /home/vdt_2026/VDT_project/ros2_ws/src/fsm_state_machine /home/vdt_2026/VDT_project/ros2_ws/src/fsm_state_machine /home/vdt_2026/VDT_project/build/fsm_state_machine /home/vdt_2026/VDT_project/build/fsm_state_machine /home/vdt_2026/VDT_project/build/fsm_state_machine/CMakeFiles/fsm_logic_test.dir/DependInfo.cmake "--color="\n'}
[17.818289] (fsm_state_machine) StdoutLine: {'line': b'Dependencies file "CMakeFiles/fsm_logic_test.dir/test/unit/fsm_logic_test.cpp.o.d" is newer than depends file "/home/vdt_2026/VDT_project/build/fsm_state_machine/CMakeFiles/fsm_logic_test.dir/compiler_depend.internal".\n'}
[17.823379] (fsm_state_machine) StdoutLine: {'line': b'Consolidate compiler generated dependencies of target fsm_logic_test\n'}
[17.825162] (fsm_state_machine) StdoutLine: {'line': b"gmake[2]: Leaving directory '/home/vdt_2026/VDT_project/build/fsm_state_machine'\n"}
[17.825497] (fsm_state_machine) StdoutLine: {'line': b'/usr/bin/gmake  -f CMakeFiles/fsm_logic_test.dir/build.make CMakeFiles/fsm_logic_test.dir/build\n'}
[17.830505] (fsm_state_machine) StdoutLine: {'line': b"gmake[2]: Entering directory '/home/vdt_2026/VDT_project/build/fsm_state_machine'\n"}
[17.833636] (fsm_state_machine) StdoutLine: {'line': b"gmake[2]: Entering directory '/home/vdt_2026/VDT_project/build/fsm_state_machine'\n"}
[17.835502] (-) TimerEvent: {}
[17.847019] (fsm_state_machine) StdoutLine: {'line': b'[ 38%] Linking CXX executable fsm_logic_test\n'}
[17.848656] (fsm_state_machine) StdoutLine: {'line': b'[ 44%] Linking CXX static library libfsm_actions.a\n'}
[17.849063] (fsm_state_machine) StdoutLine: {'line': b'/usr/bin/cmake -E cmake_link_script CMakeFiles/fsm_logic_test.dir/link.txt --verbose=1\n'}
[17.850806] (fsm_state_machine) StdoutLine: {'line': b'/usr/bin/cmake -P CMakeFiles/fsm_actions.dir/cmake_clean_target.cmake\n'}
[17.862513] (fsm_state_machine) StdoutLine: {'line': b'/usr/bin/c++ -O3 -DNDEBUG CMakeFiles/fsm_logic_test.dir/test/unit/fsm_logic_test.cpp.o -o fsm_logic_test  -Wl,-rpath,/opt/ros/jazzy/lib:/home/vdt_2026/VDT_project/install/vdt_msgs/lib gtest/libgtest_main.a gtest/libgtest.a libfsm_logic.a -pthread /opt/ros/jazzy/lib/librclcpp.so /opt/ros/jazzy/lib/liblibstatistics_collector.so /opt/ros/jazzy/lib/librcl.so /opt/ros/jazzy/lib/librmw_implementation.so /opt/ros/jazzy/lib/libtype_description_interfaces__rosidl_typesupport_fastrtps_c.so /opt/ros/jazzy/lib/libtype_description_interfaces__rosidl_typesupport_introspection_c.so /opt/ros/jazzy/lib/libtype_description_interfaces__rosidl_typesupport_fastrtps_cpp.so /opt/ros/jazzy/lib/libtype_description_interfaces__rosidl_typesupport_introspection_cpp.so /opt/ros/jazzy/lib/libtype_description_interfaces__rosidl_typesupport_cpp.so /opt/ros/jazzy/lib/libtype_description_interfaces__rosidl_generator_py.so /opt/ros/jazzy/lib/libtype_description_interfaces__rosidl_typesupport_c.so /opt/ros/jazzy/lib/libtype_description_interfaces__rosidl_generator_c.so /opt/ros/jazzy/lib/librcl_yaml_param_parser.so /opt/ros/jazzy/lib/librosgraph_msgs__rosidl_typesupport_fastrtps_c.so /opt/ros/jazzy/lib/librosgraph_msgs__rosidl_typesupport_fastrtps_cpp.so /opt/ros/jazzy/lib/librosgraph_msgs__rosidl_typesupport_introspection_c.so /opt/ros/jazzy/lib/librosgraph_msgs__rosidl_typesupport_introspection_cpp.so /opt/ros/jazzy/lib/librosgraph_msgs__rosidl_typesupport_cpp.so /opt/ros/jazzy/lib/librosgraph_msgs__rosidl_generator_py.so /opt/ros/jazzy/lib/librcl_interfaces__rosidl_typesupport_fastrtps_c.so /opt/ros/jazzy/lib/librcl_interfaces__rosidl_typesupport_introspection_c.so /opt/ros/jazzy/lib/librcl_interfaces__rosidl_typesupport_fastrtps_cpp.so /opt/ros/jazzy/lib/librcl_interfaces__rosidl_typesupport_introspection_cpp.so /opt/ros/jazzy/lib/librcl_interfaces__rosidl_typesupport_cpp.so /opt/ros/jazzy/lib/librcl_interfaces__rosidl_generator_py.so /opt/ros/jazzy/lib/librosgraph_msgs__rosidl_typesupport_c.so /opt/ros/jazzy/lib/librcl_interfaces__rosidl_typesupport_c.so /opt/ros/jazzy/lib/librosgraph_msgs__rosidl_generator_c.so /opt/ros/jazzy/lib/librcl_interfaces__rosidl_generator_c.so /opt/ros/jazzy/lib/libstatistics_msgs__rosidl_typesupport_fastrtps_c.so /opt/ros/jazzy/lib/libstatistics_msgs__rosidl_typesupport_fastrtps_cpp.so /opt/ros/jazzy/lib/libstatistics_msgs__rosidl_typesupport_introspection_c.so /opt/ros/jazzy/lib/libstatistics_msgs__rosidl_typesupport_introspection_cpp.so /opt/ros/jazzy/lib/libstatistics_msgs__rosidl_typesupport_cpp.so /opt/ros/jazzy/lib/libstatistics_msgs__rosidl_generator_py.so /opt/ros/jazzy/lib/libstatistics_msgs__rosidl_typesupport_c.so /opt/ros/jazzy/lib/libstatistics_msgs__rosidl_generator_c.so /opt/ros/jazzy/lib/libtracetools.so -llttng-ust -llttng-ust-common -rdynamic -ldl /opt/ros/jazzy/lib/librcl_logging_interface.so /opt/ros/jazzy/lib/libnav_msgs__rosidl_typesupport_fastrtps_c.so /opt/ros/jazzy/lib/libnav_msgs__rosidl_typesupport_fastrtps_cpp.so /opt/ros/jazzy/lib/libnav_msgs__rosidl_typesupport_introspection_c.so /opt/ros/jazzy/lib/libnav_msgs__rosidl_typesupport_introspection_cpp.so /opt/ros/jazzy/lib/libnav_msgs__rosidl_typesupport_cpp.so /opt/ros/jazzy/lib/libnav_msgs__rosidl_generator_py.so /opt/ros/jazzy/lib/libnav_msgs__rosidl_typesupport_c.so /opt/ros/jazzy/lib/libnav_msgs__rosidl_generator_c.so /opt/ros/jazzy/lib/libgeometry_msgs__rosidl_typesupport_fastrtps_c.so /opt/ros/jazzy/lib/libservice_msgs__rosidl_typesupport_fastrtps_c.so /opt/ros/jazzy/lib/libgeometry_msgs__rosidl_typesupport_fastrtps_cpp.so /opt/ros/jazzy/lib/libservice_msgs__rosidl_typesupport_fastrtps_cpp.so /opt/ros/jazzy/lib/libgeometry_msgs__rosidl_typesupport_introspection_c.so /opt/ros/jazzy/lib/libservice_msgs__rosidl_typesupport_introspection_c.so /opt/ros/jazzy/lib/libgeometry_msgs__rosidl_typesupport_introspection_cpp.so /opt/ros/jazzy/lib/libservice_msgs__rosidl_typesupport_introspection_cpp.so /opt/ros/jazzy/lib/libgeometry_msgs__rosidl_typesupport_cpp.so /opt/ros/jazzy/lib/libservice_msgs__rosidl_typesupport_cpp.so /opt/ros/jazzy/lib/libgeometry_msgs__rosidl_typesupport_c.so /opt/ros/jazzy/lib/libgeometry_msgs__rosidl_generator_c.so /opt/ros/jazzy/lib/libservice_msgs__rosidl_typesupport_c.so /opt/ros/jazzy/lib/libservice_msgs__rosidl_generator_c.so /home/vdt_2026/VDT_project/install/vdt_msgs/lib/libvdt_msgs__rosidl_typesupport_fastrtps_c.so /home/vdt_2026/VDT_project/install/vdt_msgs/lib/libvdt_msgs__rosidl_typesupport_fastrtps_cpp.so /home/vdt_2026/VDT_project/install/vdt_msgs/lib/libvdt_msgs__rosidl_typesupport_introspection_c.so /home/vdt_2026/VDT_project/install/vdt_msgs/lib/libvdt_msgs__rosidl_typesupport_introspection_cpp.so /home/vdt_2026/VDT_project/install/vdt_msgs/lib/libvdt_msgs__rosidl_typesupport_cpp.so /home/vdt_2026/VDT_project/install/vdt_msgs/lib/libvdt_msgs__rosidl_generator_py.so /opt/ros/jazzy/lib/libstd_msgs__rosidl_typesupport_fastrtps_c.so /opt/ros/jazzy/lib/libstd_msgs__rosidl_typesupport_fastrtps_cpp.so /opt/ros/jazzy/lib/libstd_msgs__rosidl_typesupport_introspection_c.so /opt/ros/jazzy/lib/libstd_msgs__rosidl_typesupport_introspection_cpp.so /opt/ros/jazzy/lib/libstd_msgs__rosidl_typesupport_cpp.so /opt/ros/jazzy/lib/libstd_msgs__rosidl_generator_py.so /home/vdt_2026/VDT_project/install/vdt_msgs/lib/libvdt_msgs__rosidl_typesupport_c.so /opt/ros/jazzy/lib/libstd_msgs__rosidl_typesupport_c.so /home/vdt_2026/VDT_project/install/vdt_msgs/lib/libvdt_msgs__rosidl_generator_c.so /opt/ros/jazzy/lib/libstd_msgs__rosidl_generator_c.so /opt/ros/jazzy/lib/libbuiltin_interfaces__rosidl_typesupport_fastrtps_c.so /opt/ros/jazzy/lib/librosidl_typesupport_fastrtps_c.so /opt/ros/jazzy/lib/libbuiltin_interfaces__rosidl_typesupport_introspection_c.so /opt/ros/jazzy/lib/libbuiltin_interfaces__rosidl_typesupport_fastrtps_cpp.so /opt/ros/jazzy/lib/librosidl_typesupport_fastrtps_cpp.so /opt/ros/jazzy/lib/librmw.so /opt/ros/jazzy/lib/librosidl_dynamic_typesupport.so /opt/ros/jazzy/lib/libfastcdr.so.2.2.8 /opt/ros/jazzy/lib/libbuiltin_interfaces__rosidl_typesupport_introspection_cpp.so /opt/ros/jazzy/lib/librosidl_typesupport_introspection_cpp.so /opt/ros/jazzy/lib/librosidl_typesupport_introspection_c.so /opt/ros/jazzy/lib/libbuiltin_interfaces__rosidl_typesupport_cpp.so /opt/ros/jazzy/lib/librosidl_typesupport_cpp.so /opt/ros/jazzy/lib/libbuiltin_interfaces__rosidl_generator_py.so /opt/ros/jazzy/lib/libbuiltin_interfaces__rosidl_typesupport_c.so /opt/ros/jazzy/lib/libbuiltin_interfaces__rosidl_generator_c.so /opt/ros/jazzy/lib/librosidl_typesupport_c.so /opt/ros/jazzy/lib/librcpputils.so /opt/ros/jazzy/lib/librosidl_runtime_c.so /opt/ros/jazzy/lib/librcutils.so -ldl -latomic -Wl,-rpath-link,/opt/ros/jazzy/lib \n'}
[17.866031] (fsm_state_machine) StdoutLine: {'line': b'/usr/bin/cmake -E cmake_link_script CMakeFiles/fsm_actions.dir/link.txt --verbose=1\n'}
[17.878854] (fsm_state_machine) StdoutLine: {'line': b'/usr/bin/ar qc libfsm_actions.a CMakeFiles/fsm_actions.dir/src/fsm_actions.cpp.o\n'}
[17.923865] (fsm_state_machine) StdoutLine: {'line': b'/usr/bin/ranlib libfsm_actions.a\n'}
[17.935839] (-) TimerEvent: {}
[17.940261] (fsm_state_machine) StdoutLine: {'line': b"gmake[2]: Leaving directory '/home/vdt_2026/VDT_project/build/fsm_state_machine'\n"}
[17.954239] (fsm_state_machine) StdoutLine: {'line': b'[ 50%] Built target fsm_actions\n'}
[17.955903] (fsm_state_machine) StdoutLine: {'line': b'/usr/bin/gmake  -f CMakeFiles/fsm_node_lib.dir/build.make CMakeFiles/fsm_node_lib.dir/depend\n'}
[17.956541] (fsm_state_machine) StdoutLine: {'line': b'/usr/bin/gmake  -f CMakeFiles/fsm_actions_test.dir/build.make CMakeFiles/fsm_actions_test.dir/depend\n'}
[17.958034] (fsm_state_machine) StdoutLine: {'line': b"gmake[2]: Entering directory '/home/vdt_2026/VDT_project/build/fsm_state_machine'\n"}
[17.958298] (fsm_state_machine) StdoutLine: {'line': b'cd /home/vdt_2026/VDT_project/build/fsm_state_machine && /usr/bin/cmake -E cmake_depends "Unix Makefiles" /home/vdt_2026/VDT_project/ros2_ws/src/fsm_state_machine /home/vdt_2026/VDT_project/ros2_ws/src/fsm_state_machine /home/vdt_2026/VDT_project/build/fsm_state_machine /home/vdt_2026/VDT_project/build/fsm_state_machine /home/vdt_2026/VDT_project/build/fsm_state_machine/CMakeFiles/fsm_node_lib.dir/DependInfo.cmake "--color="\n'}
[17.958663] (fsm_state_machine) StdoutLine: {'line': b"gmake[2]: Entering directory '/home/vdt_2026/VDT_project/build/fsm_state_machine'\n"}
[17.958887] (fsm_state_machine) StdoutLine: {'line': b'cd /home/vdt_2026/VDT_project/build/fsm_state_machine && /usr/bin/cmake -E cmake_depends "Unix Makefiles" /home/vdt_2026/VDT_project/ros2_ws/src/fsm_state_machine /home/vdt_2026/VDT_project/ros2_ws/src/fsm_state_machine /home/vdt_2026/VDT_project/build/fsm_state_machine /home/vdt_2026/VDT_project/build/fsm_state_machine /home/vdt_2026/VDT_project/build/fsm_state_machine/CMakeFiles/fsm_actions_test.dir/DependInfo.cmake "--color="\n'}
[17.976913] (fsm_state_machine) StdoutLine: {'line': b'Dependencies file "CMakeFiles/fsm_node_lib.dir/src/fsm_node.cpp.o.d" is newer than depends file "/home/vdt_2026/VDT_project/build/fsm_state_machine/CMakeFiles/fsm_node_lib.dir/compiler_depend.internal".\n'}
[17.977302] (fsm_state_machine) StdoutLine: {'line': b'Dependencies file "CMakeFiles/fsm_actions_test.dir/test/ros2/fsm_actions_test.cpp.o.d" is newer than depends file "/home/vdt_2026/VDT_project/build/fsm_state_machine/CMakeFiles/fsm_actions_test.dir/compiler_depend.internal".\n'}
[17.990621] (fsm_state_machine) StdoutLine: {'line': b'Consolidate compiler generated dependencies of target fsm_node_lib\n'}
[17.992194] (fsm_state_machine) StdoutLine: {'line': b'Consolidate compiler generated dependencies of target fsm_actions_test\n'}
[17.992914] (fsm_state_machine) StdoutLine: {'line': b"gmake[2]: Leaving directory '/home/vdt_2026/VDT_project/build/fsm_state_machine'\n"}
[17.993354] (fsm_state_machine) StdoutLine: {'line': b'/usr/bin/gmake  -f CMakeFiles/fsm_node_lib.dir/build.make CMakeFiles/fsm_node_lib.dir/build\n'}
[17.994221] (fsm_state_machine) StdoutLine: {'line': b"gmake[2]: Leaving directory '/home/vdt_2026/VDT_project/build/fsm_state_machine'\n"}
[17.994677] (fsm_state_machine) StdoutLine: {'line': b'/usr/bin/gmake  -f CMakeFiles/fsm_actions_test.dir/build.make CMakeFiles/fsm_actions_test.dir/build\n'}
[18.001841] (fsm_state_machine) StdoutLine: {'line': b"gmake[2]: Entering directory '/home/vdt_2026/VDT_project/build/fsm_state_machine'\n"}
[18.003834] (fsm_state_machine) StdoutLine: {'line': b"gmake[2]: Entering directory '/home/vdt_2026/VDT_project/build/fsm_state_machine'\n"}
[18.020012] (fsm_state_machine) StdoutLine: {'line': b'[ 61%] Linking CXX executable fsm_actions_test\n'}
[18.020695] (fsm_state_machine) StdoutLine: {'line': b'[ 61%] Linking CXX static library libfsm_node_lib.a\n'}
[18.022234] (fsm_state_machine) StdoutLine: {'line': b'/usr/bin/cmake -E cmake_link_script CMakeFiles/fsm_actions_test.dir/link.txt --verbose=1\n'}
[18.022732] (fsm_state_machine) StdoutLine: {'line': b'/usr/bin/cmake -P CMakeFiles/fsm_node_lib.dir/cmake_clean_target.cmake\n'}
[18.035952] (-) TimerEvent: {}
[18.038083] (fsm_state_machine) StdoutLine: {'line': b'/usr/bin/c++ -O3 -DNDEBUG CMakeFiles/fsm_actions_test.dir/test/ros2/fsm_actions_test.cpp.o -o fsm_actions_test  -Wl,-rpath,/opt/ros/jazzy/lib:/home/vdt_2026/VDT_project/install/vdt_msgs/lib gtest/libgtest.a libfsm_actions.a gtest/libgtest.a -pthread libfsm_logic.a /opt/ros/jazzy/lib/librclcpp.so /opt/ros/jazzy/lib/liblibstatistics_collector.so /opt/ros/jazzy/lib/librcl.so /opt/ros/jazzy/lib/librmw_implementation.so /opt/ros/jazzy/lib/libtype_description_interfaces__rosidl_typesupport_fastrtps_c.so /opt/ros/jazzy/lib/libtype_description_interfaces__rosidl_typesupport_introspection_c.so /opt/ros/jazzy/lib/libtype_description_interfaces__rosidl_typesupport_fastrtps_cpp.so /opt/ros/jazzy/lib/libtype_description_interfaces__rosidl_typesupport_introspection_cpp.so /opt/ros/jazzy/lib/libtype_description_interfaces__rosidl_typesupport_cpp.so /opt/ros/jazzy/lib/libtype_description_interfaces__rosidl_generator_py.so /opt/ros/jazzy/lib/libtype_description_interfaces__rosidl_typesupport_c.so /opt/ros/jazzy/lib/libtype_description_interfaces__rosidl_generator_c.so /opt/ros/jazzy/lib/librcl_yaml_param_parser.so /opt/ros/jazzy/lib/librosgraph_msgs__rosidl_typesupport_fastrtps_c.so /opt/ros/jazzy/lib/librosgraph_msgs__rosidl_typesupport_fastrtps_cpp.so /opt/ros/jazzy/lib/librosgraph_msgs__rosidl_typesupport_introspection_c.so /opt/ros/jazzy/lib/librosgraph_msgs__rosidl_typesupport_introspection_cpp.so /opt/ros/jazzy/lib/librosgraph_msgs__rosidl_typesupport_cpp.so /opt/ros/jazzy/lib/librosgraph_msgs__rosidl_generator_py.so /opt/ros/jazzy/lib/librcl_interfaces__rosidl_typesupport_fastrtps_c.so /opt/ros/jazzy/lib/librcl_interfaces__rosidl_typesupport_introspection_c.so /opt/ros/jazzy/lib/librcl_interfaces__rosidl_typesupport_fastrtps_cpp.so /opt/ros/jazzy/lib/librcl_interfaces__rosidl_typesupport_introspection_cpp.so /opt/ros/jazzy/lib/librcl_interfaces__rosidl_typesupport_cpp.so /opt/ros/jazzy/lib/librcl_interfaces__rosidl_generator_py.so /opt/ros/jazzy/lib/librosgraph_msgs__rosidl_typesupport_c.so /opt/ros/jazzy/lib/librcl_interfaces__rosidl_typesupport_c.so /opt/ros/jazzy/lib/librosgraph_msgs__rosidl_generator_c.so /opt/ros/jazzy/lib/librcl_interfaces__rosidl_generator_c.so /opt/ros/jazzy/lib/libstatistics_msgs__rosidl_typesupport_fastrtps_c.so /opt/ros/jazzy/lib/libstatistics_msgs__rosidl_typesupport_fastrtps_cpp.so /opt/ros/jazzy/lib/libstatistics_msgs__rosidl_typesupport_introspection_c.so /opt/ros/jazzy/lib/libstatistics_msgs__rosidl_typesupport_introspection_cpp.so /opt/ros/jazzy/lib/libstatistics_msgs__rosidl_typesupport_cpp.so /opt/ros/jazzy/lib/libstatistics_msgs__rosidl_generator_py.so /opt/ros/jazzy/lib/libstatistics_msgs__rosidl_typesupport_c.so /opt/ros/jazzy/lib/libstatistics_msgs__rosidl_generator_c.so /opt/ros/jazzy/lib/libtracetools.so -llttng-ust -llttng-ust-common -rdynamic -ldl /opt/ros/jazzy/lib/librcl_logging_interface.so /opt/ros/jazzy/lib/libnav_msgs__rosidl_typesupport_fastrtps_c.so /opt/ros/jazzy/lib/libnav_msgs__rosidl_typesupport_fastrtps_cpp.so /opt/ros/jazzy/lib/libnav_msgs__rosidl_typesupport_introspection_c.so /opt/ros/jazzy/lib/libnav_msgs__rosidl_typesupport_introspection_cpp.so /opt/ros/jazzy/lib/libnav_msgs__rosidl_typesupport_cpp.so /opt/ros/jazzy/lib/libnav_msgs__rosidl_generator_py.so /opt/ros/jazzy/lib/libnav_msgs__rosidl_typesupport_c.so /opt/ros/jazzy/lib/libnav_msgs__rosidl_generator_c.so /opt/ros/jazzy/lib/libgeometry_msgs__rosidl_typesupport_fastrtps_c.so /opt/ros/jazzy/lib/libservice_msgs__rosidl_typesupport_fastrtps_c.so /opt/ros/jazzy/lib/libgeometry_msgs__rosidl_typesupport_fastrtps_cpp.so /opt/ros/jazzy/lib/libservice_msgs__rosidl_typesupport_fastrtps_cpp.so /opt/ros/jazzy/lib/libgeometry_msgs__rosidl_typesupport_introspection_c.so /opt/ros/jazzy/lib/libservice_msgs__rosidl_typesupport_introspection_c.so /opt/ros/jazzy/lib/libgeometry_msgs__rosidl_typesupport_introspection_cpp.so /opt/ros/jazzy/lib/libservice_msgs__rosidl_typesupport_introspection_cpp.so /opt/ros/jazzy/lib/libgeometry_msgs__rosidl_typesupport_cpp.so /opt/ros/jazzy/lib/libservice_msgs__rosidl_typesupport_cpp.so /opt/ros/jazzy/lib/libgeometry_msgs__rosidl_typesupport_c.so /opt/ros/jazzy/lib/libgeometry_msgs__rosidl_generator_c.so /opt/ros/jazzy/lib/libservice_msgs__rosidl_typesupport_c.so /opt/ros/jazzy/lib/libservice_msgs__rosidl_generator_c.so /home/vdt_2026/VDT_project/install/vdt_msgs/lib/libvdt_msgs__rosidl_typesupport_fastrtps_c.so /home/vdt_2026/VDT_project/install/vdt_msgs/lib/libvdt_msgs__rosidl_typesupport_fastrtps_cpp.so /home/vdt_2026/VDT_project/install/vdt_msgs/lib/libvdt_msgs__rosidl_typesupport_introspection_c.so /home/vdt_2026/VDT_project/install/vdt_msgs/lib/libvdt_msgs__rosidl_typesupport_introspection_cpp.so /home/vdt_2026/VDT_project/install/vdt_msgs/lib/libvdt_msgs__rosidl_typesupport_cpp.so /home/vdt_2026/VDT_project/install/vdt_msgs/lib/libvdt_msgs__rosidl_generator_py.so /opt/ros/jazzy/lib/libstd_msgs__rosidl_typesupport_fastrtps_c.so /opt/ros/jazzy/lib/libstd_msgs__rosidl_typesupport_fastrtps_cpp.so /opt/ros/jazzy/lib/libstd_msgs__rosidl_typesupport_introspection_c.so /opt/ros/jazzy/lib/libstd_msgs__rosidl_typesupport_introspection_cpp.so /opt/ros/jazzy/lib/libstd_msgs__rosidl_typesupport_cpp.so /opt/ros/jazzy/lib/libstd_msgs__rosidl_generator_py.so /home/vdt_2026/VDT_project/install/vdt_msgs/lib/libvdt_msgs__rosidl_typesupport_c.so /opt/ros/jazzy/lib/libstd_msgs__rosidl_typesupport_c.so /home/vdt_2026/VDT_project/install/vdt_msgs/lib/libvdt_msgs__rosidl_generator_c.so /opt/ros/jazzy/lib/libstd_msgs__rosidl_generator_c.so /opt/ros/jazzy/lib/libbuiltin_interfaces__rosidl_typesupport_fastrtps_c.so /opt/ros/jazzy/lib/librosidl_typesupport_fastrtps_c.so /opt/ros/jazzy/lib/libbuiltin_interfaces__rosidl_typesupport_introspection_c.so /opt/ros/jazzy/lib/libbuiltin_interfaces__rosidl_typesupport_fastrtps_cpp.so /opt/ros/jazzy/lib/librosidl_typesupport_fastrtps_cpp.so /opt/ros/jazzy/lib/librmw.so /opt/ros/jazzy/lib/librosidl_dynamic_typesupport.so /opt/ros/jazzy/lib/libfastcdr.so.2.2.8 /opt/ros/jazzy/lib/libbuiltin_interfaces__rosidl_typesupport_introspection_cpp.so /opt/ros/jazzy/lib/librosidl_typesupport_introspection_cpp.so /opt/ros/jazzy/lib/librosidl_typesupport_introspection_c.so /opt/ros/jazzy/lib/libbuiltin_interfaces__rosidl_typesupport_cpp.so /opt/ros/jazzy/lib/librosidl_typesupport_cpp.so /opt/ros/jazzy/lib/libbuiltin_interfaces__rosidl_generator_py.so /opt/ros/jazzy/lib/libbuiltin_interfaces__rosidl_typesupport_c.so /opt/ros/jazzy/lib/libbuiltin_interfaces__rosidl_generator_c.so /opt/ros/jazzy/lib/librosidl_typesupport_c.so /opt/ros/jazzy/lib/librcpputils.so /opt/ros/jazzy/lib/librosidl_runtime_c.so /opt/ros/jazzy/lib/librcutils.so -ldl -latomic -Wl,-rpath-link,/opt/ros/jazzy/lib \n'}
[18.043895] (fsm_state_machine) StdoutLine: {'line': b'/usr/bin/cmake -E cmake_link_script CMakeFiles/fsm_node_lib.dir/link.txt --verbose=1\n'}
[18.057692] (fsm_state_machine) StdoutLine: {'line': b'/usr/bin/ar qc libfsm_node_lib.a CMakeFiles/fsm_node_lib.dir/src/fsm_node.cpp.o\n'}
[18.136246] (-) TimerEvent: {}
[18.235707] (fsm_state_machine) StdoutLine: {'line': b'/usr/bin/ranlib libfsm_node_lib.a\n'}
[18.236260] (-) TimerEvent: {}
[18.336520] (-) TimerEvent: {}
[18.341021] (fsm_state_machine) StdoutLine: {'line': b"gmake[2]: Leaving directory '/home/vdt_2026/VDT_project/build/fsm_state_machine'\n"}
[18.367029] (fsm_state_machine) StdoutLine: {'line': b'[ 66%] Built target fsm_node_lib\n'}
[18.369035] (fsm_state_machine) StdoutLine: {'line': b'/usr/bin/gmake  -f CMakeFiles/fsm_node.dir/build.make CMakeFiles/fsm_node.dir/depend\n'}
[18.369588] (fsm_state_machine) StdoutLine: {'line': b'/usr/bin/gmake  -f CMakeFiles/fsm_node_test.dir/build.make CMakeFiles/fsm_node_test.dir/depend\n'}
[18.371584] (fsm_state_machine) StdoutLine: {'line': b"gmake[2]: Entering directory '/home/vdt_2026/VDT_project/build/fsm_state_machine'\n"}
[18.372082] (fsm_state_machine) StdoutLine: {'line': b"gmake[2]: Entering directory '/home/vdt_2026/VDT_project/build/fsm_state_machine'\n"}
[18.372278] (fsm_state_machine) StdoutLine: {'line': b'cd /home/vdt_2026/VDT_project/build/fsm_state_machine && /usr/bin/cmake -E cmake_depends "Unix Makefiles" /home/vdt_2026/VDT_project/ros2_ws/src/fsm_state_machine /home/vdt_2026/VDT_project/ros2_ws/src/fsm_state_machine /home/vdt_2026/VDT_project/build/fsm_state_machine /home/vdt_2026/VDT_project/build/fsm_state_machine /home/vdt_2026/VDT_project/build/fsm_state_machine/CMakeFiles/fsm_node_test.dir/DependInfo.cmake "--color="\n'}
[18.372443] (fsm_state_machine) StdoutLine: {'line': b'cd /home/vdt_2026/VDT_project/build/fsm_state_machine && /usr/bin/cmake -E cmake_depends "Unix Makefiles" /home/vdt_2026/VDT_project/ros2_ws/src/fsm_state_machine /home/vdt_2026/VDT_project/ros2_ws/src/fsm_state_machine /home/vdt_2026/VDT_project/build/fsm_state_machine /home/vdt_2026/VDT_project/build/fsm_state_machine /home/vdt_2026/VDT_project/build/fsm_state_machine/CMakeFiles/fsm_node.dir/DependInfo.cmake "--color="\n'}
[18.409227] (fsm_state_machine) StdoutLine: {'line': b'Dependencies file "CMakeFiles/fsm_node.dir/src/main.cpp.o.d" is newer than depends file "/home/vdt_2026/VDT_project/build/fsm_state_machine/CMakeFiles/fsm_node.dir/compiler_depend.internal".\n'}
[18.410571] (fsm_state_machine) StdoutLine: {'line': b'Dependencies file "CMakeFiles/fsm_node_test.dir/test/ros2/fsm_node_test.cpp.o.d" is newer than depends file "/home/vdt_2026/VDT_project/build/fsm_state_machine/CMakeFiles/fsm_node_test.dir/compiler_depend.internal".\n'}
[18.426357] (fsm_state_machine) StdoutLine: {'line': b'Consolidate compiler generated dependencies of target fsm_node_test\n'}
[18.426850] (fsm_state_machine) StdoutLine: {'line': b'Consolidate compiler generated dependencies of target fsm_node\n'}
[18.428324] (fsm_state_machine) StdoutLine: {'line': b"gmake[2]: Leaving directory '/home/vdt_2026/VDT_project/build/fsm_state_machine'\n"}
[18.428814] (fsm_state_machine) StdoutLine: {'line': b"gmake[2]: Leaving directory '/home/vdt_2026/VDT_project/build/fsm_state_machine'\n"}
[18.428970] (fsm_state_machine) StdoutLine: {'line': b'/usr/bin/gmake  -f CMakeFiles/fsm_node_test.dir/build.make CMakeFiles/fsm_node_test.dir/build\n'}
[18.429452] (fsm_state_machine) StdoutLine: {'line': b'/usr/bin/gmake  -f CMakeFiles/fsm_node.dir/build.make CMakeFiles/fsm_node.dir/build\n'}
[18.438205] (-) TimerEvent: {}
[18.441778] (fsm_state_machine) StdoutLine: {'line': b"gmake[2]: Entering directory '/home/vdt_2026/VDT_project/build/fsm_state_machine'\n"}
[18.443473] (fsm_state_machine) StdoutLine: {'line': b"gmake[2]: Entering directory '/home/vdt_2026/VDT_project/build/fsm_state_machine'\n"}
[18.484942] (fsm_state_machine) StdoutLine: {'line': b'[ 77%] Linking CXX executable fsm_node_test\n'}
[18.486877] (fsm_state_machine) StdoutLine: {'line': b'[ 77%] Linking CXX executable fsm_node\n'}
[18.495145] (fsm_state_machine) StdoutLine: {'line': b'/usr/bin/cmake -E cmake_link_script CMakeFiles/fsm_node_test.dir/link.txt --verbose=1\n'}
[18.496892] (fsm_state_machine) StdoutLine: {'line': b'/usr/bin/cmake -E cmake_link_script CMakeFiles/fsm_node.dir/link.txt --verbose=1\n'}
[18.538876] (-) TimerEvent: {}
[18.544489] (fsm_state_machine) StdoutLine: {'line': b'/usr/bin/c++ -O3 -DNDEBUG CMakeFiles/fsm_node_test.dir/test/ros2/fsm_node_test.cpp.o -o fsm_node_test  -Wl,-rpath,/opt/ros/jazzy/lib:/home/vdt_2026/VDT_project/install/vdt_msgs/lib gtest/libgtest.a libfsm_node_lib.a gtest/libgtest.a -pthread libfsm_actions.a libfsm_logic.a /opt/ros/jazzy/lib/librclcpp.so /opt/ros/jazzy/lib/liblibstatistics_collector.so /opt/ros/jazzy/lib/librcl.so /opt/ros/jazzy/lib/librmw_implementation.so /opt/ros/jazzy/lib/libtype_description_interfaces__rosidl_typesupport_fastrtps_c.so /opt/ros/jazzy/lib/libtype_description_interfaces__rosidl_typesupport_introspection_c.so /opt/ros/jazzy/lib/libtype_description_interfaces__rosidl_typesupport_fastrtps_cpp.so /opt/ros/jazzy/lib/libtype_description_interfaces__rosidl_typesupport_introspection_cpp.so /opt/ros/jazzy/lib/libtype_description_interfaces__rosidl_typesupport_cpp.so /opt/ros/jazzy/lib/libtype_description_interfaces__rosidl_generator_py.so /opt/ros/jazzy/lib/libtype_description_interfaces__rosidl_typesupport_c.so /opt/ros/jazzy/lib/libtype_description_interfaces__rosidl_generator_c.so /opt/ros/jazzy/lib/librcl_yaml_param_parser.so /opt/ros/jazzy/lib/librosgraph_msgs__rosidl_typesupport_fastrtps_c.so /opt/ros/jazzy/lib/librosgraph_msgs__rosidl_typesupport_fastrtps_cpp.so /opt/ros/jazzy/lib/librosgraph_msgs__rosidl_typesupport_introspection_c.so /opt/ros/jazzy/lib/librosgraph_msgs__rosidl_typesupport_introspection_cpp.so /opt/ros/jazzy/lib/librosgraph_msgs__rosidl_typesupport_cpp.so /opt/ros/jazzy/lib/librosgraph_msgs__rosidl_generator_py.so /opt/ros/jazzy/lib/librcl_interfaces__rosidl_typesupport_fastrtps_c.so /opt/ros/jazzy/lib/librcl_interfaces__rosidl_typesupport_introspection_c.so /opt/ros/jazzy/lib/librcl_interfaces__rosidl_typesupport_fastrtps_cpp.so /opt/ros/jazzy/lib/librcl_interfaces__rosidl_typesupport_introspection_cpp.so /opt/ros/jazzy/lib/librcl_interfaces__rosidl_typesupport_cpp.so /opt/ros/jazzy/lib/librcl_interfaces__rosidl_generator_py.so /opt/ros/jazzy/lib/librosgraph_msgs__rosidl_typesupport_c.so /opt/ros/jazzy/lib/librcl_interfaces__rosidl_typesupport_c.so /opt/ros/jazzy/lib/librosgraph_msgs__rosidl_generator_c.so /opt/ros/jazzy/lib/librcl_interfaces__rosidl_generator_c.so /opt/ros/jazzy/lib/libstatistics_msgs__rosidl_typesupport_fastrtps_c.so /opt/ros/jazzy/lib/libstatistics_msgs__rosidl_typesupport_fastrtps_cpp.so /opt/ros/jazzy/lib/libstatistics_msgs__rosidl_typesupport_introspection_c.so /opt/ros/jazzy/lib/libstatistics_msgs__rosidl_typesupport_introspection_cpp.so /opt/ros/jazzy/lib/libstatistics_msgs__rosidl_typesupport_cpp.so /opt/ros/jazzy/lib/libstatistics_msgs__rosidl_generator_py.so /opt/ros/jazzy/lib/libstatistics_msgs__rosidl_typesupport_c.so /opt/ros/jazzy/lib/libstatistics_msgs__rosidl_generator_c.so /opt/ros/jazzy/lib/libtracetools.so -llttng-ust -llttng-ust-common -rdynamic -ldl /opt/ros/jazzy/lib/librcl_logging_interface.so /opt/ros/jazzy/lib/libnav_msgs__rosidl_typesupport_fastrtps_c.so /opt/ros/jazzy/lib/libnav_msgs__rosidl_typesupport_fastrtps_cpp.so /opt/ros/jazzy/lib/libnav_msgs__rosidl_typesupport_introspection_c.so /opt/ros/jazzy/lib/libnav_msgs__rosidl_typesupport_introspection_cpp.so /opt/ros/jazzy/lib/libnav_msgs__rosidl_typesupport_cpp.so /opt/ros/jazzy/lib/libnav_msgs__rosidl_generator_py.so /opt/ros/jazzy/lib/libnav_msgs__rosidl_typesupport_c.so /opt/ros/jazzy/lib/libnav_msgs__rosidl_generator_c.so /opt/ros/jazzy/lib/libgeometry_msgs__rosidl_typesupport_fastrtps_c.so /opt/ros/jazzy/lib/libservice_msgs__rosidl_typesupport_fastrtps_c.so /opt/ros/jazzy/lib/libgeometry_msgs__rosidl_typesupport_fastrtps_cpp.so /opt/ros/jazzy/lib/libservice_msgs__rosidl_typesupport_fastrtps_cpp.so /opt/ros/jazzy/lib/libgeometry_msgs__rosidl_typesupport_introspection_c.so /opt/ros/jazzy/lib/libservice_msgs__rosidl_typesupport_introspection_c.so /opt/ros/jazzy/lib/libgeometry_msgs__rosidl_typesupport_introspection_cpp.so /opt/ros/jazzy/lib/libservice_msgs__rosidl_typesupport_introspection_cpp.so /opt/ros/jazzy/lib/libgeometry_msgs__rosidl_typesupport_cpp.so /opt/ros/jazzy/lib/libservice_msgs__rosidl_typesupport_cpp.so /opt/ros/jazzy/lib/libgeometry_msgs__rosidl_typesupport_c.so /opt/ros/jazzy/lib/libgeometry_msgs__rosidl_generator_c.so /opt/ros/jazzy/lib/libservice_msgs__rosidl_typesupport_c.so /opt/ros/jazzy/lib/libservice_msgs__rosidl_generator_c.so /home/vdt_2026/VDT_project/install/vdt_msgs/lib/libvdt_msgs__rosidl_typesupport_fastrtps_c.so /home/vdt_2026/VDT_project/install/vdt_msgs/lib/libvdt_msgs__rosidl_typesupport_fastrtps_cpp.so /home/vdt_2026/VDT_project/install/vdt_msgs/lib/libvdt_msgs__rosidl_typesupport_introspection_c.so /home/vdt_2026/VDT_project/install/vdt_msgs/lib/libvdt_msgs__rosidl_typesupport_introspection_cpp.so /home/vdt_2026/VDT_project/install/vdt_msgs/lib/libvdt_msgs__rosidl_typesupport_cpp.so /home/vdt_2026/VDT_project/install/vdt_msgs/lib/libvdt_msgs__rosidl_generator_py.so /opt/ros/jazzy/lib/libstd_msgs__rosidl_typesupport_fastrtps_c.so /opt/ros/jazzy/lib/libstd_msgs__rosidl_typesupport_fastrtps_cpp.so /opt/ros/jazzy/lib/libstd_msgs__rosidl_typesupport_introspection_c.so /opt/ros/jazzy/lib/libstd_msgs__rosidl_typesupport_introspection_cpp.so /opt/ros/jazzy/lib/libstd_msgs__rosidl_typesupport_cpp.so /opt/ros/jazzy/lib/libstd_msgs__rosidl_generator_py.so /home/vdt_2026/VDT_project/install/vdt_msgs/lib/libvdt_msgs__rosidl_typesupport_c.so /opt/ros/jazzy/lib/libstd_msgs__rosidl_typesupport_c.so /home/vdt_2026/VDT_project/install/vdt_msgs/lib/libvdt_msgs__rosidl_generator_c.so /opt/ros/jazzy/lib/libstd_msgs__rosidl_generator_c.so /opt/ros/jazzy/lib/libbuiltin_interfaces__rosidl_typesupport_fastrtps_c.so /opt/ros/jazzy/lib/librosidl_typesupport_fastrtps_c.so /opt/ros/jazzy/lib/libbuiltin_interfaces__rosidl_typesupport_introspection_c.so /opt/ros/jazzy/lib/libbuiltin_interfaces__rosidl_typesupport_fastrtps_cpp.so /opt/ros/jazzy/lib/librosidl_typesupport_fastrtps_cpp.so /opt/ros/jazzy/lib/librmw.so /opt/ros/jazzy/lib/librosidl_dynamic_typesupport.so /opt/ros/jazzy/lib/libfastcdr.so.2.2.8 /opt/ros/jazzy/lib/libbuiltin_interfaces__rosidl_typesupport_introspection_cpp.so /opt/ros/jazzy/lib/librosidl_typesupport_introspection_cpp.so /opt/ros/jazzy/lib/librosidl_typesupport_introspection_c.so /opt/ros/jazzy/lib/libbuiltin_interfaces__rosidl_typesupport_cpp.so /opt/ros/jazzy/lib/librosidl_typesupport_cpp.so /opt/ros/jazzy/lib/libbuiltin_interfaces__rosidl_generator_py.so /opt/ros/jazzy/lib/libbuiltin_interfaces__rosidl_typesupport_c.so /opt/ros/jazzy/lib/libbuiltin_interfaces__rosidl_generator_c.so /opt/ros/jazzy/lib/librosidl_typesupport_c.so /opt/ros/jazzy/lib/librcpputils.so /opt/ros/jazzy/lib/librosidl_runtime_c.so /opt/ros/jazzy/lib/librcutils.so -ldl -latomic -Wl,-rpath-link,/opt/ros/jazzy/lib \n'}
[18.547656] (fsm_state_machine) StdoutLine: {'line': b'/usr/bin/c++ -O3 -DNDEBUG CMakeFiles/fsm_node.dir/src/main.cpp.o -o fsm_node  -Wl,-rpath,/opt/ros/jazzy/lib:/home/vdt_2026/VDT_project/install/vdt_msgs/lib: libfsm_node_lib.a libfsm_actions.a libfsm_logic.a /opt/ros/jazzy/lib/librclcpp.so /opt/ros/jazzy/lib/liblibstatistics_collector.so /opt/ros/jazzy/lib/librcl.so /opt/ros/jazzy/lib/librmw_implementation.so /opt/ros/jazzy/lib/libtype_description_interfaces__rosidl_typesupport_fastrtps_c.so /opt/ros/jazzy/lib/libtype_description_interfaces__rosidl_typesupport_introspection_c.so /opt/ros/jazzy/lib/libtype_description_interfaces__rosidl_typesupport_fastrtps_cpp.so /opt/ros/jazzy/lib/libtype_description_interfaces__rosidl_typesupport_introspection_cpp.so /opt/ros/jazzy/lib/libtype_description_interfaces__rosidl_typesupport_cpp.so /opt/ros/jazzy/lib/libtype_description_interfaces__rosidl_generator_py.so /opt/ros/jazzy/lib/libtype_description_interfaces__rosidl_typesupport_c.so /opt/ros/jazzy/lib/libtype_description_interfaces__rosidl_generator_c.so /opt/ros/jazzy/lib/librcl_yaml_param_parser.so /opt/ros/jazzy/lib/librosgraph_msgs__rosidl_typesupport_fastrtps_c.so /opt/ros/jazzy/lib/librosgraph_msgs__rosidl_typesupport_fastrtps_cpp.so /opt/ros/jazzy/lib/librosgraph_msgs__rosidl_typesupport_introspection_c.so /opt/ros/jazzy/lib/librosgraph_msgs__rosidl_typesupport_introspection_cpp.so /opt/ros/jazzy/lib/librosgraph_msgs__rosidl_typesupport_cpp.so /opt/ros/jazzy/lib/librosgraph_msgs__rosidl_generator_py.so /opt/ros/jazzy/lib/librcl_interfaces__rosidl_typesupport_fastrtps_c.so /opt/ros/jazzy/lib/librcl_interfaces__rosidl_typesupport_introspection_c.so /opt/ros/jazzy/lib/librcl_interfaces__rosidl_typesupport_fastrtps_cpp.so /opt/ros/jazzy/lib/librcl_interfaces__rosidl_typesupport_introspection_cpp.so /opt/ros/jazzy/lib/librcl_interfaces__rosidl_typesupport_cpp.so /opt/ros/jazzy/lib/librcl_interfaces__rosidl_generator_py.so /opt/ros/jazzy/lib/librosgraph_msgs__rosidl_typesupport_c.so /opt/ros/jazzy/lib/librcl_interfaces__rosidl_typesupport_c.so /opt/ros/jazzy/lib/librosgraph_msgs__rosidl_generator_c.so /opt/ros/jazzy/lib/librcl_interfaces__rosidl_generator_c.so /opt/ros/jazzy/lib/libstatistics_msgs__rosidl_typesupport_fastrtps_c.so /opt/ros/jazzy/lib/libstatistics_msgs__rosidl_typesupport_fastrtps_cpp.so /opt/ros/jazzy/lib/libstatistics_msgs__rosidl_typesupport_introspection_c.so /opt/ros/jazzy/lib/libstatistics_msgs__rosidl_typesupport_introspection_cpp.so /opt/ros/jazzy/lib/libstatistics_msgs__rosidl_typesupport_cpp.so /opt/ros/jazzy/lib/libstatistics_msgs__rosidl_generator_py.so /opt/ros/jazzy/lib/libstatistics_msgs__rosidl_typesupport_c.so /opt/ros/jazzy/lib/libstatistics_msgs__rosidl_generator_c.so /opt/ros/jazzy/lib/libtracetools.so -llttng-ust -llttng-ust-common -rdynamic -ldl /opt/ros/jazzy/lib/librcl_logging_interface.so /opt/ros/jazzy/lib/libnav_msgs__rosidl_typesupport_fastrtps_c.so /opt/ros/jazzy/lib/libnav_msgs__rosidl_typesupport_fastrtps_cpp.so /opt/ros/jazzy/lib/libnav_msgs__rosidl_typesupport_introspection_c.so /opt/ros/jazzy/lib/libnav_msgs__rosidl_typesupport_introspection_cpp.so /opt/ros/jazzy/lib/libnav_msgs__rosidl_typesupport_cpp.so /opt/ros/jazzy/lib/libnav_msgs__rosidl_generator_py.so /opt/ros/jazzy/lib/libnav_msgs__rosidl_typesupport_c.so /opt/ros/jazzy/lib/libnav_msgs__rosidl_generator_c.so /opt/ros/jazzy/lib/libgeometry_msgs__rosidl_typesupport_fastrtps_c.so /opt/ros/jazzy/lib/libservice_msgs__rosidl_typesupport_fastrtps_c.so /opt/ros/jazzy/lib/libgeometry_msgs__rosidl_typesupport_fastrtps_cpp.so /opt/ros/jazzy/lib/libservice_msgs__rosidl_typesupport_fastrtps_cpp.so /opt/ros/jazzy/lib/libgeometry_msgs__rosidl_typesupport_introspection_c.so /opt/ros/jazzy/lib/libservice_msgs__rosidl_typesupport_introspection_c.so /opt/ros/jazzy/lib/libgeometry_msgs__rosidl_typesupport_introspection_cpp.so /opt/ros/jazzy/lib/libservice_msgs__rosidl_typesupport_introspection_cpp.so /opt/ros/jazzy/lib/libgeometry_msgs__rosidl_typesupport_cpp.so /opt/ros/jazzy/lib/libservice_msgs__rosidl_typesupport_cpp.so /opt/ros/jazzy/lib/libgeometry_msgs__rosidl_typesupport_c.so /opt/ros/jazzy/lib/libgeometry_msgs__rosidl_generator_c.so /opt/ros/jazzy/lib/libservice_msgs__rosidl_typesupport_c.so /opt/ros/jazzy/lib/libservice_msgs__rosidl_generator_c.so /home/vdt_2026/VDT_project/install/vdt_msgs/lib/libvdt_msgs__rosidl_typesupport_fastrtps_c.so /home/vdt_2026/VDT_project/install/vdt_msgs/lib/libvdt_msgs__rosidl_typesupport_fastrtps_cpp.so /home/vdt_2026/VDT_project/install/vdt_msgs/lib/libvdt_msgs__rosidl_typesupport_introspection_c.so /home/vdt_2026/VDT_project/install/vdt_msgs/lib/libvdt_msgs__rosidl_typesupport_introspection_cpp.so /home/vdt_2026/VDT_project/install/vdt_msgs/lib/libvdt_msgs__rosidl_typesupport_cpp.so /home/vdt_2026/VDT_project/install/vdt_msgs/lib/libvdt_msgs__rosidl_generator_py.so /opt/ros/jazzy/lib/libstd_msgs__rosidl_typesupport_fastrtps_c.so /opt/ros/jazzy/lib/libstd_msgs__rosidl_typesupport_fastrtps_cpp.so /opt/ros/jazzy/lib/libstd_msgs__rosidl_typesupport_introspection_c.so /opt/ros/jazzy/lib/libstd_msgs__rosidl_typesupport_introspection_cpp.so /opt/ros/jazzy/lib/libstd_msgs__rosidl_typesupport_cpp.so /opt/ros/jazzy/lib/libstd_msgs__rosidl_generator_py.so /home/vdt_2026/VDT_project/install/vdt_msgs/lib/libvdt_msgs__rosidl_typesupport_c.so /opt/ros/jazzy/lib/libstd_msgs__rosidl_typesupport_c.so /home/vdt_2026/VDT_project/install/vdt_msgs/lib/libvdt_msgs__rosidl_generator_c.so /opt/ros/jazzy/lib/libstd_msgs__rosidl_generator_c.so /opt/ros/jazzy/lib/libbuiltin_interfaces__rosidl_typesupport_fastrtps_c.so /opt/ros/jazzy/lib/librosidl_typesupport_fastrtps_c.so /opt/ros/jazzy/lib/libbuiltin_interfaces__rosidl_typesupport_introspection_c.so /opt/ros/jazzy/lib/libbuiltin_interfaces__rosidl_typesupport_fastrtps_cpp.so /opt/ros/jazzy/lib/librosidl_typesupport_fastrtps_cpp.so /opt/ros/jazzy/lib/librmw.so /opt/ros/jazzy/lib/librosidl_dynamic_typesupport.so /opt/ros/jazzy/lib/libfastcdr.so.2.2.8 /opt/ros/jazzy/lib/libbuiltin_interfaces__rosidl_typesupport_introspection_cpp.so /opt/ros/jazzy/lib/librosidl_typesupport_introspection_cpp.so /opt/ros/jazzy/lib/librosidl_typesupport_introspection_c.so /opt/ros/jazzy/lib/libbuiltin_interfaces__rosidl_typesupport_cpp.so /opt/ros/jazzy/lib/librosidl_typesupport_cpp.so /opt/ros/jazzy/lib/libbuiltin_interfaces__rosidl_generator_py.so /opt/ros/jazzy/lib/libbuiltin_interfaces__rosidl_typesupport_c.so /opt/ros/jazzy/lib/libbuiltin_interfaces__rosidl_generator_c.so /opt/ros/jazzy/lib/librosidl_typesupport_c.so /opt/ros/jazzy/lib/librcpputils.so /opt/ros/jazzy/lib/librosidl_runtime_c.so /opt/ros/jazzy/lib/librcutils.so -ldl -latomic -Wl,-rpath-link,/opt/ros/jazzy/lib \n'}
[18.641311] (-) TimerEvent: {}
[18.743002] (-) TimerEvent: {}
[18.847238] (-) TimerEvent: {}
[18.948366] (-) TimerEvent: {}
[19.052187] (-) TimerEvent: {}
[19.153860] (-) TimerEvent: {}
[19.258180] (-) TimerEvent: {}
[19.359303] (-) TimerEvent: {}
[19.462336] (-) TimerEvent: {}
[19.567321] (-) TimerEvent: {}
[19.641185] (fsm_state_machine) StdoutLine: {'line': b"gmake[2]: Leaving directory '/home/vdt_2026/VDT_project/build/fsm_state_machine'\n"}
[19.667720] (-) TimerEvent: {}
[19.740843] (fsm_state_machine) StdoutLine: {'line': b'[ 83%] Built target fsm_logic_test\n'}
[19.768119] (-) TimerEvent: {}
[19.869322] (-) TimerEvent: {}
[19.972988] (-) TimerEvent: {}
[20.073529] (-) TimerEvent: {}
[20.087775] (fsm_state_machine) StdoutLine: {'line': b"gmake[2]: Leaving directory '/home/vdt_2026/VDT_project/build/fsm_state_machine'\n"}
[20.128039] (fsm_state_machine) StdoutLine: {'line': b'[ 88%] Built target fsm_actions_test\n'}
[20.173661] (-) TimerEvent: {}
[20.235726] (fsm_state_machine) StdoutLine: {'line': b"gmake[2]: Leaving directory '/home/vdt_2026/VDT_project/build/fsm_state_machine'\n"}
[20.254205] (fsm_state_machine) StdoutLine: {'line': b'[ 94%] Built target fsm_node\n'}
[20.273807] (-) TimerEvent: {}
[20.374036] (-) TimerEvent: {}
[20.412827] (fsm_state_machine) StdoutLine: {'line': b"gmake[2]: Leaving directory '/home/vdt_2026/VDT_project/build/fsm_state_machine'\n"}
[20.427277] (fsm_state_machine) StdoutLine: {'line': b'[100%] Built target fsm_node_test\n'}
[20.428908] (fsm_state_machine) StdoutLine: {'line': b"gmake[1]: Leaving directory '/home/vdt_2026/VDT_project/build/fsm_state_machine'\n"}
[20.429400] (fsm_state_machine) StdoutLine: {'line': b'/usr/bin/cmake -E cmake_progress_start /home/vdt_2026/VDT_project/build/fsm_state_machine/CMakeFiles 0\n'}
[20.446819] (fsm_state_machine) StdoutLine: {'line': b'\n'}
[20.449667] (fsm_state_machine) CommandEnded: {'returncode': 0}
[20.451341] (fsm_state_machine) JobProgress: {'identifier': 'fsm_state_machine', 'progress': 'install'}
[20.451820] (fsm_state_machine) Command: {'cmd': ['/usr/bin/cmake', '--install', '/home/vdt_2026/VDT_project/build/fsm_state_machine'], 'cwd': '/home/vdt_2026/VDT_project/build/fsm_state_machine', 'env': OrderedDict({'LESSOPEN': '| /usr/bin/lesspipe %s', 'USER': 'vdt_2026', 'SSH_CLIENT': '100.101.240.43 53682 22', 'XDG_SESSION_TYPE': 'tty', 'SHLVL': '1', 'LD_LIBRARY_PATH': '/home/vdt_2026/VDT_project/install/vdt_msgs/lib:/home/vdt_2026/ros2_ws/install/px4_msgs/lib:/opt/ros/jazzy/lib/aarch64-linux-gnu:/opt/ros/jazzy/lib', 'HOME': '/home/vdt_2026', 'OLDPWD': '/home/vdt_2026', 'SSH_TTY': '/dev/pts/0', 'ROS_PYTHON_VERSION': '3', 'DBUS_SESSION_BUS_ADDRESS': 'unix:path=/run/user/1000/bus', 'COLCON_PREFIX_PATH': '/home/vdt_2026/ros2_ws/install', 'ROS_DISTRO': 'jazzy', 'LOGNAME': 'vdt_2026', '_': '/usr/bin/colcon', 'ROS_VERSION': '2', 'XDG_SESSION_CLASS': 'user', 'TERM': 'xterm-256color', 'XDG_SESSION_ID': '1', 'PATH': '/home/vdt_2026/.local/bin:/opt/ros/jazzy/bin:/usr/local/sbin:/usr/local/bin:/usr/sbin:/usr/bin:/sbin:/bin:/usr/games:/usr/local/games:/snap/bin', 'XDG_RUNTIME_DIR': '/run/user/1000', 'LANG': 'en_US.UTF-8', 'LS_COLORS': 'rs=0:di=01;34:ln=01;36:mh=00:pi=40;33:so=01;35:do=01;35:bd=40;33;01:cd=40;33;01:or=40;31;01:mi=00:su=37;41:sg=30;43:ca=00:tw=30;42:ow=34;42:st=37;44:ex=01;32:*.tar=01;31:*.tgz=01;31:*.arc=01;31:*.arj=01;31:*.taz=01;31:*.lha=01;31:*.lz4=01;31:*.lzh=01;31:*.lzma=01;31:*.tlz=01;31:*.txz=01;31:*.tzo=01;31:*.t7z=01;31:*.zip=01;31:*.z=01;31:*.dz=01;31:*.gz=01;31:*.lrz=01;31:*.lz=01;31:*.lzo=01;31:*.xz=01;31:*.zst=01;31:*.tzst=01;31:*.bz2=01;31:*.bz=01;31:*.tbz=01;31:*.tbz2=01;31:*.tz=01;31:*.deb=01;31:*.rpm=01;31:*.jar=01;31:*.war=01;31:*.ear=01;31:*.sar=01;31:*.rar=01;31:*.alz=01;31:*.ace=01;31:*.zoo=01;31:*.cpio=01;31:*.7z=01;31:*.rz=01;31:*.cab=01;31:*.wim=01;31:*.swm=01;31:*.dwm=01;31:*.esd=01;31:*.avif=01;35:*.jpg=01;35:*.jpeg=01;35:*.mjpg=01;35:*.mjpeg=01;35:*.gif=01;35:*.bmp=01;35:*.pbm=01;35:*.pgm=01;35:*.ppm=01;35:*.tga=01;35:*.xbm=01;35:*.xpm=01;35:*.tif=01;35:*.tiff=01;35:*.png=01;35:*.svg=01;35:*.svgz=01;35:*.mng=01;35:*.pcx=01;35:*.mov=01;35:*.mpg=01;35:*.mpeg=01;35:*.m2v=01;35:*.mkv=01;35:*.webm=01;35:*.webp=01;35:*.ogm=01;35:*.mp4=01;35:*.m4v=01;35:*.mp4v=01;35:*.vob=01;35:*.qt=01;35:*.nuv=01;35:*.wmv=01;35:*.asf=01;35:*.rm=01;35:*.rmvb=01;35:*.flc=01;35:*.avi=01;35:*.fli=01;35:*.flv=01;35:*.gl=01;35:*.dl=01;35:*.xcf=01;35:*.xwd=01;35:*.yuv=01;35:*.cgm=01;35:*.emf=01;35:*.ogv=01;35:*.ogx=01;35:*.aac=00;36:*.au=00;36:*.flac=00;36:*.m4a=00;36:*.mid=00;36:*.midi=00;36:*.mka=00;36:*.mp3=00;36:*.mpc=00;36:*.ogg=00;36:*.ra=00;36:*.wav=00;36:*.oga=00;36:*.opus=00;36:*.spx=00;36:*.xspf=00;36:*~=00;90:*#=00;90:*.bak=00;90:*.crdownload=00;90:*.dpkg-dist=00;90:*.dpkg-new=00;90:*.dpkg-old=00;90:*.dpkg-tmp=00;90:*.old=00;90:*.orig=00;90:*.part=00;90:*.rej=00;90:*.rpmnew=00;90:*.rpmorig=00;90:*.rpmsave=00;90:*.swp=00;90:*.tmp=00;90:*.ucf-dist=00;90:*.ucf-new=00;90:*.ucf-old=00;90:', 'AMENT_PREFIX_PATH': '/home/vdt_2026/VDT_project/install/vdt_msgs:/home/vdt_2026/ros2_ws/install/px4_msgs:/opt/ros/jazzy', 'SHELL': '/bin/bash', 'LESSCLOSE': '/usr/bin/lesspipe %s %s', 'ROS_AUTOMATIC_DISCOVERY_RANGE': 'SUBNET', 'PWD': '/home/vdt_2026/VDT_project/build/fsm_state_machine', 'LC_ALL': 'en_US.UTF-8', 'SSH_CONNECTION': '100.101.240.43 53682 100.65.242.75 22', 'XDG_DATA_DIRS': '/usr/local/share:/usr/share:/var/lib/snapd/desktop', 'PYTHONPATH': '/home/vdt_2026/VDT_project/install/vdt_msgs/lib/python3.12/site-packages:/home/vdt_2026/ros2_ws/install/px4_msgs/lib/python3.12/site-packages:/opt/ros/jazzy/lib/python3.12/site-packages:/home/vdt_2026/librealsense/build/Release', 'COLCON': '1', 'CMAKE_PREFIX_PATH': '/home/vdt_2026/VDT_project/install/vdt_msgs:/home/vdt_2026/ros2_ws/install/px4_msgs:/opt/ros/jazzy'}), 'shell': False}
[20.466993] (fsm_state_machine) StdoutLine: {'line': b'-- Install configuration: "Release"\n'}
[20.467483] (fsm_state_machine) StdoutLine: {'line': b'-- Installing: /home/vdt_2026/VDT_project/install/fsm_state_machine/lib/fsm_state_machine/fsm_node\n'}
[20.471718] (fsm_state_machine) StdoutLine: {'line': b'-- Set non-toolchain portion of runtime path of "/home/vdt_2026/VDT_project/install/fsm_state_machine/lib/fsm_state_machine/fsm_node" to ""\n'}
[20.471978] (fsm_state_machine) StdoutLine: {'line': b'-- Installing: /home/vdt_2026/VDT_project/install/fsm_state_machine/share/ament_index/resource_index/package_run_dependencies/fsm_state_machine\n'}
[20.472223] (fsm_state_machine) StdoutLine: {'line': b'-- Installing: /home/vdt_2026/VDT_project/install/fsm_state_machine/share/ament_index/resource_index/parent_prefix_path/fsm_state_machine\n'}
[20.472469] (fsm_state_machine) StdoutLine: {'line': b'-- Installing: /home/vdt_2026/VDT_project/install/fsm_state_machine/share/fsm_state_machine/environment/ament_prefix_path.sh\n'}
[20.472633] (fsm_state_machine) StdoutLine: {'line': b'-- Installing: /home/vdt_2026/VDT_project/install/fsm_state_machine/share/fsm_state_machine/environment/ament_prefix_path.dsv\n'}
[20.473871] (fsm_state_machine) StdoutLine: {'line': b'-- Installing: /home/vdt_2026/VDT_project/install/fsm_state_machine/share/fsm_state_machine/environment/path.sh\n'}
[20.474053] (-) TimerEvent: {}
[20.474076] (fsm_state_machine) StdoutLine: {'line': b'-- Installing: /home/vdt_2026/VDT_project/install/fsm_state_machine/share/fsm_state_machine/environment/path.dsv\n'}
[20.474170] (fsm_state_machine) StdoutLine: {'line': b'-- Installing: /home/vdt_2026/VDT_project/install/fsm_state_machine/share/fsm_state_machine/local_setup.bash\n'}
[20.474264] (fsm_state_machine) StdoutLine: {'line': b'-- Installing: /home/vdt_2026/VDT_project/install/fsm_state_machine/share/fsm_state_machine/local_setup.sh\n'}
[20.474348] (fsm_state_machine) StdoutLine: {'line': b'-- Installing: /home/vdt_2026/VDT_project/install/fsm_state_machine/share/fsm_state_machine/local_setup.zsh\n'}
[20.474425] (fsm_state_machine) StdoutLine: {'line': b'-- Installing: /home/vdt_2026/VDT_project/install/fsm_state_machine/share/fsm_state_machine/local_setup.dsv\n'}
[20.474500] (fsm_state_machine) StdoutLine: {'line': b'-- Installing: /home/vdt_2026/VDT_project/install/fsm_state_machine/share/fsm_state_machine/package.dsv\n'}
[20.474574] (fsm_state_machine) StdoutLine: {'line': b'-- Installing: /home/vdt_2026/VDT_project/install/fsm_state_machine/share/ament_index/resource_index/packages/fsm_state_machine\n'}
[20.474748] (fsm_state_machine) StdoutLine: {'line': b'-- Installing: /home/vdt_2026/VDT_project/install/fsm_state_machine/share/fsm_state_machine/cmake/fsm_state_machineConfig.cmake\n'}
[20.474883] (fsm_state_machine) StdoutLine: {'line': b'-- Installing: /home/vdt_2026/VDT_project/install/fsm_state_machine/share/fsm_state_machine/cmake/fsm_state_machineConfig-version.cmake\n'}
[20.474971] (fsm_state_machine) StdoutLine: {'line': b'-- Installing: /home/vdt_2026/VDT_project/install/fsm_state_machine/share/fsm_state_machine/package.xml\n'}
[20.477348] (fsm_state_machine) CommandEnded: {'returncode': 0}
[20.495119] (fsm_state_machine) JobEnded: {'identifier': 'fsm_state_machine', 'rc': 0}
[20.496544] (input_state_cache) JobStarted: {'identifier': 'input_state_cache'}
[20.506950] (input_state_cache) JobProgress: {'identifier': 'input_state_cache', 'progress': 'cmake'}
[20.513591] (input_state_cache) Command: {'cmd': ['/usr/bin/cmake', '/home/vdt_2026/VDT_project/ros2_ws/src/input_state_cache', '-DCMAKE_VERBOSE_MAKEFILE=ON', '-DCMAKE_INSTALL_PREFIX=/home/vdt_2026/VDT_project/install/input_state_cache'], 'cwd': '/home/vdt_2026/VDT_project/build/input_state_cache', 'env': OrderedDict({'LESSOPEN': '| /usr/bin/lesspipe %s', 'USER': 'vdt_2026', 'SSH_CLIENT': '100.101.240.43 53682 22', 'XDG_SESSION_TYPE': 'tty', 'SHLVL': '1', 'LD_LIBRARY_PATH': '/home/vdt_2026/VDT_project/install/vdt_msgs/lib:/home/vdt_2026/ros2_ws/install/px4_msgs/lib:/opt/ros/jazzy/lib/aarch64-linux-gnu:/opt/ros/jazzy/lib', 'HOME': '/home/vdt_2026', 'OLDPWD': '/home/vdt_2026', 'SSH_TTY': '/dev/pts/0', 'ROS_PYTHON_VERSION': '3', 'DBUS_SESSION_BUS_ADDRESS': 'unix:path=/run/user/1000/bus', 'COLCON_PREFIX_PATH': '/home/vdt_2026/ros2_ws/install', 'ROS_DISTRO': 'jazzy', 'LOGNAME': 'vdt_2026', '_': '/usr/bin/colcon', 'ROS_VERSION': '2', 'XDG_SESSION_CLASS': 'user', 'TERM': 'xterm-256color', 'XDG_SESSION_ID': '1', 'PATH': '/home/vdt_2026/.local/bin:/opt/ros/jazzy/bin:/usr/local/sbin:/usr/local/bin:/usr/sbin:/usr/bin:/sbin:/bin:/usr/games:/usr/local/games:/snap/bin', 'XDG_RUNTIME_DIR': '/run/user/1000', 'LANG': 'en_US.UTF-8', 'LS_COLORS': 'rs=0:di=01;34:ln=01;36:mh=00:pi=40;33:so=01;35:do=01;35:bd=40;33;01:cd=40;33;01:or=40;31;01:mi=00:su=37;41:sg=30;43:ca=00:tw=30;42:ow=34;42:st=37;44:ex=01;32:*.tar=01;31:*.tgz=01;31:*.arc=01;31:*.arj=01;31:*.taz=01;31:*.lha=01;31:*.lz4=01;31:*.lzh=01;31:*.lzma=01;31:*.tlz=01;31:*.txz=01;31:*.tzo=01;31:*.t7z=01;31:*.zip=01;31:*.z=01;31:*.dz=01;31:*.gz=01;31:*.lrz=01;31:*.lz=01;31:*.lzo=01;31:*.xz=01;31:*.zst=01;31:*.tzst=01;31:*.bz2=01;31:*.bz=01;31:*.tbz=01;31:*.tbz2=01;31:*.tz=01;31:*.deb=01;31:*.rpm=01;31:*.jar=01;31:*.war=01;31:*.ear=01;31:*.sar=01;31:*.rar=01;31:*.alz=01;31:*.ace=01;31:*.zoo=01;31:*.cpio=01;31:*.7z=01;31:*.rz=01;31:*.cab=01;31:*.wim=01;31:*.swm=01;31:*.dwm=01;31:*.esd=01;31:*.avif=01;35:*.jpg=01;35:*.jpeg=01;35:*.mjpg=01;35:*.mjpeg=01;35:*.gif=01;35:*.bmp=01;35:*.pbm=01;35:*.pgm=01;35:*.ppm=01;35:*.tga=01;35:*.xbm=01;35:*.xpm=01;35:*.tif=01;35:*.tiff=01;35:*.png=01;35:*.svg=01;35:*.svgz=01;35:*.mng=01;35:*.pcx=01;35:*.mov=01;35:*.mpg=01;35:*.mpeg=01;35:*.m2v=01;35:*.mkv=01;35:*.webm=01;35:*.webp=01;35:*.ogm=01;35:*.mp4=01;35:*.m4v=01;35:*.mp4v=01;35:*.vob=01;35:*.qt=01;35:*.nuv=01;35:*.wmv=01;35:*.asf=01;35:*.rm=01;35:*.rmvb=01;35:*.flc=01;35:*.avi=01;35:*.fli=01;35:*.flv=01;35:*.gl=01;35:*.dl=01;35:*.xcf=01;35:*.xwd=01;35:*.yuv=01;35:*.cgm=01;35:*.emf=01;35:*.ogv=01;35:*.ogx=01;35:*.aac=00;36:*.au=00;36:*.flac=00;36:*.m4a=00;36:*.mid=00;36:*.midi=00;36:*.mka=00;36:*.mp3=00;36:*.mpc=00;36:*.ogg=00;36:*.ra=00;36:*.wav=00;36:*.oga=00;36:*.opus=00;36:*.spx=00;36:*.xspf=00;36:*~=00;90:*#=00;90:*.bak=00;90:*.crdownload=00;90:*.dpkg-dist=00;90:*.dpkg-new=00;90:*.dpkg-old=00;90:*.dpkg-tmp=00;90:*.old=00;90:*.orig=00;90:*.part=00;90:*.rej=00;90:*.rpmnew=00;90:*.rpmorig=00;90:*.rpmsave=00;90:*.swp=00;90:*.tmp=00;90:*.ucf-dist=00;90:*.ucf-new=00;90:*.ucf-old=00;90:', 'AMENT_PREFIX_PATH': '/home/vdt_2026/VDT_project/install/vdt_msgs:/home/vdt_2026/ros2_ws/install/px4_msgs:/opt/ros/jazzy', 'SHELL': '/bin/bash', 'LESSCLOSE': '/usr/bin/lesspipe %s %s', 'ROS_AUTOMATIC_DISCOVERY_RANGE': 'SUBNET', 'PWD': '/home/vdt_2026/VDT_project/build/input_state_cache', 'LC_ALL': 'en_US.UTF-8', 'SSH_CONNECTION': '100.101.240.43 53682 100.65.242.75 22', 'XDG_DATA_DIRS': '/usr/local/share:/usr/share:/var/lib/snapd/desktop', 'PYTHONPATH': '/home/vdt_2026/VDT_project/install/vdt_msgs/lib/python3.12/site-packages:/home/vdt_2026/ros2_ws/install/px4_msgs/lib/python3.12/site-packages:/opt/ros/jazzy/lib/python3.12/site-packages:/home/vdt_2026/librealsense/build/Release', 'COLCON': '1', 'CMAKE_PREFIX_PATH': '/home/vdt_2026/VDT_project/install/vdt_msgs:/home/vdt_2026/ros2_ws/install/px4_msgs:/opt/ros/jazzy'}), 'shell': False}
[20.541076] (input_state_cache) StdoutLine: {'line': b'-- Found ament_cmake: 2.5.6 (/opt/ros/jazzy/share/ament_cmake/cmake)\n'}
[20.574156] (-) TimerEvent: {}
[20.674363] (-) TimerEvent: {}
[20.774557] (-) TimerEvent: {}
[20.874723] (-) TimerEvent: {}
[20.882574] (input_state_cache) StdoutLine: {'line': b'-- Found rclcpp: 28.1.22 (/opt/ros/jazzy/share/rclcpp/cmake)\n'}
[20.914951] (input_state_cache) StdoutLine: {'line': b'-- Found rosidl_generator_c: 4.6.9 (/opt/ros/jazzy/share/rosidl_generator_c/cmake)\n'}
[20.928229] (input_state_cache) StdoutLine: {'line': b'-- Found rosidl_generator_cpp: 4.6.9 (/opt/ros/jazzy/share/rosidl_generator_cpp/cmake)\n'}
[20.946400] (input_state_cache) StdoutLine: {'line': b'-- Using all available rosidl_typesupport_c: rosidl_typesupport_fastrtps_c;rosidl_typesupport_introspection_c\n'}
[20.966191] (input_state_cache) StdoutLine: {'line': b'-- Using all available rosidl_typesupport_cpp: rosidl_typesupport_fastrtps_cpp;rosidl_typesupport_introspection_cpp\n'}
[20.974798] (-) TimerEvent: {}
[21.048242] (input_state_cache) StdoutLine: {'line': b'-- Found rmw_implementation_cmake: 7.3.3 (/opt/ros/jazzy/share/rmw_implementation_cmake/cmake)\n'}
[21.050145] (input_state_cache) StdoutLine: {'line': b'-- Found rmw_fastrtps_cpp: 8.4.4 (/opt/ros/jazzy/share/rmw_fastrtps_cpp/cmake)\n'}
[21.074888] (-) TimerEvent: {}
[21.139234] (input_state_cache) StdoutLine: {'line': b"-- Using RMW implementation 'rmw_fastrtps_cpp' as default\n"}
[21.174984] (-) TimerEvent: {}
[21.225980] (input_state_cache) StdoutLine: {'line': b'-- Found nav_msgs: 5.3.8 (/opt/ros/jazzy/share/nav_msgs/cmake)\n'}
[21.275072] (-) TimerEvent: {}
[21.299473] (input_state_cache) StdoutLine: {'line': b'-- Found vdt_msgs: 0.1.0 (/home/vdt_2026/VDT_project/install/vdt_msgs/share/vdt_msgs/cmake)\n'}
[21.320065] (input_state_cache) StdoutLine: {'line': b'-- Found ament_cmake_gtest: 2.5.6 (/opt/ros/jazzy/share/ament_cmake_gtest/cmake)\n'}
[21.320875] (input_state_cache) StdoutLine: {'line': b'-- Found launch_testing_ament_cmake: 3.4.12 (/opt/ros/jazzy/share/launch_testing_ament_cmake/cmake)\n'}
[21.321388] (input_state_cache) StdoutLine: {'line': b'-- Found python_cmake_module: 0.11.1 (/opt/ros/jazzy/share/python_cmake_module/cmake)\n'}
[21.375152] (-) TimerEvent: {}
[21.475339] (-) TimerEvent: {}
[21.531533] (input_state_cache) StdoutLine: {'line': b"-- Found gtest sources under '/opt/ros/jazzy/src/gtest_vendor': C++ tests using 'Google Test' will be built\n"}
[21.575426] (-) TimerEvent: {}
[21.675712] (-) TimerEvent: {}
[21.705881] (input_state_cache) StdoutLine: {'line': b'-- Configuring done (1.2s)\n'}
[21.775767] (-) TimerEvent: {}
[21.786839] (input_state_cache) StdoutLine: {'line': b'-- Generating done (0.1s)\n'}
[21.813527] (input_state_cache) StdoutLine: {'line': b'-- Build files have been written to: /home/vdt_2026/VDT_project/build/input_state_cache\n'}
[21.833547] (input_state_cache) CommandEnded: {'returncode': 0}
[21.834239] (input_state_cache) JobProgress: {'identifier': 'input_state_cache', 'progress': 'build'}
[21.834691] (input_state_cache) Command: {'cmd': ['/usr/bin/cmake', '--build', '/home/vdt_2026/VDT_project/build/input_state_cache', '--', '-j4', '-l4'], 'cwd': '/home/vdt_2026/VDT_project/build/input_state_cache', 'env': OrderedDict({'LESSOPEN': '| /usr/bin/lesspipe %s', 'USER': 'vdt_2026', 'SSH_CLIENT': '100.101.240.43 53682 22', 'XDG_SESSION_TYPE': 'tty', 'SHLVL': '1', 'LD_LIBRARY_PATH': '/home/vdt_2026/VDT_project/install/vdt_msgs/lib:/home/vdt_2026/ros2_ws/install/px4_msgs/lib:/opt/ros/jazzy/lib/aarch64-linux-gnu:/opt/ros/jazzy/lib', 'HOME': '/home/vdt_2026', 'OLDPWD': '/home/vdt_2026', 'SSH_TTY': '/dev/pts/0', 'ROS_PYTHON_VERSION': '3', 'DBUS_SESSION_BUS_ADDRESS': 'unix:path=/run/user/1000/bus', 'COLCON_PREFIX_PATH': '/home/vdt_2026/ros2_ws/install', 'ROS_DISTRO': 'jazzy', 'LOGNAME': 'vdt_2026', '_': '/usr/bin/colcon', 'ROS_VERSION': '2', 'XDG_SESSION_CLASS': 'user', 'TERM': 'xterm-256color', 'XDG_SESSION_ID': '1', 'PATH': '/home/vdt_2026/.local/bin:/opt/ros/jazzy/bin:/usr/local/sbin:/usr/local/bin:/usr/sbin:/usr/bin:/sbin:/bin:/usr/games:/usr/local/games:/snap/bin', 'XDG_RUNTIME_DIR': '/run/user/1000', 'LANG': 'en_US.UTF-8', 'LS_COLORS': 'rs=0:di=01;34:ln=01;36:mh=00:pi=40;33:so=01;35:do=01;35:bd=40;33;01:cd=40;33;01:or=40;31;01:mi=00:su=37;41:sg=30;43:ca=00:tw=30;42:ow=34;42:st=37;44:ex=01;32:*.tar=01;31:*.tgz=01;31:*.arc=01;31:*.arj=01;31:*.taz=01;31:*.lha=01;31:*.lz4=01;31:*.lzh=01;31:*.lzma=01;31:*.tlz=01;31:*.txz=01;31:*.tzo=01;31:*.t7z=01;31:*.zip=01;31:*.z=01;31:*.dz=01;31:*.gz=01;31:*.lrz=01;31:*.lz=01;31:*.lzo=01;31:*.xz=01;31:*.zst=01;31:*.tzst=01;31:*.bz2=01;31:*.bz=01;31:*.tbz=01;31:*.tbz2=01;31:*.tz=01;31:*.deb=01;31:*.rpm=01;31:*.jar=01;31:*.war=01;31:*.ear=01;31:*.sar=01;31:*.rar=01;31:*.alz=01;31:*.ace=01;31:*.zoo=01;31:*.cpio=01;31:*.7z=01;31:*.rz=01;31:*.cab=01;31:*.wim=01;31:*.swm=01;31:*.dwm=01;31:*.esd=01;31:*.avif=01;35:*.jpg=01;35:*.jpeg=01;35:*.mjpg=01;35:*.mjpeg=01;35:*.gif=01;35:*.bmp=01;35:*.pbm=01;35:*.pgm=01;35:*.ppm=01;35:*.tga=01;35:*.xbm=01;35:*.xpm=01;35:*.tif=01;35:*.tiff=01;35:*.png=01;35:*.svg=01;35:*.svgz=01;35:*.mng=01;35:*.pcx=01;35:*.mov=01;35:*.mpg=01;35:*.mpeg=01;35:*.m2v=01;35:*.mkv=01;35:*.webm=01;35:*.webp=01;35:*.ogm=01;35:*.mp4=01;35:*.m4v=01;35:*.mp4v=01;35:*.vob=01;35:*.qt=01;35:*.nuv=01;35:*.wmv=01;35:*.asf=01;35:*.rm=01;35:*.rmvb=01;35:*.flc=01;35:*.avi=01;35:*.fli=01;35:*.flv=01;35:*.gl=01;35:*.dl=01;35:*.xcf=01;35:*.xwd=01;35:*.yuv=01;35:*.cgm=01;35:*.emf=01;35:*.ogv=01;35:*.ogx=01;35:*.aac=00;36:*.au=00;36:*.flac=00;36:*.m4a=00;36:*.mid=00;36:*.midi=00;36:*.mka=00;36:*.mp3=00;36:*.mpc=00;36:*.ogg=00;36:*.ra=00;36:*.wav=00;36:*.oga=00;36:*.opus=00;36:*.spx=00;36:*.xspf=00;36:*~=00;90:*#=00;90:*.bak=00;90:*.crdownload=00;90:*.dpkg-dist=00;90:*.dpkg-new=00;90:*.dpkg-old=00;90:*.dpkg-tmp=00;90:*.old=00;90:*.orig=00;90:*.part=00;90:*.rej=00;90:*.rpmnew=00;90:*.rpmorig=00;90:*.rpmsave=00;90:*.swp=00;90:*.tmp=00;90:*.ucf-dist=00;90:*.ucf-new=00;90:*.ucf-old=00;90:', 'AMENT_PREFIX_PATH': '/home/vdt_2026/VDT_project/install/vdt_msgs:/home/vdt_2026/ros2_ws/install/px4_msgs:/opt/ros/jazzy', 'SHELL': '/bin/bash', 'LESSCLOSE': '/usr/bin/lesspipe %s %s', 'ROS_AUTOMATIC_DISCOVERY_RANGE': 'SUBNET', 'PWD': '/home/vdt_2026/VDT_project/build/input_state_cache', 'LC_ALL': 'en_US.UTF-8', 'SSH_CONNECTION': '100.101.240.43 53682 100.65.242.75 22', 'XDG_DATA_DIRS': '/usr/local/share:/usr/share:/var/lib/snapd/desktop', 'PYTHONPATH': '/home/vdt_2026/VDT_project/install/vdt_msgs/lib/python3.12/site-packages:/home/vdt_2026/ros2_ws/install/px4_msgs/lib/python3.12/site-packages:/opt/ros/jazzy/lib/python3.12/site-packages:/home/vdt_2026/librealsense/build/Release', 'COLCON': '1', 'CMAKE_PREFIX_PATH': '/home/vdt_2026/VDT_project/install/vdt_msgs:/home/vdt_2026/ros2_ws/install/px4_msgs:/opt/ros/jazzy'}), 'shell': False}
[21.849635] (input_state_cache) StdoutLine: {'line': b"Change Dir: '/home/vdt_2026/VDT_project/build/input_state_cache'\n"}
[21.849922] (input_state_cache) StdoutLine: {'line': b'\n'}
[21.850033] (input_state_cache) StdoutLine: {'line': b'Run Build Command(s): /usr/bin/cmake -E env VERBOSE=1 /usr/bin/gmake -f Makefile -j4 -l4\n'}
[21.867221] (input_state_cache) StdoutLine: {'line': b'/usr/bin/cmake -S/home/vdt_2026/VDT_project/ros2_ws/src/input_state_cache -B/home/vdt_2026/VDT_project/build/input_state_cache --check-build-system CMakeFiles/Makefile.cmake 0\n'}
[21.875896] (-) TimerEvent: {}
[21.888035] (input_state_cache) StdoutLine: {'line': b'/usr/bin/cmake -E cmake_progress_start /home/vdt_2026/VDT_project/build/input_state_cache/CMakeFiles /home/vdt_2026/VDT_project/build/input_state_cache//CMakeFiles/progress.marks\n'}
[21.901704] (input_state_cache) StdoutLine: {'line': b'/usr/bin/gmake  -f CMakeFiles/Makefile2 all\n'}
[21.903464] (input_state_cache) StdoutLine: {'line': b"gmake[1]: Entering directory '/home/vdt_2026/VDT_project/build/input_state_cache'\n"}
[21.903673] (input_state_cache) StdoutLine: {'line': b'/usr/bin/gmake  -f CMakeFiles/input_cache_node.dir/build.make CMakeFiles/input_cache_node.dir/depend\n'}
[21.904060] (input_state_cache) StdoutLine: {'line': b'/usr/bin/gmake  -f gtest/CMakeFiles/gtest_main.dir/build.make gtest/CMakeFiles/gtest_main.dir/depend\n'}
[21.904476] (input_state_cache) StdoutLine: {'line': b'/usr/bin/gmake  -f gtest/CMakeFiles/gtest.dir/build.make gtest/CMakeFiles/gtest.dir/depend\n'}
[21.905917] (input_state_cache) StdoutLine: {'line': b"gmake[2]: Entering directory '/home/vdt_2026/VDT_project/build/input_state_cache'\n"}
[21.906397] (input_state_cache) StdoutLine: {'line': b"gmake[2]: Entering directory '/home/vdt_2026/VDT_project/build/input_state_cache'\n"}
[21.906511] (input_state_cache) StdoutLine: {'line': b'cd /home/vdt_2026/VDT_project/build/input_state_cache && /usr/bin/cmake -E cmake_depends "Unix Makefiles" /home/vdt_2026/VDT_project/ros2_ws/src/input_state_cache /home/vdt_2026/VDT_project/ros2_ws/src/input_state_cache /home/vdt_2026/VDT_project/build/input_state_cache /home/vdt_2026/VDT_project/build/input_state_cache /home/vdt_2026/VDT_project/build/input_state_cache/CMakeFiles/input_cache_node.dir/DependInfo.cmake "--color="\n'}
[21.907003] (input_state_cache) StdoutLine: {'line': b'cd /home/vdt_2026/VDT_project/build/input_state_cache && /usr/bin/cmake -E cmake_depends "Unix Makefiles" /home/vdt_2026/VDT_project/ros2_ws/src/input_state_cache /opt/ros/jazzy/src/gtest_vendor /home/vdt_2026/VDT_project/build/input_state_cache /home/vdt_2026/VDT_project/build/input_state_cache/gtest /home/vdt_2026/VDT_project/build/input_state_cache/gtest/CMakeFiles/gtest_main.dir/DependInfo.cmake "--color="\n'}
[21.907298] (input_state_cache) StdoutLine: {'line': b"gmake[2]: Entering directory '/home/vdt_2026/VDT_project/build/input_state_cache'\n"}
[21.907503] (input_state_cache) StdoutLine: {'line': b'cd /home/vdt_2026/VDT_project/build/input_state_cache && /usr/bin/cmake -E cmake_depends "Unix Makefiles" /home/vdt_2026/VDT_project/ros2_ws/src/input_state_cache /opt/ros/jazzy/src/gtest_vendor /home/vdt_2026/VDT_project/build/input_state_cache /home/vdt_2026/VDT_project/build/input_state_cache/gtest /home/vdt_2026/VDT_project/build/input_state_cache/gtest/CMakeFiles/gtest.dir/DependInfo.cmake "--color="\n'}
[21.923016] (input_state_cache) StdoutLine: {'line': b'Dependencies file "gtest/CMakeFiles/gtest_main.dir/src/gtest_main.cc.o.d" is newer than depends file "/home/vdt_2026/VDT_project/build/input_state_cache/gtest/CMakeFiles/gtest_main.dir/compiler_depend.internal".\n'}
[21.923542] (input_state_cache) StdoutLine: {'line': b'Dependencies file "CMakeFiles/input_cache_node.dir/src/input_cache_logic.cpp.o.d" is newer than depends file "/home/vdt_2026/VDT_project/build/input_state_cache/CMakeFiles/input_cache_node.dir/compiler_depend.internal".\n'}
[21.923811] (input_state_cache) StdoutLine: {'line': b'Dependencies file "gtest/CMakeFiles/gtest.dir/src/gtest-all.cc.o.d" is newer than depends file "/home/vdt_2026/VDT_project/build/input_state_cache/gtest/CMakeFiles/gtest.dir/compiler_depend.internal".\n'}
[21.925418] (input_state_cache) StdoutLine: {'line': b'Dependencies file "CMakeFiles/input_cache_node.dir/src/input_cache_node.cpp.o.d" is newer than depends file "/home/vdt_2026/VDT_project/build/input_state_cache/CMakeFiles/input_cache_node.dir/compiler_depend.internal".\n'}
[21.929709] (input_state_cache) StdoutLine: {'line': b'Consolidate compiler generated dependencies of target gtest_main\n'}
[21.930248] (input_state_cache) StdoutLine: {'line': b'Dependencies file "CMakeFiles/input_cache_node.dir/src/main.cpp.o.d" is newer than depends file "/home/vdt_2026/VDT_project/build/input_state_cache/CMakeFiles/input_cache_node.dir/compiler_depend.internal".\n'}
[21.931643] (input_state_cache) StdoutLine: {'line': b"gmake[2]: Leaving directory '/home/vdt_2026/VDT_project/build/input_state_cache'\n"}
[21.932016] (input_state_cache) StdoutLine: {'line': b'/usr/bin/gmake  -f gtest/CMakeFiles/gtest_main.dir/build.make gtest/CMakeFiles/gtest_main.dir/build\n'}
[21.932383] (input_state_cache) StdoutLine: {'line': b'Consolidate compiler generated dependencies of target gtest\n'}
[21.934652] (input_state_cache) StdoutLine: {'line': b"gmake[2]: Leaving directory '/home/vdt_2026/VDT_project/build/input_state_cache'\n"}
[21.935053] (input_state_cache) StdoutLine: {'line': b'/usr/bin/gmake  -f gtest/CMakeFiles/gtest.dir/build.make gtest/CMakeFiles/gtest.dir/build\n'}
[21.937000] (input_state_cache) StdoutLine: {'line': b"gmake[2]: Entering directory '/home/vdt_2026/VDT_project/build/input_state_cache'\n"}
[21.940252] (input_state_cache) StdoutLine: {'line': b"gmake[2]: Entering directory '/home/vdt_2026/VDT_project/build/input_state_cache'\n"}
[21.948848] (input_state_cache) StdoutLine: {'line': b'Consolidate compiler generated dependencies of target input_cache_node\n'}
[21.949357] (input_state_cache) StdoutLine: {'line': b"gmake[2]: Leaving directory '/home/vdt_2026/VDT_project/build/input_state_cache'\n"}
[21.949506] (input_state_cache) StdoutLine: {'line': b'/usr/bin/gmake  -f CMakeFiles/input_cache_node.dir/build.make CMakeFiles/input_cache_node.dir/build\n'}
[21.955015] (input_state_cache) StdoutLine: {'line': b'[  9%] Linking CXX static library libgtest_main.a\n'}
[21.957312] (input_state_cache) StdoutLine: {'line': b'cd /home/vdt_2026/VDT_project/build/input_state_cache/gtest && /usr/bin/cmake -P CMakeFiles/gtest_main.dir/cmake_clean_target.cmake\n'}
[21.958882] (input_state_cache) StdoutLine: {'line': b'[ 18%] Linking CXX static library libgtest.a\n'}
[21.960792] (input_state_cache) StdoutLine: {'line': b'cd /home/vdt_2026/VDT_project/build/input_state_cache/gtest && /usr/bin/cmake -P CMakeFiles/gtest.dir/cmake_clean_target.cmake\n'}
[21.970398] (input_state_cache) StdoutLine: {'line': b"gmake[2]: Entering directory '/home/vdt_2026/VDT_project/build/input_state_cache'\n"}
[21.976091] (-) TimerEvent: {}
[21.977777] (input_state_cache) StdoutLine: {'line': b'cd /home/vdt_2026/VDT_project/build/input_state_cache/gtest && /usr/bin/cmake -E cmake_link_script CMakeFiles/gtest_main.dir/link.txt --verbose=1\n'}
[21.981587] (input_state_cache) StdoutLine: {'line': b'cd /home/vdt_2026/VDT_project/build/input_state_cache/gtest && /usr/bin/cmake -E cmake_link_script CMakeFiles/gtest.dir/link.txt --verbose=1\n'}
[21.991201] (input_state_cache) StdoutLine: {'line': b'[ 27%] Linking CXX executable input_cache_node\n'}
[21.991932] (input_state_cache) StdoutLine: {'line': b'/usr/bin/cmake -E cmake_link_script CMakeFiles/input_cache_node.dir/link.txt --verbose=1\n'}
[21.995573] (input_state_cache) StdoutLine: {'line': b'/usr/bin/ar qc libgtest_main.a CMakeFiles/gtest_main.dir/src/gtest_main.cc.o\n'}
[22.000608] (input_state_cache) StdoutLine: {'line': b'/usr/bin/ar qc libgtest.a "CMakeFiles/gtest.dir/src/gtest-all.cc.o"\n'}
[22.004445] (input_state_cache) StdoutLine: {'line': b'/usr/bin/ranlib libgtest_main.a\n'}
[22.007938] (input_state_cache) StdoutLine: {'line': b'/usr/bin/c++ -O3 -DNDEBUG CMakeFiles/input_cache_node.dir/src/main.cpp.o CMakeFiles/input_cache_node.dir/src/input_cache_node.cpp.o CMakeFiles/input_cache_node.dir/src/input_cache_logic.cpp.o -o input_cache_node  -Wl,-rpath,/opt/ros/jazzy/lib:/home/vdt_2026/VDT_project/install/vdt_msgs/lib: /opt/ros/jazzy/lib/librclcpp.so /opt/ros/jazzy/lib/libnav_msgs__rosidl_typesupport_fastrtps_c.so /opt/ros/jazzy/lib/libnav_msgs__rosidl_typesupport_fastrtps_cpp.so /opt/ros/jazzy/lib/libnav_msgs__rosidl_typesupport_introspection_c.so /opt/ros/jazzy/lib/libnav_msgs__rosidl_typesupport_introspection_cpp.so /opt/ros/jazzy/lib/libnav_msgs__rosidl_typesupport_cpp.so /opt/ros/jazzy/lib/libnav_msgs__rosidl_generator_py.so /home/vdt_2026/VDT_project/install/vdt_msgs/lib/libvdt_msgs__rosidl_typesupport_fastrtps_c.so /home/vdt_2026/VDT_project/install/vdt_msgs/lib/libvdt_msgs__rosidl_typesupport_fastrtps_cpp.so /home/vdt_2026/VDT_project/install/vdt_msgs/lib/libvdt_msgs__rosidl_typesupport_introspection_c.so /home/vdt_2026/VDT_project/install/vdt_msgs/lib/libvdt_msgs__rosidl_typesupport_introspection_cpp.so /home/vdt_2026/VDT_project/install/vdt_msgs/lib/libvdt_msgs__rosidl_typesupport_cpp.so /home/vdt_2026/VDT_project/install/vdt_msgs/lib/libvdt_msgs__rosidl_generator_py.so /opt/ros/jazzy/lib/liblibstatistics_collector.so /opt/ros/jazzy/lib/librcl.so /opt/ros/jazzy/lib/librmw_implementation.so /opt/ros/jazzy/lib/libtype_description_interfaces__rosidl_typesupport_fastrtps_c.so /opt/ros/jazzy/lib/libtype_description_interfaces__rosidl_typesupport_introspection_c.so /opt/ros/jazzy/lib/libtype_description_interfaces__rosidl_typesupport_fastrtps_cpp.so /opt/ros/jazzy/lib/libtype_description_interfaces__rosidl_typesupport_introspection_cpp.so /opt/ros/jazzy/lib/libtype_description_interfaces__rosidl_typesupport_cpp.so /opt/ros/jazzy/lib/libtype_description_interfaces__rosidl_generator_py.so /opt/ros/jazzy/lib/libtype_description_interfaces__rosidl_typesupport_c.so /opt/ros/jazzy/lib/libtype_description_interfaces__rosidl_generator_c.so /opt/ros/jazzy/lib/librcl_yaml_param_parser.so /opt/ros/jazzy/lib/librosgraph_msgs__rosidl_typesupport_fastrtps_c.so /opt/ros/jazzy/lib/librosgraph_msgs__rosidl_typesupport_fastrtps_cpp.so /opt/ros/jazzy/lib/librosgraph_msgs__rosidl_typesupport_introspection_c.so /opt/ros/jazzy/lib/librosgraph_msgs__rosidl_typesupport_introspection_cpp.so /opt/ros/jazzy/lib/librosgraph_msgs__rosidl_typesupport_cpp.so /opt/ros/jazzy/lib/librosgraph_msgs__rosidl_generator_py.so /opt/ros/jazzy/lib/librcl_interfaces__rosidl_typesupport_fastrtps_c.so /opt/ros/jazzy/lib/librcl_interfaces__rosidl_typesupport_introspection_c.so /opt/ros/jazzy/lib/librcl_interfaces__rosidl_typesupport_fastrtps_cpp.so /opt/ros/jazzy/lib/librcl_interfaces__rosidl_typesupport_introspection_cpp.so /opt/ros/jazzy/lib/librcl_interfaces__rosidl_typesupport_cpp.so /opt/ros/jazzy/lib/librcl_interfaces__rosidl_generator_py.so /opt/ros/jazzy/lib/librosgraph_msgs__rosidl_typesupport_c.so /opt/ros/jazzy/lib/librcl_interfaces__rosidl_typesupport_c.so /opt/ros/jazzy/lib/librosgraph_msgs__rosidl_generator_c.so /opt/ros/jazzy/lib/librcl_interfaces__rosidl_generator_c.so /opt/ros/jazzy/lib/libstatistics_msgs__rosidl_typesupport_fastrtps_c.so /opt/ros/jazzy/lib/libstatistics_msgs__rosidl_typesupport_fastrtps_cpp.so /opt/ros/jazzy/lib/libstatistics_msgs__rosidl_typesupport_introspection_c.so /opt/ros/jazzy/lib/libstatistics_msgs__rosidl_typesupport_introspection_cpp.so /opt/ros/jazzy/lib/libstatistics_msgs__rosidl_typesupport_cpp.so /opt/ros/jazzy/lib/libstatistics_msgs__rosidl_generator_py.so /opt/ros/jazzy/lib/libstatistics_msgs__rosidl_typesupport_c.so /opt/ros/jazzy/lib/libstatistics_msgs__rosidl_generator_c.so /opt/ros/jazzy/lib/libtracetools.so -llttng-ust -llttng-ust-common -rdynamic -ldl /opt/ros/jazzy/lib/librcl_logging_interface.so /opt/ros/jazzy/lib/libnav_msgs__rosidl_typesupport_c.so /opt/ros/jazzy/lib/libnav_msgs__rosidl_generator_c.so /opt/ros/jazzy/lib/libgeometry_msgs__rosidl_typesupport_fastrtps_c.so /opt/ros/jazzy/lib/libservice_msgs__rosidl_typesupport_fastrtps_c.so /opt/ros/jazzy/lib/libgeometry_msgs__rosidl_typesupport_fastrtps_cpp.so /opt/ros/jazzy/lib/libservice_msgs__rosidl_typesupport_fastrtps_cpp.so /opt/ros/jazzy/lib/libgeometry_msgs__rosidl_typesupport_introspection_c.so /opt/ros/jazzy/lib/libservice_msgs__rosidl_typesupport_introspection_c.so /opt/ros/jazzy/lib/libgeometry_msgs__rosidl_typesupport_introspection_cpp.so /opt/ros/jazzy/lib/libservice_msgs__rosidl_typesupport_introspection_cpp.so /opt/ros/jazzy/lib/libgeometry_msgs__rosidl_typesupport_cpp.so /opt/ros/jazzy/lib/libservice_msgs__rosidl_typesupport_cpp.so /opt/ros/jazzy/lib/libgeometry_msgs__rosidl_typesupport_c.so /opt/ros/jazzy/lib/libgeometry_msgs__rosidl_generator_c.so /opt/ros/jazzy/lib/libservice_msgs__rosidl_typesupport_c.so /opt/ros/jazzy/lib/libservice_msgs__rosidl_generator_c.so /home/vdt_2026/VDT_project/install/vdt_msgs/lib/libvdt_msgs__rosidl_typesupport_c.so /home/vdt_2026/VDT_project/install/vdt_msgs/lib/libvdt_msgs__rosidl_generator_c.so /opt/ros/jazzy/lib/libstd_msgs__rosidl_typesupport_fastrtps_c.so /opt/ros/jazzy/lib/libstd_msgs__rosidl_typesupport_fastrtps_cpp.so /opt/ros/jazzy/lib/libstd_msgs__rosidl_typesupport_introspection_c.so /opt/ros/jazzy/lib/libstd_msgs__rosidl_typesupport_introspection_cpp.so /opt/ros/jazzy/lib/libstd_msgs__rosidl_typesupport_cpp.so /opt/ros/jazzy/lib/libbuiltin_interfaces__rosidl_typesupport_fastrtps_c.so /opt/ros/jazzy/lib/librosidl_typesupport_fastrtps_c.so /opt/ros/jazzy/lib/libbuiltin_interfaces__rosidl_typesupport_introspection_c.so /opt/ros/jazzy/lib/libbuiltin_interfaces__rosidl_typesupport_fastrtps_cpp.so /opt/ros/jazzy/lib/librosidl_typesupport_fastrtps_cpp.so /opt/ros/jazzy/lib/librmw.so /opt/ros/jazzy/lib/librosidl_dynamic_typesupport.so /opt/ros/jazzy/lib/libfastcdr.so.2.2.8 /opt/ros/jazzy/lib/libbuiltin_interfaces__rosidl_typesupport_introspection_cpp.so /opt/ros/jazzy/lib/librosidl_typesupport_introspection_cpp.so /opt/ros/jazzy/lib/librosidl_typesupport_introspection_c.so /opt/ros/jazzy/lib/libbuiltin_interfaces__rosidl_typesupport_cpp.so /opt/ros/jazzy/lib/librosidl_typesupport_cpp.so /opt/ros/jazzy/lib/libbuiltin_interfaces__rosidl_generator_py.so /opt/ros/jazzy/lib/libstd_msgs__rosidl_typesupport_c.so /opt/ros/jazzy/lib/libbuiltin_interfaces__rosidl_typesupport_c.so /opt/ros/jazzy/lib/libstd_msgs__rosidl_generator_c.so /opt/ros/jazzy/lib/libbuiltin_interfaces__rosidl_generator_c.so /opt/ros/jazzy/lib/librosidl_typesupport_c.so /opt/ros/jazzy/lib/librcpputils.so /opt/ros/jazzy/lib/librosidl_runtime_c.so /opt/ros/jazzy/lib/librcutils.so -ldl -latomic -Wl,-rpath-link,/opt/ros/jazzy/lib \n'}
[22.012644] (input_state_cache) StdoutLine: {'line': b"gmake[2]: Leaving directory '/home/vdt_2026/VDT_project/build/input_state_cache'\n"}
[22.027844] (input_state_cache) StdoutLine: {'line': b'[ 36%] Built target gtest_main\n'}
[22.053013] (input_state_cache) StdoutLine: {'line': b'/usr/bin/ranlib libgtest.a\n'}
[22.076188] (-) TimerEvent: {}
[22.092281] (input_state_cache) StdoutLine: {'line': b"gmake[2]: Leaving directory '/home/vdt_2026/VDT_project/build/input_state_cache'\n"}
[22.110231] (input_state_cache) StdoutLine: {'line': b'[ 45%] Built target gtest\n'}
[22.112290] (input_state_cache) StdoutLine: {'line': b'/usr/bin/gmake  -f CMakeFiles/input_cache_logic_test.dir/build.make CMakeFiles/input_cache_logic_test.dir/depend\n'}
[22.114646] (input_state_cache) StdoutLine: {'line': b"gmake[2]: Entering directory '/home/vdt_2026/VDT_project/build/input_state_cache'\n"}
[22.115152] (input_state_cache) StdoutLine: {'line': b'cd /home/vdt_2026/VDT_project/build/input_state_cache && /usr/bin/cmake -E cmake_depends "Unix Makefiles" /home/vdt_2026/VDT_project/ros2_ws/src/input_state_cache /home/vdt_2026/VDT_project/ros2_ws/src/input_state_cache /home/vdt_2026/VDT_project/build/input_state_cache /home/vdt_2026/VDT_project/build/input_state_cache /home/vdt_2026/VDT_project/build/input_state_cache/CMakeFiles/input_cache_logic_test.dir/DependInfo.cmake "--color="\n'}
[22.134492] (input_state_cache) StdoutLine: {'line': b'Dependencies file "CMakeFiles/input_cache_logic_test.dir/src/input_cache_logic.cpp.o.d" is newer than depends file "/home/vdt_2026/VDT_project/build/input_state_cache/CMakeFiles/input_cache_logic_test.dir/compiler_depend.internal".\n'}
[22.135699] (input_state_cache) StdoutLine: {'line': b'Dependencies file "CMakeFiles/input_cache_logic_test.dir/test/unit/input_state_logic_test.cpp.o.d" is newer than depends file "/home/vdt_2026/VDT_project/build/input_state_cache/CMakeFiles/input_cache_logic_test.dir/compiler_depend.internal".\n'}
[22.141901] (input_state_cache) StdoutLine: {'line': b'Consolidate compiler generated dependencies of target input_cache_logic_test\n'}
[22.145603] (input_state_cache) StdoutLine: {'line': b"gmake[2]: Leaving directory '/home/vdt_2026/VDT_project/build/input_state_cache'\n"}
[22.146486] (input_state_cache) StdoutLine: {'line': b'/usr/bin/gmake  -f CMakeFiles/input_cache_logic_test.dir/build.make CMakeFiles/input_cache_logic_test.dir/build\n'}
[22.154121] (input_state_cache) StdoutLine: {'line': b"gmake[2]: Entering directory '/home/vdt_2026/VDT_project/build/input_state_cache'\n"}
[22.176438] (-) TimerEvent: {}
[22.177987] (input_state_cache) StdoutLine: {'line': b'[ 54%] Linking CXX executable input_cache_logic_test\n'}
[22.181387] (input_state_cache) StdoutLine: {'line': b'/usr/bin/cmake -E cmake_link_script CMakeFiles/input_cache_logic_test.dir/link.txt --verbose=1\n'}
[22.203343] (input_state_cache) StdoutLine: {'line': b'/usr/bin/c++ -O3 -DNDEBUG CMakeFiles/input_cache_logic_test.dir/test/unit/input_state_logic_test.cpp.o CMakeFiles/input_cache_logic_test.dir/src/input_cache_logic.cpp.o -o input_cache_logic_test  -Wl,-rpath,/opt/ros/jazzy/lib:/home/vdt_2026/VDT_project/install/vdt_msgs/lib gtest/libgtest_main.a gtest/libgtest.a /opt/ros/jazzy/lib/librclcpp.so /opt/ros/jazzy/lib/libnav_msgs__rosidl_typesupport_fastrtps_c.so /opt/ros/jazzy/lib/libnav_msgs__rosidl_typesupport_fastrtps_cpp.so /opt/ros/jazzy/lib/libnav_msgs__rosidl_typesupport_introspection_c.so /opt/ros/jazzy/lib/libnav_msgs__rosidl_typesupport_introspection_cpp.so /opt/ros/jazzy/lib/libnav_msgs__rosidl_typesupport_cpp.so /opt/ros/jazzy/lib/libnav_msgs__rosidl_generator_py.so /home/vdt_2026/VDT_project/install/vdt_msgs/lib/libvdt_msgs__rosidl_typesupport_fastrtps_c.so /home/vdt_2026/VDT_project/install/vdt_msgs/lib/libvdt_msgs__rosidl_typesupport_fastrtps_cpp.so /home/vdt_2026/VDT_project/install/vdt_msgs/lib/libvdt_msgs__rosidl_typesupport_introspection_c.so /home/vdt_2026/VDT_project/install/vdt_msgs/lib/libvdt_msgs__rosidl_typesupport_introspection_cpp.so /home/vdt_2026/VDT_project/install/vdt_msgs/lib/libvdt_msgs__rosidl_typesupport_cpp.so /home/vdt_2026/VDT_project/install/vdt_msgs/lib/libvdt_msgs__rosidl_generator_py.so -pthread /opt/ros/jazzy/lib/liblibstatistics_collector.so /opt/ros/jazzy/lib/librcl.so /opt/ros/jazzy/lib/librmw_implementation.so /opt/ros/jazzy/lib/libtype_description_interfaces__rosidl_typesupport_fastrtps_c.so /opt/ros/jazzy/lib/libtype_description_interfaces__rosidl_typesupport_introspection_c.so /opt/ros/jazzy/lib/libtype_description_interfaces__rosidl_typesupport_fastrtps_cpp.so /opt/ros/jazzy/lib/libtype_description_interfaces__rosidl_typesupport_introspection_cpp.so /opt/ros/jazzy/lib/libtype_description_interfaces__rosidl_typesupport_cpp.so /opt/ros/jazzy/lib/libtype_description_interfaces__rosidl_generator_py.so /opt/ros/jazzy/lib/libtype_description_interfaces__rosidl_typesupport_c.so /opt/ros/jazzy/lib/libtype_description_interfaces__rosidl_generator_c.so /opt/ros/jazzy/lib/librcl_yaml_param_parser.so /opt/ros/jazzy/lib/librosgraph_msgs__rosidl_typesupport_fastrtps_c.so /opt/ros/jazzy/lib/librosgraph_msgs__rosidl_typesupport_fastrtps_cpp.so /opt/ros/jazzy/lib/librosgraph_msgs__rosidl_typesupport_introspection_c.so /opt/ros/jazzy/lib/librosgraph_msgs__rosidl_typesupport_introspection_cpp.so /opt/ros/jazzy/lib/librosgraph_msgs__rosidl_typesupport_cpp.so /opt/ros/jazzy/lib/librosgraph_msgs__rosidl_generator_py.so /opt/ros/jazzy/lib/librcl_interfaces__rosidl_typesupport_fastrtps_c.so /opt/ros/jazzy/lib/librcl_interfaces__rosidl_typesupport_introspection_c.so /opt/ros/jazzy/lib/librcl_interfaces__rosidl_typesupport_fastrtps_cpp.so /opt/ros/jazzy/lib/librcl_interfaces__rosidl_typesupport_introspection_cpp.so /opt/ros/jazzy/lib/librcl_interfaces__rosidl_typesupport_cpp.so /opt/ros/jazzy/lib/librcl_interfaces__rosidl_generator_py.so /opt/ros/jazzy/lib/librosgraph_msgs__rosidl_typesupport_c.so /opt/ros/jazzy/lib/librcl_interfaces__rosidl_typesupport_c.so /opt/ros/jazzy/lib/librosgraph_msgs__rosidl_generator_c.so /opt/ros/jazzy/lib/librcl_interfaces__rosidl_generator_c.so /opt/ros/jazzy/lib/libstatistics_msgs__rosidl_typesupport_fastrtps_c.so /opt/ros/jazzy/lib/libstatistics_msgs__rosidl_typesupport_fastrtps_cpp.so /opt/ros/jazzy/lib/libstatistics_msgs__rosidl_typesupport_introspection_c.so /opt/ros/jazzy/lib/libstatistics_msgs__rosidl_typesupport_introspection_cpp.so /opt/ros/jazzy/lib/libstatistics_msgs__rosidl_typesupport_cpp.so /opt/ros/jazzy/lib/libstatistics_msgs__rosidl_generator_py.so /opt/ros/jazzy/lib/libstatistics_msgs__rosidl_typesupport_c.so /opt/ros/jazzy/lib/libstatistics_msgs__rosidl_generator_c.so /opt/ros/jazzy/lib/libtracetools.so -llttng-ust -llttng-ust-common -rdynamic -ldl /opt/ros/jazzy/lib/librcl_logging_interface.so /opt/ros/jazzy/lib/libnav_msgs__rosidl_typesupport_c.so /opt/ros/jazzy/lib/libnav_msgs__rosidl_generator_c.so /opt/ros/jazzy/lib/libgeometry_msgs__rosidl_typesupport_fastrtps_c.so /opt/ros/jazzy/lib/libservice_msgs__rosidl_typesupport_fastrtps_c.so /opt/ros/jazzy/lib/libgeometry_msgs__rosidl_typesupport_fastrtps_cpp.so /opt/ros/jazzy/lib/libservice_msgs__rosidl_typesupport_fastrtps_cpp.so /opt/ros/jazzy/lib/libgeometry_msgs__rosidl_typesupport_introspection_c.so /opt/ros/jazzy/lib/libservice_msgs__rosidl_typesupport_introspection_c.so /opt/ros/jazzy/lib/libgeometry_msgs__rosidl_typesupport_introspection_cpp.so /opt/ros/jazzy/lib/libservice_msgs__rosidl_typesupport_introspection_cpp.so /opt/ros/jazzy/lib/libgeometry_msgs__rosidl_typesupport_cpp.so /opt/ros/jazzy/lib/libservice_msgs__rosidl_typesupport_cpp.so /opt/ros/jazzy/lib/libgeometry_msgs__rosidl_typesupport_c.so /opt/ros/jazzy/lib/libgeometry_msgs__rosidl_generator_c.so /opt/ros/jazzy/lib/libservice_msgs__rosidl_typesupport_c.so /opt/ros/jazzy/lib/libservice_msgs__rosidl_generator_c.so /home/vdt_2026/VDT_project/install/vdt_msgs/lib/libvdt_msgs__rosidl_typesupport_c.so /home/vdt_2026/VDT_project/install/vdt_msgs/lib/libvdt_msgs__rosidl_generator_c.so /opt/ros/jazzy/lib/libstd_msgs__rosidl_typesupport_fastrtps_c.so /opt/ros/jazzy/lib/libstd_msgs__rosidl_typesupport_fastrtps_cpp.so /opt/ros/jazzy/lib/libstd_msgs__rosidl_typesupport_introspection_c.so /opt/ros/jazzy/lib/libstd_msgs__rosidl_typesupport_introspection_cpp.so /opt/ros/jazzy/lib/libstd_msgs__rosidl_typesupport_cpp.so /opt/ros/jazzy/lib/libbuiltin_interfaces__rosidl_typesupport_fastrtps_c.so /opt/ros/jazzy/lib/librosidl_typesupport_fastrtps_c.so /opt/ros/jazzy/lib/libbuiltin_interfaces__rosidl_typesupport_introspection_c.so /opt/ros/jazzy/lib/libbuiltin_interfaces__rosidl_typesupport_fastrtps_cpp.so /opt/ros/jazzy/lib/librosidl_typesupport_fastrtps_cpp.so /opt/ros/jazzy/lib/librmw.so /opt/ros/jazzy/lib/librosidl_dynamic_typesupport.so /opt/ros/jazzy/lib/libfastcdr.so.2.2.8 /opt/ros/jazzy/lib/libbuiltin_interfaces__rosidl_typesupport_introspection_cpp.so /opt/ros/jazzy/lib/librosidl_typesupport_introspection_cpp.so /opt/ros/jazzy/lib/librosidl_typesupport_introspection_c.so /opt/ros/jazzy/lib/libbuiltin_interfaces__rosidl_typesupport_cpp.so /opt/ros/jazzy/lib/librosidl_typesupport_cpp.so /opt/ros/jazzy/lib/libbuiltin_interfaces__rosidl_generator_py.so /opt/ros/jazzy/lib/libstd_msgs__rosidl_typesupport_c.so /opt/ros/jazzy/lib/libbuiltin_interfaces__rosidl_typesupport_c.so /opt/ros/jazzy/lib/libstd_msgs__rosidl_generator_c.so /opt/ros/jazzy/lib/libbuiltin_interfaces__rosidl_generator_c.so /opt/ros/jazzy/lib/librosidl_typesupport_c.so /opt/ros/jazzy/lib/librcpputils.so /opt/ros/jazzy/lib/librosidl_runtime_c.so /opt/ros/jazzy/lib/librcutils.so -ldl -latomic -Wl,-rpath-link,/opt/ros/jazzy/lib \n'}
[22.276899] (-) TimerEvent: {}
[22.377655] (-) TimerEvent: {}
[22.478614] (-) TimerEvent: {}
[22.579249] (-) TimerEvent: {}
[22.593365] (input_state_cache) StdoutLine: {'line': b"gmake[2]: Leaving directory '/home/vdt_2026/VDT_project/build/input_state_cache'\n"}
[22.612110] (input_state_cache) StdoutLine: {'line': b'[ 72%] Built target input_cache_logic_test\n'}
[22.679350] (-) TimerEvent: {}
[22.739034] (input_state_cache) StdoutLine: {'line': b"gmake[2]: Leaving directory '/home/vdt_2026/VDT_project/build/input_state_cache'\n"}
[22.752939] (input_state_cache) StdoutLine: {'line': b'[100%] Built target input_cache_node\n'}
[22.754429] (input_state_cache) StdoutLine: {'line': b"gmake[1]: Leaving directory '/home/vdt_2026/VDT_project/build/input_state_cache'\n"}
[22.754733] (input_state_cache) StdoutLine: {'line': b'/usr/bin/cmake -E cmake_progress_start /home/vdt_2026/VDT_project/build/input_state_cache/CMakeFiles 0\n'}
[22.771268] (input_state_cache) StdoutLine: {'line': b'\n'}
[22.773798] (input_state_cache) CommandEnded: {'returncode': 0}
[22.775400] (input_state_cache) JobProgress: {'identifier': 'input_state_cache', 'progress': 'install'}
[22.775845] (input_state_cache) Command: {'cmd': ['/usr/bin/cmake', '--install', '/home/vdt_2026/VDT_project/build/input_state_cache'], 'cwd': '/home/vdt_2026/VDT_project/build/input_state_cache', 'env': OrderedDict({'LESSOPEN': '| /usr/bin/lesspipe %s', 'USER': 'vdt_2026', 'SSH_CLIENT': '100.101.240.43 53682 22', 'XDG_SESSION_TYPE': 'tty', 'SHLVL': '1', 'LD_LIBRARY_PATH': '/home/vdt_2026/VDT_project/install/vdt_msgs/lib:/home/vdt_2026/ros2_ws/install/px4_msgs/lib:/opt/ros/jazzy/lib/aarch64-linux-gnu:/opt/ros/jazzy/lib', 'HOME': '/home/vdt_2026', 'OLDPWD': '/home/vdt_2026', 'SSH_TTY': '/dev/pts/0', 'ROS_PYTHON_VERSION': '3', 'DBUS_SESSION_BUS_ADDRESS': 'unix:path=/run/user/1000/bus', 'COLCON_PREFIX_PATH': '/home/vdt_2026/ros2_ws/install', 'ROS_DISTRO': 'jazzy', 'LOGNAME': 'vdt_2026', '_': '/usr/bin/colcon', 'ROS_VERSION': '2', 'XDG_SESSION_CLASS': 'user', 'TERM': 'xterm-256color', 'XDG_SESSION_ID': '1', 'PATH': '/home/vdt_2026/.local/bin:/opt/ros/jazzy/bin:/usr/local/sbin:/usr/local/bin:/usr/sbin:/usr/bin:/sbin:/bin:/usr/games:/usr/local/games:/snap/bin', 'XDG_RUNTIME_DIR': '/run/user/1000', 'LANG': 'en_US.UTF-8', 'LS_COLORS': 'rs=0:di=01;34:ln=01;36:mh=00:pi=40;33:so=01;35:do=01;35:bd=40;33;01:cd=40;33;01:or=40;31;01:mi=00:su=37;41:sg=30;43:ca=00:tw=30;42:ow=34;42:st=37;44:ex=01;32:*.tar=01;31:*.tgz=01;31:*.arc=01;31:*.arj=01;31:*.taz=01;31:*.lha=01;31:*.lz4=01;31:*.lzh=01;31:*.lzma=01;31:*.tlz=01;31:*.txz=01;31:*.tzo=01;31:*.t7z=01;31:*.zip=01;31:*.z=01;31:*.dz=01;31:*.gz=01;31:*.lrz=01;31:*.lz=01;31:*.lzo=01;31:*.xz=01;31:*.zst=01;31:*.tzst=01;31:*.bz2=01;31:*.bz=01;31:*.tbz=01;31:*.tbz2=01;31:*.tz=01;31:*.deb=01;31:*.rpm=01;31:*.jar=01;31:*.war=01;31:*.ear=01;31:*.sar=01;31:*.rar=01;31:*.alz=01;31:*.ace=01;31:*.zoo=01;31:*.cpio=01;31:*.7z=01;31:*.rz=01;31:*.cab=01;31:*.wim=01;31:*.swm=01;31:*.dwm=01;31:*.esd=01;31:*.avif=01;35:*.jpg=01;35:*.jpeg=01;35:*.mjpg=01;35:*.mjpeg=01;35:*.gif=01;35:*.bmp=01;35:*.pbm=01;35:*.pgm=01;35:*.ppm=01;35:*.tga=01;35:*.xbm=01;35:*.xpm=01;35:*.tif=01;35:*.tiff=01;35:*.png=01;35:*.svg=01;35:*.svgz=01;35:*.mng=01;35:*.pcx=01;35:*.mov=01;35:*.mpg=01;35:*.mpeg=01;35:*.m2v=01;35:*.mkv=01;35:*.webm=01;35:*.webp=01;35:*.ogm=01;35:*.mp4=01;35:*.m4v=01;35:*.mp4v=01;35:*.vob=01;35:*.qt=01;35:*.nuv=01;35:*.wmv=01;35:*.asf=01;35:*.rm=01;35:*.rmvb=01;35:*.flc=01;35:*.avi=01;35:*.fli=01;35:*.flv=01;35:*.gl=01;35:*.dl=01;35:*.xcf=01;35:*.xwd=01;35:*.yuv=01;35:*.cgm=01;35:*.emf=01;35:*.ogv=01;35:*.ogx=01;35:*.aac=00;36:*.au=00;36:*.flac=00;36:*.m4a=00;36:*.mid=00;36:*.midi=00;36:*.mka=00;36:*.mp3=00;36:*.mpc=00;36:*.ogg=00;36:*.ra=00;36:*.wav=00;36:*.oga=00;36:*.opus=00;36:*.spx=00;36:*.xspf=00;36:*~=00;90:*#=00;90:*.bak=00;90:*.crdownload=00;90:*.dpkg-dist=00;90:*.dpkg-new=00;90:*.dpkg-old=00;90:*.dpkg-tmp=00;90:*.old=00;90:*.orig=00;90:*.part=00;90:*.rej=00;90:*.rpmnew=00;90:*.rpmorig=00;90:*.rpmsave=00;90:*.swp=00;90:*.tmp=00;90:*.ucf-dist=00;90:*.ucf-new=00;90:*.ucf-old=00;90:', 'AMENT_PREFIX_PATH': '/home/vdt_2026/VDT_project/install/vdt_msgs:/home/vdt_2026/ros2_ws/install/px4_msgs:/opt/ros/jazzy', 'SHELL': '/bin/bash', 'LESSCLOSE': '/usr/bin/lesspipe %s %s', 'ROS_AUTOMATIC_DISCOVERY_RANGE': 'SUBNET', 'PWD': '/home/vdt_2026/VDT_project/build/input_state_cache', 'LC_ALL': 'en_US.UTF-8', 'SSH_CONNECTION': '100.101.240.43 53682 100.65.242.75 22', 'XDG_DATA_DIRS': '/usr/local/share:/usr/share:/var/lib/snapd/desktop', 'PYTHONPATH': '/home/vdt_2026/VDT_project/install/vdt_msgs/lib/python3.12/site-packages:/home/vdt_2026/ros2_ws/install/px4_msgs/lib/python3.12/site-packages:/opt/ros/jazzy/lib/python3.12/site-packages:/home/vdt_2026/librealsense/build/Release', 'COLCON': '1', 'CMAKE_PREFIX_PATH': '/home/vdt_2026/VDT_project/install/vdt_msgs:/home/vdt_2026/ros2_ws/install/px4_msgs:/opt/ros/jazzy'}), 'shell': False}
[22.779422] (-) TimerEvent: {}
[22.790367] (input_state_cache) StdoutLine: {'line': b'-- Install configuration: "Release"\n'}
[22.790665] (input_state_cache) StdoutLine: {'line': b'-- Installing: /home/vdt_2026/VDT_project/install/input_state_cache/lib/input_state_cache/input_cache_node\n'}
[22.795720] (input_state_cache) StdoutLine: {'line': b'-- Set non-toolchain portion of runtime path of "/home/vdt_2026/VDT_project/install/input_state_cache/lib/input_state_cache/input_cache_node" to ""\n'}
[22.796221] (input_state_cache) StdoutLine: {'line': b'-- Installing: /home/vdt_2026/VDT_project/install/input_state_cache/share/ament_index/resource_index/package_run_dependencies/input_state_cache\n'}
[22.796420] (input_state_cache) StdoutLine: {'line': b'-- Installing: /home/vdt_2026/VDT_project/install/input_state_cache/share/ament_index/resource_index/parent_prefix_path/input_state_cache\n'}
[22.796694] (input_state_cache) StdoutLine: {'line': b'-- Installing: /home/vdt_2026/VDT_project/install/input_state_cache/share/input_state_cache/environment/ament_prefix_path.sh\n'}
[22.799958] (input_state_cache) StdoutLine: {'line': b'-- Installing: /home/vdt_2026/VDT_project/install/input_state_cache/share/input_state_cache/environment/ament_prefix_path.dsv\n'}
[22.800141] (input_state_cache) StdoutLine: {'line': b'-- Installing: /home/vdt_2026/VDT_project/install/input_state_cache/share/input_state_cache/environment/path.sh\n'}
[22.800226] (input_state_cache) StdoutLine: {'line': b'-- Installing: /home/vdt_2026/VDT_project/install/input_state_cache/share/input_state_cache/environment/path.dsv\n'}
[22.800310] (input_state_cache) StdoutLine: {'line': b'-- Installing: /home/vdt_2026/VDT_project/install/input_state_cache/share/input_state_cache/local_setup.bash\n'}
[22.800387] (input_state_cache) StdoutLine: {'line': b'-- Installing: /home/vdt_2026/VDT_project/install/input_state_cache/share/input_state_cache/local_setup.sh\n'}
[22.800463] (input_state_cache) StdoutLine: {'line': b'-- Installing: /home/vdt_2026/VDT_project/install/input_state_cache/share/input_state_cache/local_setup.zsh\n'}
[22.800549] (input_state_cache) StdoutLine: {'line': b'-- Installing: /home/vdt_2026/VDT_project/install/input_state_cache/share/input_state_cache/local_setup.dsv\n'}
[22.800624] (input_state_cache) StdoutLine: {'line': b'-- Installing: /home/vdt_2026/VDT_project/install/input_state_cache/share/input_state_cache/package.dsv\n'}
[22.800708] (input_state_cache) StdoutLine: {'line': b'-- Installing: /home/vdt_2026/VDT_project/install/input_state_cache/share/ament_index/resource_index/packages/input_state_cache\n'}
[22.800941] (input_state_cache) StdoutLine: {'line': b'-- Installing: /home/vdt_2026/VDT_project/install/input_state_cache/share/input_state_cache/cmake/input_state_cacheConfig.cmake\n'}
[22.801039] (input_state_cache) StdoutLine: {'line': b'-- Installing: /home/vdt_2026/VDT_project/install/input_state_cache/share/input_state_cache/cmake/input_state_cacheConfig-version.cmake\n'}
[22.801141] (input_state_cache) StdoutLine: {'line': b'-- Installing: /home/vdt_2026/VDT_project/install/input_state_cache/share/input_state_cache/package.xml\n'}
[22.801932] (input_state_cache) CommandEnded: {'returncode': 0}
[22.820225] (input_state_cache) JobEnded: {'identifier': 'input_state_cache', 'rc': 0}
[22.821772] (offboard_manager) JobStarted: {'identifier': 'offboard_manager'}
[22.831766] (offboard_manager) JobProgress: {'identifier': 'offboard_manager', 'progress': 'cmake'}
[22.838626] (offboard_manager) Command: {'cmd': ['/usr/bin/cmake', '/home/vdt_2026/VDT_project/ros2_ws/src/offboard_manager', '-DCMAKE_VERBOSE_MAKEFILE=ON', '-DCMAKE_INSTALL_PREFIX=/home/vdt_2026/VDT_project/install/offboard_manager'], 'cwd': '/home/vdt_2026/VDT_project/build/offboard_manager', 'env': OrderedDict({'LESSOPEN': '| /usr/bin/lesspipe %s', 'USER': 'vdt_2026', 'SSH_CLIENT': '100.101.240.43 53682 22', 'XDG_SESSION_TYPE': 'tty', 'SHLVL': '1', 'LD_LIBRARY_PATH': '/home/vdt_2026/VDT_project/install/vdt_msgs/lib:/home/vdt_2026/ros2_ws/install/px4_msgs/lib:/opt/ros/jazzy/lib/aarch64-linux-gnu:/opt/ros/jazzy/lib', 'HOME': '/home/vdt_2026', 'OLDPWD': '/home/vdt_2026', 'SSH_TTY': '/dev/pts/0', 'ROS_PYTHON_VERSION': '3', 'DBUS_SESSION_BUS_ADDRESS': 'unix:path=/run/user/1000/bus', 'COLCON_PREFIX_PATH': '/home/vdt_2026/ros2_ws/install', 'ROS_DISTRO': 'jazzy', 'LOGNAME': 'vdt_2026', '_': '/usr/bin/colcon', 'ROS_VERSION': '2', 'XDG_SESSION_CLASS': 'user', 'TERM': 'xterm-256color', 'XDG_SESSION_ID': '1', 'PATH': '/home/vdt_2026/.local/bin:/opt/ros/jazzy/bin:/usr/local/sbin:/usr/local/bin:/usr/sbin:/usr/bin:/sbin:/bin:/usr/games:/usr/local/games:/snap/bin', 'XDG_RUNTIME_DIR': '/run/user/1000', 'LANG': 'en_US.UTF-8', 'LS_COLORS': 'rs=0:di=01;34:ln=01;36:mh=00:pi=40;33:so=01;35:do=01;35:bd=40;33;01:cd=40;33;01:or=40;31;01:mi=00:su=37;41:sg=30;43:ca=00:tw=30;42:ow=34;42:st=37;44:ex=01;32:*.tar=01;31:*.tgz=01;31:*.arc=01;31:*.arj=01;31:*.taz=01;31:*.lha=01;31:*.lz4=01;31:*.lzh=01;31:*.lzma=01;31:*.tlz=01;31:*.txz=01;31:*.tzo=01;31:*.t7z=01;31:*.zip=01;31:*.z=01;31:*.dz=01;31:*.gz=01;31:*.lrz=01;31:*.lz=01;31:*.lzo=01;31:*.xz=01;31:*.zst=01;31:*.tzst=01;31:*.bz2=01;31:*.bz=01;31:*.tbz=01;31:*.tbz2=01;31:*.tz=01;31:*.deb=01;31:*.rpm=01;31:*.jar=01;31:*.war=01;31:*.ear=01;31:*.sar=01;31:*.rar=01;31:*.alz=01;31:*.ace=01;31:*.zoo=01;31:*.cpio=01;31:*.7z=01;31:*.rz=01;31:*.cab=01;31:*.wim=01;31:*.swm=01;31:*.dwm=01;31:*.esd=01;31:*.avif=01;35:*.jpg=01;35:*.jpeg=01;35:*.mjpg=01;35:*.mjpeg=01;35:*.gif=01;35:*.bmp=01;35:*.pbm=01;35:*.pgm=01;35:*.ppm=01;35:*.tga=01;35:*.xbm=01;35:*.xpm=01;35:*.tif=01;35:*.tiff=01;35:*.png=01;35:*.svg=01;35:*.svgz=01;35:*.mng=01;35:*.pcx=01;35:*.mov=01;35:*.mpg=01;35:*.mpeg=01;35:*.m2v=01;35:*.mkv=01;35:*.webm=01;35:*.webp=01;35:*.ogm=01;35:*.mp4=01;35:*.m4v=01;35:*.mp4v=01;35:*.vob=01;35:*.qt=01;35:*.nuv=01;35:*.wmv=01;35:*.asf=01;35:*.rm=01;35:*.rmvb=01;35:*.flc=01;35:*.avi=01;35:*.fli=01;35:*.flv=01;35:*.gl=01;35:*.dl=01;35:*.xcf=01;35:*.xwd=01;35:*.yuv=01;35:*.cgm=01;35:*.emf=01;35:*.ogv=01;35:*.ogx=01;35:*.aac=00;36:*.au=00;36:*.flac=00;36:*.m4a=00;36:*.mid=00;36:*.midi=00;36:*.mka=00;36:*.mp3=00;36:*.mpc=00;36:*.ogg=00;36:*.ra=00;36:*.wav=00;36:*.oga=00;36:*.opus=00;36:*.spx=00;36:*.xspf=00;36:*~=00;90:*#=00;90:*.bak=00;90:*.crdownload=00;90:*.dpkg-dist=00;90:*.dpkg-new=00;90:*.dpkg-old=00;90:*.dpkg-tmp=00;90:*.old=00;90:*.orig=00;90:*.part=00;90:*.rej=00;90:*.rpmnew=00;90:*.rpmorig=00;90:*.rpmsave=00;90:*.swp=00;90:*.tmp=00;90:*.ucf-dist=00;90:*.ucf-new=00;90:*.ucf-old=00;90:', 'AMENT_PREFIX_PATH': '/home/vdt_2026/VDT_project/install/vdt_msgs:/home/vdt_2026/ros2_ws/install/px4_msgs:/opt/ros/jazzy', 'SHELL': '/bin/bash', 'LESSCLOSE': '/usr/bin/lesspipe %s %s', 'ROS_AUTOMATIC_DISCOVERY_RANGE': 'SUBNET', 'PWD': '/home/vdt_2026/VDT_project/build/offboard_manager', 'LC_ALL': 'en_US.UTF-8', 'SSH_CONNECTION': '100.101.240.43 53682 100.65.242.75 22', 'XDG_DATA_DIRS': '/usr/local/share:/usr/share:/var/lib/snapd/desktop', 'PYTHONPATH': '/home/vdt_2026/VDT_project/install/vdt_msgs/lib/python3.12/site-packages:/home/vdt_2026/ros2_ws/install/px4_msgs/lib/python3.12/site-packages:/opt/ros/jazzy/lib/python3.12/site-packages:/home/vdt_2026/librealsense/build/Release', 'COLCON': '1', 'CMAKE_PREFIX_PATH': '/home/vdt_2026/VDT_project/install/vdt_msgs:/home/vdt_2026/ros2_ws/install/px4_msgs:/opt/ros/jazzy'}), 'shell': False}
[22.866477] (offboard_manager) StdoutLine: {'line': b'-- Found ament_cmake: 2.5.6 (/opt/ros/jazzy/share/ament_cmake/cmake)\n'}
[22.879545] (-) TimerEvent: {}
[22.979776] (-) TimerEvent: {}
[23.080043] (-) TimerEvent: {}
[23.180277] (-) TimerEvent: {}
[23.207594] (offboard_manager) StdoutLine: {'line': b'-- Found rclcpp: 28.1.22 (/opt/ros/jazzy/share/rclcpp/cmake)\n'}
[23.239920] (offboard_manager) StdoutLine: {'line': b'-- Found rosidl_generator_c: 4.6.9 (/opt/ros/jazzy/share/rosidl_generator_c/cmake)\n'}
[23.252772] (offboard_manager) StdoutLine: {'line': b'-- Found rosidl_generator_cpp: 4.6.9 (/opt/ros/jazzy/share/rosidl_generator_cpp/cmake)\n'}
[23.270629] (offboard_manager) StdoutLine: {'line': b'-- Using all available rosidl_typesupport_c: rosidl_typesupport_fastrtps_c;rosidl_typesupport_introspection_c\n'}
[23.280347] (-) TimerEvent: {}
[23.290054] (offboard_manager) StdoutLine: {'line': b'-- Using all available rosidl_typesupport_cpp: rosidl_typesupport_fastrtps_cpp;rosidl_typesupport_introspection_cpp\n'}
[23.370887] (offboard_manager) StdoutLine: {'line': b'-- Found rmw_implementation_cmake: 7.3.3 (/opt/ros/jazzy/share/rmw_implementation_cmake/cmake)\n'}
[23.372786] (offboard_manager) StdoutLine: {'line': b'-- Found rmw_fastrtps_cpp: 8.4.4 (/opt/ros/jazzy/share/rmw_fastrtps_cpp/cmake)\n'}
[23.380431] (-) TimerEvent: {}
[23.460229] (offboard_manager) StdoutLine: {'line': b"-- Using RMW implementation 'rmw_fastrtps_cpp' as default\n"}
[23.480539] (-) TimerEvent: {}
[23.547485] (offboard_manager) StdoutLine: {'line': b'-- Found std_msgs: 5.3.8 (/opt/ros/jazzy/share/std_msgs/cmake)\n'}
[23.566352] (offboard_manager) StdoutLine: {'line': b'-- Found px4_msgs: 2.0.1 (/home/vdt_2026/ros2_ws/install/px4_msgs/share/px4_msgs/cmake)\n'}
[23.580610] (-) TimerEvent: {}
[23.617542] (offboard_manager) StdoutLine: {'line': b'-- Found vdt_msgs: 0.1.0 (/home/vdt_2026/VDT_project/install/vdt_msgs/share/vdt_msgs/cmake)\n'}
[23.680755] (-) TimerEvent: {}
[23.780959] (-) TimerEvent: {}
[23.803629] (offboard_manager) StdoutLine: {'line': b'-- Configuring done (0.9s)\n'}
[23.858844] (offboard_manager) StdoutLine: {'line': b'-- Generating done (0.0s)\n'}
[23.875655] (offboard_manager) StdoutLine: {'line': b'-- Build files have been written to: /home/vdt_2026/VDT_project/build/offboard_manager\n'}
[23.881084] (-) TimerEvent: {}
[23.890988] (offboard_manager) CommandEnded: {'returncode': 0}
[23.891653] (offboard_manager) JobProgress: {'identifier': 'offboard_manager', 'progress': 'build'}
[23.892078] (offboard_manager) Command: {'cmd': ['/usr/bin/cmake', '--build', '/home/vdt_2026/VDT_project/build/offboard_manager', '--', '-j4', '-l4'], 'cwd': '/home/vdt_2026/VDT_project/build/offboard_manager', 'env': OrderedDict({'LESSOPEN': '| /usr/bin/lesspipe %s', 'USER': 'vdt_2026', 'SSH_CLIENT': '100.101.240.43 53682 22', 'XDG_SESSION_TYPE': 'tty', 'SHLVL': '1', 'LD_LIBRARY_PATH': '/home/vdt_2026/VDT_project/install/vdt_msgs/lib:/home/vdt_2026/ros2_ws/install/px4_msgs/lib:/opt/ros/jazzy/lib/aarch64-linux-gnu:/opt/ros/jazzy/lib', 'HOME': '/home/vdt_2026', 'OLDPWD': '/home/vdt_2026', 'SSH_TTY': '/dev/pts/0', 'ROS_PYTHON_VERSION': '3', 'DBUS_SESSION_BUS_ADDRESS': 'unix:path=/run/user/1000/bus', 'COLCON_PREFIX_PATH': '/home/vdt_2026/ros2_ws/install', 'ROS_DISTRO': 'jazzy', 'LOGNAME': 'vdt_2026', '_': '/usr/bin/colcon', 'ROS_VERSION': '2', 'XDG_SESSION_CLASS': 'user', 'TERM': 'xterm-256color', 'XDG_SESSION_ID': '1', 'PATH': '/home/vdt_2026/.local/bin:/opt/ros/jazzy/bin:/usr/local/sbin:/usr/local/bin:/usr/sbin:/usr/bin:/sbin:/bin:/usr/games:/usr/local/games:/snap/bin', 'XDG_RUNTIME_DIR': '/run/user/1000', 'LANG': 'en_US.UTF-8', 'LS_COLORS': 'rs=0:di=01;34:ln=01;36:mh=00:pi=40;33:so=01;35:do=01;35:bd=40;33;01:cd=40;33;01:or=40;31;01:mi=00:su=37;41:sg=30;43:ca=00:tw=30;42:ow=34;42:st=37;44:ex=01;32:*.tar=01;31:*.tgz=01;31:*.arc=01;31:*.arj=01;31:*.taz=01;31:*.lha=01;31:*.lz4=01;31:*.lzh=01;31:*.lzma=01;31:*.tlz=01;31:*.txz=01;31:*.tzo=01;31:*.t7z=01;31:*.zip=01;31:*.z=01;31:*.dz=01;31:*.gz=01;31:*.lrz=01;31:*.lz=01;31:*.lzo=01;31:*.xz=01;31:*.zst=01;31:*.tzst=01;31:*.bz2=01;31:*.bz=01;31:*.tbz=01;31:*.tbz2=01;31:*.tz=01;31:*.deb=01;31:*.rpm=01;31:*.jar=01;31:*.war=01;31:*.ear=01;31:*.sar=01;31:*.rar=01;31:*.alz=01;31:*.ace=01;31:*.zoo=01;31:*.cpio=01;31:*.7z=01;31:*.rz=01;31:*.cab=01;31:*.wim=01;31:*.swm=01;31:*.dwm=01;31:*.esd=01;31:*.avif=01;35:*.jpg=01;35:*.jpeg=01;35:*.mjpg=01;35:*.mjpeg=01;35:*.gif=01;35:*.bmp=01;35:*.pbm=01;35:*.pgm=01;35:*.ppm=01;35:*.tga=01;35:*.xbm=01;35:*.xpm=01;35:*.tif=01;35:*.tiff=01;35:*.png=01;35:*.svg=01;35:*.svgz=01;35:*.mng=01;35:*.pcx=01;35:*.mov=01;35:*.mpg=01;35:*.mpeg=01;35:*.m2v=01;35:*.mkv=01;35:*.webm=01;35:*.webp=01;35:*.ogm=01;35:*.mp4=01;35:*.m4v=01;35:*.mp4v=01;35:*.vob=01;35:*.qt=01;35:*.nuv=01;35:*.wmv=01;35:*.asf=01;35:*.rm=01;35:*.rmvb=01;35:*.flc=01;35:*.avi=01;35:*.fli=01;35:*.flv=01;35:*.gl=01;35:*.dl=01;35:*.xcf=01;35:*.xwd=01;35:*.yuv=01;35:*.cgm=01;35:*.emf=01;35:*.ogv=01;35:*.ogx=01;35:*.aac=00;36:*.au=00;36:*.flac=00;36:*.m4a=00;36:*.mid=00;36:*.midi=00;36:*.mka=00;36:*.mp3=00;36:*.mpc=00;36:*.ogg=00;36:*.ra=00;36:*.wav=00;36:*.oga=00;36:*.opus=00;36:*.spx=00;36:*.xspf=00;36:*~=00;90:*#=00;90:*.bak=00;90:*.crdownload=00;90:*.dpkg-dist=00;90:*.dpkg-new=00;90:*.dpkg-old=00;90:*.dpkg-tmp=00;90:*.old=00;90:*.orig=00;90:*.part=00;90:*.rej=00;90:*.rpmnew=00;90:*.rpmorig=00;90:*.rpmsave=00;90:*.swp=00;90:*.tmp=00;90:*.ucf-dist=00;90:*.ucf-new=00;90:*.ucf-old=00;90:', 'AMENT_PREFIX_PATH': '/home/vdt_2026/VDT_project/install/vdt_msgs:/home/vdt_2026/ros2_ws/install/px4_msgs:/opt/ros/jazzy', 'SHELL': '/bin/bash', 'LESSCLOSE': '/usr/bin/lesspipe %s %s', 'ROS_AUTOMATIC_DISCOVERY_RANGE': 'SUBNET', 'PWD': '/home/vdt_2026/VDT_project/build/offboard_manager', 'LC_ALL': 'en_US.UTF-8', 'SSH_CONNECTION': '100.101.240.43 53682 100.65.242.75 22', 'XDG_DATA_DIRS': '/usr/local/share:/usr/share:/var/lib/snapd/desktop', 'PYTHONPATH': '/home/vdt_2026/VDT_project/install/vdt_msgs/lib/python3.12/site-packages:/home/vdt_2026/ros2_ws/install/px4_msgs/lib/python3.12/site-packages:/opt/ros/jazzy/lib/python3.12/site-packages:/home/vdt_2026/librealsense/build/Release', 'COLCON': '1', 'CMAKE_PREFIX_PATH': '/home/vdt_2026/VDT_project/install/vdt_msgs:/home/vdt_2026/ros2_ws/install/px4_msgs:/opt/ros/jazzy'}), 'shell': False}
[23.905429] (offboard_manager) StdoutLine: {'line': b"Change Dir: '/home/vdt_2026/VDT_project/build/offboard_manager'\n"}
[23.905698] (offboard_manager) StdoutLine: {'line': b'\n'}
[23.905850] (offboard_manager) StdoutLine: {'line': b'Run Build Command(s): /usr/bin/cmake -E env VERBOSE=1 /usr/bin/gmake -f Makefile -j4 -l4\n'}
[23.923895] (offboard_manager) StdoutLine: {'line': b'/usr/bin/cmake -S/home/vdt_2026/VDT_project/ros2_ws/src/offboard_manager -B/home/vdt_2026/VDT_project/build/offboard_manager --check-build-system CMakeFiles/Makefile.cmake 0\n'}
[23.944777] (offboard_manager) StdoutLine: {'line': b'/usr/bin/cmake -E cmake_progress_start /home/vdt_2026/VDT_project/build/offboard_manager/CMakeFiles /home/vdt_2026/VDT_project/build/offboard_manager//CMakeFiles/progress.marks\n'}
[23.959334] (offboard_manager) StdoutLine: {'line': b'/usr/bin/gmake  -f CMakeFiles/Makefile2 all\n'}
[23.961165] (offboard_manager) StdoutLine: {'line': b"gmake[1]: Entering directory '/home/vdt_2026/VDT_project/build/offboard_manager'\n"}
[23.961350] (offboard_manager) StdoutLine: {'line': b'/usr/bin/gmake  -f CMakeFiles/offboard_node.dir/build.make CMakeFiles/offboard_node.dir/depend\n'}
[23.961693] (offboard_manager) StdoutLine: {'line': b'/usr/bin/gmake  -f CMakeFiles/offboard_logic_test.dir/build.make CMakeFiles/offboard_logic_test.dir/depend\n'}
[23.963783] (offboard_manager) StdoutLine: {'line': b"gmake[2]: Entering directory '/home/vdt_2026/VDT_project/build/offboard_manager'\n"}
[23.964109] (offboard_manager) StdoutLine: {'line': b'cd /home/vdt_2026/VDT_project/build/offboard_manager && /usr/bin/cmake -E cmake_depends "Unix Makefiles" /home/vdt_2026/VDT_project/ros2_ws/src/offboard_manager /home/vdt_2026/VDT_project/ros2_ws/src/offboard_manager /home/vdt_2026/VDT_project/build/offboard_manager /home/vdt_2026/VDT_project/build/offboard_manager /home/vdt_2026/VDT_project/build/offboard_manager/CMakeFiles/offboard_node.dir/DependInfo.cmake "--color="\n'}
[23.964232] (offboard_manager) StdoutLine: {'line': b"gmake[2]: Entering directory '/home/vdt_2026/VDT_project/build/offboard_manager'\n"}
[23.964338] (offboard_manager) StdoutLine: {'line': b'cd /home/vdt_2026/VDT_project/build/offboard_manager && /usr/bin/cmake -E cmake_depends "Unix Makefiles" /home/vdt_2026/VDT_project/ros2_ws/src/offboard_manager /home/vdt_2026/VDT_project/ros2_ws/src/offboard_manager /home/vdt_2026/VDT_project/build/offboard_manager /home/vdt_2026/VDT_project/build/offboard_manager /home/vdt_2026/VDT_project/build/offboard_manager/CMakeFiles/offboard_logic_test.dir/DependInfo.cmake "--color="\n'}
[23.978536] (offboard_manager) StdoutLine: {'line': b'Dependencies file "CMakeFiles/offboard_node.dir/src/main.cpp.o.d" is newer than depends file "/home/vdt_2026/VDT_project/build/offboard_manager/CMakeFiles/offboard_node.dir/compiler_depend.internal".\n'}
[23.978961] (offboard_manager) StdoutLine: {'line': b'Dependencies file "CMakeFiles/offboard_logic_test.dir/src/offboard_logic.cpp.o.d" is newer than depends file "/home/vdt_2026/VDT_project/build/offboard_manager/CMakeFiles/offboard_logic_test.dir/compiler_depend.internal".\n'}
[23.981132] (-) TimerEvent: {}
[23.982112] (offboard_manager) StdoutLine: {'line': b'Dependencies file "CMakeFiles/offboard_logic_test.dir/test/offboard_logic_test.cpp.o.d" is newer than depends file "/home/vdt_2026/VDT_project/build/offboard_manager/CMakeFiles/offboard_logic_test.dir/compiler_depend.internal".\n'}
[23.982468] (offboard_manager) StdoutLine: {'line': b'Dependencies file "CMakeFiles/offboard_node.dir/src/offboard_logic.cpp.o.d" is newer than depends file "/home/vdt_2026/VDT_project/build/offboard_manager/CMakeFiles/offboard_node.dir/compiler_depend.internal".\n'}
[23.984322] (offboard_manager) StdoutLine: {'line': b'Dependencies file "CMakeFiles/offboard_node.dir/src/offboard_node.cpp.o.d" is newer than depends file "/home/vdt_2026/VDT_project/build/offboard_manager/CMakeFiles/offboard_node.dir/compiler_depend.internal".\n'}
[23.984963] (offboard_manager) StdoutLine: {'line': b'Consolidate compiler generated dependencies of target offboard_logic_test\n'}
[23.986959] (offboard_manager) StdoutLine: {'line': b"gmake[2]: Leaving directory '/home/vdt_2026/VDT_project/build/offboard_manager'\n"}
[23.987234] (offboard_manager) StdoutLine: {'line': b'/usr/bin/gmake  -f CMakeFiles/offboard_logic_test.dir/build.make CMakeFiles/offboard_logic_test.dir/build\n'}
[23.991642] (offboard_manager) StdoutLine: {'line': b"gmake[2]: Entering directory '/home/vdt_2026/VDT_project/build/offboard_manager'\n"}
[23.998667] (offboard_manager) StdoutLine: {'line': b'Consolidate compiler generated dependencies of target offboard_node\n'}
[24.000975] (offboard_manager) StdoutLine: {'line': b"gmake[2]: Leaving directory '/home/vdt_2026/VDT_project/build/offboard_manager'\n"}
[24.001639] (offboard_manager) StdoutLine: {'line': b'/usr/bin/gmake  -f CMakeFiles/offboard_node.dir/build.make CMakeFiles/offboard_node.dir/build\n'}
[24.007944] (offboard_manager) StdoutLine: {'line': b'[ 14%] Linking CXX executable offboard_logic_test\n'}
[24.009727] (offboard_manager) StdoutLine: {'line': b'/usr/bin/cmake -E cmake_link_script CMakeFiles/offboard_logic_test.dir/link.txt --verbose=1\n'}
[24.022711] (offboard_manager) StdoutLine: {'line': b'/usr/bin/c++ -O3 -DNDEBUG CMakeFiles/offboard_logic_test.dir/test/offboard_logic_test.cpp.o CMakeFiles/offboard_logic_test.dir/src/offboard_logic.cpp.o -o offboard_logic_test  -Wl,-rpath,/opt/ros/jazzy/lib:/home/vdt_2026/ros2_ws/install/px4_msgs/lib:/home/vdt_2026/VDT_project/install/vdt_msgs/lib /opt/ros/jazzy/lib/librclcpp.so /home/vdt_2026/ros2_ws/install/px4_msgs/lib/libpx4_msgs__rosidl_typesupport_fastrtps_c.so /home/vdt_2026/ros2_ws/install/px4_msgs/lib/libpx4_msgs__rosidl_typesupport_fastrtps_cpp.so /home/vdt_2026/ros2_ws/install/px4_msgs/lib/libpx4_msgs__rosidl_typesupport_introspection_c.so /home/vdt_2026/ros2_ws/install/px4_msgs/lib/libpx4_msgs__rosidl_typesupport_introspection_cpp.so /home/vdt_2026/ros2_ws/install/px4_msgs/lib/libpx4_msgs__rosidl_typesupport_cpp.so /home/vdt_2026/ros2_ws/install/px4_msgs/lib/libpx4_msgs__rosidl_generator_py.so /home/vdt_2026/VDT_project/install/vdt_msgs/lib/libvdt_msgs__rosidl_typesupport_fastrtps_c.so /home/vdt_2026/VDT_project/install/vdt_msgs/lib/libvdt_msgs__rosidl_typesupport_fastrtps_cpp.so /home/vdt_2026/VDT_project/install/vdt_msgs/lib/libvdt_msgs__rosidl_typesupport_introspection_c.so /home/vdt_2026/VDT_project/install/vdt_msgs/lib/libvdt_msgs__rosidl_typesupport_introspection_cpp.so /home/vdt_2026/VDT_project/install/vdt_msgs/lib/libvdt_msgs__rosidl_typesupport_cpp.so /home/vdt_2026/VDT_project/install/vdt_msgs/lib/libvdt_msgs__rosidl_generator_py.so /opt/ros/jazzy/lib/liblibstatistics_collector.so /opt/ros/jazzy/lib/librcl.so /opt/ros/jazzy/lib/librmw_implementation.so /opt/ros/jazzy/lib/libtype_description_interfaces__rosidl_typesupport_fastrtps_c.so /opt/ros/jazzy/lib/libtype_description_interfaces__rosidl_typesupport_introspection_c.so /opt/ros/jazzy/lib/libtype_description_interfaces__rosidl_typesupport_fastrtps_cpp.so /opt/ros/jazzy/lib/libtype_description_interfaces__rosidl_typesupport_introspection_cpp.so /opt/ros/jazzy/lib/libtype_description_interfaces__rosidl_typesupport_cpp.so /opt/ros/jazzy/lib/libtype_description_interfaces__rosidl_generator_py.so /opt/ros/jazzy/lib/libtype_description_interfaces__rosidl_typesupport_c.so /opt/ros/jazzy/lib/libtype_description_interfaces__rosidl_generator_c.so /opt/ros/jazzy/lib/librcl_yaml_param_parser.so /opt/ros/jazzy/lib/librosgraph_msgs__rosidl_typesupport_fastrtps_c.so /opt/ros/jazzy/lib/librosgraph_msgs__rosidl_typesupport_fastrtps_cpp.so /opt/ros/jazzy/lib/librosgraph_msgs__rosidl_typesupport_introspection_c.so /opt/ros/jazzy/lib/librosgraph_msgs__rosidl_typesupport_introspection_cpp.so /opt/ros/jazzy/lib/librosgraph_msgs__rosidl_typesupport_cpp.so /opt/ros/jazzy/lib/librosgraph_msgs__rosidl_generator_py.so /opt/ros/jazzy/lib/librcl_interfaces__rosidl_typesupport_fastrtps_c.so /opt/ros/jazzy/lib/librcl_interfaces__rosidl_typesupport_introspection_c.so /opt/ros/jazzy/lib/librcl_interfaces__rosidl_typesupport_fastrtps_cpp.so /opt/ros/jazzy/lib/librcl_interfaces__rosidl_typesupport_introspection_cpp.so /opt/ros/jazzy/lib/librcl_interfaces__rosidl_typesupport_cpp.so /opt/ros/jazzy/lib/librcl_interfaces__rosidl_generator_py.so /opt/ros/jazzy/lib/librosgraph_msgs__rosidl_typesupport_c.so /opt/ros/jazzy/lib/librcl_interfaces__rosidl_typesupport_c.so /opt/ros/jazzy/lib/librosgraph_msgs__rosidl_generator_c.so /opt/ros/jazzy/lib/librcl_interfaces__rosidl_generator_c.so /opt/ros/jazzy/lib/libstatistics_msgs__rosidl_typesupport_fastrtps_c.so /opt/ros/jazzy/lib/libstatistics_msgs__rosidl_typesupport_fastrtps_cpp.so /opt/ros/jazzy/lib/libstatistics_msgs__rosidl_typesupport_introspection_c.so /opt/ros/jazzy/lib/libstatistics_msgs__rosidl_typesupport_introspection_cpp.so /opt/ros/jazzy/lib/libstatistics_msgs__rosidl_typesupport_cpp.so /opt/ros/jazzy/lib/libstatistics_msgs__rosidl_generator_py.so /opt/ros/jazzy/lib/libstatistics_msgs__rosidl_typesupport_c.so /opt/ros/jazzy/lib/libstatistics_msgs__rosidl_generator_c.so /opt/ros/jazzy/lib/libtracetools.so -llttng-ust -llttng-ust-common -rdynamic -ldl /opt/ros/jazzy/lib/librcl_logging_interface.so /home/vdt_2026/ros2_ws/install/px4_msgs/lib/libpx4_msgs__rosidl_typesupport_c.so /home/vdt_2026/ros2_ws/install/px4_msgs/lib/libpx4_msgs__rosidl_generator_c.so /opt/ros/jazzy/lib/libservice_msgs__rosidl_typesupport_fastrtps_c.so /opt/ros/jazzy/lib/libservice_msgs__rosidl_typesupport_fastrtps_cpp.so /opt/ros/jazzy/lib/libservice_msgs__rosidl_typesupport_introspection_c.so /opt/ros/jazzy/lib/libservice_msgs__rosidl_typesupport_introspection_cpp.so /opt/ros/jazzy/lib/libservice_msgs__rosidl_typesupport_cpp.so /opt/ros/jazzy/lib/libservice_msgs__rosidl_typesupport_c.so /opt/ros/jazzy/lib/libservice_msgs__rosidl_generator_c.so /opt/ros/jazzy/lib/libstd_msgs__rosidl_typesupport_fastrtps_c.so /opt/ros/jazzy/lib/libstd_msgs__rosidl_typesupport_fastrtps_cpp.so /opt/ros/jazzy/lib/libstd_msgs__rosidl_typesupport_introspection_c.so /opt/ros/jazzy/lib/libstd_msgs__rosidl_typesupport_introspection_cpp.so /opt/ros/jazzy/lib/libstd_msgs__rosidl_typesupport_cpp.so /opt/ros/jazzy/lib/libstd_msgs__rosidl_generator_py.so /home/vdt_2026/VDT_project/install/vdt_msgs/lib/libvdt_msgs__rosidl_typesupport_c.so /opt/ros/jazzy/lib/libstd_msgs__rosidl_typesupport_c.so /home/vdt_2026/VDT_project/install/vdt_msgs/lib/libvdt_msgs__rosidl_generator_c.so /opt/ros/jazzy/lib/libstd_msgs__rosidl_generator_c.so /opt/ros/jazzy/lib/libbuiltin_interfaces__rosidl_typesupport_fastrtps_c.so /opt/ros/jazzy/lib/librosidl_typesupport_fastrtps_c.so /opt/ros/jazzy/lib/libbuiltin_interfaces__rosidl_typesupport_introspection_c.so /opt/ros/jazzy/lib/libbuiltin_interfaces__rosidl_typesupport_fastrtps_cpp.so /opt/ros/jazzy/lib/librosidl_typesupport_fastrtps_cpp.so /opt/ros/jazzy/lib/librmw.so /opt/ros/jazzy/lib/librosidl_dynamic_typesupport.so /opt/ros/jazzy/lib/libfastcdr.so.2.2.8 /opt/ros/jazzy/lib/libbuiltin_interfaces__rosidl_typesupport_introspection_cpp.so /opt/ros/jazzy/lib/librosidl_typesupport_introspection_cpp.so /opt/ros/jazzy/lib/librosidl_typesupport_introspection_c.so /opt/ros/jazzy/lib/libbuiltin_interfaces__rosidl_typesupport_cpp.so /opt/ros/jazzy/lib/librosidl_typesupport_cpp.so /opt/ros/jazzy/lib/libbuiltin_interfaces__rosidl_generator_py.so /opt/ros/jazzy/lib/libbuiltin_interfaces__rosidl_typesupport_c.so /opt/ros/jazzy/lib/libbuiltin_interfaces__rosidl_generator_c.so /opt/ros/jazzy/lib/librosidl_typesupport_c.so /opt/ros/jazzy/lib/librcpputils.so /opt/ros/jazzy/lib/librosidl_runtime_c.so /opt/ros/jazzy/lib/librcutils.so -ldl -latomic -Wl,-rpath-link,/opt/ros/jazzy/lib \n'}
[24.025982] (offboard_manager) StdoutLine: {'line': b"gmake[2]: Entering directory '/home/vdt_2026/VDT_project/build/offboard_manager'\n"}
[24.041068] (offboard_manager) StdoutLine: {'line': b'[ 28%] Linking CXX executable offboard_node\n'}
[24.042822] (offboard_manager) StdoutLine: {'line': b'/usr/bin/cmake -E cmake_link_script CMakeFiles/offboard_node.dir/link.txt --verbose=1\n'}
[24.055919] (offboard_manager) StdoutLine: {'line': b'/usr/bin/c++ -O3 -DNDEBUG CMakeFiles/offboard_node.dir/src/main.cpp.o CMakeFiles/offboard_node.dir/src/offboard_node.cpp.o CMakeFiles/offboard_node.dir/src/offboard_logic.cpp.o -o offboard_node  -Wl,-rpath,/opt/ros/jazzy/lib:/home/vdt_2026/ros2_ws/install/px4_msgs/lib:/home/vdt_2026/VDT_project/install/vdt_msgs/lib: /opt/ros/jazzy/lib/librclcpp.so /home/vdt_2026/ros2_ws/install/px4_msgs/lib/libpx4_msgs__rosidl_typesupport_fastrtps_c.so /home/vdt_2026/ros2_ws/install/px4_msgs/lib/libpx4_msgs__rosidl_typesupport_fastrtps_cpp.so /home/vdt_2026/ros2_ws/install/px4_msgs/lib/libpx4_msgs__rosidl_typesupport_introspection_c.so /home/vdt_2026/ros2_ws/install/px4_msgs/lib/libpx4_msgs__rosidl_typesupport_introspection_cpp.so /home/vdt_2026/ros2_ws/install/px4_msgs/lib/libpx4_msgs__rosidl_typesupport_cpp.so /home/vdt_2026/ros2_ws/install/px4_msgs/lib/libpx4_msgs__rosidl_generator_py.so /home/vdt_2026/VDT_project/install/vdt_msgs/lib/libvdt_msgs__rosidl_typesupport_fastrtps_c.so /home/vdt_2026/VDT_project/install/vdt_msgs/lib/libvdt_msgs__rosidl_typesupport_fastrtps_cpp.so /home/vdt_2026/VDT_project/install/vdt_msgs/lib/libvdt_msgs__rosidl_typesupport_introspection_c.so /home/vdt_2026/VDT_project/install/vdt_msgs/lib/libvdt_msgs__rosidl_typesupport_introspection_cpp.so /home/vdt_2026/VDT_project/install/vdt_msgs/lib/libvdt_msgs__rosidl_typesupport_cpp.so /home/vdt_2026/VDT_project/install/vdt_msgs/lib/libvdt_msgs__rosidl_generator_py.so /opt/ros/jazzy/lib/liblibstatistics_collector.so /opt/ros/jazzy/lib/librcl.so /opt/ros/jazzy/lib/librmw_implementation.so /opt/ros/jazzy/lib/libtype_description_interfaces__rosidl_typesupport_fastrtps_c.so /opt/ros/jazzy/lib/libtype_description_interfaces__rosidl_typesupport_introspection_c.so /opt/ros/jazzy/lib/libtype_description_interfaces__rosidl_typesupport_fastrtps_cpp.so /opt/ros/jazzy/lib/libtype_description_interfaces__rosidl_typesupport_introspection_cpp.so /opt/ros/jazzy/lib/libtype_description_interfaces__rosidl_typesupport_cpp.so /opt/ros/jazzy/lib/libtype_description_interfaces__rosidl_generator_py.so /opt/ros/jazzy/lib/libtype_description_interfaces__rosidl_typesupport_c.so /opt/ros/jazzy/lib/libtype_description_interfaces__rosidl_generator_c.so /opt/ros/jazzy/lib/librcl_yaml_param_parser.so /opt/ros/jazzy/lib/librosgraph_msgs__rosidl_typesupport_fastrtps_c.so /opt/ros/jazzy/lib/librosgraph_msgs__rosidl_typesupport_fastrtps_cpp.so /opt/ros/jazzy/lib/librosgraph_msgs__rosidl_typesupport_introspection_c.so /opt/ros/jazzy/lib/librosgraph_msgs__rosidl_typesupport_introspection_cpp.so /opt/ros/jazzy/lib/librosgraph_msgs__rosidl_typesupport_cpp.so /opt/ros/jazzy/lib/librosgraph_msgs__rosidl_generator_py.so /opt/ros/jazzy/lib/librcl_interfaces__rosidl_typesupport_fastrtps_c.so /opt/ros/jazzy/lib/librcl_interfaces__rosidl_typesupport_introspection_c.so /opt/ros/jazzy/lib/librcl_interfaces__rosidl_typesupport_fastrtps_cpp.so /opt/ros/jazzy/lib/librcl_interfaces__rosidl_typesupport_introspection_cpp.so /opt/ros/jazzy/lib/librcl_interfaces__rosidl_typesupport_cpp.so /opt/ros/jazzy/lib/librcl_interfaces__rosidl_generator_py.so /opt/ros/jazzy/lib/librosgraph_msgs__rosidl_typesupport_c.so /opt/ros/jazzy/lib/librcl_interfaces__rosidl_typesupport_c.so /opt/ros/jazzy/lib/librosgraph_msgs__rosidl_generator_c.so /opt/ros/jazzy/lib/librcl_interfaces__rosidl_generator_c.so /opt/ros/jazzy/lib/libstatistics_msgs__rosidl_typesupport_fastrtps_c.so /opt/ros/jazzy/lib/libstatistics_msgs__rosidl_typesupport_fastrtps_cpp.so /opt/ros/jazzy/lib/libstatistics_msgs__rosidl_typesupport_introspection_c.so /opt/ros/jazzy/lib/libstatistics_msgs__rosidl_typesupport_introspection_cpp.so /opt/ros/jazzy/lib/libstatistics_msgs__rosidl_typesupport_cpp.so /opt/ros/jazzy/lib/libstatistics_msgs__rosidl_generator_py.so /opt/ros/jazzy/lib/libstatistics_msgs__rosidl_typesupport_c.so /opt/ros/jazzy/lib/libstatistics_msgs__rosidl_generator_c.so /opt/ros/jazzy/lib/libtracetools.so -llttng-ust -llttng-ust-common -rdynamic -ldl /opt/ros/jazzy/lib/librcl_logging_interface.so /home/vdt_2026/ros2_ws/install/px4_msgs/lib/libpx4_msgs__rosidl_typesupport_c.so /home/vdt_2026/ros2_ws/install/px4_msgs/lib/libpx4_msgs__rosidl_generator_c.so /opt/ros/jazzy/lib/libservice_msgs__rosidl_typesupport_fastrtps_c.so /opt/ros/jazzy/lib/libservice_msgs__rosidl_typesupport_fastrtps_cpp.so /opt/ros/jazzy/lib/libservice_msgs__rosidl_typesupport_introspection_c.so /opt/ros/jazzy/lib/libservice_msgs__rosidl_typesupport_introspection_cpp.so /opt/ros/jazzy/lib/libservice_msgs__rosidl_typesupport_cpp.so /opt/ros/jazzy/lib/libservice_msgs__rosidl_typesupport_c.so /opt/ros/jazzy/lib/libservice_msgs__rosidl_generator_c.so /opt/ros/jazzy/lib/libstd_msgs__rosidl_typesupport_fastrtps_c.so /opt/ros/jazzy/lib/libstd_msgs__rosidl_typesupport_fastrtps_cpp.so /opt/ros/jazzy/lib/libstd_msgs__rosidl_typesupport_introspection_c.so /opt/ros/jazzy/lib/libstd_msgs__rosidl_typesupport_introspection_cpp.so /opt/ros/jazzy/lib/libstd_msgs__rosidl_typesupport_cpp.so /opt/ros/jazzy/lib/libstd_msgs__rosidl_generator_py.so /home/vdt_2026/VDT_project/install/vdt_msgs/lib/libvdt_msgs__rosidl_typesupport_c.so /opt/ros/jazzy/lib/libstd_msgs__rosidl_typesupport_c.so /home/vdt_2026/VDT_project/install/vdt_msgs/lib/libvdt_msgs__rosidl_generator_c.so /opt/ros/jazzy/lib/libstd_msgs__rosidl_generator_c.so /opt/ros/jazzy/lib/libbuiltin_interfaces__rosidl_typesupport_fastrtps_c.so /opt/ros/jazzy/lib/librosidl_typesupport_fastrtps_c.so /opt/ros/jazzy/lib/libbuiltin_interfaces__rosidl_typesupport_introspection_c.so /opt/ros/jazzy/lib/libbuiltin_interfaces__rosidl_typesupport_fastrtps_cpp.so /opt/ros/jazzy/lib/librosidl_typesupport_fastrtps_cpp.so /opt/ros/jazzy/lib/librmw.so /opt/ros/jazzy/lib/librosidl_dynamic_typesupport.so /opt/ros/jazzy/lib/libfastcdr.so.2.2.8 /opt/ros/jazzy/lib/libbuiltin_interfaces__rosidl_typesupport_introspection_cpp.so /opt/ros/jazzy/lib/librosidl_typesupport_introspection_cpp.so /opt/ros/jazzy/lib/librosidl_typesupport_introspection_c.so /opt/ros/jazzy/lib/libbuiltin_interfaces__rosidl_typesupport_cpp.so /opt/ros/jazzy/lib/librosidl_typesupport_cpp.so /opt/ros/jazzy/lib/libbuiltin_interfaces__rosidl_generator_py.so /opt/ros/jazzy/lib/libbuiltin_interfaces__rosidl_typesupport_c.so /opt/ros/jazzy/lib/libbuiltin_interfaces__rosidl_generator_c.so /opt/ros/jazzy/lib/librosidl_typesupport_c.so /opt/ros/jazzy/lib/librcpputils.so /opt/ros/jazzy/lib/librosidl_runtime_c.so /opt/ros/jazzy/lib/librcutils.so -ldl -latomic -Wl,-rpath-link,/opt/ros/jazzy/lib \n'}
[24.081286] (-) TimerEvent: {}
[24.181603] (-) TimerEvent: {}
[24.282477] (-) TimerEvent: {}
[24.358690] (offboard_manager) StdoutLine: {'line': b"gmake[2]: Leaving directory '/home/vdt_2026/VDT_project/build/offboard_manager'\n"}
[24.382826] (-) TimerEvent: {}
[24.386784] (offboard_manager) StdoutLine: {'line': b'[ 57%] Built target offboard_logic_test\n'}
[24.482877] (-) TimerEvent: {}
[24.583396] (-) TimerEvent: {}
[24.683669] (-) TimerEvent: {}
[24.783882] (-) TimerEvent: {}
[24.839032] (offboard_manager) StdoutLine: {'line': b"gmake[2]: Leaving directory '/home/vdt_2026/VDT_project/build/offboard_manager'\n"}
[24.853105] (offboard_manager) StdoutLine: {'line': b'[100%] Built target offboard_node\n'}
[24.854721] (offboard_manager) StdoutLine: {'line': b"gmake[1]: Leaving directory '/home/vdt_2026/VDT_project/build/offboard_manager'\n"}
[24.855375] (offboard_manager) StdoutLine: {'line': b'/usr/bin/cmake -E cmake_progress_start /home/vdt_2026/VDT_project/build/offboard_manager/CMakeFiles 0\n'}
[24.871406] (offboard_manager) StdoutLine: {'line': b'\n'}
[24.874044] (offboard_manager) CommandEnded: {'returncode': 0}
[24.875633] (offboard_manager) JobProgress: {'identifier': 'offboard_manager', 'progress': 'install'}
[24.876076] (offboard_manager) Command: {'cmd': ['/usr/bin/cmake', '--install', '/home/vdt_2026/VDT_project/build/offboard_manager'], 'cwd': '/home/vdt_2026/VDT_project/build/offboard_manager', 'env': OrderedDict({'LESSOPEN': '| /usr/bin/lesspipe %s', 'USER': 'vdt_2026', 'SSH_CLIENT': '100.101.240.43 53682 22', 'XDG_SESSION_TYPE': 'tty', 'SHLVL': '1', 'LD_LIBRARY_PATH': '/home/vdt_2026/VDT_project/install/vdt_msgs/lib:/home/vdt_2026/ros2_ws/install/px4_msgs/lib:/opt/ros/jazzy/lib/aarch64-linux-gnu:/opt/ros/jazzy/lib', 'HOME': '/home/vdt_2026', 'OLDPWD': '/home/vdt_2026', 'SSH_TTY': '/dev/pts/0', 'ROS_PYTHON_VERSION': '3', 'DBUS_SESSION_BUS_ADDRESS': 'unix:path=/run/user/1000/bus', 'COLCON_PREFIX_PATH': '/home/vdt_2026/ros2_ws/install', 'ROS_DISTRO': 'jazzy', 'LOGNAME': 'vdt_2026', '_': '/usr/bin/colcon', 'ROS_VERSION': '2', 'XDG_SESSION_CLASS': 'user', 'TERM': 'xterm-256color', 'XDG_SESSION_ID': '1', 'PATH': '/home/vdt_2026/.local/bin:/opt/ros/jazzy/bin:/usr/local/sbin:/usr/local/bin:/usr/sbin:/usr/bin:/sbin:/bin:/usr/games:/usr/local/games:/snap/bin', 'XDG_RUNTIME_DIR': '/run/user/1000', 'LANG': 'en_US.UTF-8', 'LS_COLORS': 'rs=0:di=01;34:ln=01;36:mh=00:pi=40;33:so=01;35:do=01;35:bd=40;33;01:cd=40;33;01:or=40;31;01:mi=00:su=37;41:sg=30;43:ca=00:tw=30;42:ow=34;42:st=37;44:ex=01;32:*.tar=01;31:*.tgz=01;31:*.arc=01;31:*.arj=01;31:*.taz=01;31:*.lha=01;31:*.lz4=01;31:*.lzh=01;31:*.lzma=01;31:*.tlz=01;31:*.txz=01;31:*.tzo=01;31:*.t7z=01;31:*.zip=01;31:*.z=01;31:*.dz=01;31:*.gz=01;31:*.lrz=01;31:*.lz=01;31:*.lzo=01;31:*.xz=01;31:*.zst=01;31:*.tzst=01;31:*.bz2=01;31:*.bz=01;31:*.tbz=01;31:*.tbz2=01;31:*.tz=01;31:*.deb=01;31:*.rpm=01;31:*.jar=01;31:*.war=01;31:*.ear=01;31:*.sar=01;31:*.rar=01;31:*.alz=01;31:*.ace=01;31:*.zoo=01;31:*.cpio=01;31:*.7z=01;31:*.rz=01;31:*.cab=01;31:*.wim=01;31:*.swm=01;31:*.dwm=01;31:*.esd=01;31:*.avif=01;35:*.jpg=01;35:*.jpeg=01;35:*.mjpg=01;35:*.mjpeg=01;35:*.gif=01;35:*.bmp=01;35:*.pbm=01;35:*.pgm=01;35:*.ppm=01;35:*.tga=01;35:*.xbm=01;35:*.xpm=01;35:*.tif=01;35:*.tiff=01;35:*.png=01;35:*.svg=01;35:*.svgz=01;35:*.mng=01;35:*.pcx=01;35:*.mov=01;35:*.mpg=01;35:*.mpeg=01;35:*.m2v=01;35:*.mkv=01;35:*.webm=01;35:*.webp=01;35:*.ogm=01;35:*.mp4=01;35:*.m4v=01;35:*.mp4v=01;35:*.vob=01;35:*.qt=01;35:*.nuv=01;35:*.wmv=01;35:*.asf=01;35:*.rm=01;35:*.rmvb=01;35:*.flc=01;35:*.avi=01;35:*.fli=01;35:*.flv=01;35:*.gl=01;35:*.dl=01;35:*.xcf=01;35:*.xwd=01;35:*.yuv=01;35:*.cgm=01;35:*.emf=01;35:*.ogv=01;35:*.ogx=01;35:*.aac=00;36:*.au=00;36:*.flac=00;36:*.m4a=00;36:*.mid=00;36:*.midi=00;36:*.mka=00;36:*.mp3=00;36:*.mpc=00;36:*.ogg=00;36:*.ra=00;36:*.wav=00;36:*.oga=00;36:*.opus=00;36:*.spx=00;36:*.xspf=00;36:*~=00;90:*#=00;90:*.bak=00;90:*.crdownload=00;90:*.dpkg-dist=00;90:*.dpkg-new=00;90:*.dpkg-old=00;90:*.dpkg-tmp=00;90:*.old=00;90:*.orig=00;90:*.part=00;90:*.rej=00;90:*.rpmnew=00;90:*.rpmorig=00;90:*.rpmsave=00;90:*.swp=00;90:*.tmp=00;90:*.ucf-dist=00;90:*.ucf-new=00;90:*.ucf-old=00;90:', 'AMENT_PREFIX_PATH': '/home/vdt_2026/VDT_project/install/vdt_msgs:/home/vdt_2026/ros2_ws/install/px4_msgs:/opt/ros/jazzy', 'SHELL': '/bin/bash', 'LESSCLOSE': '/usr/bin/lesspipe %s %s', 'ROS_AUTOMATIC_DISCOVERY_RANGE': 'SUBNET', 'PWD': '/home/vdt_2026/VDT_project/build/offboard_manager', 'LC_ALL': 'en_US.UTF-8', 'SSH_CONNECTION': '100.101.240.43 53682 100.65.242.75 22', 'XDG_DATA_DIRS': '/usr/local/share:/usr/share:/var/lib/snapd/desktop', 'PYTHONPATH': '/home/vdt_2026/VDT_project/install/vdt_msgs/lib/python3.12/site-packages:/home/vdt_2026/ros2_ws/install/px4_msgs/lib/python3.12/site-packages:/opt/ros/jazzy/lib/python3.12/site-packages:/home/vdt_2026/librealsense/build/Release', 'COLCON': '1', 'CMAKE_PREFIX_PATH': '/home/vdt_2026/VDT_project/install/vdt_msgs:/home/vdt_2026/ros2_ws/install/px4_msgs:/opt/ros/jazzy'}), 'shell': False}
[24.883971] (-) TimerEvent: {}
[24.890298] (offboard_manager) StdoutLine: {'line': b'-- Install configuration: "Release"\n'}
[24.890595] (offboard_manager) StdoutLine: {'line': b'-- Installing: /home/vdt_2026/VDT_project/install/offboard_manager/lib/offboard_manager/offboard_node\n'}
[24.897778] (offboard_manager) StdoutLine: {'line': b'-- Set non-toolchain portion of runtime path of "/home/vdt_2026/VDT_project/install/offboard_manager/lib/offboard_manager/offboard_node" to ""\n'}
[24.898030] (offboard_manager) StdoutLine: {'line': b'-- Installing: /home/vdt_2026/VDT_project/install/offboard_manager/share/ament_index/resource_index/package_run_dependencies/offboard_manager\n'}
[24.898343] (offboard_manager) StdoutLine: {'line': b'-- Installing: /home/vdt_2026/VDT_project/install/offboard_manager/share/ament_index/resource_index/parent_prefix_path/offboard_manager\n'}
[24.898663] (offboard_manager) StdoutLine: {'line': b'-- Installing: /home/vdt_2026/VDT_project/install/offboard_manager/share/offboard_manager/environment/ament_prefix_path.sh\n'}
[24.898834] (offboard_manager) StdoutLine: {'line': b'-- Installing: /home/vdt_2026/VDT_project/install/offboard_manager/share/offboard_manager/environment/ament_prefix_path.dsv\n'}
[24.898977] (offboard_manager) StdoutLine: {'line': b'-- Installing: /home/vdt_2026/VDT_project/install/offboard_manager/share/offboard_manager/environment/path.sh\n'}
[24.899205] (offboard_manager) StdoutLine: {'line': b'-- Installing: /home/vdt_2026/VDT_project/install/offboard_manager/share/offboard_manager/environment/path.dsv\n'}
[24.899414] (offboard_manager) StdoutLine: {'line': b'-- Installing: /home/vdt_2026/VDT_project/install/offboard_manager/share/offboard_manager/local_setup.bash\n'}
[24.899590] (offboard_manager) StdoutLine: {'line': b'-- Installing: /home/vdt_2026/VDT_project/install/offboard_manager/share/offboard_manager/local_setup.sh\n'}
[24.899861] (offboard_manager) StdoutLine: {'line': b'-- Installing: /home/vdt_2026/VDT_project/install/offboard_manager/share/offboard_manager/local_setup.zsh\n'}
[24.900077] (offboard_manager) StdoutLine: {'line': b'-- Installing: /home/vdt_2026/VDT_project/install/offboard_manager/share/offboard_manager/local_setup.dsv\n'}
[24.900852] (offboard_manager) StdoutLine: {'line': b'-- Installing: /home/vdt_2026/VDT_project/install/offboard_manager/share/offboard_manager/package.dsv\n'}
[24.900962] (offboard_manager) StdoutLine: {'line': b'-- Installing: /home/vdt_2026/VDT_project/install/offboard_manager/share/ament_index/resource_index/packages/offboard_manager\n'}
[24.901083] (offboard_manager) StdoutLine: {'line': b'-- Installing: /home/vdt_2026/VDT_project/install/offboard_manager/share/offboard_manager/cmake/offboard_managerConfig.cmake\n'}
[24.901177] (offboard_manager) StdoutLine: {'line': b'-- Installing: /home/vdt_2026/VDT_project/install/offboard_manager/share/offboard_manager/cmake/offboard_managerConfig-version.cmake\n'}
[24.901370] (offboard_manager) StdoutLine: {'line': b'-- Installing: /home/vdt_2026/VDT_project/install/offboard_manager/share/offboard_manager/package.xml\n'}
[24.903886] (offboard_manager) CommandEnded: {'returncode': 0}
[24.921343] (offboard_manager) JobEnded: {'identifier': 'offboard_manager', 'rc': 0}
[24.922692] (rc_parser) JobStarted: {'identifier': 'rc_parser'}
[24.932453] (rc_parser) JobProgress: {'identifier': 'rc_parser', 'progress': 'cmake'}
[24.938723] (rc_parser) Command: {'cmd': ['/usr/bin/cmake', '/home/vdt_2026/VDT_project/ros2_ws/src/rc_parser', '-DCMAKE_VERBOSE_MAKEFILE=ON', '-DCMAKE_INSTALL_PREFIX=/home/vdt_2026/VDT_project/install/rc_parser'], 'cwd': '/home/vdt_2026/VDT_project/build/rc_parser', 'env': OrderedDict({'LESSOPEN': '| /usr/bin/lesspipe %s', 'USER': 'vdt_2026', 'SSH_CLIENT': '100.101.240.43 53682 22', 'XDG_SESSION_TYPE': 'tty', 'SHLVL': '1', 'LD_LIBRARY_PATH': '/home/vdt_2026/VDT_project/install/vdt_msgs/lib:/home/vdt_2026/ros2_ws/install/px4_msgs/lib:/opt/ros/jazzy/lib/aarch64-linux-gnu:/opt/ros/jazzy/lib', 'HOME': '/home/vdt_2026', 'OLDPWD': '/home/vdt_2026', 'SSH_TTY': '/dev/pts/0', 'ROS_PYTHON_VERSION': '3', 'DBUS_SESSION_BUS_ADDRESS': 'unix:path=/run/user/1000/bus', 'COLCON_PREFIX_PATH': '/home/vdt_2026/ros2_ws/install', 'ROS_DISTRO': 'jazzy', 'LOGNAME': 'vdt_2026', '_': '/usr/bin/colcon', 'ROS_VERSION': '2', 'XDG_SESSION_CLASS': 'user', 'TERM': 'xterm-256color', 'XDG_SESSION_ID': '1', 'PATH': '/home/vdt_2026/.local/bin:/opt/ros/jazzy/bin:/usr/local/sbin:/usr/local/bin:/usr/sbin:/usr/bin:/sbin:/bin:/usr/games:/usr/local/games:/snap/bin', 'XDG_RUNTIME_DIR': '/run/user/1000', 'LANG': 'en_US.UTF-8', 'LS_COLORS': 'rs=0:di=01;34:ln=01;36:mh=00:pi=40;33:so=01;35:do=01;35:bd=40;33;01:cd=40;33;01:or=40;31;01:mi=00:su=37;41:sg=30;43:ca=00:tw=30;42:ow=34;42:st=37;44:ex=01;32:*.tar=01;31:*.tgz=01;31:*.arc=01;31:*.arj=01;31:*.taz=01;31:*.lha=01;31:*.lz4=01;31:*.lzh=01;31:*.lzma=01;31:*.tlz=01;31:*.txz=01;31:*.tzo=01;31:*.t7z=01;31:*.zip=01;31:*.z=01;31:*.dz=01;31:*.gz=01;31:*.lrz=01;31:*.lz=01;31:*.lzo=01;31:*.xz=01;31:*.zst=01;31:*.tzst=01;31:*.bz2=01;31:*.bz=01;31:*.tbz=01;31:*.tbz2=01;31:*.tz=01;31:*.deb=01;31:*.rpm=01;31:*.jar=01;31:*.war=01;31:*.ear=01;31:*.sar=01;31:*.rar=01;31:*.alz=01;31:*.ace=01;31:*.zoo=01;31:*.cpio=01;31:*.7z=01;31:*.rz=01;31:*.cab=01;31:*.wim=01;31:*.swm=01;31:*.dwm=01;31:*.esd=01;31:*.avif=01;35:*.jpg=01;35:*.jpeg=01;35:*.mjpg=01;35:*.mjpeg=01;35:*.gif=01;35:*.bmp=01;35:*.pbm=01;35:*.pgm=01;35:*.ppm=01;35:*.tga=01;35:*.xbm=01;35:*.xpm=01;35:*.tif=01;35:*.tiff=01;35:*.png=01;35:*.svg=01;35:*.svgz=01;35:*.mng=01;35:*.pcx=01;35:*.mov=01;35:*.mpg=01;35:*.mpeg=01;35:*.m2v=01;35:*.mkv=01;35:*.webm=01;35:*.webp=01;35:*.ogm=01;35:*.mp4=01;35:*.m4v=01;35:*.mp4v=01;35:*.vob=01;35:*.qt=01;35:*.nuv=01;35:*.wmv=01;35:*.asf=01;35:*.rm=01;35:*.rmvb=01;35:*.flc=01;35:*.avi=01;35:*.fli=01;35:*.flv=01;35:*.gl=01;35:*.dl=01;35:*.xcf=01;35:*.xwd=01;35:*.yuv=01;35:*.cgm=01;35:*.emf=01;35:*.ogv=01;35:*.ogx=01;35:*.aac=00;36:*.au=00;36:*.flac=00;36:*.m4a=00;36:*.mid=00;36:*.midi=00;36:*.mka=00;36:*.mp3=00;36:*.mpc=00;36:*.ogg=00;36:*.ra=00;36:*.wav=00;36:*.oga=00;36:*.opus=00;36:*.spx=00;36:*.xspf=00;36:*~=00;90:*#=00;90:*.bak=00;90:*.crdownload=00;90:*.dpkg-dist=00;90:*.dpkg-new=00;90:*.dpkg-old=00;90:*.dpkg-tmp=00;90:*.old=00;90:*.orig=00;90:*.part=00;90:*.rej=00;90:*.rpmnew=00;90:*.rpmorig=00;90:*.rpmsave=00;90:*.swp=00;90:*.tmp=00;90:*.ucf-dist=00;90:*.ucf-new=00;90:*.ucf-old=00;90:', 'AMENT_PREFIX_PATH': '/home/vdt_2026/VDT_project/install/vdt_msgs:/home/vdt_2026/ros2_ws/install/px4_msgs:/opt/ros/jazzy', 'SHELL': '/bin/bash', 'LESSCLOSE': '/usr/bin/lesspipe %s %s', 'ROS_AUTOMATIC_DISCOVERY_RANGE': 'SUBNET', 'PWD': '/home/vdt_2026/VDT_project/build/rc_parser', 'LC_ALL': 'en_US.UTF-8', 'SSH_CONNECTION': '100.101.240.43 53682 100.65.242.75 22', 'XDG_DATA_DIRS': '/usr/local/share:/usr/share:/var/lib/snapd/desktop', 'PYTHONPATH': '/home/vdt_2026/VDT_project/install/vdt_msgs/lib/python3.12/site-packages:/home/vdt_2026/ros2_ws/install/px4_msgs/lib/python3.12/site-packages:/opt/ros/jazzy/lib/python3.12/site-packages:/home/vdt_2026/librealsense/build/Release', 'COLCON': '1', 'CMAKE_PREFIX_PATH': '/home/vdt_2026/VDT_project/install/vdt_msgs:/home/vdt_2026/ros2_ws/install/px4_msgs:/opt/ros/jazzy'}), 'shell': False}
[24.965759] (rc_parser) StdoutLine: {'line': b'-- Found ament_cmake: 2.5.6 (/opt/ros/jazzy/share/ament_cmake/cmake)\n'}
[24.984051] (-) TimerEvent: {}
[25.084236] (-) TimerEvent: {}
[25.184434] (-) TimerEvent: {}
[25.284659] (-) TimerEvent: {}
[25.303471] (rc_parser) StdoutLine: {'line': b'-- Found rclcpp: 28.1.22 (/opt/ros/jazzy/share/rclcpp/cmake)\n'}
[25.335871] (rc_parser) StdoutLine: {'line': b'-- Found rosidl_generator_c: 4.6.9 (/opt/ros/jazzy/share/rosidl_generator_c/cmake)\n'}
[25.348765] (rc_parser) StdoutLine: {'line': b'-- Found rosidl_generator_cpp: 4.6.9 (/opt/ros/jazzy/share/rosidl_generator_cpp/cmake)\n'}
[25.368153] (rc_parser) StdoutLine: {'line': b'-- Using all available rosidl_typesupport_c: rosidl_typesupport_fastrtps_c;rosidl_typesupport_introspection_c\n'}
[25.384734] (-) TimerEvent: {}
[25.388071] (rc_parser) StdoutLine: {'line': b'-- Using all available rosidl_typesupport_cpp: rosidl_typesupport_fastrtps_cpp;rosidl_typesupport_introspection_cpp\n'}
[25.468938] (rc_parser) StdoutLine: {'line': b'-- Found rmw_implementation_cmake: 7.3.3 (/opt/ros/jazzy/share/rmw_implementation_cmake/cmake)\n'}
[25.470816] (rc_parser) StdoutLine: {'line': b'-- Found rmw_fastrtps_cpp: 8.4.4 (/opt/ros/jazzy/share/rmw_fastrtps_cpp/cmake)\n'}
[25.484812] (-) TimerEvent: {}
[25.558100] (rc_parser) StdoutLine: {'line': b"-- Using RMW implementation 'rmw_fastrtps_cpp' as default\n"}
[25.584921] (-) TimerEvent: {}
[25.645322] (rc_parser) StdoutLine: {'line': b'-- Found vdt_msgs: 0.1.0 (/home/vdt_2026/VDT_project/install/vdt_msgs/share/vdt_msgs/cmake)\n'}
[25.685014] (-) TimerEvent: {}
[25.785169] (-) TimerEvent: {}
[25.850235] (rc_parser) StdoutLine: {'line': b'-- Configuring done (0.9s)\n'}
[25.885295] (-) TimerEvent: {}
[25.911855] (rc_parser) StdoutLine: {'line': b'-- Generating done (0.0s)\n'}
[25.928194] (rc_parser) StdoutLine: {'line': b'-- Build files have been written to: /home/vdt_2026/VDT_project/build/rc_parser\n'}
[25.943628] (rc_parser) CommandEnded: {'returncode': 0}
[25.944325] (rc_parser) JobProgress: {'identifier': 'rc_parser', 'progress': 'build'}
[25.944786] (rc_parser) Command: {'cmd': ['/usr/bin/cmake', '--build', '/home/vdt_2026/VDT_project/build/rc_parser', '--', '-j4', '-l4'], 'cwd': '/home/vdt_2026/VDT_project/build/rc_parser', 'env': OrderedDict({'LESSOPEN': '| /usr/bin/lesspipe %s', 'USER': 'vdt_2026', 'SSH_CLIENT': '100.101.240.43 53682 22', 'XDG_SESSION_TYPE': 'tty', 'SHLVL': '1', 'LD_LIBRARY_PATH': '/home/vdt_2026/VDT_project/install/vdt_msgs/lib:/home/vdt_2026/ros2_ws/install/px4_msgs/lib:/opt/ros/jazzy/lib/aarch64-linux-gnu:/opt/ros/jazzy/lib', 'HOME': '/home/vdt_2026', 'OLDPWD': '/home/vdt_2026', 'SSH_TTY': '/dev/pts/0', 'ROS_PYTHON_VERSION': '3', 'DBUS_SESSION_BUS_ADDRESS': 'unix:path=/run/user/1000/bus', 'COLCON_PREFIX_PATH': '/home/vdt_2026/ros2_ws/install', 'ROS_DISTRO': 'jazzy', 'LOGNAME': 'vdt_2026', '_': '/usr/bin/colcon', 'ROS_VERSION': '2', 'XDG_SESSION_CLASS': 'user', 'TERM': 'xterm-256color', 'XDG_SESSION_ID': '1', 'PATH': '/home/vdt_2026/.local/bin:/opt/ros/jazzy/bin:/usr/local/sbin:/usr/local/bin:/usr/sbin:/usr/bin:/sbin:/bin:/usr/games:/usr/local/games:/snap/bin', 'XDG_RUNTIME_DIR': '/run/user/1000', 'LANG': 'en_US.UTF-8', 'LS_COLORS': 'rs=0:di=01;34:ln=01;36:mh=00:pi=40;33:so=01;35:do=01;35:bd=40;33;01:cd=40;33;01:or=40;31;01:mi=00:su=37;41:sg=30;43:ca=00:tw=30;42:ow=34;42:st=37;44:ex=01;32:*.tar=01;31:*.tgz=01;31:*.arc=01;31:*.arj=01;31:*.taz=01;31:*.lha=01;31:*.lz4=01;31:*.lzh=01;31:*.lzma=01;31:*.tlz=01;31:*.txz=01;31:*.tzo=01;31:*.t7z=01;31:*.zip=01;31:*.z=01;31:*.dz=01;31:*.gz=01;31:*.lrz=01;31:*.lz=01;31:*.lzo=01;31:*.xz=01;31:*.zst=01;31:*.tzst=01;31:*.bz2=01;31:*.bz=01;31:*.tbz=01;31:*.tbz2=01;31:*.tz=01;31:*.deb=01;31:*.rpm=01;31:*.jar=01;31:*.war=01;31:*.ear=01;31:*.sar=01;31:*.rar=01;31:*.alz=01;31:*.ace=01;31:*.zoo=01;31:*.cpio=01;31:*.7z=01;31:*.rz=01;31:*.cab=01;31:*.wim=01;31:*.swm=01;31:*.dwm=01;31:*.esd=01;31:*.avif=01;35:*.jpg=01;35:*.jpeg=01;35:*.mjpg=01;35:*.mjpeg=01;35:*.gif=01;35:*.bmp=01;35:*.pbm=01;35:*.pgm=01;35:*.ppm=01;35:*.tga=01;35:*.xbm=01;35:*.xpm=01;35:*.tif=01;35:*.tiff=01;35:*.png=01;35:*.svg=01;35:*.svgz=01;35:*.mng=01;35:*.pcx=01;35:*.mov=01;35:*.mpg=01;35:*.mpeg=01;35:*.m2v=01;35:*.mkv=01;35:*.webm=01;35:*.webp=01;35:*.ogm=01;35:*.mp4=01;35:*.m4v=01;35:*.mp4v=01;35:*.vob=01;35:*.qt=01;35:*.nuv=01;35:*.wmv=01;35:*.asf=01;35:*.rm=01;35:*.rmvb=01;35:*.flc=01;35:*.avi=01;35:*.fli=01;35:*.flv=01;35:*.gl=01;35:*.dl=01;35:*.xcf=01;35:*.xwd=01;35:*.yuv=01;35:*.cgm=01;35:*.emf=01;35:*.ogv=01;35:*.ogx=01;35:*.aac=00;36:*.au=00;36:*.flac=00;36:*.m4a=00;36:*.mid=00;36:*.midi=00;36:*.mka=00;36:*.mp3=00;36:*.mpc=00;36:*.ogg=00;36:*.ra=00;36:*.wav=00;36:*.oga=00;36:*.opus=00;36:*.spx=00;36:*.xspf=00;36:*~=00;90:*#=00;90:*.bak=00;90:*.crdownload=00;90:*.dpkg-dist=00;90:*.dpkg-new=00;90:*.dpkg-old=00;90:*.dpkg-tmp=00;90:*.old=00;90:*.orig=00;90:*.part=00;90:*.rej=00;90:*.rpmnew=00;90:*.rpmorig=00;90:*.rpmsave=00;90:*.swp=00;90:*.tmp=00;90:*.ucf-dist=00;90:*.ucf-new=00;90:*.ucf-old=00;90:', 'AMENT_PREFIX_PATH': '/home/vdt_2026/VDT_project/install/vdt_msgs:/home/vdt_2026/ros2_ws/install/px4_msgs:/opt/ros/jazzy', 'SHELL': '/bin/bash', 'LESSCLOSE': '/usr/bin/lesspipe %s %s', 'ROS_AUTOMATIC_DISCOVERY_RANGE': 'SUBNET', 'PWD': '/home/vdt_2026/VDT_project/build/rc_parser', 'LC_ALL': 'en_US.UTF-8', 'SSH_CONNECTION': '100.101.240.43 53682 100.65.242.75 22', 'XDG_DATA_DIRS': '/usr/local/share:/usr/share:/var/lib/snapd/desktop', 'PYTHONPATH': '/home/vdt_2026/VDT_project/install/vdt_msgs/lib/python3.12/site-packages:/home/vdt_2026/ros2_ws/install/px4_msgs/lib/python3.12/site-packages:/opt/ros/jazzy/lib/python3.12/site-packages:/home/vdt_2026/librealsense/build/Release', 'COLCON': '1', 'CMAKE_PREFIX_PATH': '/home/vdt_2026/VDT_project/install/vdt_msgs:/home/vdt_2026/ros2_ws/install/px4_msgs:/opt/ros/jazzy'}), 'shell': False}
[25.958300] (rc_parser) StdoutLine: {'line': b"Change Dir: '/home/vdt_2026/VDT_project/build/rc_parser'\n"}
[25.958529] (rc_parser) StdoutLine: {'line': b'\n'}
[25.958627] (rc_parser) StdoutLine: {'line': b'Run Build Command(s): /usr/bin/cmake -E env VERBOSE=1 /usr/bin/gmake -f Makefile -j4 -l4\n'}
[25.975245] (rc_parser) StdoutLine: {'line': b'/usr/bin/cmake -S/home/vdt_2026/VDT_project/ros2_ws/src/rc_parser -B/home/vdt_2026/VDT_project/build/rc_parser --check-build-system CMakeFiles/Makefile.cmake 0\n'}
[25.985420] (-) TimerEvent: {}
[25.996047] (rc_parser) StdoutLine: {'line': b'/usr/bin/cmake -E cmake_progress_start /home/vdt_2026/VDT_project/build/rc_parser/CMakeFiles /home/vdt_2026/VDT_project/build/rc_parser//CMakeFiles/progress.marks\n'}
[26.010617] (rc_parser) StdoutLine: {'line': b'/usr/bin/gmake  -f CMakeFiles/Makefile2 all\n'}
[26.012539] (rc_parser) StdoutLine: {'line': b"gmake[1]: Entering directory '/home/vdt_2026/VDT_project/build/rc_parser'\n"}
[26.012779] (rc_parser) StdoutLine: {'line': b'/usr/bin/gmake  -f CMakeFiles/rc_parser_lib.dir/build.make CMakeFiles/rc_parser_lib.dir/depend\n'}
[26.014308] (rc_parser) StdoutLine: {'line': b"gmake[2]: Entering directory '/home/vdt_2026/VDT_project/build/rc_parser'\n"}
[26.014482] (rc_parser) StdoutLine: {'line': b'cd /home/vdt_2026/VDT_project/build/rc_parser && /usr/bin/cmake -E cmake_depends "Unix Makefiles" /home/vdt_2026/VDT_project/ros2_ws/src/rc_parser /home/vdt_2026/VDT_project/ros2_ws/src/rc_parser /home/vdt_2026/VDT_project/build/rc_parser /home/vdt_2026/VDT_project/build/rc_parser /home/vdt_2026/VDT_project/build/rc_parser/CMakeFiles/rc_parser_lib.dir/DependInfo.cmake "--color="\n'}
[26.030566] (rc_parser) StdoutLine: {'line': b"gmake[2]: Leaving directory '/home/vdt_2026/VDT_project/build/rc_parser'\n"}
[26.030982] (rc_parser) StdoutLine: {'line': b'/usr/bin/gmake  -f CMakeFiles/rc_parser_lib.dir/build.make CMakeFiles/rc_parser_lib.dir/build\n'}
[26.032821] (rc_parser) StdoutLine: {'line': b"gmake[2]: Entering directory '/home/vdt_2026/VDT_project/build/rc_parser'\n"}
[26.045895] (rc_parser) StdoutLine: {'line': b'[ 11%] Building CXX object CMakeFiles/rc_parser_lib.dir/src/rc_logic.cpp.o\n'}
[26.047602] (rc_parser) StdoutLine: {'line': b'/usr/bin/c++ -DDEFAULT_RMW_IMPLEMENTATION=rmw_fastrtps_cpp -DFASTCDR_DYN_LINK -I/home/vdt_2026/VDT_project/ros2_ws/src/rc_parser/include -isystem /home/vdt_2026/VDT_project/install/vdt_msgs/include/vdt_msgs -isystem /opt/ros/jazzy/include/rclcpp -isystem /opt/ros/jazzy/include/builtin_interfaces -isystem /opt/ros/jazzy/include/rosidl_runtime_c -isystem /opt/ros/jazzy/include/rcutils -isystem /opt/ros/jazzy/include/rosidl_typesupport_interface -isystem /opt/ros/jazzy/include/fastcdr -isystem /opt/ros/jazzy/include/rosidl_runtime_cpp -isystem /opt/ros/jazzy/include/rosidl_typesupport_fastrtps_cpp -isystem /opt/ros/jazzy/include/rmw -isystem /opt/ros/jazzy/include/rosidl_dynamic_typesupport -isystem /opt/ros/jazzy/include/rosidl_typesupport_fastrtps_c -isystem /opt/ros/jazzy/include/rosidl_typesupport_introspection_c -isystem /opt/ros/jazzy/include/rosidl_typesupport_introspection_cpp -isystem /opt/ros/jazzy/include/libstatistics_collector -isystem /opt/ros/jazzy/include/rcl -isystem /opt/ros/jazzy/include/rcl_interfaces -isystem /opt/ros/jazzy/include/service_msgs -isystem /opt/ros/jazzy/include/rcl_logging_interface -isystem /opt/ros/jazzy/include/rcl_yaml_param_parser -isystem /opt/ros/jazzy/include/type_description_interfaces -isystem /opt/ros/jazzy/include/rcpputils -isystem /opt/ros/jazzy/include/statistics_msgs -isystem /opt/ros/jazzy/include/rosgraph_msgs -isystem /opt/ros/jazzy/include/rosidl_typesupport_cpp -isystem /opt/ros/jazzy/include/rosidl_typesupport_c -isystem /opt/ros/jazzy/include/tracetools -isystem /opt/ros/jazzy/include/std_msgs -O3 -DNDEBUG -std=gnu++17 -MD -MT CMakeFiles/rc_parser_lib.dir/src/rc_logic.cpp.o -MF CMakeFiles/rc_parser_lib.dir/src/rc_logic.cpp.o.d -o CMakeFiles/rc_parser_lib.dir/src/rc_logic.cpp.o -c /home/vdt_2026/VDT_project/ros2_ws/src/rc_parser/src/rc_logic.cpp\n'}
[26.085518] (-) TimerEvent: {}
[26.185705] (-) TimerEvent: {}
[26.285926] (-) TimerEvent: {}
[26.386170] (-) TimerEvent: {}
[26.486407] (-) TimerEvent: {}
[26.586645] (-) TimerEvent: {}
[26.609841] (rc_parser) StdoutLine: {'line': b'[ 22%] Linking CXX static library librc_parser_lib.a\n'}
[26.611948] (rc_parser) StdoutLine: {'line': b'/usr/bin/cmake -P CMakeFiles/rc_parser_lib.dir/cmake_clean_target.cmake\n'}
[26.627297] (rc_parser) StdoutLine: {'line': b'/usr/bin/cmake -E cmake_link_script CMakeFiles/rc_parser_lib.dir/link.txt --verbose=1\n'}
[26.639669] (rc_parser) StdoutLine: {'line': b'/usr/bin/ar qc librc_parser_lib.a CMakeFiles/rc_parser_lib.dir/src/rc_logic.cpp.o\n'}
[26.644977] (rc_parser) StdoutLine: {'line': b'/usr/bin/ranlib librc_parser_lib.a\n'}
[26.652273] (rc_parser) StdoutLine: {'line': b"gmake[2]: Leaving directory '/home/vdt_2026/VDT_project/build/rc_parser'\n"}
[26.668563] (rc_parser) StdoutLine: {'line': b'[ 22%] Built target rc_parser_lib\n'}
[26.670373] (rc_parser) StdoutLine: {'line': b'/usr/bin/gmake  -f CMakeFiles/rc_node.dir/build.make CMakeFiles/rc_node.dir/depend\n'}
[26.670833] (rc_parser) StdoutLine: {'line': b'/usr/bin/gmake  -f CMakeFiles/rc_logic_test.dir/build.make CMakeFiles/rc_logic_test.dir/depend\n'}
[26.672779] (rc_parser) StdoutLine: {'line': b"gmake[2]: Entering directory '/home/vdt_2026/VDT_project/build/rc_parser'\n"}
[26.673077] (rc_parser) StdoutLine: {'line': b'cd /home/vdt_2026/VDT_project/build/rc_parser && /usr/bin/cmake -E cmake_depends "Unix Makefiles" /home/vdt_2026/VDT_project/ros2_ws/src/rc_parser /home/vdt_2026/VDT_project/ros2_ws/src/rc_parser /home/vdt_2026/VDT_project/build/rc_parser /home/vdt_2026/VDT_project/build/rc_parser /home/vdt_2026/VDT_project/build/rc_parser/CMakeFiles/rc_node.dir/DependInfo.cmake "--color="\n'}
[26.673196] (rc_parser) StdoutLine: {'line': b"gmake[2]: Entering directory '/home/vdt_2026/VDT_project/build/rc_parser'\n"}
[26.673291] (rc_parser) StdoutLine: {'line': b'cd /home/vdt_2026/VDT_project/build/rc_parser && /usr/bin/cmake -E cmake_depends "Unix Makefiles" /home/vdt_2026/VDT_project/ros2_ws/src/rc_parser /home/vdt_2026/VDT_project/ros2_ws/src/rc_parser /home/vdt_2026/VDT_project/build/rc_parser /home/vdt_2026/VDT_project/build/rc_parser /home/vdt_2026/VDT_project/build/rc_parser/CMakeFiles/rc_logic_test.dir/DependInfo.cmake "--color="\n'}
[26.686802] (-) TimerEvent: {}
[26.688650] (rc_parser) StdoutLine: {'line': b'Dependencies file "CMakeFiles/rc_node.dir/src/main.cpp.o.d" is newer than depends file "/home/vdt_2026/VDT_project/build/rc_parser/CMakeFiles/rc_node.dir/compiler_depend.internal".\n'}
[26.689134] (rc_parser) StdoutLine: {'line': b'Dependencies file "CMakeFiles/rc_logic_test.dir/test/rc_logic_test.cpp.o.d" is newer than depends file "/home/vdt_2026/VDT_project/build/rc_parser/CMakeFiles/rc_logic_test.dir/compiler_depend.internal".\n'}
[26.691493] (rc_parser) StdoutLine: {'line': b'Consolidate compiler generated dependencies of target rc_logic_test\n'}
[26.693366] (rc_parser) StdoutLine: {'line': b"gmake[2]: Leaving directory '/home/vdt_2026/VDT_project/build/rc_parser'\n"}
[26.693876] (rc_parser) StdoutLine: {'line': b'/usr/bin/gmake  -f CMakeFiles/rc_logic_test.dir/build.make CMakeFiles/rc_logic_test.dir/build\n'}
[26.694011] (rc_parser) StdoutLine: {'line': b'Dependencies file "CMakeFiles/rc_node.dir/src/rc_node.cpp.o.d" is newer than depends file "/home/vdt_2026/VDT_project/build/rc_parser/CMakeFiles/rc_node.dir/compiler_depend.internal".\n'}
[26.696291] (rc_parser) StdoutLine: {'line': b"gmake[2]: Entering directory '/home/vdt_2026/VDT_project/build/rc_parser'\n"}
[26.697074] (rc_parser) StdoutLine: {'line': b'Dependencies file "CMakeFiles/rc_node.dir/src/rc_sbus.cpp.o.d" is newer than depends file "/home/vdt_2026/VDT_project/build/rc_parser/CMakeFiles/rc_node.dir/compiler_depend.internal".\n'}
[26.700161] (rc_parser) StdoutLine: {'line': b'Dependencies file "CMakeFiles/rc_node.dir/src/rc_uart.cpp.o.d" is newer than depends file "/home/vdt_2026/VDT_project/build/rc_parser/CMakeFiles/rc_node.dir/compiler_depend.internal".\n'}
[26.711298] (rc_parser) StdoutLine: {'line': b'Consolidate compiler generated dependencies of target rc_node\n'}
[26.712146] (rc_parser) StdoutLine: {'line': b'[ 33%] Linking CXX executable rc_logic_test\n'}
[26.713484] (rc_parser) StdoutLine: {'line': b"gmake[2]: Leaving directory '/home/vdt_2026/VDT_project/build/rc_parser'\n"}
[26.714026] (rc_parser) StdoutLine: {'line': b'/usr/bin/gmake  -f CMakeFiles/rc_node.dir/build.make CMakeFiles/rc_node.dir/build\n'}
[26.714249] (rc_parser) StdoutLine: {'line': b'/usr/bin/cmake -E cmake_link_script CMakeFiles/rc_logic_test.dir/link.txt --verbose=1\n'}
[26.724920] (rc_parser) StdoutLine: {'line': b"gmake[2]: Entering directory '/home/vdt_2026/VDT_project/build/rc_parser'\n"}
[26.728075] (rc_parser) StdoutLine: {'line': b'/usr/bin/c++ -O3 -DNDEBUG CMakeFiles/rc_logic_test.dir/test/rc_logic_test.cpp.o -o rc_logic_test  -Wl,-rpath,/opt/ros/jazzy/lib:/home/vdt_2026/VDT_project/install/vdt_msgs/lib librc_parser_lib.a /opt/ros/jazzy/lib/librclcpp.so /home/vdt_2026/VDT_project/install/vdt_msgs/lib/libvdt_msgs__rosidl_typesupport_fastrtps_c.so /home/vdt_2026/VDT_project/install/vdt_msgs/lib/libvdt_msgs__rosidl_typesupport_fastrtps_cpp.so /home/vdt_2026/VDT_project/install/vdt_msgs/lib/libvdt_msgs__rosidl_typesupport_introspection_c.so /home/vdt_2026/VDT_project/install/vdt_msgs/lib/libvdt_msgs__rosidl_typesupport_introspection_cpp.so /home/vdt_2026/VDT_project/install/vdt_msgs/lib/libvdt_msgs__rosidl_typesupport_cpp.so /home/vdt_2026/VDT_project/install/vdt_msgs/lib/libvdt_msgs__rosidl_generator_py.so /opt/ros/jazzy/lib/liblibstatistics_collector.so /opt/ros/jazzy/lib/librcl.so /opt/ros/jazzy/lib/librmw_implementation.so /opt/ros/jazzy/lib/libtype_description_interfaces__rosidl_typesupport_fastrtps_c.so /opt/ros/jazzy/lib/libtype_description_interfaces__rosidl_typesupport_introspection_c.so /opt/ros/jazzy/lib/libtype_description_interfaces__rosidl_typesupport_fastrtps_cpp.so /opt/ros/jazzy/lib/libtype_description_interfaces__rosidl_typesupport_introspection_cpp.so /opt/ros/jazzy/lib/libtype_description_interfaces__rosidl_typesupport_cpp.so /opt/ros/jazzy/lib/libtype_description_interfaces__rosidl_generator_py.so /opt/ros/jazzy/lib/libtype_description_interfaces__rosidl_typesupport_c.so /opt/ros/jazzy/lib/libtype_description_interfaces__rosidl_generator_c.so /opt/ros/jazzy/lib/librcl_yaml_param_parser.so /opt/ros/jazzy/lib/librosgraph_msgs__rosidl_typesupport_fastrtps_c.so /opt/ros/jazzy/lib/librosgraph_msgs__rosidl_typesupport_fastrtps_cpp.so /opt/ros/jazzy/lib/librosgraph_msgs__rosidl_typesupport_introspection_c.so /opt/ros/jazzy/lib/librosgraph_msgs__rosidl_typesupport_introspection_cpp.so /opt/ros/jazzy/lib/librosgraph_msgs__rosidl_typesupport_cpp.so /opt/ros/jazzy/lib/librosgraph_msgs__rosidl_generator_py.so /opt/ros/jazzy/lib/librcl_interfaces__rosidl_typesupport_fastrtps_c.so /opt/ros/jazzy/lib/librcl_interfaces__rosidl_typesupport_introspection_c.so /opt/ros/jazzy/lib/librcl_interfaces__rosidl_typesupport_fastrtps_cpp.so /opt/ros/jazzy/lib/librcl_interfaces__rosidl_typesupport_introspection_cpp.so /opt/ros/jazzy/lib/librcl_interfaces__rosidl_typesupport_cpp.so /opt/ros/jazzy/lib/librcl_interfaces__rosidl_generator_py.so /opt/ros/jazzy/lib/librosgraph_msgs__rosidl_typesupport_c.so /opt/ros/jazzy/lib/librcl_interfaces__rosidl_typesupport_c.so /opt/ros/jazzy/lib/librosgraph_msgs__rosidl_generator_c.so /opt/ros/jazzy/lib/librcl_interfaces__rosidl_generator_c.so /opt/ros/jazzy/lib/libservice_msgs__rosidl_typesupport_fastrtps_c.so /opt/ros/jazzy/lib/libservice_msgs__rosidl_typesupport_introspection_c.so /opt/ros/jazzy/lib/libservice_msgs__rosidl_typesupport_fastrtps_cpp.so /opt/ros/jazzy/lib/libservice_msgs__rosidl_typesupport_introspection_cpp.so /opt/ros/jazzy/lib/libservice_msgs__rosidl_typesupport_cpp.so /opt/ros/jazzy/lib/libservice_msgs__rosidl_typesupport_c.so /opt/ros/jazzy/lib/libservice_msgs__rosidl_generator_c.so /opt/ros/jazzy/lib/libstatistics_msgs__rosidl_typesupport_fastrtps_c.so /opt/ros/jazzy/lib/libstatistics_msgs__rosidl_typesupport_fastrtps_cpp.so /opt/ros/jazzy/lib/libstatistics_msgs__rosidl_typesupport_introspection_c.so /opt/ros/jazzy/lib/libstatistics_msgs__rosidl_typesupport_introspection_cpp.so /opt/ros/jazzy/lib/libstatistics_msgs__rosidl_typesupport_cpp.so /opt/ros/jazzy/lib/libstatistics_msgs__rosidl_generator_py.so /opt/ros/jazzy/lib/libstatistics_msgs__rosidl_typesupport_c.so /opt/ros/jazzy/lib/libstatistics_msgs__rosidl_generator_c.so /opt/ros/jazzy/lib/libtracetools.so -llttng-ust -llttng-ust-common -rdynamic -ldl /opt/ros/jazzy/lib/librcl_logging_interface.so /home/vdt_2026/VDT_project/install/vdt_msgs/lib/libvdt_msgs__rosidl_typesupport_c.so /home/vdt_2026/VDT_project/install/vdt_msgs/lib/libvdt_msgs__rosidl_generator_c.so /opt/ros/jazzy/lib/libstd_msgs__rosidl_typesupport_fastrtps_c.so /opt/ros/jazzy/lib/libstd_msgs__rosidl_typesupport_fastrtps_cpp.so /opt/ros/jazzy/lib/libstd_msgs__rosidl_typesupport_introspection_c.so /opt/ros/jazzy/lib/libstd_msgs__rosidl_typesupport_introspection_cpp.so /opt/ros/jazzy/lib/libstd_msgs__rosidl_typesupport_cpp.so /opt/ros/jazzy/lib/libbuiltin_interfaces__rosidl_typesupport_fastrtps_c.so /opt/ros/jazzy/lib/librosidl_typesupport_fastrtps_c.so /opt/ros/jazzy/lib/libbuiltin_interfaces__rosidl_typesupport_introspection_c.so /opt/ros/jazzy/lib/libbuiltin_interfaces__rosidl_typesupport_fastrtps_cpp.so /opt/ros/jazzy/lib/librosidl_typesupport_fastrtps_cpp.so /opt/ros/jazzy/lib/librmw.so /opt/ros/jazzy/lib/librosidl_dynamic_typesupport.so /opt/ros/jazzy/lib/libfastcdr.so.2.2.8 /opt/ros/jazzy/lib/libbuiltin_interfaces__rosidl_typesupport_introspection_cpp.so /opt/ros/jazzy/lib/librosidl_typesupport_introspection_cpp.so /opt/ros/jazzy/lib/librosidl_typesupport_introspection_c.so /opt/ros/jazzy/lib/libbuiltin_interfaces__rosidl_typesupport_cpp.so /opt/ros/jazzy/lib/librosidl_typesupport_cpp.so /opt/ros/jazzy/lib/libbuiltin_interfaces__rosidl_generator_py.so /opt/ros/jazzy/lib/libstd_msgs__rosidl_typesupport_c.so /opt/ros/jazzy/lib/libbuiltin_interfaces__rosidl_typesupport_c.so /opt/ros/jazzy/lib/libstd_msgs__rosidl_generator_c.so /opt/ros/jazzy/lib/libbuiltin_interfaces__rosidl_generator_c.so /opt/ros/jazzy/lib/librosidl_typesupport_c.so /opt/ros/jazzy/lib/librcpputils.so /opt/ros/jazzy/lib/librosidl_runtime_c.so /opt/ros/jazzy/lib/librcutils.so -ldl -latomic -Wl,-rpath-link,/opt/ros/jazzy/lib \n'}
[26.740304] (rc_parser) StdoutLine: {'line': b'[ 44%] Linking CXX executable rc_node\n'}
[26.742644] (rc_parser) StdoutLine: {'line': b'/usr/bin/cmake -E cmake_link_script CMakeFiles/rc_node.dir/link.txt --verbose=1\n'}
[26.757486] (rc_parser) StdoutLine: {'line': b'/usr/bin/c++ -O3 -DNDEBUG CMakeFiles/rc_node.dir/src/main.cpp.o CMakeFiles/rc_node.dir/src/rc_node.cpp.o CMakeFiles/rc_node.dir/src/rc_sbus.cpp.o CMakeFiles/rc_node.dir/src/rc_uart.cpp.o -o rc_node  -Wl,-rpath,/opt/ros/jazzy/lib:/home/vdt_2026/VDT_project/install/vdt_msgs/lib: librc_parser_lib.a /opt/ros/jazzy/lib/librclcpp.so /home/vdt_2026/VDT_project/install/vdt_msgs/lib/libvdt_msgs__rosidl_typesupport_fastrtps_c.so /home/vdt_2026/VDT_project/install/vdt_msgs/lib/libvdt_msgs__rosidl_typesupport_fastrtps_cpp.so /home/vdt_2026/VDT_project/install/vdt_msgs/lib/libvdt_msgs__rosidl_typesupport_introspection_c.so /home/vdt_2026/VDT_project/install/vdt_msgs/lib/libvdt_msgs__rosidl_typesupport_introspection_cpp.so /home/vdt_2026/VDT_project/install/vdt_msgs/lib/libvdt_msgs__rosidl_typesupport_cpp.so /home/vdt_2026/VDT_project/install/vdt_msgs/lib/libvdt_msgs__rosidl_generator_py.so /opt/ros/jazzy/lib/liblibstatistics_collector.so /opt/ros/jazzy/lib/librcl.so /opt/ros/jazzy/lib/librmw_implementation.so /opt/ros/jazzy/lib/libtype_description_interfaces__rosidl_typesupport_fastrtps_c.so /opt/ros/jazzy/lib/libtype_description_interfaces__rosidl_typesupport_introspection_c.so /opt/ros/jazzy/lib/libtype_description_interfaces__rosidl_typesupport_fastrtps_cpp.so /opt/ros/jazzy/lib/libtype_description_interfaces__rosidl_typesupport_introspection_cpp.so /opt/ros/jazzy/lib/libtype_description_interfaces__rosidl_typesupport_cpp.so /opt/ros/jazzy/lib/libtype_description_interfaces__rosidl_generator_py.so /opt/ros/jazzy/lib/libtype_description_interfaces__rosidl_typesupport_c.so /opt/ros/jazzy/lib/libtype_description_interfaces__rosidl_generator_c.so /opt/ros/jazzy/lib/librcl_yaml_param_parser.so /opt/ros/jazzy/lib/librosgraph_msgs__rosidl_typesupport_fastrtps_c.so /opt/ros/jazzy/lib/librosgraph_msgs__rosidl_typesupport_fastrtps_cpp.so /opt/ros/jazzy/lib/librosgraph_msgs__rosidl_typesupport_introspection_c.so /opt/ros/jazzy/lib/librosgraph_msgs__rosidl_typesupport_introspection_cpp.so /opt/ros/jazzy/lib/librosgraph_msgs__rosidl_typesupport_cpp.so /opt/ros/jazzy/lib/librosgraph_msgs__rosidl_generator_py.so /opt/ros/jazzy/lib/librcl_interfaces__rosidl_typesupport_fastrtps_c.so /opt/ros/jazzy/lib/librcl_interfaces__rosidl_typesupport_introspection_c.so /opt/ros/jazzy/lib/librcl_interfaces__rosidl_typesupport_fastrtps_cpp.so /opt/ros/jazzy/lib/librcl_interfaces__rosidl_typesupport_introspection_cpp.so /opt/ros/jazzy/lib/librcl_interfaces__rosidl_typesupport_cpp.so /opt/ros/jazzy/lib/librcl_interfaces__rosidl_generator_py.so /opt/ros/jazzy/lib/librosgraph_msgs__rosidl_typesupport_c.so /opt/ros/jazzy/lib/librcl_interfaces__rosidl_typesupport_c.so /opt/ros/jazzy/lib/librosgraph_msgs__rosidl_generator_c.so /opt/ros/jazzy/lib/librcl_interfaces__rosidl_generator_c.so /opt/ros/jazzy/lib/libservice_msgs__rosidl_typesupport_fastrtps_c.so /opt/ros/jazzy/lib/libservice_msgs__rosidl_typesupport_introspection_c.so /opt/ros/jazzy/lib/libservice_msgs__rosidl_typesupport_fastrtps_cpp.so /opt/ros/jazzy/lib/libservice_msgs__rosidl_typesupport_introspection_cpp.so /opt/ros/jazzy/lib/libservice_msgs__rosidl_typesupport_cpp.so /opt/ros/jazzy/lib/libservice_msgs__rosidl_typesupport_c.so /opt/ros/jazzy/lib/libservice_msgs__rosidl_generator_c.so /opt/ros/jazzy/lib/libstatistics_msgs__rosidl_typesupport_fastrtps_c.so /opt/ros/jazzy/lib/libstatistics_msgs__rosidl_typesupport_fastrtps_cpp.so /opt/ros/jazzy/lib/libstatistics_msgs__rosidl_typesupport_introspection_c.so /opt/ros/jazzy/lib/libstatistics_msgs__rosidl_typesupport_introspection_cpp.so /opt/ros/jazzy/lib/libstatistics_msgs__rosidl_typesupport_cpp.so /opt/ros/jazzy/lib/libstatistics_msgs__rosidl_generator_py.so /opt/ros/jazzy/lib/libstatistics_msgs__rosidl_typesupport_c.so /opt/ros/jazzy/lib/libstatistics_msgs__rosidl_generator_c.so /opt/ros/jazzy/lib/libtracetools.so -llttng-ust -llttng-ust-common -rdynamic -ldl /opt/ros/jazzy/lib/librcl_logging_interface.so /home/vdt_2026/VDT_project/install/vdt_msgs/lib/libvdt_msgs__rosidl_typesupport_c.so /home/vdt_2026/VDT_project/install/vdt_msgs/lib/libvdt_msgs__rosidl_generator_c.so /opt/ros/jazzy/lib/libstd_msgs__rosidl_typesupport_fastrtps_c.so /opt/ros/jazzy/lib/libstd_msgs__rosidl_typesupport_fastrtps_cpp.so /opt/ros/jazzy/lib/libstd_msgs__rosidl_typesupport_introspection_c.so /opt/ros/jazzy/lib/libstd_msgs__rosidl_typesupport_introspection_cpp.so /opt/ros/jazzy/lib/libstd_msgs__rosidl_typesupport_cpp.so /opt/ros/jazzy/lib/libbuiltin_interfaces__rosidl_typesupport_fastrtps_c.so /opt/ros/jazzy/lib/librosidl_typesupport_fastrtps_c.so /opt/ros/jazzy/lib/libbuiltin_interfaces__rosidl_typesupport_introspection_c.so /opt/ros/jazzy/lib/libbuiltin_interfaces__rosidl_typesupport_fastrtps_cpp.so /opt/ros/jazzy/lib/librosidl_typesupport_fastrtps_cpp.so /opt/ros/jazzy/lib/librmw.so /opt/ros/jazzy/lib/librosidl_dynamic_typesupport.so /opt/ros/jazzy/lib/libfastcdr.so.2.2.8 /opt/ros/jazzy/lib/libbuiltin_interfaces__rosidl_typesupport_introspection_cpp.so /opt/ros/jazzy/lib/librosidl_typesupport_introspection_cpp.so /opt/ros/jazzy/lib/librosidl_typesupport_introspection_c.so /opt/ros/jazzy/lib/libbuiltin_interfaces__rosidl_typesupport_cpp.so /opt/ros/jazzy/lib/librosidl_typesupport_cpp.so /opt/ros/jazzy/lib/libbuiltin_interfaces__rosidl_generator_py.so /opt/ros/jazzy/lib/libstd_msgs__rosidl_typesupport_c.so /opt/ros/jazzy/lib/libbuiltin_interfaces__rosidl_typesupport_c.so /opt/ros/jazzy/lib/libstd_msgs__rosidl_generator_c.so /opt/ros/jazzy/lib/libbuiltin_interfaces__rosidl_generator_c.so /opt/ros/jazzy/lib/librosidl_typesupport_c.so /opt/ros/jazzy/lib/librcpputils.so /opt/ros/jazzy/lib/librosidl_runtime_c.so /opt/ros/jazzy/lib/librcutils.so -ldl -latomic -Wl,-rpath-link,/opt/ros/jazzy/lib \n'}
[26.787211] (-) TimerEvent: {}
[26.839801] (rc_parser) StdoutLine: {'line': b"gmake[2]: Leaving directory '/home/vdt_2026/VDT_project/build/rc_parser'\n"}
[26.859947] (rc_parser) StdoutLine: {'line': b'[ 55%] Built target rc_logic_test\n'}
[26.887426] (-) TimerEvent: {}
[26.987832] (-) TimerEvent: {}
[27.041442] (rc_parser) StdoutLine: {'line': b"gmake[2]: Leaving directory '/home/vdt_2026/VDT_project/build/rc_parser'\n"}
[27.055379] (rc_parser) StdoutLine: {'line': b'[100%] Built target rc_node\n'}
[27.057230] (rc_parser) StdoutLine: {'line': b"gmake[1]: Leaving directory '/home/vdt_2026/VDT_project/build/rc_parser'\n"}
[27.057501] (rc_parser) StdoutLine: {'line': b'/usr/bin/cmake -E cmake_progress_start /home/vdt_2026/VDT_project/build/rc_parser/CMakeFiles 0\n'}
[27.074977] (rc_parser) StdoutLine: {'line': b'\n'}
[27.077539] (rc_parser) CommandEnded: {'returncode': 0}
[27.078240] (rc_parser) JobProgress: {'identifier': 'rc_parser', 'progress': 'install'}
[27.078636] (rc_parser) Command: {'cmd': ['/usr/bin/cmake', '--install', '/home/vdt_2026/VDT_project/build/rc_parser'], 'cwd': '/home/vdt_2026/VDT_project/build/rc_parser', 'env': OrderedDict({'LESSOPEN': '| /usr/bin/lesspipe %s', 'USER': 'vdt_2026', 'SSH_CLIENT': '100.101.240.43 53682 22', 'XDG_SESSION_TYPE': 'tty', 'SHLVL': '1', 'LD_LIBRARY_PATH': '/home/vdt_2026/VDT_project/install/vdt_msgs/lib:/home/vdt_2026/ros2_ws/install/px4_msgs/lib:/opt/ros/jazzy/lib/aarch64-linux-gnu:/opt/ros/jazzy/lib', 'HOME': '/home/vdt_2026', 'OLDPWD': '/home/vdt_2026', 'SSH_TTY': '/dev/pts/0', 'ROS_PYTHON_VERSION': '3', 'DBUS_SESSION_BUS_ADDRESS': 'unix:path=/run/user/1000/bus', 'COLCON_PREFIX_PATH': '/home/vdt_2026/ros2_ws/install', 'ROS_DISTRO': 'jazzy', 'LOGNAME': 'vdt_2026', '_': '/usr/bin/colcon', 'ROS_VERSION': '2', 'XDG_SESSION_CLASS': 'user', 'TERM': 'xterm-256color', 'XDG_SESSION_ID': '1', 'PATH': '/home/vdt_2026/.local/bin:/opt/ros/jazzy/bin:/usr/local/sbin:/usr/local/bin:/usr/sbin:/usr/bin:/sbin:/bin:/usr/games:/usr/local/games:/snap/bin', 'XDG_RUNTIME_DIR': '/run/user/1000', 'LANG': 'en_US.UTF-8', 'LS_COLORS': 'rs=0:di=01;34:ln=01;36:mh=00:pi=40;33:so=01;35:do=01;35:bd=40;33;01:cd=40;33;01:or=40;31;01:mi=00:su=37;41:sg=30;43:ca=00:tw=30;42:ow=34;42:st=37;44:ex=01;32:*.tar=01;31:*.tgz=01;31:*.arc=01;31:*.arj=01;31:*.taz=01;31:*.lha=01;31:*.lz4=01;31:*.lzh=01;31:*.lzma=01;31:*.tlz=01;31:*.txz=01;31:*.tzo=01;31:*.t7z=01;31:*.zip=01;31:*.z=01;31:*.dz=01;31:*.gz=01;31:*.lrz=01;31:*.lz=01;31:*.lzo=01;31:*.xz=01;31:*.zst=01;31:*.tzst=01;31:*.bz2=01;31:*.bz=01;31:*.tbz=01;31:*.tbz2=01;31:*.tz=01;31:*.deb=01;31:*.rpm=01;31:*.jar=01;31:*.war=01;31:*.ear=01;31:*.sar=01;31:*.rar=01;31:*.alz=01;31:*.ace=01;31:*.zoo=01;31:*.cpio=01;31:*.7z=01;31:*.rz=01;31:*.cab=01;31:*.wim=01;31:*.swm=01;31:*.dwm=01;31:*.esd=01;31:*.avif=01;35:*.jpg=01;35:*.jpeg=01;35:*.mjpg=01;35:*.mjpeg=01;35:*.gif=01;35:*.bmp=01;35:*.pbm=01;35:*.pgm=01;35:*.ppm=01;35:*.tga=01;35:*.xbm=01;35:*.xpm=01;35:*.tif=01;35:*.tiff=01;35:*.png=01;35:*.svg=01;35:*.svgz=01;35:*.mng=01;35:*.pcx=01;35:*.mov=01;35:*.mpg=01;35:*.mpeg=01;35:*.m2v=01;35:*.mkv=01;35:*.webm=01;35:*.webp=01;35:*.ogm=01;35:*.mp4=01;35:*.m4v=01;35:*.mp4v=01;35:*.vob=01;35:*.qt=01;35:*.nuv=01;35:*.wmv=01;35:*.asf=01;35:*.rm=01;35:*.rmvb=01;35:*.flc=01;35:*.avi=01;35:*.fli=01;35:*.flv=01;35:*.gl=01;35:*.dl=01;35:*.xcf=01;35:*.xwd=01;35:*.yuv=01;35:*.cgm=01;35:*.emf=01;35:*.ogv=01;35:*.ogx=01;35:*.aac=00;36:*.au=00;36:*.flac=00;36:*.m4a=00;36:*.mid=00;36:*.midi=00;36:*.mka=00;36:*.mp3=00;36:*.mpc=00;36:*.ogg=00;36:*.ra=00;36:*.wav=00;36:*.oga=00;36:*.opus=00;36:*.spx=00;36:*.xspf=00;36:*~=00;90:*#=00;90:*.bak=00;90:*.crdownload=00;90:*.dpkg-dist=00;90:*.dpkg-new=00;90:*.dpkg-old=00;90:*.dpkg-tmp=00;90:*.old=00;90:*.orig=00;90:*.part=00;90:*.rej=00;90:*.rpmnew=00;90:*.rpmorig=00;90:*.rpmsave=00;90:*.swp=00;90:*.tmp=00;90:*.ucf-dist=00;90:*.ucf-new=00;90:*.ucf-old=00;90:', 'AMENT_PREFIX_PATH': '/home/vdt_2026/VDT_project/install/vdt_msgs:/home/vdt_2026/ros2_ws/install/px4_msgs:/opt/ros/jazzy', 'SHELL': '/bin/bash', 'LESSCLOSE': '/usr/bin/lesspipe %s %s', 'ROS_AUTOMATIC_DISCOVERY_RANGE': 'SUBNET', 'PWD': '/home/vdt_2026/VDT_project/build/rc_parser', 'LC_ALL': 'en_US.UTF-8', 'SSH_CONNECTION': '100.101.240.43 53682 100.65.242.75 22', 'XDG_DATA_DIRS': '/usr/local/share:/usr/share:/var/lib/snapd/desktop', 'PYTHONPATH': '/home/vdt_2026/VDT_project/install/vdt_msgs/lib/python3.12/site-packages:/home/vdt_2026/ros2_ws/install/px4_msgs/lib/python3.12/site-packages:/opt/ros/jazzy/lib/python3.12/site-packages:/home/vdt_2026/librealsense/build/Release', 'COLCON': '1', 'CMAKE_PREFIX_PATH': '/home/vdt_2026/VDT_project/install/vdt_msgs:/home/vdt_2026/ros2_ws/install/px4_msgs:/opt/ros/jazzy'}), 'shell': False}
[27.087923] (-) TimerEvent: {}
[27.094193] (rc_parser) StdoutLine: {'line': b'-- Install configuration: "Release"\n'}
[27.094465] (rc_parser) StdoutLine: {'line': b'-- Installing: /home/vdt_2026/VDT_project/install/rc_parser/lib/librc_parser_lib.a\n'}
[27.097279] (rc_parser) StdoutLine: {'line': b'-- Installing: /home/vdt_2026/VDT_project/install/rc_parser/lib/rc_parser/rc_node\n'}
[27.098549] (rc_parser) StdoutLine: {'line': b'-- Set non-toolchain portion of runtime path of "/home/vdt_2026/VDT_project/install/rc_parser/lib/rc_parser/rc_node" to ""\n'}
[27.098776] (rc_parser) StdoutLine: {'line': b'-- Up-to-date: /home/vdt_2026/VDT_project/install/rc_parser/include\n'}
[27.099050] (rc_parser) StdoutLine: {'line': b'-- Up-to-date: /home/vdt_2026/VDT_project/install/rc_parser/include/rc_parser\n'}
[27.099572] (rc_parser) StdoutLine: {'line': b'-- Up-to-date: /home/vdt_2026/VDT_project/install/rc_parser/include/rc_parser/rc_logic.hpp\n'}
[27.099680] (rc_parser) StdoutLine: {'line': b'-- Up-to-date: /home/vdt_2026/VDT_project/install/rc_parser/include/rc_parser/rc_sbus.hpp\n'}
[27.099821] (rc_parser) StdoutLine: {'line': b'-- Up-to-date: /home/vdt_2026/VDT_project/install/rc_parser/include/rc_parser/rc_types.hpp\n'}
[27.099909] (rc_parser) StdoutLine: {'line': b'-- Up-to-date: /home/vdt_2026/VDT_project/install/rc_parser/include/rc_parser/rc_node.hpp\n'}
[27.100007] (rc_parser) StdoutLine: {'line': b'-- Up-to-date: /home/vdt_2026/VDT_project/install/rc_parser/include/rc_parser/rc_uart.hpp\n'}
[27.100586] (rc_parser) StdoutLine: {'line': b'-- Installing: /home/vdt_2026/VDT_project/install/rc_parser/share/rc_parser/environment/library_path.sh\n'}
[27.100865] (rc_parser) StdoutLine: {'line': b'-- Installing: /home/vdt_2026/VDT_project/install/rc_parser/share/rc_parser/environment/library_path.dsv\n'}
[27.101412] (rc_parser) StdoutLine: {'line': b'-- Up-to-date: /home/vdt_2026/VDT_project/install/rc_parser/share/ament_index/resource_index/package_run_dependencies/rc_parser\n'}
[27.101910] (rc_parser) StdoutLine: {'line': b'-- Up-to-date: /home/vdt_2026/VDT_project/install/rc_parser/share/ament_index/resource_index/parent_prefix_path/rc_parser\n'}
[27.102212] (rc_parser) StdoutLine: {'line': b'-- Up-to-date: /home/vdt_2026/VDT_project/install/rc_parser/share/rc_parser/environment/ament_prefix_path.sh\n'}
[27.102323] (rc_parser) StdoutLine: {'line': b'-- Up-to-date: /home/vdt_2026/VDT_project/install/rc_parser/share/rc_parser/environment/ament_prefix_path.dsv\n'}
[27.102480] (rc_parser) StdoutLine: {'line': b'-- Up-to-date: /home/vdt_2026/VDT_project/install/rc_parser/share/rc_parser/environment/path.sh\n'}
[27.102760] (rc_parser) StdoutLine: {'line': b'-- Up-to-date: /home/vdt_2026/VDT_project/install/rc_parser/share/rc_parser/environment/path.dsv\n'}
[27.102888] (rc_parser) StdoutLine: {'line': b'-- Up-to-date: /home/vdt_2026/VDT_project/install/rc_parser/share/rc_parser/local_setup.bash\n'}
[27.103028] (rc_parser) StdoutLine: {'line': b'-- Installing: /home/vdt_2026/VDT_project/install/rc_parser/share/rc_parser/local_setup.sh\n'}
[27.103225] (rc_parser) StdoutLine: {'line': b'-- Up-to-date: /home/vdt_2026/VDT_project/install/rc_parser/share/rc_parser/local_setup.zsh\n'}
[27.103317] (rc_parser) StdoutLine: {'line': b'-- Installing: /home/vdt_2026/VDT_project/install/rc_parser/share/rc_parser/local_setup.dsv\n'}
[27.103415] (rc_parser) StdoutLine: {'line': b'-- Installing: /home/vdt_2026/VDT_project/install/rc_parser/share/rc_parser/package.dsv\n'}
[27.103709] (rc_parser) StdoutLine: {'line': b'-- Up-to-date: /home/vdt_2026/VDT_project/install/rc_parser/share/ament_index/resource_index/packages/rc_parser\n'}
[27.104243] (rc_parser) StdoutLine: {'line': b'-- Installing: /home/vdt_2026/VDT_project/install/rc_parser/share/rc_parser/cmake/export_rc_parser_libExport.cmake\n'}
[27.104513] (rc_parser) StdoutLine: {'line': b'-- Installing: /home/vdt_2026/VDT_project/install/rc_parser/share/rc_parser/cmake/export_rc_parser_libExport-release.cmake\n'}
[27.104732] (rc_parser) StdoutLine: {'line': b'-- Installing: /home/vdt_2026/VDT_project/install/rc_parser/share/rc_parser/cmake/ament_cmake_export_targets-extras.cmake\n'}
[27.105913] (rc_parser) StdoutLine: {'line': b'-- Installing: /home/vdt_2026/VDT_project/install/rc_parser/share/rc_parser/cmake/ament_cmake_export_dependencies-extras.cmake\n'}
[27.106094] (rc_parser) StdoutLine: {'line': b'-- Installing: /home/vdt_2026/VDT_project/install/rc_parser/share/rc_parser/cmake/rc_parserConfig.cmake\n'}
[27.106268] (rc_parser) StdoutLine: {'line': b'-- Up-to-date: /home/vdt_2026/VDT_project/install/rc_parser/share/rc_parser/cmake/rc_parserConfig-version.cmake\n'}
[27.106367] (rc_parser) StdoutLine: {'line': b'-- Up-to-date: /home/vdt_2026/VDT_project/install/rc_parser/share/rc_parser/package.xml\n'}
[27.108569] (rc_parser) CommandEnded: {'returncode': 0}
[27.132835] (rc_parser) JobEnded: {'identifier': 'rc_parser', 'rc': 0}
[27.134364] (vision_interface_bridge) JobStarted: {'identifier': 'vision_interface_bridge'}
[27.143798] (vision_interface_bridge) JobProgress: {'identifier': 'vision_interface_bridge', 'progress': 'cmake'}
[27.144642] (vision_interface_bridge) Command: {'cmd': ['/usr/bin/cmake', '/home/vdt_2026/VDT_project/ros2_ws/src/vision_interface_bridge', '-DCMAKE_VERBOSE_MAKEFILE=ON', '-DCMAKE_INSTALL_PREFIX=/home/vdt_2026/VDT_project/install/vision_interface_bridge'], 'cwd': '/home/vdt_2026/VDT_project/build/vision_interface_bridge', 'env': OrderedDict({'LESSOPEN': '| /usr/bin/lesspipe %s', 'USER': 'vdt_2026', 'SSH_CLIENT': '100.101.240.43 53682 22', 'XDG_SESSION_TYPE': 'tty', 'SHLVL': '1', 'LD_LIBRARY_PATH': '/home/vdt_2026/VDT_project/install/vdt_msgs/lib:/home/vdt_2026/ros2_ws/install/px4_msgs/lib:/opt/ros/jazzy/lib/aarch64-linux-gnu:/opt/ros/jazzy/lib', 'HOME': '/home/vdt_2026', 'OLDPWD': '/home/vdt_2026', 'SSH_TTY': '/dev/pts/0', 'ROS_PYTHON_VERSION': '3', 'DBUS_SESSION_BUS_ADDRESS': 'unix:path=/run/user/1000/bus', 'COLCON_PREFIX_PATH': '/home/vdt_2026/ros2_ws/install', 'ROS_DISTRO': 'jazzy', 'LOGNAME': 'vdt_2026', '_': '/usr/bin/colcon', 'ROS_VERSION': '2', 'XDG_SESSION_CLASS': 'user', 'TERM': 'xterm-256color', 'XDG_SESSION_ID': '1', 'PATH': '/home/vdt_2026/.local/bin:/opt/ros/jazzy/bin:/usr/local/sbin:/usr/local/bin:/usr/sbin:/usr/bin:/sbin:/bin:/usr/games:/usr/local/games:/snap/bin', 'XDG_RUNTIME_DIR': '/run/user/1000', 'LANG': 'en_US.UTF-8', 'LS_COLORS': 'rs=0:di=01;34:ln=01;36:mh=00:pi=40;33:so=01;35:do=01;35:bd=40;33;01:cd=40;33;01:or=40;31;01:mi=00:su=37;41:sg=30;43:ca=00:tw=30;42:ow=34;42:st=37;44:ex=01;32:*.tar=01;31:*.tgz=01;31:*.arc=01;31:*.arj=01;31:*.taz=01;31:*.lha=01;31:*.lz4=01;31:*.lzh=01;31:*.lzma=01;31:*.tlz=01;31:*.txz=01;31:*.tzo=01;31:*.t7z=01;31:*.zip=01;31:*.z=01;31:*.dz=01;31:*.gz=01;31:*.lrz=01;31:*.lz=01;31:*.lzo=01;31:*.xz=01;31:*.zst=01;31:*.tzst=01;31:*.bz2=01;31:*.bz=01;31:*.tbz=01;31:*.tbz2=01;31:*.tz=01;31:*.deb=01;31:*.rpm=01;31:*.jar=01;31:*.war=01;31:*.ear=01;31:*.sar=01;31:*.rar=01;31:*.alz=01;31:*.ace=01;31:*.zoo=01;31:*.cpio=01;31:*.7z=01;31:*.rz=01;31:*.cab=01;31:*.wim=01;31:*.swm=01;31:*.dwm=01;31:*.esd=01;31:*.avif=01;35:*.jpg=01;35:*.jpeg=01;35:*.mjpg=01;35:*.mjpeg=01;35:*.gif=01;35:*.bmp=01;35:*.pbm=01;35:*.pgm=01;35:*.ppm=01;35:*.tga=01;35:*.xbm=01;35:*.xpm=01;35:*.tif=01;35:*.tiff=01;35:*.png=01;35:*.svg=01;35:*.svgz=01;35:*.mng=01;35:*.pcx=01;35:*.mov=01;35:*.mpg=01;35:*.mpeg=01;35:*.m2v=01;35:*.mkv=01;35:*.webm=01;35:*.webp=01;35:*.ogm=01;35:*.mp4=01;35:*.m4v=01;35:*.mp4v=01;35:*.vob=01;35:*.qt=01;35:*.nuv=01;35:*.wmv=01;35:*.asf=01;35:*.rm=01;35:*.rmvb=01;35:*.flc=01;35:*.avi=01;35:*.fli=01;35:*.flv=01;35:*.gl=01;35:*.dl=01;35:*.xcf=01;35:*.xwd=01;35:*.yuv=01;35:*.cgm=01;35:*.emf=01;35:*.ogv=01;35:*.ogx=01;35:*.aac=00;36:*.au=00;36:*.flac=00;36:*.m4a=00;36:*.mid=00;36:*.midi=00;36:*.mka=00;36:*.mp3=00;36:*.mpc=00;36:*.ogg=00;36:*.ra=00;36:*.wav=00;36:*.oga=00;36:*.opus=00;36:*.spx=00;36:*.xspf=00;36:*~=00;90:*#=00;90:*.bak=00;90:*.crdownload=00;90:*.dpkg-dist=00;90:*.dpkg-new=00;90:*.dpkg-old=00;90:*.dpkg-tmp=00;90:*.old=00;90:*.orig=00;90:*.part=00;90:*.rej=00;90:*.rpmnew=00;90:*.rpmorig=00;90:*.rpmsave=00;90:*.swp=00;90:*.tmp=00;90:*.ucf-dist=00;90:*.ucf-new=00;90:*.ucf-old=00;90:', 'AMENT_PREFIX_PATH': '/home/vdt_2026/VDT_project/install/vdt_msgs:/home/vdt_2026/ros2_ws/install/px4_msgs:/opt/ros/jazzy', 'SHELL': '/bin/bash', 'LESSCLOSE': '/usr/bin/lesspipe %s %s', 'ROS_AUTOMATIC_DISCOVERY_RANGE': 'SUBNET', 'PWD': '/home/vdt_2026/VDT_project/build/vision_interface_bridge', 'LC_ALL': 'en_US.UTF-8', 'SSH_CONNECTION': '100.101.240.43 53682 100.65.242.75 22', 'XDG_DATA_DIRS': '/usr/local/share:/usr/share:/var/lib/snapd/desktop', 'PYTHONPATH': '/home/vdt_2026/VDT_project/install/vdt_msgs/lib/python3.12/site-packages:/home/vdt_2026/ros2_ws/install/px4_msgs/lib/python3.12/site-packages:/opt/ros/jazzy/lib/python3.12/site-packages:/home/vdt_2026/librealsense/build/Release', 'COLCON': '1', 'CMAKE_PREFIX_PATH': '/home/vdt_2026/VDT_project/install/vdt_msgs:/home/vdt_2026/ros2_ws/install/px4_msgs:/opt/ros/jazzy'}), 'shell': False}
[27.188024] (-) TimerEvent: {}
[27.288257] (-) TimerEvent: {}
[27.388500] (-) TimerEvent: {}
[27.488702] (-) TimerEvent: {}
[27.534881] (vision_interface_bridge) StdoutLine: {'line': b'-- The C compiler identification is GNU 13.3.0\n'}
[27.588829] (-) TimerEvent: {}
[27.648261] (vision_interface_bridge) StdoutLine: {'line': b'-- The CXX compiler identification is GNU 13.3.0\n'}
[27.679121] (vision_interface_bridge) StdoutLine: {'line': b'-- Detecting C compiler ABI info\n'}
[27.688929] (-) TimerEvent: {}
[27.789153] (-) TimerEvent: {}
[27.848888] (vision_interface_bridge) StdoutLine: {'line': b'-- Detecting C compiler ABI info - done\n'}
[27.864959] (vision_interface_bridge) StdoutLine: {'line': b'-- Check for working C compiler: /usr/bin/cc - skipped\n'}
[27.866328] (vision_interface_bridge) StdoutLine: {'line': b'-- Detecting C compile features\n'}
[27.867567] (vision_interface_bridge) StdoutLine: {'line': b'-- Detecting C compile features - done\n'}
[27.882450] (vision_interface_bridge) StdoutLine: {'line': b'-- Detecting CXX compiler ABI info\n'}
[27.889251] (-) TimerEvent: {}
[27.989472] (-) TimerEvent: {}
[28.057277] (vision_interface_bridge) StdoutLine: {'line': b'-- Detecting CXX compiler ABI info - done\n'}
[28.073260] (vision_interface_bridge) StdoutLine: {'line': b'-- Check for working CXX compiler: /usr/bin/c++ - skipped\n'}
[28.073680] (vision_interface_bridge) StdoutLine: {'line': b'-- Detecting CXX compile features\n'}
[28.074400] (vision_interface_bridge) StdoutLine: {'line': b'-- Detecting CXX compile features - done\n'}
[28.079076] (vision_interface_bridge) StdoutLine: {'line': b'-- Found ament_cmake: 2.5.6 (/opt/ros/jazzy/share/ament_cmake/cmake)\n'}
[28.089543] (-) TimerEvent: {}
[28.189756] (-) TimerEvent: {}
[28.290080] (-) TimerEvent: {}
[28.294350] (vision_interface_bridge) StdoutLine: {'line': b'-- Found Python3: /usr/bin/python3 (found version "3.12.3") found components: Interpreter \n'}
[28.390240] (-) TimerEvent: {}
[28.452458] (vision_interface_bridge) StdoutLine: {'line': b'-- Found rclcpp: 28.1.22 (/opt/ros/jazzy/share/rclcpp/cmake)\n'}
[28.490339] (-) TimerEvent: {}
[28.497752] (vision_interface_bridge) StdoutLine: {'line': b'-- Found rosidl_generator_c: 4.6.9 (/opt/ros/jazzy/share/rosidl_generator_c/cmake)\n'}
[28.514859] (vision_interface_bridge) StdoutLine: {'line': b'-- Found rosidl_generator_cpp: 4.6.9 (/opt/ros/jazzy/share/rosidl_generator_cpp/cmake)\n'}
[28.534818] (vision_interface_bridge) StdoutLine: {'line': b'-- Using all available rosidl_typesupport_c: rosidl_typesupport_fastrtps_c;rosidl_typesupport_introspection_c\n'}
[28.557565] (vision_interface_bridge) StdoutLine: {'line': b'-- Using all available rosidl_typesupport_cpp: rosidl_typesupport_fastrtps_cpp;rosidl_typesupport_introspection_cpp\n'}
[28.590436] (-) TimerEvent: {}
[28.654990] (vision_interface_bridge) StdoutLine: {'line': b'-- Found rmw_implementation_cmake: 7.3.3 (/opt/ros/jazzy/share/rmw_implementation_cmake/cmake)\n'}
[28.658183] (vision_interface_bridge) StdoutLine: {'line': b'-- Found rmw_fastrtps_cpp: 8.4.4 (/opt/ros/jazzy/share/rmw_fastrtps_cpp/cmake)\n'}
[28.690552] (-) TimerEvent: {}
[28.789924] (vision_interface_bridge) StdoutLine: {'line': b'-- Found OpenSSL: /usr/lib/aarch64-linux-gnu/libcrypto.so (found version "3.0.13")  \n'}
[28.790610] (-) TimerEvent: {}
[28.813547] (vision_interface_bridge) StdoutLine: {'line': b'-- Found FastRTPS: /opt/ros/jazzy/include (Required is at least version "2.13") \n'}
[28.847820] (vision_interface_bridge) StdoutLine: {'line': b"-- Using RMW implementation 'rmw_fastrtps_cpp' as default\n"}
[28.890714] (-) TimerEvent: {}
[28.945920] (vision_interface_bridge) StdoutLine: {'line': b'-- Found std_msgs: 5.3.8 (/opt/ros/jazzy/share/std_msgs/cmake)\n'}
[28.966921] (vision_interface_bridge) StdoutLine: {'line': b'-- Found sensor_msgs: 5.3.8 (/opt/ros/jazzy/share/sensor_msgs/cmake)\n'}
[28.990814] (-) TimerEvent: {}
[29.032714] (vision_interface_bridge) StdoutLine: {'line': b'-- Found vision_msgs: 4.1.1 (/opt/ros/jazzy/share/vision_msgs/cmake)\n'}
[29.071140] (vision_interface_bridge) StdoutLine: {'line': b'-- Found vdt_msgs: 0.1.0 (/home/vdt_2026/VDT_project/install/vdt_msgs/share/vdt_msgs/cmake)\n'}
[29.090919] (-) TimerEvent: {}
[29.191106] (-) TimerEvent: {}
[29.250953] (vision_interface_bridge) StdoutLine: {'line': b'-- Configuring done (2.1s)\n'}
[29.273532] (vision_interface_bridge) StdoutLine: {'line': b'-- Generating done (0.0s)\n'}
[29.280179] (vision_interface_bridge) StdoutLine: {'line': b'-- Build files have been written to: /home/vdt_2026/VDT_project/build/vision_interface_bridge\n'}
[29.291255] (-) TimerEvent: {}
[29.301861] (vision_interface_bridge) CommandEnded: {'returncode': 0}
[29.302545] (vision_interface_bridge) JobProgress: {'identifier': 'vision_interface_bridge', 'progress': 'build'}
[29.302995] (vision_interface_bridge) Command: {'cmd': ['/usr/bin/cmake', '--build', '/home/vdt_2026/VDT_project/build/vision_interface_bridge', '--', '-j4', '-l4'], 'cwd': '/home/vdt_2026/VDT_project/build/vision_interface_bridge', 'env': OrderedDict({'LESSOPEN': '| /usr/bin/lesspipe %s', 'USER': 'vdt_2026', 'SSH_CLIENT': '100.101.240.43 53682 22', 'XDG_SESSION_TYPE': 'tty', 'SHLVL': '1', 'LD_LIBRARY_PATH': '/home/vdt_2026/VDT_project/install/vdt_msgs/lib:/home/vdt_2026/ros2_ws/install/px4_msgs/lib:/opt/ros/jazzy/lib/aarch64-linux-gnu:/opt/ros/jazzy/lib', 'HOME': '/home/vdt_2026', 'OLDPWD': '/home/vdt_2026', 'SSH_TTY': '/dev/pts/0', 'ROS_PYTHON_VERSION': '3', 'DBUS_SESSION_BUS_ADDRESS': 'unix:path=/run/user/1000/bus', 'COLCON_PREFIX_PATH': '/home/vdt_2026/ros2_ws/install', 'ROS_DISTRO': 'jazzy', 'LOGNAME': 'vdt_2026', '_': '/usr/bin/colcon', 'ROS_VERSION': '2', 'XDG_SESSION_CLASS': 'user', 'TERM': 'xterm-256color', 'XDG_SESSION_ID': '1', 'PATH': '/home/vdt_2026/.local/bin:/opt/ros/jazzy/bin:/usr/local/sbin:/usr/local/bin:/usr/sbin:/usr/bin:/sbin:/bin:/usr/games:/usr/local/games:/snap/bin', 'XDG_RUNTIME_DIR': '/run/user/1000', 'LANG': 'en_US.UTF-8', 'LS_COLORS': 'rs=0:di=01;34:ln=01;36:mh=00:pi=40;33:so=01;35:do=01;35:bd=40;33;01:cd=40;33;01:or=40;31;01:mi=00:su=37;41:sg=30;43:ca=00:tw=30;42:ow=34;42:st=37;44:ex=01;32:*.tar=01;31:*.tgz=01;31:*.arc=01;31:*.arj=01;31:*.taz=01;31:*.lha=01;31:*.lz4=01;31:*.lzh=01;31:*.lzma=01;31:*.tlz=01;31:*.txz=01;31:*.tzo=01;31:*.t7z=01;31:*.zip=01;31:*.z=01;31:*.dz=01;31:*.gz=01;31:*.lrz=01;31:*.lz=01;31:*.lzo=01;31:*.xz=01;31:*.zst=01;31:*.tzst=01;31:*.bz2=01;31:*.bz=01;31:*.tbz=01;31:*.tbz2=01;31:*.tz=01;31:*.deb=01;31:*.rpm=01;31:*.jar=01;31:*.war=01;31:*.ear=01;31:*.sar=01;31:*.rar=01;31:*.alz=01;31:*.ace=01;31:*.zoo=01;31:*.cpio=01;31:*.7z=01;31:*.rz=01;31:*.cab=01;31:*.wim=01;31:*.swm=01;31:*.dwm=01;31:*.esd=01;31:*.avif=01;35:*.jpg=01;35:*.jpeg=01;35:*.mjpg=01;35:*.mjpeg=01;35:*.gif=01;35:*.bmp=01;35:*.pbm=01;35:*.pgm=01;35:*.ppm=01;35:*.tga=01;35:*.xbm=01;35:*.xpm=01;35:*.tif=01;35:*.tiff=01;35:*.png=01;35:*.svg=01;35:*.svgz=01;35:*.mng=01;35:*.pcx=01;35:*.mov=01;35:*.mpg=01;35:*.mpeg=01;35:*.m2v=01;35:*.mkv=01;35:*.webm=01;35:*.webp=01;35:*.ogm=01;35:*.mp4=01;35:*.m4v=01;35:*.mp4v=01;35:*.vob=01;35:*.qt=01;35:*.nuv=01;35:*.wmv=01;35:*.asf=01;35:*.rm=01;35:*.rmvb=01;35:*.flc=01;35:*.avi=01;35:*.fli=01;35:*.flv=01;35:*.gl=01;35:*.dl=01;35:*.xcf=01;35:*.xwd=01;35:*.yuv=01;35:*.cgm=01;35:*.emf=01;35:*.ogv=01;35:*.ogx=01;35:*.aac=00;36:*.au=00;36:*.flac=00;36:*.m4a=00;36:*.mid=00;36:*.midi=00;36:*.mka=00;36:*.mp3=00;36:*.mpc=00;36:*.ogg=00;36:*.ra=00;36:*.wav=00;36:*.oga=00;36:*.opus=00;36:*.spx=00;36:*.xspf=00;36:*~=00;90:*#=00;90:*.bak=00;90:*.crdownload=00;90:*.dpkg-dist=00;90:*.dpkg-new=00;90:*.dpkg-old=00;90:*.dpkg-tmp=00;90:*.old=00;90:*.orig=00;90:*.part=00;90:*.rej=00;90:*.rpmnew=00;90:*.rpmorig=00;90:*.rpmsave=00;90:*.swp=00;90:*.tmp=00;90:*.ucf-dist=00;90:*.ucf-new=00;90:*.ucf-old=00;90:', 'AMENT_PREFIX_PATH': '/home/vdt_2026/VDT_project/install/vdt_msgs:/home/vdt_2026/ros2_ws/install/px4_msgs:/opt/ros/jazzy', 'SHELL': '/bin/bash', 'LESSCLOSE': '/usr/bin/lesspipe %s %s', 'ROS_AUTOMATIC_DISCOVERY_RANGE': 'SUBNET', 'PWD': '/home/vdt_2026/VDT_project/build/vision_interface_bridge', 'LC_ALL': 'en_US.UTF-8', 'SSH_CONNECTION': '100.101.240.43 53682 100.65.242.75 22', 'XDG_DATA_DIRS': '/usr/local/share:/usr/share:/var/lib/snapd/desktop', 'PYTHONPATH': '/home/vdt_2026/VDT_project/install/vdt_msgs/lib/python3.12/site-packages:/home/vdt_2026/ros2_ws/install/px4_msgs/lib/python3.12/site-packages:/opt/ros/jazzy/lib/python3.12/site-packages:/home/vdt_2026/librealsense/build/Release', 'COLCON': '1', 'CMAKE_PREFIX_PATH': '/home/vdt_2026/VDT_project/install/vdt_msgs:/home/vdt_2026/ros2_ws/install/px4_msgs:/opt/ros/jazzy'}), 'shell': False}
[29.317150] (vision_interface_bridge) StdoutLine: {'line': b"Change Dir: '/home/vdt_2026/VDT_project/build/vision_interface_bridge'\n"}
[29.317404] (vision_interface_bridge) StdoutLine: {'line': b'\n'}
[29.317499] (vision_interface_bridge) StdoutLine: {'line': b'Run Build Command(s): /usr/bin/cmake -E env VERBOSE=1 /usr/bin/gmake -f Makefile -j4 -l4\n'}
[29.333707] (vision_interface_bridge) StdoutLine: {'line': b'/usr/bin/cmake -S/home/vdt_2026/VDT_project/ros2_ws/src/vision_interface_bridge -B/home/vdt_2026/VDT_project/build/vision_interface_bridge --check-build-system CMakeFiles/Makefile.cmake 0\n'}
[29.355389] (vision_interface_bridge) StdoutLine: {'line': b'/usr/bin/cmake -E cmake_progress_start /home/vdt_2026/VDT_project/build/vision_interface_bridge/CMakeFiles /home/vdt_2026/VDT_project/build/vision_interface_bridge//CMakeFiles/progress.marks\n'}
[29.369583] (vision_interface_bridge) StdoutLine: {'line': b'/usr/bin/gmake  -f CMakeFiles/Makefile2 all\n'}
[29.371343] (vision_interface_bridge) StdoutLine: {'line': b"gmake[1]: Entering directory '/home/vdt_2026/VDT_project/build/vision_interface_bridge'\n"}
[29.371582] (vision_interface_bridge) StdoutLine: {'line': b'/usr/bin/gmake  -f CMakeFiles/vision_interface_bridge_node.dir/build.make CMakeFiles/vision_interface_bridge_node.dir/depend\n'}
[29.371927] (vision_interface_bridge) StdoutLine: {'line': b'/usr/bin/gmake  -f CMakeFiles/bridge_logic_test.dir/build.make CMakeFiles/bridge_logic_test.dir/depend\n'}
[29.373590] (vision_interface_bridge) StdoutLine: {'line': b"gmake[2]: Entering directory '/home/vdt_2026/VDT_project/build/vision_interface_bridge'\n"}
[29.373936] (vision_interface_bridge) StdoutLine: {'line': b'cd /home/vdt_2026/VDT_project/build/vision_interface_bridge && /usr/bin/cmake -E cmake_depends "Unix Makefiles" /home/vdt_2026/VDT_project/ros2_ws/src/vision_interface_bridge /home/vdt_2026/VDT_project/ros2_ws/src/vision_interface_bridge /home/vdt_2026/VDT_project/build/vision_interface_bridge /home/vdt_2026/VDT_project/build/vision_interface_bridge /home/vdt_2026/VDT_project/build/vision_interface_bridge/CMakeFiles/bridge_logic_test.dir/DependInfo.cmake "--color="\n'}
[29.374113] (vision_interface_bridge) StdoutLine: {'line': b"gmake[2]: Entering directory '/home/vdt_2026/VDT_project/build/vision_interface_bridge'\n"}
[29.374213] (vision_interface_bridge) StdoutLine: {'line': b'cd /home/vdt_2026/VDT_project/build/vision_interface_bridge && /usr/bin/cmake -E cmake_depends "Unix Makefiles" /home/vdt_2026/VDT_project/ros2_ws/src/vision_interface_bridge /home/vdt_2026/VDT_project/ros2_ws/src/vision_interface_bridge /home/vdt_2026/VDT_project/build/vision_interface_bridge /home/vdt_2026/VDT_project/build/vision_interface_bridge /home/vdt_2026/VDT_project/build/vision_interface_bridge/CMakeFiles/vision_interface_bridge_node.dir/DependInfo.cmake "--color="\n'}
[29.390936] (vision_interface_bridge) StdoutLine: {'line': b"gmake[2]: Leaving directory '/home/vdt_2026/VDT_project/build/vision_interface_bridge'\n"}
[29.391338] (-) TimerEvent: {}
[29.391384] (vision_interface_bridge) StdoutLine: {'line': b"gmake[2]: Leaving directory '/home/vdt_2026/VDT_project/build/vision_interface_bridge'\n"}
[29.391665] (vision_interface_bridge) StdoutLine: {'line': b'/usr/bin/gmake  -f CMakeFiles/bridge_logic_test.dir/build.make CMakeFiles/bridge_logic_test.dir/build\n'}
[29.391943] (vision_interface_bridge) StdoutLine: {'line': b'/usr/bin/gmake  -f CMakeFiles/vision_interface_bridge_node.dir/build.make CMakeFiles/vision_interface_bridge_node.dir/build\n'}
[29.393225] (vision_interface_bridge) StdoutLine: {'line': b"gmake[2]: Entering directory '/home/vdt_2026/VDT_project/build/vision_interface_bridge'\n"}
[29.393781] (vision_interface_bridge) StdoutLine: {'line': b"gmake[2]: Entering directory '/home/vdt_2026/VDT_project/build/vision_interface_bridge'\n"}
[29.409302] (vision_interface_bridge) StdoutLine: {'line': b'[ 50%] Building CXX object CMakeFiles/vision_interface_bridge_node.dir/src/vision_interface_node.cpp.o\n'}
[29.409669] (vision_interface_bridge) StdoutLine: {'line': b'[ 50%] Building CXX object CMakeFiles/bridge_logic_test.dir/test/bridge_logic_test.cpp.o\n'}
[29.409911] (vision_interface_bridge) StdoutLine: {'line': b'/usr/bin/c++ -DDEFAULT_RMW_IMPLEMENTATION=rmw_fastrtps_cpp -DFASTCDR_DYN_LINK -I/home/vdt_2026/VDT_project/ros2_ws/src/vision_interface_bridge/include -isystem /home/vdt_2026/VDT_project/install/vdt_msgs/include/vdt_msgs -isystem /opt/ros/jazzy/include/rclcpp -isystem /opt/ros/jazzy/include/std_msgs -isystem /opt/ros/jazzy/include/sensor_msgs -isystem /opt/ros/jazzy/include/vision_msgs -isystem /opt/ros/jazzy/include/builtin_interfaces -isystem /opt/ros/jazzy/include/rosidl_runtime_c -isystem /opt/ros/jazzy/include/rcutils -isystem /opt/ros/jazzy/include/rosidl_typesupport_interface -isystem /opt/ros/jazzy/include/fastcdr -isystem /opt/ros/jazzy/include/rosidl_runtime_cpp -isystem /opt/ros/jazzy/include/rosidl_typesupport_fastrtps_cpp -isystem /opt/ros/jazzy/include/rmw -isystem /opt/ros/jazzy/include/rosidl_dynamic_typesupport -isystem /opt/ros/jazzy/include/rosidl_typesupport_fastrtps_c -isystem /opt/ros/jazzy/include/rosidl_typesupport_introspection_c -isystem /opt/ros/jazzy/include/rosidl_typesupport_introspection_cpp -isystem /opt/ros/jazzy/include/libstatistics_collector -isystem /opt/ros/jazzy/include/rcl -isystem /opt/ros/jazzy/include/rcl_interfaces -isystem /opt/ros/jazzy/include/service_msgs -isystem /opt/ros/jazzy/include/rcl_logging_interface -isystem /opt/ros/jazzy/include/rcl_yaml_param_parser -isystem /opt/ros/jazzy/include/type_description_interfaces -isystem /opt/ros/jazzy/include/rcpputils -isystem /opt/ros/jazzy/include/statistics_msgs -isystem /opt/ros/jazzy/include/rosgraph_msgs -isystem /opt/ros/jazzy/include/rosidl_typesupport_cpp -isystem /opt/ros/jazzy/include/rosidl_typesupport_c -isystem /opt/ros/jazzy/include/tracetools -isystem /opt/ros/jazzy/include/geometry_msgs  -MD -MT CMakeFiles/vision_interface_bridge_node.dir/src/vision_interface_node.cpp.o -MF CMakeFiles/vision_interface_bridge_node.dir/src/vision_interface_node.cpp.o.d -o CMakeFiles/vision_interface_bridge_node.dir/src/vision_interface_node.cpp.o -c /home/vdt_2026/VDT_project/ros2_ws/src/vision_interface_bridge/src/vision_interface_node.cpp\n'}
[29.410562] (vision_interface_bridge) StdoutLine: {'line': b'/usr/bin/c++  -I/home/vdt_2026/VDT_project/ros2_ws/src/vision_interface_bridge/include -UNDEBUG -MD -MT CMakeFiles/bridge_logic_test.dir/test/bridge_logic_test.cpp.o -MF CMakeFiles/bridge_logic_test.dir/test/bridge_logic_test.cpp.o.d -o CMakeFiles/bridge_logic_test.dir/test/bridge_logic_test.cpp.o -c /home/vdt_2026/VDT_project/ros2_ws/src/vision_interface_bridge/test/bridge_logic_test.cpp\n'}
[29.491484] (-) TimerEvent: {}
[29.591730] (-) TimerEvent: {}
[29.692009] (-) TimerEvent: {}
[29.735956] (vision_interface_bridge) StdoutLine: {'line': b'[ 75%] Linking CXX executable bridge_logic_test\n'}
[29.737783] (vision_interface_bridge) StdoutLine: {'line': b'/usr/bin/cmake -E cmake_link_script CMakeFiles/bridge_logic_test.dir/link.txt --verbose=1\n'}
[29.750367] (vision_interface_bridge) StdoutLine: {'line': b'/usr/bin/c++ CMakeFiles/bridge_logic_test.dir/test/bridge_logic_test.cpp.o -o bridge_logic_test \n'}
[29.792474] (-) TimerEvent: {}
[29.823259] (vision_interface_bridge) StdoutLine: {'line': b"gmake[2]: Leaving directory '/home/vdt_2026/VDT_project/build/vision_interface_bridge'\n"}
[29.839792] (vision_interface_bridge) StdoutLine: {'line': b'[ 75%] Built target bridge_logic_test\n'}
[29.892508] (-) TimerEvent: {}
[29.992764] (-) TimerEvent: {}
[30.092997] (-) TimerEvent: {}
[30.193219] (-) TimerEvent: {}
[30.293430] (-) TimerEvent: {}
[30.393661] (-) TimerEvent: {}
[30.493904] (-) TimerEvent: {}
[30.594153] (-) TimerEvent: {}
[30.694386] (-) TimerEvent: {}
[30.794571] (-) TimerEvent: {}
[30.894771] (-) TimerEvent: {}
[30.995002] (-) TimerEvent: {}
[31.095204] (-) TimerEvent: {}
[31.195425] (-) TimerEvent: {}
[31.295650] (-) TimerEvent: {}
[31.395865] (-) TimerEvent: {}
[31.496117] (-) TimerEvent: {}
[31.596341] (-) TimerEvent: {}
[31.696557] (-) TimerEvent: {}
[31.796717] (-) TimerEvent: {}
[31.896921] (-) TimerEvent: {}
[31.997166] (-) TimerEvent: {}
[32.097387] (-) TimerEvent: {}
[32.197603] (-) TimerEvent: {}
[32.297811] (-) TimerEvent: {}
[32.398021] (-) TimerEvent: {}
[32.498245] (-) TimerEvent: {}
[32.598476] (-) TimerEvent: {}
[32.698678] (-) TimerEvent: {}
[32.798811] (-) TimerEvent: {}
[32.898979] (-) TimerEvent: {}
[32.999203] (-) TimerEvent: {}
[33.099429] (-) TimerEvent: {}
[33.199624] (-) TimerEvent: {}
[33.299846] (-) TimerEvent: {}
[33.400026] (-) TimerEvent: {}
[33.500211] (-) TimerEvent: {}
[33.600402] (-) TimerEvent: {}
[33.700527] (-) TimerEvent: {}
[33.800635] (-) TimerEvent: {}
[33.900755] (-) TimerEvent: {}
[34.000912] (-) TimerEvent: {}
[34.101094] (-) TimerEvent: {}
[34.201250] (-) TimerEvent: {}
[34.301432] (-) TimerEvent: {}
[34.401646] (-) TimerEvent: {}
[34.501848] (-) TimerEvent: {}
[34.602028] (-) TimerEvent: {}
[34.702205] (-) TimerEvent: {}
[34.802411] (-) TimerEvent: {}
[34.902584] (-) TimerEvent: {}
[35.002752] (-) TimerEvent: {}
[35.102947] (-) TimerEvent: {}
[35.203148] (-) TimerEvent: {}
[35.303297] (-) TimerEvent: {}
[35.403412] (-) TimerEvent: {}
[35.503514] (-) TimerEvent: {}
[35.603607] (-) TimerEvent: {}
[35.703698] (-) TimerEvent: {}
[35.803790] (-) TimerEvent: {}
[35.903898] (-) TimerEvent: {}
[36.004052] (-) TimerEvent: {}
[36.104206] (-) TimerEvent: {}
[36.204377] (-) TimerEvent: {}
[36.304579] (-) TimerEvent: {}
[36.404760] (-) TimerEvent: {}
[36.504892] (-) TimerEvent: {}
[36.605047] (-) TimerEvent: {}
[36.705218] (-) TimerEvent: {}
[36.805333] (-) TimerEvent: {}
[36.905455] (-) TimerEvent: {}
[37.005604] (-) TimerEvent: {}
[37.105762] (-) TimerEvent: {}
[37.205898] (-) TimerEvent: {}
[37.306045] (-) TimerEvent: {}
[37.406206] (-) TimerEvent: {}
[37.506376] (-) TimerEvent: {}
[37.606494] (-) TimerEvent: {}
[37.706635] (-) TimerEvent: {}
[37.806840] (-) TimerEvent: {}
[37.907018] (-) TimerEvent: {}
[38.007163] (-) TimerEvent: {}
[38.107305] (-) TimerEvent: {}
[38.207428] (-) TimerEvent: {}
[38.307545] (-) TimerEvent: {}
[38.407654] (-) TimerEvent: {}
[38.507759] (-) TimerEvent: {}
[38.607851] (-) TimerEvent: {}
[38.707949] (-) TimerEvent: {}
[38.808049] (-) TimerEvent: {}
[38.908156] (-) TimerEvent: {}
[39.008304] (-) TimerEvent: {}
[39.108448] (-) TimerEvent: {}
[39.208555] (-) TimerEvent: {}
[39.308677] (-) TimerEvent: {}
[39.408800] (-) TimerEvent: {}
[39.508902] (-) TimerEvent: {}
[39.608996] (-) TimerEvent: {}
[39.709087] (-) TimerEvent: {}
[39.809178] (-) TimerEvent: {}
[39.909309] (-) TimerEvent: {}
[40.009473] (-) TimerEvent: {}
[40.109620] (-) TimerEvent: {}
[40.209814] (-) TimerEvent: {}
[40.309998] (-) TimerEvent: {}
[40.410161] (-) TimerEvent: {}
[40.510335] (-) TimerEvent: {}
[40.610466] (-) TimerEvent: {}
[40.710615] (-) TimerEvent: {}
[40.810808] (-) TimerEvent: {}
[40.911013] (-) TimerEvent: {}
[41.011266] (-) TimerEvent: {}
[41.111546] (-) TimerEvent: {}
[41.211757] (-) TimerEvent: {}
[41.311886] (-) TimerEvent: {}
[41.411993] (-) TimerEvent: {}
[41.512153] (-) TimerEvent: {}
[41.612335] (-) TimerEvent: {}
[41.712488] (-) TimerEvent: {}
[41.812603] (-) TimerEvent: {}
[41.912710] (-) TimerEvent: {}
[42.012855] (-) TimerEvent: {}
[42.113007] (-) TimerEvent: {}
[42.213152] (-) TimerEvent: {}
[42.313278] (-) TimerEvent: {}
[42.413384] (-) TimerEvent: {}
[42.513487] (-) TimerEvent: {}
[42.613593] (-) TimerEvent: {}
[42.713691] (-) TimerEvent: {}
[42.813786] (-) TimerEvent: {}
[42.913915] (-) TimerEvent: {}
[43.014062] (-) TimerEvent: {}
[43.114223] (-) TimerEvent: {}
[43.214392] (-) TimerEvent: {}
[43.314515] (-) TimerEvent: {}
[43.414655] (-) TimerEvent: {}
[43.514830] (-) TimerEvent: {}
[43.614980] (-) TimerEvent: {}
[43.715121] (-) TimerEvent: {}
[43.815287] (-) TimerEvent: {}
[43.915442] (-) TimerEvent: {}
[44.015582] (-) TimerEvent: {}
[44.115713] (-) TimerEvent: {}
[44.215840] (-) TimerEvent: {}
[44.315967] (-) TimerEvent: {}
[44.416087] (-) TimerEvent: {}
[44.516230] (-) TimerEvent: {}
[44.616372] (-) TimerEvent: {}
[44.716480] (-) TimerEvent: {}
[44.816576] (-) TimerEvent: {}
[44.916722] (-) TimerEvent: {}
[45.016897] (-) TimerEvent: {}
[45.117056] (-) TimerEvent: {}
[45.217188] (-) TimerEvent: {}
[45.317325] (-) TimerEvent: {}
[45.417485] (-) TimerEvent: {}
[45.517622] (-) TimerEvent: {}
[45.617725] (-) TimerEvent: {}
[45.717843] (-) TimerEvent: {}
[45.817946] (-) TimerEvent: {}
[45.918077] (-) TimerEvent: {}
[46.018227] (-) TimerEvent: {}
[46.118362] (-) TimerEvent: {}
[46.218472] (-) TimerEvent: {}
[46.318605] (-) TimerEvent: {}
[46.418793] (-) TimerEvent: {}
[46.518969] (-) TimerEvent: {}
[46.619115] (-) TimerEvent: {}
[46.719267] (-) TimerEvent: {}
[46.819447] (-) TimerEvent: {}
[46.919610] (-) TimerEvent: {}
[47.019768] (-) TimerEvent: {}
[47.119895] (-) TimerEvent: {}
[47.220005] (-) TimerEvent: {}
[47.320104] (-) TimerEvent: {}
[47.420206] (-) TimerEvent: {}
[47.520304] (-) TimerEvent: {}
[47.620400] (-) TimerEvent: {}
[47.720498] (-) TimerEvent: {}
[47.820599] (-) TimerEvent: {}
[47.920715] (-) TimerEvent: {}
[48.020867] (-) TimerEvent: {}
[48.120995] (-) TimerEvent: {}
[48.221110] (-) TimerEvent: {}
[48.321216] (-) TimerEvent: {}
[48.421323] (-) TimerEvent: {}
[48.521420] (-) TimerEvent: {}
[48.621517] (-) TimerEvent: {}
[48.721607] (-) TimerEvent: {}
[48.821691] (-) TimerEvent: {}
[48.921797] (-) TimerEvent: {}
[49.021924] (-) TimerEvent: {}
[49.122067] (-) TimerEvent: {}
[49.222202] (-) TimerEvent: {}
[49.322307] (-) TimerEvent: {}
[49.422460] (-) TimerEvent: {}
[49.522612] (-) TimerEvent: {}
[49.622725] (-) TimerEvent: {}
[49.722876] (-) TimerEvent: {}
[49.823036] (-) TimerEvent: {}
[49.923178] (-) TimerEvent: {}
[50.023341] (-) TimerEvent: {}
[50.123504] (-) TimerEvent: {}
[50.223628] (-) TimerEvent: {}
[50.323750] (-) TimerEvent: {}
[50.423860] (-) TimerEvent: {}
[50.523990] (-) TimerEvent: {}
[50.624094] (-) TimerEvent: {}
[50.724197] (-) TimerEvent: {}
[50.824300] (-) TimerEvent: {}
[50.924408] (-) TimerEvent: {}
[51.024529] (-) TimerEvent: {}
[51.124639] (-) TimerEvent: {}
[51.224752] (-) TimerEvent: {}
[51.324861] (-) TimerEvent: {}
[51.424966] (-) TimerEvent: {}
[51.525075] (-) TimerEvent: {}
[51.625188] (-) TimerEvent: {}
[51.725291] (-) TimerEvent: {}
[51.825389] (-) TimerEvent: {}
[51.925497] (-) TimerEvent: {}
[52.025606] (-) TimerEvent: {}
[52.125709] (-) TimerEvent: {}
[52.225806] (-) TimerEvent: {}
[52.325894] (-) TimerEvent: {}
[52.425994] (-) TimerEvent: {}
[52.526119] (-) TimerEvent: {}
[52.626243] (-) TimerEvent: {}
[52.726356] (-) TimerEvent: {}
[52.826464] (-) TimerEvent: {}
[52.926564] (-) TimerEvent: {}
[53.026654] (-) TimerEvent: {}
[53.126770] (-) TimerEvent: {}
[53.226878] (-) TimerEvent: {}
[53.326984] (-) TimerEvent: {}
[53.427142] (-) TimerEvent: {}
[53.527317] (-) TimerEvent: {}
[53.627464] (-) TimerEvent: {}
[53.727615] (-) TimerEvent: {}
[53.827839] (-) TimerEvent: {}
[53.928158] (-) TimerEvent: {}
[54.028370] (-) TimerEvent: {}
[54.128558] (-) TimerEvent: {}
[54.228698] (-) TimerEvent: {}
[54.328776] (-) TimerEvent: {}
[54.428885] (-) TimerEvent: {}
[54.528988] (-) TimerEvent: {}
[54.629084] (-) TimerEvent: {}
[54.729177] (-) TimerEvent: {}
[54.829267] (-) TimerEvent: {}
[54.929397] (-) TimerEvent: {}
[55.029582] (-) TimerEvent: {}
[55.129758] (-) TimerEvent: {}
[55.229894] (-) TimerEvent: {}
[55.330052] (-) TimerEvent: {}
[55.430202] (-) TimerEvent: {}
[55.530363] (-) TimerEvent: {}
[55.630523] (-) TimerEvent: {}
[55.730712] (-) TimerEvent: {}
[55.830984] (-) TimerEvent: {}
[55.931450] (-) TimerEvent: {}
[56.032065] (-) TimerEvent: {}
[56.132276] (-) TimerEvent: {}
[56.167846] (vision_interface_bridge) StdoutLine: {'line': b'[100%] Linking CXX executable vision_interface_bridge_node\n'}
[56.169931] (vision_interface_bridge) StdoutLine: {'line': b'/usr/bin/cmake -E cmake_link_script CMakeFiles/vision_interface_bridge_node.dir/link.txt --verbose=1\n'}
[56.181479] (vision_interface_bridge) StdoutLine: {'line': b'/usr/bin/c++ CMakeFiles/vision_interface_bridge_node.dir/src/vision_interface_node.cpp.o -o vision_interface_bridge_node  -Wl,-rpath,/opt/ros/jazzy/lib:/home/vdt_2026/VDT_project/install/vdt_msgs/lib: /opt/ros/jazzy/lib/librclcpp.so /opt/ros/jazzy/lib/libsensor_msgs__rosidl_typesupport_fastrtps_c.so /opt/ros/jazzy/lib/libsensor_msgs__rosidl_typesupport_fastrtps_cpp.so /opt/ros/jazzy/lib/libsensor_msgs__rosidl_typesupport_introspection_c.so /opt/ros/jazzy/lib/libsensor_msgs__rosidl_typesupport_introspection_cpp.so /opt/ros/jazzy/lib/libsensor_msgs__rosidl_generator_py.so /opt/ros/jazzy/lib/libvision_msgs__rosidl_typesupport_fastrtps_c.so /opt/ros/jazzy/lib/libvision_msgs__rosidl_typesupport_fastrtps_cpp.so /opt/ros/jazzy/lib/libvision_msgs__rosidl_typesupport_introspection_c.so /opt/ros/jazzy/lib/libvision_msgs__rosidl_typesupport_introspection_cpp.so /opt/ros/jazzy/lib/libvision_msgs__rosidl_typesupport_cpp.so /opt/ros/jazzy/lib/libvision_msgs__rosidl_generator_py.so /home/vdt_2026/VDT_project/install/vdt_msgs/lib/libvdt_msgs__rosidl_typesupport_fastrtps_c.so /home/vdt_2026/VDT_project/install/vdt_msgs/lib/libvdt_msgs__rosidl_typesupport_fastrtps_cpp.so /home/vdt_2026/VDT_project/install/vdt_msgs/lib/libvdt_msgs__rosidl_typesupport_introspection_c.so /home/vdt_2026/VDT_project/install/vdt_msgs/lib/libvdt_msgs__rosidl_typesupport_introspection_cpp.so /home/vdt_2026/VDT_project/install/vdt_msgs/lib/libvdt_msgs__rosidl_typesupport_cpp.so /home/vdt_2026/VDT_project/install/vdt_msgs/lib/libvdt_msgs__rosidl_generator_py.so /opt/ros/jazzy/lib/liblibstatistics_collector.so /opt/ros/jazzy/lib/librcl.so /opt/ros/jazzy/lib/librmw_implementation.so /opt/ros/jazzy/lib/libtype_description_interfaces__rosidl_typesupport_fastrtps_c.so /opt/ros/jazzy/lib/libtype_description_interfaces__rosidl_typesupport_introspection_c.so /opt/ros/jazzy/lib/libtype_description_interfaces__rosidl_typesupport_fastrtps_cpp.so /opt/ros/jazzy/lib/libtype_description_interfaces__rosidl_typesupport_introspection_cpp.so /opt/ros/jazzy/lib/libtype_description_interfaces__rosidl_typesupport_cpp.so /opt/ros/jazzy/lib/libtype_description_interfaces__rosidl_generator_py.so /opt/ros/jazzy/lib/libtype_description_interfaces__rosidl_typesupport_c.so /opt/ros/jazzy/lib/libtype_description_interfaces__rosidl_generator_c.so /opt/ros/jazzy/lib/librcl_yaml_param_parser.so /opt/ros/jazzy/lib/librosgraph_msgs__rosidl_typesupport_fastrtps_c.so /opt/ros/jazzy/lib/librosgraph_msgs__rosidl_typesupport_fastrtps_cpp.so /opt/ros/jazzy/lib/librosgraph_msgs__rosidl_typesupport_introspection_c.so /opt/ros/jazzy/lib/librosgraph_msgs__rosidl_typesupport_introspection_cpp.so /opt/ros/jazzy/lib/librosgraph_msgs__rosidl_typesupport_cpp.so /opt/ros/jazzy/lib/librosgraph_msgs__rosidl_generator_py.so /opt/ros/jazzy/lib/librcl_interfaces__rosidl_typesupport_fastrtps_c.so /opt/ros/jazzy/lib/librcl_interfaces__rosidl_typesupport_introspection_c.so /opt/ros/jazzy/lib/librcl_interfaces__rosidl_typesupport_fastrtps_cpp.so /opt/ros/jazzy/lib/librcl_interfaces__rosidl_typesupport_introspection_cpp.so /opt/ros/jazzy/lib/librcl_interfaces__rosidl_typesupport_cpp.so /opt/ros/jazzy/lib/librcl_interfaces__rosidl_generator_py.so /opt/ros/jazzy/lib/librosgraph_msgs__rosidl_typesupport_c.so /opt/ros/jazzy/lib/librcl_interfaces__rosidl_typesupport_c.so /opt/ros/jazzy/lib/librosgraph_msgs__rosidl_generator_c.so /opt/ros/jazzy/lib/librcl_interfaces__rosidl_generator_c.so /opt/ros/jazzy/lib/libstatistics_msgs__rosidl_typesupport_fastrtps_c.so /opt/ros/jazzy/lib/libstatistics_msgs__rosidl_typesupport_fastrtps_cpp.so /opt/ros/jazzy/lib/libstatistics_msgs__rosidl_typesupport_introspection_c.so /opt/ros/jazzy/lib/libstatistics_msgs__rosidl_typesupport_introspection_cpp.so /opt/ros/jazzy/lib/libstatistics_msgs__rosidl_typesupport_cpp.so /opt/ros/jazzy/lib/libstatistics_msgs__rosidl_generator_py.so /opt/ros/jazzy/lib/libstatistics_msgs__rosidl_typesupport_c.so /opt/ros/jazzy/lib/libstatistics_msgs__rosidl_generator_c.so /opt/ros/jazzy/lib/libtracetools.so -llttng-ust -llttng-ust-common -rdynamic -ldl /opt/ros/jazzy/lib/librcl_logging_interface.so /opt/ros/jazzy/lib/libsensor_msgs__rosidl_typesupport_c.so /opt/ros/jazzy/lib/libservice_msgs__rosidl_typesupport_fastrtps_c.so /opt/ros/jazzy/lib/libservice_msgs__rosidl_typesupport_fastrtps_cpp.so /opt/ros/jazzy/lib/libservice_msgs__rosidl_typesupport_introspection_c.so /opt/ros/jazzy/lib/libservice_msgs__rosidl_typesupport_introspection_cpp.so /opt/ros/jazzy/lib/libservice_msgs__rosidl_typesupport_c.so /opt/ros/jazzy/lib/libsensor_msgs__rosidl_typesupport_cpp.so /opt/ros/jazzy/lib/libsensor_msgs__rosidl_generator_c.so /opt/ros/jazzy/lib/libservice_msgs__rosidl_typesupport_cpp.so /opt/ros/jazzy/lib/libservice_msgs__rosidl_generator_c.so /opt/ros/jazzy/lib/libvision_msgs__rosidl_typesupport_c.so /opt/ros/jazzy/lib/libvision_msgs__rosidl_generator_c.so /opt/ros/jazzy/lib/libgeometry_msgs__rosidl_typesupport_fastrtps_c.so /opt/ros/jazzy/lib/libgeometry_msgs__rosidl_typesupport_fastrtps_cpp.so /opt/ros/jazzy/lib/libgeometry_msgs__rosidl_typesupport_introspection_c.so /opt/ros/jazzy/lib/libgeometry_msgs__rosidl_typesupport_introspection_cpp.so /opt/ros/jazzy/lib/libgeometry_msgs__rosidl_typesupport_cpp.so /opt/ros/jazzy/lib/libgeometry_msgs__rosidl_typesupport_c.so /opt/ros/jazzy/lib/libgeometry_msgs__rosidl_generator_c.so /opt/ros/jazzy/lib/libstd_msgs__rosidl_typesupport_fastrtps_c.so /opt/ros/jazzy/lib/libstd_msgs__rosidl_typesupport_fastrtps_cpp.so /opt/ros/jazzy/lib/libstd_msgs__rosidl_typesupport_introspection_c.so /opt/ros/jazzy/lib/libstd_msgs__rosidl_typesupport_introspection_cpp.so /opt/ros/jazzy/lib/libstd_msgs__rosidl_typesupport_cpp.so /opt/ros/jazzy/lib/libstd_msgs__rosidl_generator_py.so /home/vdt_2026/VDT_project/install/vdt_msgs/lib/libvdt_msgs__rosidl_typesupport_c.so /opt/ros/jazzy/lib/libstd_msgs__rosidl_typesupport_c.so /home/vdt_2026/VDT_project/install/vdt_msgs/lib/libvdt_msgs__rosidl_generator_c.so /opt/ros/jazzy/lib/libstd_msgs__rosidl_generator_c.so /opt/ros/jazzy/lib/libbuiltin_interfaces__rosidl_typesupport_fastrtps_c.so /opt/ros/jazzy/lib/librosidl_typesupport_fastrtps_c.so /opt/ros/jazzy/lib/libbuiltin_interfaces__rosidl_typesupport_introspection_c.so /opt/ros/jazzy/lib/libbuiltin_interfaces__rosidl_typesupport_fastrtps_cpp.so /opt/ros/jazzy/lib/librosidl_typesupport_fastrtps_cpp.so /opt/ros/jazzy/lib/librmw.so /opt/ros/jazzy/lib/librosidl_dynamic_typesupport.so /opt/ros/jazzy/lib/libfastcdr.so.2.2.8 /opt/ros/jazzy/lib/libbuiltin_interfaces__rosidl_typesupport_introspection_cpp.so /opt/ros/jazzy/lib/librosidl_typesupport_introspection_cpp.so /opt/ros/jazzy/lib/librosidl_typesupport_introspection_c.so /opt/ros/jazzy/lib/libbuiltin_interfaces__rosidl_typesupport_cpp.so /opt/ros/jazzy/lib/librosidl_typesupport_cpp.so /opt/ros/jazzy/lib/libbuiltin_interfaces__rosidl_generator_py.so /opt/ros/jazzy/lib/libbuiltin_interfaces__rosidl_typesupport_c.so /opt/ros/jazzy/lib/libbuiltin_interfaces__rosidl_generator_c.so /opt/ros/jazzy/lib/librosidl_typesupport_c.so /opt/ros/jazzy/lib/librcpputils.so /opt/ros/jazzy/lib/librosidl_runtime_c.so /opt/ros/jazzy/lib/librcutils.so -ldl -latomic -Wl,-rpath-link,/opt/ros/jazzy/lib \n'}
[56.232444] (-) TimerEvent: {}
[56.332842] (-) TimerEvent: {}
[56.433079] (-) TimerEvent: {}
[56.533456] (-) TimerEvent: {}
[56.634030] (-) TimerEvent: {}
[56.734351] (-) TimerEvent: {}
[56.834640] (-) TimerEvent: {}
[56.935006] (-) TimerEvent: {}
[57.035355] (-) TimerEvent: {}
[57.135693] (-) TimerEvent: {}
[57.235967] (-) TimerEvent: {}
[57.336216] (-) TimerEvent: {}
[57.436386] (-) TimerEvent: {}
[57.536658] (-) TimerEvent: {}
[57.636975] (-) TimerEvent: {}
[57.737169] (-) TimerEvent: {}
[57.837343] (-) TimerEvent: {}
[57.937521] (-) TimerEvent: {}
[58.037655] (-) TimerEvent: {}
[58.122845] (vision_interface_bridge) StdoutLine: {'line': b"gmake[2]: Leaving directory '/home/vdt_2026/VDT_project/build/vision_interface_bridge'\n"}
[58.137797] (-) TimerEvent: {}
[58.139367] (vision_interface_bridge) StdoutLine: {'line': b'[100%] Built target vision_interface_bridge_node\n'}
[58.141229] (vision_interface_bridge) StdoutLine: {'line': b"gmake[1]: Leaving directory '/home/vdt_2026/VDT_project/build/vision_interface_bridge'\n"}
[58.141566] (vision_interface_bridge) StdoutLine: {'line': b'/usr/bin/cmake -E cmake_progress_start /home/vdt_2026/VDT_project/build/vision_interface_bridge/CMakeFiles 0\n'}
[58.158793] (vision_interface_bridge) StdoutLine: {'line': b'\n'}
[58.161749] (vision_interface_bridge) CommandEnded: {'returncode': 0}
[58.162547] (vision_interface_bridge) JobProgress: {'identifier': 'vision_interface_bridge', 'progress': 'install'}
[58.163023] (vision_interface_bridge) Command: {'cmd': ['/usr/bin/cmake', '--install', '/home/vdt_2026/VDT_project/build/vision_interface_bridge'], 'cwd': '/home/vdt_2026/VDT_project/build/vision_interface_bridge', 'env': OrderedDict({'LESSOPEN': '| /usr/bin/lesspipe %s', 'USER': 'vdt_2026', 'SSH_CLIENT': '100.101.240.43 53682 22', 'XDG_SESSION_TYPE': 'tty', 'SHLVL': '1', 'LD_LIBRARY_PATH': '/home/vdt_2026/VDT_project/install/vdt_msgs/lib:/home/vdt_2026/ros2_ws/install/px4_msgs/lib:/opt/ros/jazzy/lib/aarch64-linux-gnu:/opt/ros/jazzy/lib', 'HOME': '/home/vdt_2026', 'OLDPWD': '/home/vdt_2026', 'SSH_TTY': '/dev/pts/0', 'ROS_PYTHON_VERSION': '3', 'DBUS_SESSION_BUS_ADDRESS': 'unix:path=/run/user/1000/bus', 'COLCON_PREFIX_PATH': '/home/vdt_2026/ros2_ws/install', 'ROS_DISTRO': 'jazzy', 'LOGNAME': 'vdt_2026', '_': '/usr/bin/colcon', 'ROS_VERSION': '2', 'XDG_SESSION_CLASS': 'user', 'TERM': 'xterm-256color', 'XDG_SESSION_ID': '1', 'PATH': '/home/vdt_2026/.local/bin:/opt/ros/jazzy/bin:/usr/local/sbin:/usr/local/bin:/usr/sbin:/usr/bin:/sbin:/bin:/usr/games:/usr/local/games:/snap/bin', 'XDG_RUNTIME_DIR': '/run/user/1000', 'LANG': 'en_US.UTF-8', 'LS_COLORS': 'rs=0:di=01;34:ln=01;36:mh=00:pi=40;33:so=01;35:do=01;35:bd=40;33;01:cd=40;33;01:or=40;31;01:mi=00:su=37;41:sg=30;43:ca=00:tw=30;42:ow=34;42:st=37;44:ex=01;32:*.tar=01;31:*.tgz=01;31:*.arc=01;31:*.arj=01;31:*.taz=01;31:*.lha=01;31:*.lz4=01;31:*.lzh=01;31:*.lzma=01;31:*.tlz=01;31:*.txz=01;31:*.tzo=01;31:*.t7z=01;31:*.zip=01;31:*.z=01;31:*.dz=01;31:*.gz=01;31:*.lrz=01;31:*.lz=01;31:*.lzo=01;31:*.xz=01;31:*.zst=01;31:*.tzst=01;31:*.bz2=01;31:*.bz=01;31:*.tbz=01;31:*.tbz2=01;31:*.tz=01;31:*.deb=01;31:*.rpm=01;31:*.jar=01;31:*.war=01;31:*.ear=01;31:*.sar=01;31:*.rar=01;31:*.alz=01;31:*.ace=01;31:*.zoo=01;31:*.cpio=01;31:*.7z=01;31:*.rz=01;31:*.cab=01;31:*.wim=01;31:*.swm=01;31:*.dwm=01;31:*.esd=01;31:*.avif=01;35:*.jpg=01;35:*.jpeg=01;35:*.mjpg=01;35:*.mjpeg=01;35:*.gif=01;35:*.bmp=01;35:*.pbm=01;35:*.pgm=01;35:*.ppm=01;35:*.tga=01;35:*.xbm=01;35:*.xpm=01;35:*.tif=01;35:*.tiff=01;35:*.png=01;35:*.svg=01;35:*.svgz=01;35:*.mng=01;35:*.pcx=01;35:*.mov=01;35:*.mpg=01;35:*.mpeg=01;35:*.m2v=01;35:*.mkv=01;35:*.webm=01;35:*.webp=01;35:*.ogm=01;35:*.mp4=01;35:*.m4v=01;35:*.mp4v=01;35:*.vob=01;35:*.qt=01;35:*.nuv=01;35:*.wmv=01;35:*.asf=01;35:*.rm=01;35:*.rmvb=01;35:*.flc=01;35:*.avi=01;35:*.fli=01;35:*.flv=01;35:*.gl=01;35:*.dl=01;35:*.xcf=01;35:*.xwd=01;35:*.yuv=01;35:*.cgm=01;35:*.emf=01;35:*.ogv=01;35:*.ogx=01;35:*.aac=00;36:*.au=00;36:*.flac=00;36:*.m4a=00;36:*.mid=00;36:*.midi=00;36:*.mka=00;36:*.mp3=00;36:*.mpc=00;36:*.ogg=00;36:*.ra=00;36:*.wav=00;36:*.oga=00;36:*.opus=00;36:*.spx=00;36:*.xspf=00;36:*~=00;90:*#=00;90:*.bak=00;90:*.crdownload=00;90:*.dpkg-dist=00;90:*.dpkg-new=00;90:*.dpkg-old=00;90:*.dpkg-tmp=00;90:*.old=00;90:*.orig=00;90:*.part=00;90:*.rej=00;90:*.rpmnew=00;90:*.rpmorig=00;90:*.rpmsave=00;90:*.swp=00;90:*.tmp=00;90:*.ucf-dist=00;90:*.ucf-new=00;90:*.ucf-old=00;90:', 'AMENT_PREFIX_PATH': '/home/vdt_2026/VDT_project/install/vdt_msgs:/home/vdt_2026/ros2_ws/install/px4_msgs:/opt/ros/jazzy', 'SHELL': '/bin/bash', 'LESSCLOSE': '/usr/bin/lesspipe %s %s', 'ROS_AUTOMATIC_DISCOVERY_RANGE': 'SUBNET', 'PWD': '/home/vdt_2026/VDT_project/build/vision_interface_bridge', 'LC_ALL': 'en_US.UTF-8', 'SSH_CONNECTION': '100.101.240.43 53682 100.65.242.75 22', 'XDG_DATA_DIRS': '/usr/local/share:/usr/share:/var/lib/snapd/desktop', 'PYTHONPATH': '/home/vdt_2026/VDT_project/install/vdt_msgs/lib/python3.12/site-packages:/home/vdt_2026/ros2_ws/install/px4_msgs/lib/python3.12/site-packages:/opt/ros/jazzy/lib/python3.12/site-packages:/home/vdt_2026/librealsense/build/Release', 'COLCON': '1', 'CMAKE_PREFIX_PATH': '/home/vdt_2026/VDT_project/install/vdt_msgs:/home/vdt_2026/ros2_ws/install/px4_msgs:/opt/ros/jazzy'}), 'shell': False}
[58.177665] (vision_interface_bridge) StdoutLine: {'line': b'-- Install configuration: ""\n'}
[58.178040] (vision_interface_bridge) StdoutLine: {'line': b'-- Installing: /home/vdt_2026/VDT_project/install/vision_interface_bridge/lib/vision_interface_bridge/vision_interface_bridge_node\n'}
[58.200825] (vision_interface_bridge) StdoutLine: {'line': b'-- Set non-toolchain portion of runtime path of "/home/vdt_2026/VDT_project/install/vision_interface_bridge/lib/vision_interface_bridge/vision_interface_bridge_node" to ""\n'}
[58.201130] (vision_interface_bridge) StdoutLine: {'line': b'-- Installing: /home/vdt_2026/VDT_project/install/vision_interface_bridge/share/vision_interface_bridge/config\n'}
[58.201894] (vision_interface_bridge) StdoutLine: {'line': b'-- Installing: /home/vdt_2026/VDT_project/install/vision_interface_bridge/share/vision_interface_bridge/config/vision_interface_bridge.yaml\n'}
[58.202637] (vision_interface_bridge) StdoutLine: {'line': b'-- Installing: /home/vdt_2026/VDT_project/install/vision_interface_bridge/share/vision_interface_bridge/launch\n'}
[58.203128] (vision_interface_bridge) StdoutLine: {'line': b'-- Installing: /home/vdt_2026/VDT_project/install/vision_interface_bridge/share/vision_interface_bridge/launch/vision_interface_bridge.launch.py\n'}
[58.203914] (vision_interface_bridge) StdoutLine: {'line': b'-- Installing: /home/vdt_2026/VDT_project/install/vision_interface_bridge/share/ament_index/resource_index/package_run_dependencies/vision_interface_bridge\n'}
[58.204154] (vision_interface_bridge) StdoutLine: {'line': b'-- Installing: /home/vdt_2026/VDT_project/install/vision_interface_bridge/share/ament_index/resource_index/parent_prefix_path/vision_interface_bridge\n'}
[58.204396] (vision_interface_bridge) StdoutLine: {'line': b'-- Installing: /home/vdt_2026/VDT_project/install/vision_interface_bridge/share/vision_interface_bridge/environment/ament_prefix_path.sh\n'}
[58.204579] (vision_interface_bridge) StdoutLine: {'line': b'-- Installing: /home/vdt_2026/VDT_project/install/vision_interface_bridge/share/vision_interface_bridge/environment/ament_prefix_path.dsv\n'}
[58.204751] (vision_interface_bridge) StdoutLine: {'line': b'-- Installing: /home/vdt_2026/VDT_project/install/vision_interface_bridge/share/vision_interface_bridge/environment/path.sh\n'}
[58.204941] (vision_interface_bridge) StdoutLine: {'line': b'-- Installing: /home/vdt_2026/VDT_project/install/vision_interface_bridge/share/vision_interface_bridge/environment/path.dsv\n'}
[58.205157] (vision_interface_bridge) StdoutLine: {'line': b'-- Installing: /home/vdt_2026/VDT_project/install/vision_interface_bridge/share/vision_interface_bridge/local_setup.bash\n'}
[58.205348] (vision_interface_bridge) StdoutLine: {'line': b'-- Installing: /home/vdt_2026/VDT_project/install/vision_interface_bridge/share/vision_interface_bridge/local_setup.sh\n'}
[58.205538] (vision_interface_bridge) StdoutLine: {'line': b'-- Installing: /home/vdt_2026/VDT_project/install/vision_interface_bridge/share/vision_interface_bridge/local_setup.zsh\n'}
[58.205719] (vision_interface_bridge) StdoutLine: {'line': b'-- Installing: /home/vdt_2026/VDT_project/install/vision_interface_bridge/share/vision_interface_bridge/local_setup.dsv\n'}
[58.205887] (vision_interface_bridge) StdoutLine: {'line': b'-- Installing: /home/vdt_2026/VDT_project/install/vision_interface_bridge/share/vision_interface_bridge/package.dsv\n'}
[58.206048] (vision_interface_bridge) StdoutLine: {'line': b'-- Installing: /home/vdt_2026/VDT_project/install/vision_interface_bridge/share/ament_index/resource_index/packages/vision_interface_bridge\n'}
[58.206235] (vision_interface_bridge) StdoutLine: {'line': b'-- Installing: /home/vdt_2026/VDT_project/install/vision_interface_bridge/share/vision_interface_bridge/cmake/vision_interface_bridgeConfig.cmake\n'}
[58.206406] (vision_interface_bridge) StdoutLine: {'line': b'-- Installing: /home/vdt_2026/VDT_project/install/vision_interface_bridge/share/vision_interface_bridge/cmake/vision_interface_bridgeConfig-version.cmake\n'}
[58.206579] (vision_interface_bridge) StdoutLine: {'line': b'-- Installing: /home/vdt_2026/VDT_project/install/vision_interface_bridge/share/vision_interface_bridge/package.xml\n'}
[58.209229] (vision_interface_bridge) CommandEnded: {'returncode': 0}
[58.226775] (vision_interface_bridge) JobEnded: {'identifier': 'vision_interface_bridge', 'rc': 0}
[58.227973] (apf_planner) JobStarted: {'identifier': 'apf_planner'}
[58.237912] (-) TimerEvent: {}
[58.338105] (-) TimerEvent: {}
[58.438298] (-) TimerEvent: {}
[58.538882] (-) TimerEvent: {}
[58.639170] (-) TimerEvent: {}
[58.739349] (-) TimerEvent: {}
[58.839499] (-) TimerEvent: {}
[58.939640] (-) TimerEvent: {}
[59.039781] (-) TimerEvent: {}
[59.139907] (-) TimerEvent: {}
[59.240049] (-) TimerEvent: {}
[59.279467] (apf_planner) Command: {'cmd': ['/usr/bin/python3', '-W', 'ignore:setup.py install is deprecated', '-W', 'ignore:easy_install command is deprecated', 'setup.py', 'egg_info', '--egg-base', '../../../build/apf_planner', 'build', '--build-base', '/home/vdt_2026/VDT_project/build/apf_planner/build', 'install', '--record', '/home/vdt_2026/VDT_project/build/apf_planner/install.log', '--install-scripts', '$base/lib/apf_planner', '--single-version-externally-managed', 'install_data'], 'cwd': '/home/vdt_2026/VDT_project/ros2_ws/src/apf_planner', 'env': OrderedDict({'LESSOPEN': '| /usr/bin/lesspipe %s', 'USER': 'vdt_2026', 'SSH_CLIENT': '100.101.240.43 53682 22', 'XDG_SESSION_TYPE': 'tty', 'SHLVL': '1', 'LD_LIBRARY_PATH': '/home/vdt_2026/VDT_project/install/vdt_msgs/lib:/home/vdt_2026/ros2_ws/install/px4_msgs/lib:/opt/ros/jazzy/lib/aarch64-linux-gnu:/opt/ros/jazzy/lib', 'HOME': '/home/vdt_2026', 'OLDPWD': '/home/vdt_2026', 'SSH_TTY': '/dev/pts/0', 'ROS_PYTHON_VERSION': '3', 'DBUS_SESSION_BUS_ADDRESS': 'unix:path=/run/user/1000/bus', 'COLCON_PREFIX_PATH': '/home/vdt_2026/ros2_ws/install', 'ROS_DISTRO': 'jazzy', 'LOGNAME': 'vdt_2026', '_': '/usr/bin/colcon', 'ROS_VERSION': '2', 'XDG_SESSION_CLASS': 'user', 'TERM': 'xterm-256color', 'XDG_SESSION_ID': '1', 'PATH': '/home/vdt_2026/.local/bin:/opt/ros/jazzy/bin:/usr/local/sbin:/usr/local/bin:/usr/sbin:/usr/bin:/sbin:/bin:/usr/games:/usr/local/games:/snap/bin', 'XDG_RUNTIME_DIR': '/run/user/1000', 'LANG': 'en_US.UTF-8', 'LS_COLORS': 'rs=0:di=01;34:ln=01;36:mh=00:pi=40;33:so=01;35:do=01;35:bd=40;33;01:cd=40;33;01:or=40;31;01:mi=00:su=37;41:sg=30;43:ca=00:tw=30;42:ow=34;42:st=37;44:ex=01;32:*.tar=01;31:*.tgz=01;31:*.arc=01;31:*.arj=01;31:*.taz=01;31:*.lha=01;31:*.lz4=01;31:*.lzh=01;31:*.lzma=01;31:*.tlz=01;31:*.txz=01;31:*.tzo=01;31:*.t7z=01;31:*.zip=01;31:*.z=01;31:*.dz=01;31:*.gz=01;31:*.lrz=01;31:*.lz=01;31:*.lzo=01;31:*.xz=01;31:*.zst=01;31:*.tzst=01;31:*.bz2=01;31:*.bz=01;31:*.tbz=01;31:*.tbz2=01;31:*.tz=01;31:*.deb=01;31:*.rpm=01;31:*.jar=01;31:*.war=01;31:*.ear=01;31:*.sar=01;31:*.rar=01;31:*.alz=01;31:*.ace=01;31:*.zoo=01;31:*.cpio=01;31:*.7z=01;31:*.rz=01;31:*.cab=01;31:*.wim=01;31:*.swm=01;31:*.dwm=01;31:*.esd=01;31:*.avif=01;35:*.jpg=01;35:*.jpeg=01;35:*.mjpg=01;35:*.mjpeg=01;35:*.gif=01;35:*.bmp=01;35:*.pbm=01;35:*.pgm=01;35:*.ppm=01;35:*.tga=01;35:*.xbm=01;35:*.xpm=01;35:*.tif=01;35:*.tiff=01;35:*.png=01;35:*.svg=01;35:*.svgz=01;35:*.mng=01;35:*.pcx=01;35:*.mov=01;35:*.mpg=01;35:*.mpeg=01;35:*.m2v=01;35:*.mkv=01;35:*.webm=01;35:*.webp=01;35:*.ogm=01;35:*.mp4=01;35:*.m4v=01;35:*.mp4v=01;35:*.vob=01;35:*.qt=01;35:*.nuv=01;35:*.wmv=01;35:*.asf=01;35:*.rm=01;35:*.rmvb=01;35:*.flc=01;35:*.avi=01;35:*.fli=01;35:*.flv=01;35:*.gl=01;35:*.dl=01;35:*.xcf=01;35:*.xwd=01;35:*.yuv=01;35:*.cgm=01;35:*.emf=01;35:*.ogv=01;35:*.ogx=01;35:*.aac=00;36:*.au=00;36:*.flac=00;36:*.m4a=00;36:*.mid=00;36:*.midi=00;36:*.mka=00;36:*.mp3=00;36:*.mpc=00;36:*.ogg=00;36:*.ra=00;36:*.wav=00;36:*.oga=00;36:*.opus=00;36:*.spx=00;36:*.xspf=00;36:*~=00;90:*#=00;90:*.bak=00;90:*.crdownload=00;90:*.dpkg-dist=00;90:*.dpkg-new=00;90:*.dpkg-old=00;90:*.dpkg-tmp=00;90:*.old=00;90:*.orig=00;90:*.part=00;90:*.rej=00;90:*.rpmnew=00;90:*.rpmorig=00;90:*.rpmsave=00;90:*.swp=00;90:*.tmp=00;90:*.ucf-dist=00;90:*.ucf-new=00;90:*.ucf-old=00;90:', 'AMENT_PREFIX_PATH': '/home/vdt_2026/VDT_project/install/offboard_manager:/home/vdt_2026/VDT_project/install/vdt_msgs:/home/vdt_2026/ros2_ws/install/px4_msgs:/opt/ros/jazzy', 'SHELL': '/bin/bash', 'LESSCLOSE': '/usr/bin/lesspipe %s %s', 'ROS_AUTOMATIC_DISCOVERY_RANGE': 'SUBNET', 'PWD': '/home/vdt_2026/VDT_project/build/apf_planner', 'LC_ALL': 'en_US.UTF-8', 'SSH_CONNECTION': '100.101.240.43 53682 100.65.242.75 22', 'XDG_DATA_DIRS': '/usr/local/share:/usr/share:/var/lib/snapd/desktop', 'PYTHONPATH': '/home/vdt_2026/VDT_project/build/apf_planner/prefix_override:/usr/lib/python3/dist-packages/colcon_core/task/python/colcon_distutils_commands:/home/vdt_2026/VDT_project/install/apf_planner/lib/python3.12/site-packages:/home/vdt_2026/VDT_project/install/vdt_msgs/lib/python3.12/site-packages:/home/vdt_2026/ros2_ws/install/px4_msgs/lib/python3.12/site-packages:/opt/ros/jazzy/lib/python3.12/site-packages:/home/vdt_2026/librealsense/build/Release', 'COLCON': '1', 'CMAKE_PREFIX_PATH': '/home/vdt_2026/VDT_project/install/offboard_manager:/home/vdt_2026/VDT_project/install/vdt_msgs:/home/vdt_2026/ros2_ws/install/px4_msgs'}), 'shell': False}
[59.340128] (-) TimerEvent: {}
[59.440263] (-) TimerEvent: {}
[59.540369] (-) TimerEvent: {}
[59.584096] (apf_planner) StdoutLine: {'line': b'running egg_info\n'}
[59.584689] (apf_planner) StdoutLine: {'line': b'creating ../../../build/apf_planner/apf_planner.egg-info\n'}
[59.603906] (apf_planner) StdoutLine: {'line': b'writing ../../../build/apf_planner/apf_planner.egg-info/PKG-INFO\n'}
[59.604279] (apf_planner) StdoutLine: {'line': b'writing dependency_links to ../../../build/apf_planner/apf_planner.egg-info/dependency_links.txt\n'}
[59.604585] (apf_planner) StdoutLine: {'line': b'writing entry points to ../../../build/apf_planner/apf_planner.egg-info/entry_points.txt\n'}
[59.604853] (apf_planner) StdoutLine: {'line': b'writing requirements to ../../../build/apf_planner/apf_planner.egg-info/requires.txt\n'}
[59.605172] (apf_planner) StdoutLine: {'line': b'writing top-level names to ../../../build/apf_planner/apf_planner.egg-info/top_level.txt\n'}
[59.605312] (apf_planner) StdoutLine: {'line': b"writing manifest file '../../../build/apf_planner/apf_planner.egg-info/SOURCES.txt'\n"}
[59.640464] (-) TimerEvent: {}
[59.644706] (apf_planner) StdoutLine: {'line': b"reading manifest file '../../../build/apf_planner/apf_planner.egg-info/SOURCES.txt'\n"}
[59.645660] (apf_planner) StdoutLine: {'line': b"writing manifest file '../../../build/apf_planner/apf_planner.egg-info/SOURCES.txt'\n"}
[59.645926] (apf_planner) StdoutLine: {'line': b'running build\n'}
[59.646032] (apf_planner) StdoutLine: {'line': b'running build_py\n'}
[59.646360] (apf_planner) StdoutLine: {'line': b'creating /home/vdt_2026/VDT_project/build/apf_planner/build\n'}
[59.646505] (apf_planner) StdoutLine: {'line': b'creating /home/vdt_2026/VDT_project/build/apf_planner/build/lib\n'}
[59.646751] (apf_planner) StdoutLine: {'line': b'creating /home/vdt_2026/VDT_project/build/apf_planner/build/lib/apf_planner\n'}
[59.646881] (apf_planner) StdoutLine: {'line': b'copying apf_planner/planner_node.py -> /home/vdt_2026/VDT_project/build/apf_planner/build/lib/apf_planner\n'}
[59.647706] (apf_planner) StdoutLine: {'line': b'copying apf_planner/pointcloud_generator.py -> /home/vdt_2026/VDT_project/build/apf_planner/build/lib/apf_planner\n'}
[59.648293] (apf_planner) StdoutLine: {'line': b'copying apf_planner/__init__.py -> /home/vdt_2026/VDT_project/build/apf_planner/build/lib/apf_planner\n'}
[59.648454] (apf_planner) StdoutLine: {'line': b'copying apf_planner/apf_core.py -> /home/vdt_2026/VDT_project/build/apf_planner/build/lib/apf_planner\n'}
[59.649068] (apf_planner) StdoutLine: {'line': b'copying apf_planner/iapf_core.py -> /home/vdt_2026/VDT_project/build/apf_planner/build/lib/apf_planner\n'}
[59.649783] (apf_planner) StdoutLine: {'line': b'copying apf_planner/planner_merge_node.py -> /home/vdt_2026/VDT_project/build/apf_planner/build/lib/apf_planner\n'}
[59.650406] (apf_planner) StdoutLine: {'line': b'copying apf_planner/obstacles.py -> /home/vdt_2026/VDT_project/build/apf_planner/build/lib/apf_planner\n'}
[59.650971] (apf_planner) StdoutLine: {'line': b'copying apf_planner/markers.py -> /home/vdt_2026/VDT_project/build/apf_planner/build/lib/apf_planner\n'}
[59.651759] (apf_planner) StdoutLine: {'line': b'running install\n'}
[59.661456] (apf_planner) StdoutLine: {'line': b'running install_lib\n'}
[59.682143] (apf_planner) StdoutLine: {'line': b'creating /home/vdt_2026/VDT_project/install/apf_planner/lib/python3.12/site-packages/apf_planner\n'}
[59.682368] (apf_planner) StdoutLine: {'line': b'copying /home/vdt_2026/VDT_project/build/apf_planner/build/lib/apf_planner/planner_node.py -> /home/vdt_2026/VDT_project/install/apf_planner/lib/python3.12/site-packages/apf_planner\n'}
[59.682543] (apf_planner) StdoutLine: {'line': b'copying /home/vdt_2026/VDT_project/build/apf_planner/build/lib/apf_planner/pointcloud_generator.py -> /home/vdt_2026/VDT_project/install/apf_planner/lib/python3.12/site-packages/apf_planner\n'}
[59.682764] (apf_planner) StdoutLine: {'line': b'copying /home/vdt_2026/VDT_project/build/apf_planner/build/lib/apf_planner/__init__.py -> /home/vdt_2026/VDT_project/install/apf_planner/lib/python3.12/site-packages/apf_planner\n'}
[59.682919] (apf_planner) StdoutLine: {'line': b'copying /home/vdt_2026/VDT_project/build/apf_planner/build/lib/apf_planner/apf_core.py -> /home/vdt_2026/VDT_project/install/apf_planner/lib/python3.12/site-packages/apf_planner\n'}
[59.683103] (apf_planner) StdoutLine: {'line': b'copying /home/vdt_2026/VDT_project/build/apf_planner/build/lib/apf_planner/iapf_core.py -> /home/vdt_2026/VDT_project/install/apf_planner/lib/python3.12/site-packages/apf_planner\n'}
[59.683196] (apf_planner) StdoutLine: {'line': b'copying /home/vdt_2026/VDT_project/build/apf_planner/build/lib/apf_planner/planner_merge_node.py -> /home/vdt_2026/VDT_project/install/apf_planner/lib/python3.12/site-packages/apf_planner\n'}
[59.683368] (apf_planner) StdoutLine: {'line': b'copying /home/vdt_2026/VDT_project/build/apf_planner/build/lib/apf_planner/obstacles.py -> /home/vdt_2026/VDT_project/install/apf_planner/lib/python3.12/site-packages/apf_planner\n'}
[59.683453] (apf_planner) StdoutLine: {'line': b'copying /home/vdt_2026/VDT_project/build/apf_planner/build/lib/apf_planner/markers.py -> /home/vdt_2026/VDT_project/install/apf_planner/lib/python3.12/site-packages/apf_planner\n'}
[59.684175] (apf_planner) StdoutLine: {'line': b'byte-compiling /home/vdt_2026/VDT_project/install/apf_planner/lib/python3.12/site-packages/apf_planner/planner_node.py to planner_node.cpython-312.pyc\n'}
[59.688851] (apf_planner) StdoutLine: {'line': b'byte-compiling /home/vdt_2026/VDT_project/install/apf_planner/lib/python3.12/site-packages/apf_planner/pointcloud_generator.py to pointcloud_generator.cpython-312.pyc\n'}
[59.690466] (apf_planner) StdoutLine: {'line': b'byte-compiling /home/vdt_2026/VDT_project/install/apf_planner/lib/python3.12/site-packages/apf_planner/__init__.py to __init__.cpython-312.pyc\n'}
[59.690770] (apf_planner) StdoutLine: {'line': b'byte-compiling /home/vdt_2026/VDT_project/install/apf_planner/lib/python3.12/site-packages/apf_planner/apf_core.py to apf_core.cpython-312.pyc\n'}
[59.692765] (apf_planner) StdoutLine: {'line': b'byte-compiling /home/vdt_2026/VDT_project/install/apf_planner/lib/python3.12/site-packages/apf_planner/iapf_core.py to iapf_core.cpython-312.pyc\n'}
[59.695886] (apf_planner) StdoutLine: {'line': b'byte-compiling /home/vdt_2026/VDT_project/install/apf_planner/lib/python3.12/site-packages/apf_planner/planner_merge_node.py to planner_merge_node.cpython-312.pyc\n'}
[59.697768] (apf_planner) StdoutLine: {'line': b'byte-compiling /home/vdt_2026/VDT_project/install/apf_planner/lib/python3.12/site-packages/apf_planner/obstacles.py to obstacles.cpython-312.pyc\n'}
[59.699370] (apf_planner) StdoutLine: {'line': b'byte-compiling /home/vdt_2026/VDT_project/install/apf_planner/lib/python3.12/site-packages/apf_planner/markers.py to markers.cpython-312.pyc\n'}
[59.700860] (apf_planner) StdoutLine: {'line': b'running install_data\n'}
[59.701091] (apf_planner) StdoutLine: {'line': b'creating /home/vdt_2026/VDT_project/install/apf_planner/share/ament_index\n'}
[59.701180] (apf_planner) StdoutLine: {'line': b'creating /home/vdt_2026/VDT_project/install/apf_planner/share/ament_index/resource_index\n'}
[59.701821] (apf_planner) StdoutLine: {'line': b'creating /home/vdt_2026/VDT_project/install/apf_planner/share/ament_index/resource_index/packages\n'}
[59.701946] (apf_planner) StdoutLine: {'line': b'copying resource/apf_planner -> /home/vdt_2026/VDT_project/install/apf_planner/share/ament_index/resource_index/packages\n'}
[59.702027] (apf_planner) StdoutLine: {'line': b'copying package.xml -> /home/vdt_2026/VDT_project/install/apf_planner/share/apf_planner\n'}
[59.702102] (apf_planner) StdoutLine: {'line': b'creating /home/vdt_2026/VDT_project/install/apf_planner/share/apf_planner/launch\n'}
[59.702176] (apf_planner) StdoutLine: {'line': b'copying launch/apf_planner.launch.py -> /home/vdt_2026/VDT_project/install/apf_planner/share/apf_planner/launch\n'}
[59.702358] (apf_planner) StdoutLine: {'line': b'running install_egg_info\n'}
[59.723821] (apf_planner) StdoutLine: {'line': b'Copying ../../../build/apf_planner/apf_planner.egg-info to /home/vdt_2026/VDT_project/install/apf_planner/lib/python3.12/site-packages/apf_planner-0.1.0-py3.12.egg-info\n'}
[59.725032] (apf_planner) StdoutLine: {'line': b'running install_scripts\n'}
[59.740538] (-) TimerEvent: {}
[59.840669] (-) TimerEvent: {}
[59.868489] (apf_planner) StdoutLine: {'line': b'Installing planner_merge_node script to /home/vdt_2026/VDT_project/install/apf_planner/lib/apf_planner\n'}
[59.868770] (apf_planner) StdoutLine: {'line': b'Installing planner_node script to /home/vdt_2026/VDT_project/install/apf_planner/lib/apf_planner\n'}
[59.869010] (apf_planner) StdoutLine: {'line': b'Installing pointcloud_generator script to /home/vdt_2026/VDT_project/install/apf_planner/lib/apf_planner\n'}
[59.869401] (apf_planner) StdoutLine: {'line': b"writing list of installed files to '/home/vdt_2026/VDT_project/build/apf_planner/install.log'\n"}
[59.940795] (-) TimerEvent: {}
[59.946639] (apf_planner) CommandEnded: {'returncode': 0}
[59.953768] (apf_planner) JobEnded: {'identifier': 'apf_planner', 'rc': 0}
[59.954977] (gimbal_control) JobStarted: {'identifier': 'gimbal_control'}
[59.966503] (gimbal_control) JobProgress: {'identifier': 'gimbal_control', 'progress': 'cmake'}
[59.967319] (gimbal_control) Command: {'cmd': ['/usr/bin/cmake', '/home/vdt_2026/VDT_project/ros2_ws/src/gimbal_control', '-DCMAKE_VERBOSE_MAKEFILE=ON', '-DCMAKE_INSTALL_PREFIX=/home/vdt_2026/VDT_project/install/gimbal_control'], 'cwd': '/home/vdt_2026/VDT_project/build/gimbal_control', 'env': OrderedDict({'LESSOPEN': '| /usr/bin/lesspipe %s', 'USER': 'vdt_2026', 'SSH_CLIENT': '100.101.240.43 53682 22', 'XDG_SESSION_TYPE': 'tty', 'SHLVL': '1', 'LD_LIBRARY_PATH': '/home/vdt_2026/VDT_project/install/vdt_msgs/lib:/home/vdt_2026/ros2_ws/install/px4_msgs/lib:/opt/ros/jazzy/lib/aarch64-linux-gnu:/opt/ros/jazzy/lib', 'HOME': '/home/vdt_2026', 'OLDPWD': '/home/vdt_2026', 'SSH_TTY': '/dev/pts/0', 'ROS_PYTHON_VERSION': '3', 'DBUS_SESSION_BUS_ADDRESS': 'unix:path=/run/user/1000/bus', 'COLCON_PREFIX_PATH': '/home/vdt_2026/ros2_ws/install', 'ROS_DISTRO': 'jazzy', 'LOGNAME': 'vdt_2026', '_': '/usr/bin/colcon', 'ROS_VERSION': '2', 'XDG_SESSION_CLASS': 'user', 'TERM': 'xterm-256color', 'XDG_SESSION_ID': '1', 'PATH': '/home/vdt_2026/.local/bin:/opt/ros/jazzy/bin:/usr/local/sbin:/usr/local/bin:/usr/sbin:/usr/bin:/sbin:/bin:/usr/games:/usr/local/games:/snap/bin', 'XDG_RUNTIME_DIR': '/run/user/1000', 'LANG': 'en_US.UTF-8', 'LS_COLORS': 'rs=0:di=01;34:ln=01;36:mh=00:pi=40;33:so=01;35:do=01;35:bd=40;33;01:cd=40;33;01:or=40;31;01:mi=00:su=37;41:sg=30;43:ca=00:tw=30;42:ow=34;42:st=37;44:ex=01;32:*.tar=01;31:*.tgz=01;31:*.arc=01;31:*.arj=01;31:*.taz=01;31:*.lha=01;31:*.lz4=01;31:*.lzh=01;31:*.lzma=01;31:*.tlz=01;31:*.txz=01;31:*.tzo=01;31:*.t7z=01;31:*.zip=01;31:*.z=01;31:*.dz=01;31:*.gz=01;31:*.lrz=01;31:*.lz=01;31:*.lzo=01;31:*.xz=01;31:*.zst=01;31:*.tzst=01;31:*.bz2=01;31:*.bz=01;31:*.tbz=01;31:*.tbz2=01;31:*.tz=01;31:*.deb=01;31:*.rpm=01;31:*.jar=01;31:*.war=01;31:*.ear=01;31:*.sar=01;31:*.rar=01;31:*.alz=01;31:*.ace=01;31:*.zoo=01;31:*.cpio=01;31:*.7z=01;31:*.rz=01;31:*.cab=01;31:*.wim=01;31:*.swm=01;31:*.dwm=01;31:*.esd=01;31:*.avif=01;35:*.jpg=01;35:*.jpeg=01;35:*.mjpg=01;35:*.mjpeg=01;35:*.gif=01;35:*.bmp=01;35:*.pbm=01;35:*.pgm=01;35:*.ppm=01;35:*.tga=01;35:*.xbm=01;35:*.xpm=01;35:*.tif=01;35:*.tiff=01;35:*.png=01;35:*.svg=01;35:*.svgz=01;35:*.mng=01;35:*.pcx=01;35:*.mov=01;35:*.mpg=01;35:*.mpeg=01;35:*.m2v=01;35:*.mkv=01;35:*.webm=01;35:*.webp=01;35:*.ogm=01;35:*.mp4=01;35:*.m4v=01;35:*.mp4v=01;35:*.vob=01;35:*.qt=01;35:*.nuv=01;35:*.wmv=01;35:*.asf=01;35:*.rm=01;35:*.rmvb=01;35:*.flc=01;35:*.avi=01;35:*.fli=01;35:*.flv=01;35:*.gl=01;35:*.dl=01;35:*.xcf=01;35:*.xwd=01;35:*.yuv=01;35:*.cgm=01;35:*.emf=01;35:*.ogv=01;35:*.ogx=01;35:*.aac=00;36:*.au=00;36:*.flac=00;36:*.m4a=00;36:*.mid=00;36:*.midi=00;36:*.mka=00;36:*.mp3=00;36:*.mpc=00;36:*.ogg=00;36:*.ra=00;36:*.wav=00;36:*.oga=00;36:*.opus=00;36:*.spx=00;36:*.xspf=00;36:*~=00;90:*#=00;90:*.bak=00;90:*.crdownload=00;90:*.dpkg-dist=00;90:*.dpkg-new=00;90:*.dpkg-old=00;90:*.dpkg-tmp=00;90:*.old=00;90:*.orig=00;90:*.part=00;90:*.rej=00;90:*.rpmnew=00;90:*.rpmorig=00;90:*.rpmsave=00;90:*.swp=00;90:*.tmp=00;90:*.ucf-dist=00;90:*.ucf-new=00;90:*.ucf-old=00;90:', 'AMENT_PREFIX_PATH': '/home/vdt_2026/VDT_project/install/input_state_cache:/home/vdt_2026/VDT_project/install/fsm_state_machine:/home/vdt_2026/VDT_project/install/vdt_msgs:/home/vdt_2026/ros2_ws/install/px4_msgs:/opt/ros/jazzy', 'SHELL': '/bin/bash', 'LESSCLOSE': '/usr/bin/lesspipe %s %s', 'ROS_AUTOMATIC_DISCOVERY_RANGE': 'SUBNET', 'PWD': '/home/vdt_2026/VDT_project/build/gimbal_control', 'LC_ALL': 'en_US.UTF-8', 'SSH_CONNECTION': '100.101.240.43 53682 100.65.242.75 22', 'XDG_DATA_DIRS': '/usr/local/share:/usr/share:/var/lib/snapd/desktop', 'PYTHONPATH': '/home/vdt_2026/VDT_project/install/vdt_msgs/lib/python3.12/site-packages:/home/vdt_2026/ros2_ws/install/px4_msgs/lib/python3.12/site-packages:/opt/ros/jazzy/lib/python3.12/site-packages:/home/vdt_2026/librealsense/build/Release', 'COLCON': '1', 'CMAKE_PREFIX_PATH': '/home/vdt_2026/VDT_project/install/input_state_cache:/home/vdt_2026/VDT_project/install/fsm_state_machine:/home/vdt_2026/VDT_project/install/vdt_msgs:/home/vdt_2026/ros2_ws/install/px4_msgs:/opt/ros/jazzy'}), 'shell': False}
[60.040933] (-) TimerEvent: {}
[60.069704] (gimbal_control) StdoutLine: {'line': b'-- The C compiler identification is GNU 13.3.0\n'}
[60.141059] (-) TimerEvent: {}
[60.170683] (gimbal_control) StdoutLine: {'line': b'-- The CXX compiler identification is GNU 13.3.0\n'}
[60.198023] (gimbal_control) StdoutLine: {'line': b'-- Detecting C compiler ABI info\n'}
[60.241213] (-) TimerEvent: {}
[60.341536] (-) TimerEvent: {}
[60.357061] (gimbal_control) StdoutLine: {'line': b'-- Detecting C compiler ABI info - done\n'}
[60.372366] (gimbal_control) StdoutLine: {'line': b'-- Check for working C compiler: /usr/bin/cc - skipped\n'}
[60.372776] (gimbal_control) StdoutLine: {'line': b'-- Detecting C compile features\n'}
[60.373420] (gimbal_control) StdoutLine: {'line': b'-- Detecting C compile features - done\n'}
[60.387335] (gimbal_control) StdoutLine: {'line': b'-- Detecting CXX compiler ABI info\n'}
[60.441657] (-) TimerEvent: {}
[60.541933] (-) TimerEvent: {}
[60.563460] (gimbal_control) StdoutLine: {'line': b'-- Detecting CXX compiler ABI info - done\n'}
[60.578869] (gimbal_control) StdoutLine: {'line': b'-- Check for working CXX compiler: /usr/bin/c++ - skipped\n'}
[60.579302] (gimbal_control) StdoutLine: {'line': b'-- Detecting CXX compile features\n'}
[60.580064] (gimbal_control) StdoutLine: {'line': b'-- Detecting CXX compile features - done\n'}
[60.583345] (gimbal_control) StdoutLine: {'line': b'-- Found ament_cmake: 2.5.6 (/opt/ros/jazzy/share/ament_cmake/cmake)\n'}
[60.642030] (-) TimerEvent: {}
[60.742214] (-) TimerEvent: {}
[60.801810] (gimbal_control) StdoutLine: {'line': b'-- Found Python3: /usr/bin/python3 (found version "3.12.3") found components: Interpreter \n'}
[60.842325] (-) TimerEvent: {}
[60.942525] (-) TimerEvent: {}
[60.954096] (gimbal_control) StdoutLine: {'line': b'-- Found rclcpp: 28.1.22 (/opt/ros/jazzy/share/rclcpp/cmake)\n'}
[60.999977] (gimbal_control) StdoutLine: {'line': b'-- Found rosidl_generator_c: 4.6.9 (/opt/ros/jazzy/share/rosidl_generator_c/cmake)\n'}
[61.017879] (gimbal_control) StdoutLine: {'line': b'-- Found rosidl_generator_cpp: 4.6.9 (/opt/ros/jazzy/share/rosidl_generator_cpp/cmake)\n'}
[61.038840] (gimbal_control) StdoutLine: {'line': b'-- Using all available rosidl_typesupport_c: rosidl_typesupport_fastrtps_c;rosidl_typesupport_introspection_c\n'}
[61.042592] (-) TimerEvent: {}
[61.062458] (gimbal_control) StdoutLine: {'line': b'-- Using all available rosidl_typesupport_cpp: rosidl_typesupport_fastrtps_cpp;rosidl_typesupport_introspection_cpp\n'}
[61.142695] (-) TimerEvent: {}
[61.160897] (gimbal_control) StdoutLine: {'line': b'-- Found rmw_implementation_cmake: 7.3.3 (/opt/ros/jazzy/share/rmw_implementation_cmake/cmake)\n'}
[61.164488] (gimbal_control) StdoutLine: {'line': b'-- Found rmw_fastrtps_cpp: 8.4.4 (/opt/ros/jazzy/share/rmw_fastrtps_cpp/cmake)\n'}
[61.242810] (-) TimerEvent: {}
[61.288835] (gimbal_control) StdoutLine: {'line': b'-- Found OpenSSL: /usr/lib/aarch64-linux-gnu/libcrypto.so (found version "3.0.13")  \n'}
[61.313164] (gimbal_control) StdoutLine: {'line': b'-- Found FastRTPS: /opt/ros/jazzy/include (Required is at least version "2.13") \n'}
[61.342921] (-) TimerEvent: {}
[61.348125] (gimbal_control) StdoutLine: {'line': b"-- Using RMW implementation 'rmw_fastrtps_cpp' as default\n"}
[61.443042] (-) TimerEvent: {}
[61.447719] (gimbal_control) StdoutLine: {'line': b'-- Found std_msgs: 5.3.8 (/opt/ros/jazzy/share/std_msgs/cmake)\n'}
[61.466957] (gimbal_control) StdoutLine: {'line': b'-- Found nav_msgs: 5.3.8 (/opt/ros/jazzy/share/nav_msgs/cmake)\n'}
[61.521423] (gimbal_control) StdoutLine: {'line': b'-- Found vdt_msgs: 0.1.0 (/home/vdt_2026/VDT_project/install/vdt_msgs/share/vdt_msgs/cmake)\n'}
[61.543147] (-) TimerEvent: {}
[61.643324] (-) TimerEvent: {}
[61.695580] (gimbal_control) StdoutLine: {'line': b'-- Configuring done (1.7s)\n'}
[61.743465] (-) TimerEvent: {}
[61.751077] (gimbal_control) StdoutLine: {'line': b'-- Generating done (0.0s)\n'}
[61.758584] (gimbal_control) StdoutLine: {'line': b'-- Build files have been written to: /home/vdt_2026/VDT_project/build/gimbal_control\n'}
[61.777687] (gimbal_control) CommandEnded: {'returncode': 0}
[61.778405] (gimbal_control) JobProgress: {'identifier': 'gimbal_control', 'progress': 'build'}
[61.778827] (gimbal_control) Command: {'cmd': ['/usr/bin/cmake', '--build', '/home/vdt_2026/VDT_project/build/gimbal_control', '--', '-j4', '-l4'], 'cwd': '/home/vdt_2026/VDT_project/build/gimbal_control', 'env': OrderedDict({'LESSOPEN': '| /usr/bin/lesspipe %s', 'USER': 'vdt_2026', 'SSH_CLIENT': '100.101.240.43 53682 22', 'XDG_SESSION_TYPE': 'tty', 'SHLVL': '1', 'LD_LIBRARY_PATH': '/home/vdt_2026/VDT_project/install/vdt_msgs/lib:/home/vdt_2026/ros2_ws/install/px4_msgs/lib:/opt/ros/jazzy/lib/aarch64-linux-gnu:/opt/ros/jazzy/lib', 'HOME': '/home/vdt_2026', 'OLDPWD': '/home/vdt_2026', 'SSH_TTY': '/dev/pts/0', 'ROS_PYTHON_VERSION': '3', 'DBUS_SESSION_BUS_ADDRESS': 'unix:path=/run/user/1000/bus', 'COLCON_PREFIX_PATH': '/home/vdt_2026/ros2_ws/install', 'ROS_DISTRO': 'jazzy', 'LOGNAME': 'vdt_2026', '_': '/usr/bin/colcon', 'ROS_VERSION': '2', 'XDG_SESSION_CLASS': 'user', 'TERM': 'xterm-256color', 'XDG_SESSION_ID': '1', 'PATH': '/home/vdt_2026/.local/bin:/opt/ros/jazzy/bin:/usr/local/sbin:/usr/local/bin:/usr/sbin:/usr/bin:/sbin:/bin:/usr/games:/usr/local/games:/snap/bin', 'XDG_RUNTIME_DIR': '/run/user/1000', 'LANG': 'en_US.UTF-8', 'LS_COLORS': 'rs=0:di=01;34:ln=01;36:mh=00:pi=40;33:so=01;35:do=01;35:bd=40;33;01:cd=40;33;01:or=40;31;01:mi=00:su=37;41:sg=30;43:ca=00:tw=30;42:ow=34;42:st=37;44:ex=01;32:*.tar=01;31:*.tgz=01;31:*.arc=01;31:*.arj=01;31:*.taz=01;31:*.lha=01;31:*.lz4=01;31:*.lzh=01;31:*.lzma=01;31:*.tlz=01;31:*.txz=01;31:*.tzo=01;31:*.t7z=01;31:*.zip=01;31:*.z=01;31:*.dz=01;31:*.gz=01;31:*.lrz=01;31:*.lz=01;31:*.lzo=01;31:*.xz=01;31:*.zst=01;31:*.tzst=01;31:*.bz2=01;31:*.bz=01;31:*.tbz=01;31:*.tbz2=01;31:*.tz=01;31:*.deb=01;31:*.rpm=01;31:*.jar=01;31:*.war=01;31:*.ear=01;31:*.sar=01;31:*.rar=01;31:*.alz=01;31:*.ace=01;31:*.zoo=01;31:*.cpio=01;31:*.7z=01;31:*.rz=01;31:*.cab=01;31:*.wim=01;31:*.swm=01;31:*.dwm=01;31:*.esd=01;31:*.avif=01;35:*.jpg=01;35:*.jpeg=01;35:*.mjpg=01;35:*.mjpeg=01;35:*.gif=01;35:*.bmp=01;35:*.pbm=01;35:*.pgm=01;35:*.ppm=01;35:*.tga=01;35:*.xbm=01;35:*.xpm=01;35:*.tif=01;35:*.tiff=01;35:*.png=01;35:*.svg=01;35:*.svgz=01;35:*.mng=01;35:*.pcx=01;35:*.mov=01;35:*.mpg=01;35:*.mpeg=01;35:*.m2v=01;35:*.mkv=01;35:*.webm=01;35:*.webp=01;35:*.ogm=01;35:*.mp4=01;35:*.m4v=01;35:*.mp4v=01;35:*.vob=01;35:*.qt=01;35:*.nuv=01;35:*.wmv=01;35:*.asf=01;35:*.rm=01;35:*.rmvb=01;35:*.flc=01;35:*.avi=01;35:*.fli=01;35:*.flv=01;35:*.gl=01;35:*.dl=01;35:*.xcf=01;35:*.xwd=01;35:*.yuv=01;35:*.cgm=01;35:*.emf=01;35:*.ogv=01;35:*.ogx=01;35:*.aac=00;36:*.au=00;36:*.flac=00;36:*.m4a=00;36:*.mid=00;36:*.midi=00;36:*.mka=00;36:*.mp3=00;36:*.mpc=00;36:*.ogg=00;36:*.ra=00;36:*.wav=00;36:*.oga=00;36:*.opus=00;36:*.spx=00;36:*.xspf=00;36:*~=00;90:*#=00;90:*.bak=00;90:*.crdownload=00;90:*.dpkg-dist=00;90:*.dpkg-new=00;90:*.dpkg-old=00;90:*.dpkg-tmp=00;90:*.old=00;90:*.orig=00;90:*.part=00;90:*.rej=00;90:*.rpmnew=00;90:*.rpmorig=00;90:*.rpmsave=00;90:*.swp=00;90:*.tmp=00;90:*.ucf-dist=00;90:*.ucf-new=00;90:*.ucf-old=00;90:', 'AMENT_PREFIX_PATH': '/home/vdt_2026/VDT_project/install/input_state_cache:/home/vdt_2026/VDT_project/install/fsm_state_machine:/home/vdt_2026/VDT_project/install/vdt_msgs:/home/vdt_2026/ros2_ws/install/px4_msgs:/opt/ros/jazzy', 'SHELL': '/bin/bash', 'LESSCLOSE': '/usr/bin/lesspipe %s %s', 'ROS_AUTOMATIC_DISCOVERY_RANGE': 'SUBNET', 'PWD': '/home/vdt_2026/VDT_project/build/gimbal_control', 'LC_ALL': 'en_US.UTF-8', 'SSH_CONNECTION': '100.101.240.43 53682 100.65.242.75 22', 'XDG_DATA_DIRS': '/usr/local/share:/usr/share:/var/lib/snapd/desktop', 'PYTHONPATH': '/home/vdt_2026/VDT_project/install/vdt_msgs/lib/python3.12/site-packages:/home/vdt_2026/ros2_ws/install/px4_msgs/lib/python3.12/site-packages:/opt/ros/jazzy/lib/python3.12/site-packages:/home/vdt_2026/librealsense/build/Release', 'COLCON': '1', 'CMAKE_PREFIX_PATH': '/home/vdt_2026/VDT_project/install/input_state_cache:/home/vdt_2026/VDT_project/install/fsm_state_machine:/home/vdt_2026/VDT_project/install/vdt_msgs:/home/vdt_2026/ros2_ws/install/px4_msgs:/opt/ros/jazzy'}), 'shell': False}
[61.792963] (gimbal_control) StdoutLine: {'line': b"Change Dir: '/home/vdt_2026/VDT_project/build/gimbal_control'\n"}
[61.793203] (gimbal_control) StdoutLine: {'line': b'\n'}
[61.793310] (gimbal_control) StdoutLine: {'line': b'Run Build Command(s): /usr/bin/cmake -E env VERBOSE=1 /usr/bin/gmake -f Makefile -j4 -l4\n'}
[61.810228] (gimbal_control) StdoutLine: {'line': b'/usr/bin/cmake -S/home/vdt_2026/VDT_project/ros2_ws/src/gimbal_control -B/home/vdt_2026/VDT_project/build/gimbal_control --check-build-system CMakeFiles/Makefile.cmake 0\n'}
[61.831600] (gimbal_control) StdoutLine: {'line': b'/usr/bin/cmake -E cmake_progress_start /home/vdt_2026/VDT_project/build/gimbal_control/CMakeFiles /home/vdt_2026/VDT_project/build/gimbal_control//CMakeFiles/progress.marks\n'}
[61.843588] (-) TimerEvent: {}
[61.846336] (gimbal_control) StdoutLine: {'line': b'/usr/bin/gmake  -f CMakeFiles/Makefile2 all\n'}
[61.848172] (gimbal_control) StdoutLine: {'line': b"gmake[1]: Entering directory '/home/vdt_2026/VDT_project/build/gimbal_control'\n"}
[61.848508] (gimbal_control) StdoutLine: {'line': b'/usr/bin/gmake  -f CMakeFiles/gimbal_node.dir/build.make CMakeFiles/gimbal_node.dir/depend\n'}
[61.848645] (gimbal_control) StdoutLine: {'line': b'/usr/bin/gmake  -f CMakeFiles/gimbal_logic_test.dir/build.make CMakeFiles/gimbal_logic_test.dir/depend\n'}
[61.850453] (gimbal_control) StdoutLine: {'line': b"gmake[2]: Entering directory '/home/vdt_2026/VDT_project/build/gimbal_control'\n"}
[61.850699] (gimbal_control) StdoutLine: {'line': b'cd /home/vdt_2026/VDT_project/build/gimbal_control && /usr/bin/cmake -E cmake_depends "Unix Makefiles" /home/vdt_2026/VDT_project/ros2_ws/src/gimbal_control /home/vdt_2026/VDT_project/ros2_ws/src/gimbal_control /home/vdt_2026/VDT_project/build/gimbal_control /home/vdt_2026/VDT_project/build/gimbal_control /home/vdt_2026/VDT_project/build/gimbal_control/CMakeFiles/gimbal_logic_test.dir/DependInfo.cmake "--color="\n'}
[61.850846] (gimbal_control) StdoutLine: {'line': b"gmake[2]: Entering directory '/home/vdt_2026/VDT_project/build/gimbal_control'\n"}
[61.850972] (gimbal_control) StdoutLine: {'line': b'cd /home/vdt_2026/VDT_project/build/gimbal_control && /usr/bin/cmake -E cmake_depends "Unix Makefiles" /home/vdt_2026/VDT_project/ros2_ws/src/gimbal_control /home/vdt_2026/VDT_project/ros2_ws/src/gimbal_control /home/vdt_2026/VDT_project/build/gimbal_control /home/vdt_2026/VDT_project/build/gimbal_control /home/vdt_2026/VDT_project/build/gimbal_control/CMakeFiles/gimbal_node.dir/DependInfo.cmake "--color="\n'}
[61.867250] (gimbal_control) StdoutLine: {'line': b"gmake[2]: Leaving directory '/home/vdt_2026/VDT_project/build/gimbal_control'\n"}
[61.867752] (gimbal_control) StdoutLine: {'line': b"gmake[2]: Leaving directory '/home/vdt_2026/VDT_project/build/gimbal_control'\n"}
[61.867917] (gimbal_control) StdoutLine: {'line': b'/usr/bin/gmake  -f CMakeFiles/gimbal_node.dir/build.make CMakeFiles/gimbal_node.dir/build\n'}
[61.868247] (gimbal_control) StdoutLine: {'line': b'/usr/bin/gmake  -f CMakeFiles/gimbal_logic_test.dir/build.make CMakeFiles/gimbal_logic_test.dir/build\n'}
[61.870062] (gimbal_control) StdoutLine: {'line': b"gmake[2]: Entering directory '/home/vdt_2026/VDT_project/build/gimbal_control'\n"}
[61.870446] (gimbal_control) StdoutLine: {'line': b"gmake[2]: Entering directory '/home/vdt_2026/VDT_project/build/gimbal_control'\n"}
[61.888849] (gimbal_control) StdoutLine: {'line': b'[ 57%] Building CXX object CMakeFiles/gimbal_node.dir/src/main.cpp.o\n'}
[61.889199] (gimbal_control) StdoutLine: {'line': b'[ 57%] Building CXX object CMakeFiles/gimbal_logic_test.dir/test/gimbal_logic_test.cpp.o\n'}
[61.889648] (gimbal_control) StdoutLine: {'line': b'[ 57%] Building CXX object CMakeFiles/gimbal_node.dir/src/gimbal_node.cpp.o\n'}
[61.892157] (gimbal_control) StdoutLine: {'line': b'[ 57%] Building CXX object CMakeFiles/gimbal_logic_test.dir/src/gimbal_logic.cpp.o\n'}
[61.892358] (gimbal_control) StdoutLine: {'line': b'/usr/bin/c++ -DFASTCDR_DYN_LINK -I/home/vdt_2026/VDT_project/ros2_ws/src/gimbal_control/include -isystem /home/vdt_2026/VDT_project/install/vdt_msgs/include/vdt_msgs -isystem /opt/ros/jazzy/include/std_msgs -isystem /opt/ros/jazzy/include/builtin_interfaces -isystem /opt/ros/jazzy/include/rosidl_runtime_c -isystem /opt/ros/jazzy/include/rcutils -isystem /opt/ros/jazzy/include/rosidl_typesupport_interface -isystem /opt/ros/jazzy/include/fastcdr -isystem /opt/ros/jazzy/include/rosidl_runtime_cpp -isystem /opt/ros/jazzy/include/rosidl_typesupport_fastrtps_cpp -isystem /opt/ros/jazzy/include/rmw -isystem /opt/ros/jazzy/include/rosidl_dynamic_typesupport -isystem /opt/ros/jazzy/include/rosidl_typesupport_fastrtps_c -isystem /opt/ros/jazzy/include/rosidl_typesupport_introspection_c -isystem /opt/ros/jazzy/include/rosidl_typesupport_introspection_cpp -O3 -DNDEBUG -std=gnu++17 -MD -MT CMakeFiles/gimbal_logic_test.dir/test/gimbal_logic_test.cpp.o -MF CMakeFiles/gimbal_logic_test.dir/test/gimbal_logic_test.cpp.o.d -o CMakeFiles/gimbal_logic_test.dir/test/gimbal_logic_test.cpp.o -c /home/vdt_2026/VDT_project/ros2_ws/src/gimbal_control/test/gimbal_logic_test.cpp\n'}
[61.892549] (gimbal_control) StdoutLine: {'line': b'/usr/bin/c++ -DDEFAULT_RMW_IMPLEMENTATION=rmw_fastrtps_cpp -DFASTCDR_DYN_LINK -I/home/vdt_2026/VDT_project/ros2_ws/src/gimbal_control/include -isystem /home/vdt_2026/VDT_project/install/vdt_msgs/include/vdt_msgs -isystem /opt/ros/jazzy/include/rclcpp -isystem /opt/ros/jazzy/include/std_msgs -isystem /opt/ros/jazzy/include/nav_msgs -isystem /opt/ros/jazzy/include/builtin_interfaces -isystem /opt/ros/jazzy/include/rosidl_runtime_c -isystem /opt/ros/jazzy/include/rcutils -isystem /opt/ros/jazzy/include/rosidl_typesupport_interface -isystem /opt/ros/jazzy/include/fastcdr -isystem /opt/ros/jazzy/include/rosidl_runtime_cpp -isystem /opt/ros/jazzy/include/rosidl_typesupport_fastrtps_cpp -isystem /opt/ros/jazzy/include/rmw -isystem /opt/ros/jazzy/include/rosidl_dynamic_typesupport -isystem /opt/ros/jazzy/include/rosidl_typesupport_fastrtps_c -isystem /opt/ros/jazzy/include/rosidl_typesupport_introspection_c -isystem /opt/ros/jazzy/include/rosidl_typesupport_introspection_cpp -isystem /opt/ros/jazzy/include/libstatistics_collector -isystem /opt/ros/jazzy/include/rcl -isystem /opt/ros/jazzy/include/rcl_interfaces -isystem /opt/ros/jazzy/include/service_msgs -isystem /opt/ros/jazzy/include/rcl_logging_interface -isystem /opt/ros/jazzy/include/rcl_yaml_param_parser -isystem /opt/ros/jazzy/include/type_description_interfaces -isystem /opt/ros/jazzy/include/rcpputils -isystem /opt/ros/jazzy/include/statistics_msgs -isystem /opt/ros/jazzy/include/rosgraph_msgs -isystem /opt/ros/jazzy/include/rosidl_typesupport_cpp -isystem /opt/ros/jazzy/include/rosidl_typesupport_c -isystem /opt/ros/jazzy/include/tracetools -isystem /opt/ros/jazzy/include/geometry_msgs -O3 -DNDEBUG -std=gnu++17 -MD -MT CMakeFiles/gimbal_node.dir/src/gimbal_node.cpp.o -MF CMakeFiles/gimbal_node.dir/src/gimbal_node.cpp.o.d -o CMakeFiles/gimbal_node.dir/src/gimbal_node.cpp.o -c /home/vdt_2026/VDT_project/ros2_ws/src/gimbal_control/src/gimbal_node.cpp\n'}
[61.892758] (gimbal_control) StdoutLine: {'line': b'/usr/bin/c++ -DFASTCDR_DYN_LINK -I/home/vdt_2026/VDT_project/ros2_ws/src/gimbal_control/include -isystem /home/vdt_2026/VDT_project/install/vdt_msgs/include/vdt_msgs -isystem /opt/ros/jazzy/include/std_msgs -isystem /opt/ros/jazzy/include/builtin_interfaces -isystem /opt/ros/jazzy/include/rosidl_runtime_c -isystem /opt/ros/jazzy/include/rcutils -isystem /opt/ros/jazzy/include/rosidl_typesupport_interface -isystem /opt/ros/jazzy/include/fastcdr -isystem /opt/ros/jazzy/include/rosidl_runtime_cpp -isystem /opt/ros/jazzy/include/rosidl_typesupport_fastrtps_cpp -isystem /opt/ros/jazzy/include/rmw -isystem /opt/ros/jazzy/include/rosidl_dynamic_typesupport -isystem /opt/ros/jazzy/include/rosidl_typesupport_fastrtps_c -isystem /opt/ros/jazzy/include/rosidl_typesupport_introspection_c -isystem /opt/ros/jazzy/include/rosidl_typesupport_introspection_cpp -O3 -DNDEBUG -std=gnu++17 -MD -MT CMakeFiles/gimbal_logic_test.dir/src/gimbal_logic.cpp.o -MF CMakeFiles/gimbal_logic_test.dir/src/gimbal_logic.cpp.o.d -o CMakeFiles/gimbal_logic_test.dir/src/gimbal_logic.cpp.o -c /home/vdt_2026/VDT_project/ros2_ws/src/gimbal_control/src/gimbal_logic.cpp\n'}
[61.893003] (gimbal_control) StdoutLine: {'line': b'/usr/bin/c++ -DDEFAULT_RMW_IMPLEMENTATION=rmw_fastrtps_cpp -DFASTCDR_DYN_LINK -I/home/vdt_2026/VDT_project/ros2_ws/src/gimbal_control/include -isystem /home/vdt_2026/VDT_project/install/vdt_msgs/include/vdt_msgs -isystem /opt/ros/jazzy/include/rclcpp -isystem /opt/ros/jazzy/include/std_msgs -isystem /opt/ros/jazzy/include/nav_msgs -isystem /opt/ros/jazzy/include/builtin_interfaces -isystem /opt/ros/jazzy/include/rosidl_runtime_c -isystem /opt/ros/jazzy/include/rcutils -isystem /opt/ros/jazzy/include/rosidl_typesupport_interface -isystem /opt/ros/jazzy/include/fastcdr -isystem /opt/ros/jazzy/include/rosidl_runtime_cpp -isystem /opt/ros/jazzy/include/rosidl_typesupport_fastrtps_cpp -isystem /opt/ros/jazzy/include/rmw -isystem /opt/ros/jazzy/include/rosidl_dynamic_typesupport -isystem /opt/ros/jazzy/include/rosidl_typesupport_fastrtps_c -isystem /opt/ros/jazzy/include/rosidl_typesupport_introspection_c -isystem /opt/ros/jazzy/include/rosidl_typesupport_introspection_cpp -isystem /opt/ros/jazzy/include/libstatistics_collector -isystem /opt/ros/jazzy/include/rcl -isystem /opt/ros/jazzy/include/rcl_interfaces -isystem /opt/ros/jazzy/include/service_msgs -isystem /opt/ros/jazzy/include/rcl_logging_interface -isystem /opt/ros/jazzy/include/rcl_yaml_param_parser -isystem /opt/ros/jazzy/include/type_description_interfaces -isystem /opt/ros/jazzy/include/rcpputils -isystem /opt/ros/jazzy/include/statistics_msgs -isystem /opt/ros/jazzy/include/rosgraph_msgs -isystem /opt/ros/jazzy/include/rosidl_typesupport_cpp -isystem /opt/ros/jazzy/include/rosidl_typesupport_c -isystem /opt/ros/jazzy/include/tracetools -isystem /opt/ros/jazzy/include/geometry_msgs -O3 -DNDEBUG -std=gnu++17 -MD -MT CMakeFiles/gimbal_node.dir/src/main.cpp.o -MF CMakeFiles/gimbal_node.dir/src/main.cpp.o.d -o CMakeFiles/gimbal_node.dir/src/main.cpp.o -c /home/vdt_2026/VDT_project/ros2_ws/src/gimbal_control/src/main.cpp\n'}
[61.946834] (-) TimerEvent: {}
[62.047164] (-) TimerEvent: {}
[62.147501] (-) TimerEvent: {}
[62.247825] (-) TimerEvent: {}
[62.348134] (-) TimerEvent: {}
[62.448467] (-) TimerEvent: {}
[62.549882] (-) TimerEvent: {}
[62.650207] (-) TimerEvent: {}
[62.750517] (-) TimerEvent: {}
[62.850854] (-) TimerEvent: {}
[62.953860] (-) TimerEvent: {}
[63.054149] (-) TimerEvent: {}
[63.154460] (-) TimerEvent: {}
[63.254774] (-) TimerEvent: {}
[63.335714] (gimbal_control) StdoutLine: {'line': b'[ 71%] Building CXX object CMakeFiles/gimbal_node.dir/src/gimbal_logic.cpp.o\n'}
[63.338498] (gimbal_control) StdoutLine: {'line': b'/usr/bin/c++ -DDEFAULT_RMW_IMPLEMENTATION=rmw_fastrtps_cpp -DFASTCDR_DYN_LINK -I/home/vdt_2026/VDT_project/ros2_ws/src/gimbal_control/include -isystem /home/vdt_2026/VDT_project/install/vdt_msgs/include/vdt_msgs -isystem /opt/ros/jazzy/include/rclcpp -isystem /opt/ros/jazzy/include/std_msgs -isystem /opt/ros/jazzy/include/nav_msgs -isystem /opt/ros/jazzy/include/builtin_interfaces -isystem /opt/ros/jazzy/include/rosidl_runtime_c -isystem /opt/ros/jazzy/include/rcutils -isystem /opt/ros/jazzy/include/rosidl_typesupport_interface -isystem /opt/ros/jazzy/include/fastcdr -isystem /opt/ros/jazzy/include/rosidl_runtime_cpp -isystem /opt/ros/jazzy/include/rosidl_typesupport_fastrtps_cpp -isystem /opt/ros/jazzy/include/rmw -isystem /opt/ros/jazzy/include/rosidl_dynamic_typesupport -isystem /opt/ros/jazzy/include/rosidl_typesupport_fastrtps_c -isystem /opt/ros/jazzy/include/rosidl_typesupport_introspection_c -isystem /opt/ros/jazzy/include/rosidl_typesupport_introspection_cpp -isystem /opt/ros/jazzy/include/libstatistics_collector -isystem /opt/ros/jazzy/include/rcl -isystem /opt/ros/jazzy/include/rcl_interfaces -isystem /opt/ros/jazzy/include/service_msgs -isystem /opt/ros/jazzy/include/rcl_logging_interface -isystem /opt/ros/jazzy/include/rcl_yaml_param_parser -isystem /opt/ros/jazzy/include/type_description_interfaces -isystem /opt/ros/jazzy/include/rcpputils -isystem /opt/ros/jazzy/include/statistics_msgs -isystem /opt/ros/jazzy/include/rosgraph_msgs -isystem /opt/ros/jazzy/include/rosidl_typesupport_cpp -isystem /opt/ros/jazzy/include/rosidl_typesupport_c -isystem /opt/ros/jazzy/include/tracetools -isystem /opt/ros/jazzy/include/geometry_msgs -O3 -DNDEBUG -std=gnu++17 -MD -MT CMakeFiles/gimbal_node.dir/src/gimbal_logic.cpp.o -MF CMakeFiles/gimbal_node.dir/src/gimbal_logic.cpp.o.d -o CMakeFiles/gimbal_node.dir/src/gimbal_logic.cpp.o -c /home/vdt_2026/VDT_project/ros2_ws/src/gimbal_control/src/gimbal_logic.cpp\n'}
[63.354959] (-) TimerEvent: {}
[63.392872] (gimbal_control) StdoutLine: {'line': b'[ 85%] Linking CXX executable gimbal_logic_test\n'}
[63.398120] (gimbal_control) StdoutLine: {'line': b'/usr/bin/cmake -E cmake_link_script CMakeFiles/gimbal_logic_test.dir/link.txt --verbose=1\n'}
[63.411380] (gimbal_control) StdoutLine: {'line': b'/usr/bin/c++ -O3 -DNDEBUG CMakeFiles/gimbal_logic_test.dir/test/gimbal_logic_test.cpp.o CMakeFiles/gimbal_logic_test.dir/src/gimbal_logic.cpp.o -o gimbal_logic_test  -Wl,-rpath,/home/vdt_2026/VDT_project/install/vdt_msgs/lib:/opt/ros/jazzy/lib /home/vdt_2026/VDT_project/install/vdt_msgs/lib/libvdt_msgs__rosidl_typesupport_fastrtps_c.so /home/vdt_2026/VDT_project/install/vdt_msgs/lib/libvdt_msgs__rosidl_typesupport_fastrtps_cpp.so /home/vdt_2026/VDT_project/install/vdt_msgs/lib/libvdt_msgs__rosidl_typesupport_introspection_c.so /home/vdt_2026/VDT_project/install/vdt_msgs/lib/libvdt_msgs__rosidl_typesupport_introspection_cpp.so /home/vdt_2026/VDT_project/install/vdt_msgs/lib/libvdt_msgs__rosidl_typesupport_cpp.so /home/vdt_2026/VDT_project/install/vdt_msgs/lib/libvdt_msgs__rosidl_generator_py.so /home/vdt_2026/VDT_project/install/vdt_msgs/lib/libvdt_msgs__rosidl_typesupport_c.so /home/vdt_2026/VDT_project/install/vdt_msgs/lib/libvdt_msgs__rosidl_generator_c.so /opt/ros/jazzy/lib/libstd_msgs__rosidl_typesupport_fastrtps_c.so /opt/ros/jazzy/lib/libstd_msgs__rosidl_typesupport_fastrtps_cpp.so /opt/ros/jazzy/lib/libstd_msgs__rosidl_typesupport_introspection_c.so /opt/ros/jazzy/lib/libstd_msgs__rosidl_typesupport_introspection_cpp.so /opt/ros/jazzy/lib/libstd_msgs__rosidl_typesupport_cpp.so /opt/ros/jazzy/lib/libbuiltin_interfaces__rosidl_typesupport_fastrtps_c.so /opt/ros/jazzy/lib/librosidl_typesupport_fastrtps_c.so /opt/ros/jazzy/lib/libbuiltin_interfaces__rosidl_typesupport_fastrtps_cpp.so /opt/ros/jazzy/lib/librosidl_typesupport_fastrtps_cpp.so /opt/ros/jazzy/lib/libfastcdr.so.2.2.8 /opt/ros/jazzy/lib/librmw.so /opt/ros/jazzy/lib/librosidl_dynamic_typesupport.so /opt/ros/jazzy/lib/libbuiltin_interfaces__rosidl_typesupport_introspection_c.so /opt/ros/jazzy/lib/libstd_msgs__rosidl_typesupport_c.so /opt/ros/jazzy/lib/libstd_msgs__rosidl_generator_c.so /opt/ros/jazzy/lib/libbuiltin_interfaces__rosidl_typesupport_introspection_cpp.so /opt/ros/jazzy/lib/librosidl_typesupport_introspection_cpp.so /opt/ros/jazzy/lib/librosidl_typesupport_introspection_c.so /opt/ros/jazzy/lib/libbuiltin_interfaces__rosidl_typesupport_cpp.so /opt/ros/jazzy/lib/libbuiltin_interfaces__rosidl_typesupport_c.so /opt/ros/jazzy/lib/libbuiltin_interfaces__rosidl_generator_c.so /opt/ros/jazzy/lib/librosidl_runtime_c.so /opt/ros/jazzy/lib/librcutils.so -ldl -latomic -Wl,-rpath-link,/opt/ros/jazzy/lib \n'}
[63.455113] (-) TimerEvent: {}
[63.508851] (gimbal_control) StdoutLine: {'line': b"gmake[2]: Leaving directory '/home/vdt_2026/VDT_project/build/gimbal_control'\n"}
[63.531820] (gimbal_control) StdoutLine: {'line': b'[ 85%] Built target gimbal_logic_test\n'}
[63.555257] (-) TimerEvent: {}
[63.655555] (-) TimerEvent: {}
[63.755883] (-) TimerEvent: {}
[63.856137] (-) TimerEvent: {}
[63.956387] (-) TimerEvent: {}
[64.056644] (-) TimerEvent: {}
[64.156897] (-) TimerEvent: {}
[64.257157] (-) TimerEvent: {}
[64.357532] (-) TimerEvent: {}
[64.457936] (-) TimerEvent: {}
[64.558224] (-) TimerEvent: {}
[64.658447] (-) TimerEvent: {}
[64.758648] (-) TimerEvent: {}
[64.858898] (-) TimerEvent: {}
[64.959114] (-) TimerEvent: {}
[65.059320] (-) TimerEvent: {}
[65.159533] (-) TimerEvent: {}
[65.259763] (-) TimerEvent: {}
[65.359941] (-) TimerEvent: {}
[65.460103] (-) TimerEvent: {}
[65.560285] (-) TimerEvent: {}
[65.660469] (-) TimerEvent: {}
[65.760638] (-) TimerEvent: {}
[65.860868] (-) TimerEvent: {}
[65.961120] (-) TimerEvent: {}
[66.061393] (-) TimerEvent: {}
[66.161652] (-) TimerEvent: {}
[66.261873] (-) TimerEvent: {}
[66.362051] (-) TimerEvent: {}
[66.462220] (-) TimerEvent: {}
[66.562364] (-) TimerEvent: {}
[66.662504] (-) TimerEvent: {}
[66.762649] (-) TimerEvent: {}
[66.862826] (-) TimerEvent: {}
[66.963041] (-) TimerEvent: {}
[67.063242] (-) TimerEvent: {}
[67.163407] (-) TimerEvent: {}
[67.263545] (-) TimerEvent: {}
[67.363736] (-) TimerEvent: {}
[67.463984] (-) TimerEvent: {}
[67.564202] (-) TimerEvent: {}
[67.664405] (-) TimerEvent: {}
[67.764625] (-) TimerEvent: {}
[67.864814] (-) TimerEvent: {}
[67.964984] (-) TimerEvent: {}
[68.065128] (-) TimerEvent: {}
[68.165300] (-) TimerEvent: {}
[68.265480] (-) TimerEvent: {}
[68.365614] (-) TimerEvent: {}
[68.465724] (-) TimerEvent: {}
[68.565886] (-) TimerEvent: {}
[68.666045] (-) TimerEvent: {}
[68.766163] (-) TimerEvent: {}
[68.866267] (-) TimerEvent: {}
[68.966405] (-) TimerEvent: {}
[69.066564] (-) TimerEvent: {}
[69.166689] (-) TimerEvent: {}
[69.266805] (-) TimerEvent: {}
[69.366910] (-) TimerEvent: {}
[69.467003] (-) TimerEvent: {}
[69.567096] (-) TimerEvent: {}
[69.667188] (-) TimerEvent: {}
[69.767279] (-) TimerEvent: {}
[69.867397] (-) TimerEvent: {}
[69.967552] (-) TimerEvent: {}
[70.067705] (-) TimerEvent: {}
[70.167838] (-) TimerEvent: {}
[70.267963] (-) TimerEvent: {}
[70.368125] (-) TimerEvent: {}
[70.468294] (-) TimerEvent: {}
[70.568428] (-) TimerEvent: {}
[70.668548] (-) TimerEvent: {}
[70.768699] (-) TimerEvent: {}
[70.868909] (-) TimerEvent: {}
[70.969082] (-) TimerEvent: {}
[71.069222] (-) TimerEvent: {}
[71.169338] (-) TimerEvent: {}
[71.269443] (-) TimerEvent: {}
[71.369550] (-) TimerEvent: {}
[71.469642] (-) TimerEvent: {}
[71.569730] (-) TimerEvent: {}
[71.669827] (-) TimerEvent: {}
[71.769927] (-) TimerEvent: {}
[71.870030] (-) TimerEvent: {}
[71.970165] (-) TimerEvent: {}
[72.070320] (-) TimerEvent: {}
[72.170442] (-) TimerEvent: {}
[72.270562] (-) TimerEvent: {}
[72.370687] (-) TimerEvent: {}
[72.470804] (-) TimerEvent: {}
[72.570909] (-) TimerEvent: {}
[72.671005] (-) TimerEvent: {}
[72.771112] (-) TimerEvent: {}
[72.871232] (-) TimerEvent: {}
[72.971382] (-) TimerEvent: {}
[73.071548] (-) TimerEvent: {}
[73.171684] (-) TimerEvent: {}
[73.271804] (-) TimerEvent: {}
[73.371949] (-) TimerEvent: {}
[73.472112] (-) TimerEvent: {}
[73.572289] (-) TimerEvent: {}
[73.672461] (-) TimerEvent: {}
[73.772622] (-) TimerEvent: {}
[73.872816] (-) TimerEvent: {}
[73.973024] (-) TimerEvent: {}
[74.073201] (-) TimerEvent: {}
[74.173322] (-) TimerEvent: {}
[74.273416] (-) TimerEvent: {}
[74.373515] (-) TimerEvent: {}
[74.473605] (-) TimerEvent: {}
[74.573697] (-) TimerEvent: {}
[74.673788] (-) TimerEvent: {}
[74.773883] (-) TimerEvent: {}
[74.874032] (-) TimerEvent: {}
[74.974214] (-) TimerEvent: {}
[75.074368] (-) TimerEvent: {}
[75.174482] (-) TimerEvent: {}
[75.274579] (-) TimerEvent: {}
[75.374690] (-) TimerEvent: {}
[75.474826] (-) TimerEvent: {}
[75.574967] (-) TimerEvent: {}
[75.675124] (-) TimerEvent: {}
[75.775242] (-) TimerEvent: {}
[75.875379] (-) TimerEvent: {}
[75.975550] (-) TimerEvent: {}
[76.075747] (-) TimerEvent: {}
[76.175936] (-) TimerEvent: {}
[76.276102] (-) TimerEvent: {}
[76.376278] (-) TimerEvent: {}
[76.476437] (-) TimerEvent: {}
[76.576555] (-) TimerEvent: {}
[76.676667] (-) TimerEvent: {}
[76.776808] (-) TimerEvent: {}
[76.876975] (-) TimerEvent: {}
[76.977134] (-) TimerEvent: {}
[77.077285] (-) TimerEvent: {}
[77.177410] (-) TimerEvent: {}
[77.277528] (-) TimerEvent: {}
[77.377626] (-) TimerEvent: {}
[77.477720] (-) TimerEvent: {}
[77.577823] (-) TimerEvent: {}
[77.677914] (-) TimerEvent: {}
[77.778000] (-) TimerEvent: {}
[77.878118] (-) TimerEvent: {}
[77.978271] (-) TimerEvent: {}
[78.078425] (-) TimerEvent: {}
[78.178552] (-) TimerEvent: {}
[78.278684] (-) TimerEvent: {}
[78.378815] (-) TimerEvent: {}
[78.478928] (-) TimerEvent: {}
[78.579021] (-) TimerEvent: {}
[78.679121] (-) TimerEvent: {}
[78.779224] (-) TimerEvent: {}
[78.879337] (-) TimerEvent: {}
[78.979497] (-) TimerEvent: {}
[79.079661] (-) TimerEvent: {}
[79.179784] (-) TimerEvent: {}
[79.279884] (-) TimerEvent: {}
[79.379980] (-) TimerEvent: {}
[79.480102] (-) TimerEvent: {}
[79.580252] (-) TimerEvent: {}
[79.680375] (-) TimerEvent: {}
[79.780528] (-) TimerEvent: {}
[79.880764] (-) TimerEvent: {}
[79.980971] (-) TimerEvent: {}
[80.081143] (-) TimerEvent: {}
[80.181273] (-) TimerEvent: {}
[80.281389] (-) TimerEvent: {}
[80.381522] (-) TimerEvent: {}
[80.481659] (-) TimerEvent: {}
[80.581770] (-) TimerEvent: {}
[80.681883] (-) TimerEvent: {}
[80.782008] (-) TimerEvent: {}
[80.882115] (-) TimerEvent: {}
[80.982263] (-) TimerEvent: {}
[81.082430] (-) TimerEvent: {}
[81.182553] (-) TimerEvent: {}
[81.282675] (-) TimerEvent: {}
[81.382783] (-) TimerEvent: {}
[81.482883] (-) TimerEvent: {}
[81.582973] (-) TimerEvent: {}
[81.683067] (-) TimerEvent: {}
[81.783157] (-) TimerEvent: {}
[81.883245] (-) TimerEvent: {}
[81.983384] (-) TimerEvent: {}
[82.083552] (-) TimerEvent: {}
[82.183682] (-) TimerEvent: {}
[82.283797] (-) TimerEvent: {}
[82.383911] (-) TimerEvent: {}
[82.484006] (-) TimerEvent: {}
[82.584146] (-) TimerEvent: {}
[82.684313] (-) TimerEvent: {}
[82.784479] (-) TimerEvent: {}
[82.884669] (-) TimerEvent: {}
[82.984856] (-) TimerEvent: {}
[83.085005] (-) TimerEvent: {}
[83.185117] (-) TimerEvent: {}
[83.285221] (-) TimerEvent: {}
[83.385318] (-) TimerEvent: {}
[83.485414] (-) TimerEvent: {}
[83.585506] (-) TimerEvent: {}
[83.685599] (-) TimerEvent: {}
[83.785691] (-) TimerEvent: {}
[83.885780] (-) TimerEvent: {}
[83.985905] (-) TimerEvent: {}
[84.086054] (-) TimerEvent: {}
[84.186181] (-) TimerEvent: {}
[84.286343] (-) TimerEvent: {}
[84.386520] (-) TimerEvent: {}
[84.486645] (-) TimerEvent: {}
[84.586762] (-) TimerEvent: {}
[84.686864] (-) TimerEvent: {}
[84.786961] (-) TimerEvent: {}
[84.887055] (-) TimerEvent: {}
[84.987186] (-) TimerEvent: {}
[85.087345] (-) TimerEvent: {}
[85.187483] (-) TimerEvent: {}
[85.287599] (-) TimerEvent: {}
[85.387700] (-) TimerEvent: {}
[85.487840] (-) TimerEvent: {}
[85.587993] (-) TimerEvent: {}
[85.688106] (-) TimerEvent: {}
[85.788260] (-) TimerEvent: {}
[85.888453] (-) TimerEvent: {}
[85.988614] (-) TimerEvent: {}
[86.088769] (-) TimerEvent: {}
[86.188894] (-) TimerEvent: {}
[86.289051] (-) TimerEvent: {}
[86.389272] (-) TimerEvent: {}
[86.489514] (-) TimerEvent: {}
[86.589690] (-) TimerEvent: {}
[86.689813] (-) TimerEvent: {}
[86.789926] (-) TimerEvent: {}
[86.890036] (-) TimerEvent: {}
[86.990170] (-) TimerEvent: {}
[87.090333] (-) TimerEvent: {}
[87.190473] (-) TimerEvent: {}
[87.290623] (-) TimerEvent: {}
[87.390822] (-) TimerEvent: {}
[87.491059] (-) TimerEvent: {}
[87.591245] (-) TimerEvent: {}
[87.691385] (-) TimerEvent: {}
[87.791498] (-) TimerEvent: {}
[87.891608] (-) TimerEvent: {}
[87.991759] (-) TimerEvent: {}
[88.091917] (-) TimerEvent: {}
[88.192058] (-) TimerEvent: {}
[88.292182] (-) TimerEvent: {}
[88.392336] (-) TimerEvent: {}
[88.492496] (-) TimerEvent: {}
[88.592616] (-) TimerEvent: {}
[88.692724] (-) TimerEvent: {}
[88.792892] (-) TimerEvent: {}
[88.893058] (-) TimerEvent: {}
[88.993202] (-) TimerEvent: {}
[89.093324] (-) TimerEvent: {}
[89.193434] (-) TimerEvent: {}
[89.293532] (-) TimerEvent: {}
[89.393652] (-) TimerEvent: {}
[89.493823] (-) TimerEvent: {}
[89.594033] (-) TimerEvent: {}
[89.694235] (-) TimerEvent: {}
[89.794428] (-) TimerEvent: {}
[89.894608] (-) TimerEvent: {}
[89.994798] (-) TimerEvent: {}
[90.094949] (-) TimerEvent: {}
[90.195049] (-) TimerEvent: {}
[90.295157] (-) TimerEvent: {}
[90.395242] (-) TimerEvent: {}
[90.495322] (-) TimerEvent: {}
[90.595416] (-) TimerEvent: {}
[90.695490] (-) TimerEvent: {}
[90.795554] (-) TimerEvent: {}
[90.895616] (-) TimerEvent: {}
[90.995763] (-) TimerEvent: {}
[91.095927] (-) TimerEvent: {}
[91.196048] (-) TimerEvent: {}
[91.296204] (-) TimerEvent: {}
[91.396398] (-) TimerEvent: {}
[91.496537] (-) TimerEvent: {}
[91.596648] (-) TimerEvent: {}
[91.696726] (-) TimerEvent: {}
[91.796885] (-) TimerEvent: {}
[91.897030] (-) TimerEvent: {}
[91.997195] (-) TimerEvent: {}
[92.097411] (-) TimerEvent: {}
[92.197621] (-) TimerEvent: {}
[92.297826] (-) TimerEvent: {}
[92.398029] (-) TimerEvent: {}
[92.498199] (-) TimerEvent: {}
[92.598363] (-) TimerEvent: {}
[92.698513] (-) TimerEvent: {}
[92.798678] (-) TimerEvent: {}
[92.898899] (-) TimerEvent: {}
[92.999111] (-) TimerEvent: {}
[93.099335] (-) TimerEvent: {}
[93.199553] (-) TimerEvent: {}
[93.299771] (-) TimerEvent: {}
[93.399984] (-) TimerEvent: {}
[93.500181] (-) TimerEvent: {}
[93.600415] (-) TimerEvent: {}
[93.700615] (-) TimerEvent: {}
[93.800829] (-) TimerEvent: {}
[93.901030] (-) TimerEvent: {}
[94.001225] (-) TimerEvent: {}
[94.101416] (-) TimerEvent: {}
[94.201674] (-) TimerEvent: {}
[94.301869] (-) TimerEvent: {}
[94.402011] (-) TimerEvent: {}
[94.502148] (-) TimerEvent: {}
[94.602293] (-) TimerEvent: {}
[94.702496] (-) TimerEvent: {}
[94.802671] (-) TimerEvent: {}
[94.902816] (-) TimerEvent: {}
[95.002927] (-) TimerEvent: {}
[95.103019] (-) TimerEvent: {}
[95.203093] (-) TimerEvent: {}
[95.303162] (-) TimerEvent: {}
[95.403230] (-) TimerEvent: {}
[95.503298] (-) TimerEvent: {}
[95.603367] (-) TimerEvent: {}
[95.703438] (-) TimerEvent: {}
[95.803506] (-) TimerEvent: {}
[95.903577] (-) TimerEvent: {}
[96.003671] (-) TimerEvent: {}
[96.103766] (-) TimerEvent: {}
[96.203836] (-) TimerEvent: {}
[96.303906] (-) TimerEvent: {}
[96.403981] (-) TimerEvent: {}
[96.593569] (gimbal_control) StdoutLine: {'line': b'[100%] Linking CXX executable gimbal_node\n'}
[96.593917] (-) TimerEvent: {}
[96.595652] (gimbal_control) StdoutLine: {'line': b'/usr/bin/cmake -E cmake_link_script CMakeFiles/gimbal_node.dir/link.txt --verbose=1\n'}
[96.607696] (gimbal_control) StdoutLine: {'line': b'/usr/bin/c++ -O3 -DNDEBUG CMakeFiles/gimbal_node.dir/src/main.cpp.o CMakeFiles/gimbal_node.dir/src/gimbal_node.cpp.o CMakeFiles/gimbal_node.dir/src/gimbal_logic.cpp.o -o gimbal_node  -Wl,-rpath,/opt/ros/jazzy/lib:/home/vdt_2026/VDT_project/install/vdt_msgs/lib: /opt/ros/jazzy/lib/librclcpp.so /opt/ros/jazzy/lib/libnav_msgs__rosidl_typesupport_fastrtps_c.so /opt/ros/jazzy/lib/libnav_msgs__rosidl_typesupport_fastrtps_cpp.so /opt/ros/jazzy/lib/libnav_msgs__rosidl_typesupport_introspection_c.so /opt/ros/jazzy/lib/libnav_msgs__rosidl_typesupport_introspection_cpp.so /opt/ros/jazzy/lib/libnav_msgs__rosidl_typesupport_cpp.so /opt/ros/jazzy/lib/libnav_msgs__rosidl_generator_py.so /home/vdt_2026/VDT_project/install/vdt_msgs/lib/libvdt_msgs__rosidl_typesupport_fastrtps_c.so /home/vdt_2026/VDT_project/install/vdt_msgs/lib/libvdt_msgs__rosidl_typesupport_fastrtps_cpp.so /home/vdt_2026/VDT_project/install/vdt_msgs/lib/libvdt_msgs__rosidl_typesupport_introspection_c.so /home/vdt_2026/VDT_project/install/vdt_msgs/lib/libvdt_msgs__rosidl_typesupport_introspection_cpp.so /home/vdt_2026/VDT_project/install/vdt_msgs/lib/libvdt_msgs__rosidl_typesupport_cpp.so /home/vdt_2026/VDT_project/install/vdt_msgs/lib/libvdt_msgs__rosidl_generator_py.so /opt/ros/jazzy/lib/liblibstatistics_collector.so /opt/ros/jazzy/lib/librcl.so /opt/ros/jazzy/lib/librmw_implementation.so /opt/ros/jazzy/lib/libtype_description_interfaces__rosidl_typesupport_fastrtps_c.so /opt/ros/jazzy/lib/libtype_description_interfaces__rosidl_typesupport_introspection_c.so /opt/ros/jazzy/lib/libtype_description_interfaces__rosidl_typesupport_fastrtps_cpp.so /opt/ros/jazzy/lib/libtype_description_interfaces__rosidl_typesupport_introspection_cpp.so /opt/ros/jazzy/lib/libtype_description_interfaces__rosidl_typesupport_cpp.so /opt/ros/jazzy/lib/libtype_description_interfaces__rosidl_generator_py.so /opt/ros/jazzy/lib/libtype_description_interfaces__rosidl_typesupport_c.so /opt/ros/jazzy/lib/libtype_description_interfaces__rosidl_generator_c.so /opt/ros/jazzy/lib/librcl_yaml_param_parser.so /opt/ros/jazzy/lib/librosgraph_msgs__rosidl_typesupport_fastrtps_c.so /opt/ros/jazzy/lib/librosgraph_msgs__rosidl_typesupport_fastrtps_cpp.so /opt/ros/jazzy/lib/librosgraph_msgs__rosidl_typesupport_introspection_c.so /opt/ros/jazzy/lib/librosgraph_msgs__rosidl_typesupport_introspection_cpp.so /opt/ros/jazzy/lib/librosgraph_msgs__rosidl_typesupport_cpp.so /opt/ros/jazzy/lib/librosgraph_msgs__rosidl_generator_py.so /opt/ros/jazzy/lib/librcl_interfaces__rosidl_typesupport_fastrtps_c.so /opt/ros/jazzy/lib/librcl_interfaces__rosidl_typesupport_introspection_c.so /opt/ros/jazzy/lib/librcl_interfaces__rosidl_typesupport_fastrtps_cpp.so /opt/ros/jazzy/lib/librcl_interfaces__rosidl_typesupport_introspection_cpp.so /opt/ros/jazzy/lib/librcl_interfaces__rosidl_typesupport_cpp.so /opt/ros/jazzy/lib/librcl_interfaces__rosidl_generator_py.so /opt/ros/jazzy/lib/librosgraph_msgs__rosidl_typesupport_c.so /opt/ros/jazzy/lib/librcl_interfaces__rosidl_typesupport_c.so /opt/ros/jazzy/lib/librosgraph_msgs__rosidl_generator_c.so /opt/ros/jazzy/lib/librcl_interfaces__rosidl_generator_c.so /opt/ros/jazzy/lib/libstatistics_msgs__rosidl_typesupport_fastrtps_c.so /opt/ros/jazzy/lib/libstatistics_msgs__rosidl_typesupport_fastrtps_cpp.so /opt/ros/jazzy/lib/libstatistics_msgs__rosidl_typesupport_introspection_c.so /opt/ros/jazzy/lib/libstatistics_msgs__rosidl_typesupport_introspection_cpp.so /opt/ros/jazzy/lib/libstatistics_msgs__rosidl_typesupport_cpp.so /opt/ros/jazzy/lib/libstatistics_msgs__rosidl_generator_py.so /opt/ros/jazzy/lib/libstatistics_msgs__rosidl_typesupport_c.so /opt/ros/jazzy/lib/libstatistics_msgs__rosidl_generator_c.so /opt/ros/jazzy/lib/libtracetools.so -llttng-ust -llttng-ust-common -rdynamic -ldl /opt/ros/jazzy/lib/librcl_logging_interface.so /opt/ros/jazzy/lib/libnav_msgs__rosidl_typesupport_c.so /opt/ros/jazzy/lib/libnav_msgs__rosidl_generator_c.so /opt/ros/jazzy/lib/libgeometry_msgs__rosidl_typesupport_fastrtps_c.so /opt/ros/jazzy/lib/libservice_msgs__rosidl_typesupport_fastrtps_c.so /opt/ros/jazzy/lib/libgeometry_msgs__rosidl_typesupport_fastrtps_cpp.so /opt/ros/jazzy/lib/libservice_msgs__rosidl_typesupport_fastrtps_cpp.so /opt/ros/jazzy/lib/libgeometry_msgs__rosidl_typesupport_introspection_c.so /opt/ros/jazzy/lib/libservice_msgs__rosidl_typesupport_introspection_c.so /opt/ros/jazzy/lib/libgeometry_msgs__rosidl_typesupport_introspection_cpp.so /opt/ros/jazzy/lib/libservice_msgs__rosidl_typesupport_introspection_cpp.so /opt/ros/jazzy/lib/libgeometry_msgs__rosidl_typesupport_cpp.so /opt/ros/jazzy/lib/libservice_msgs__rosidl_typesupport_cpp.so /opt/ros/jazzy/lib/libgeometry_msgs__rosidl_typesupport_c.so /opt/ros/jazzy/lib/libgeometry_msgs__rosidl_generator_c.so /opt/ros/jazzy/lib/libservice_msgs__rosidl_typesupport_c.so /opt/ros/jazzy/lib/libservice_msgs__rosidl_generator_c.so /opt/ros/jazzy/lib/libstd_msgs__rosidl_typesupport_fastrtps_c.so /opt/ros/jazzy/lib/libstd_msgs__rosidl_typesupport_fastrtps_cpp.so /opt/ros/jazzy/lib/libstd_msgs__rosidl_typesupport_introspection_c.so /opt/ros/jazzy/lib/libstd_msgs__rosidl_typesupport_introspection_cpp.so /opt/ros/jazzy/lib/libstd_msgs__rosidl_typesupport_cpp.so /opt/ros/jazzy/lib/libstd_msgs__rosidl_generator_py.so /home/vdt_2026/VDT_project/install/vdt_msgs/lib/libvdt_msgs__rosidl_typesupport_c.so /opt/ros/jazzy/lib/libstd_msgs__rosidl_typesupport_c.so /home/vdt_2026/VDT_project/install/vdt_msgs/lib/libvdt_msgs__rosidl_generator_c.so /opt/ros/jazzy/lib/libstd_msgs__rosidl_generator_c.so /opt/ros/jazzy/lib/libbuiltin_interfaces__rosidl_typesupport_fastrtps_c.so /opt/ros/jazzy/lib/librosidl_typesupport_fastrtps_c.so /opt/ros/jazzy/lib/libbuiltin_interfaces__rosidl_typesupport_introspection_c.so /opt/ros/jazzy/lib/libbuiltin_interfaces__rosidl_typesupport_fastrtps_cpp.so /opt/ros/jazzy/lib/librosidl_typesupport_fastrtps_cpp.so /opt/ros/jazzy/lib/librmw.so /opt/ros/jazzy/lib/librosidl_dynamic_typesupport.so /opt/ros/jazzy/lib/libfastcdr.so.2.2.8 /opt/ros/jazzy/lib/libbuiltin_interfaces__rosidl_typesupport_introspection_cpp.so /opt/ros/jazzy/lib/librosidl_typesupport_introspection_cpp.so /opt/ros/jazzy/lib/librosidl_typesupport_introspection_c.so /opt/ros/jazzy/lib/libbuiltin_interfaces__rosidl_typesupport_cpp.so /opt/ros/jazzy/lib/librosidl_typesupport_cpp.so /opt/ros/jazzy/lib/libbuiltin_interfaces__rosidl_generator_py.so /opt/ros/jazzy/lib/libbuiltin_interfaces__rosidl_typesupport_c.so /opt/ros/jazzy/lib/libbuiltin_interfaces__rosidl_generator_c.so /opt/ros/jazzy/lib/librosidl_typesupport_c.so /opt/ros/jazzy/lib/librcpputils.so /opt/ros/jazzy/lib/librosidl_runtime_c.so /opt/ros/jazzy/lib/librcutils.so -ldl -latomic -Wl,-rpath-link,/opt/ros/jazzy/lib \n'}
[96.694088] (-) TimerEvent: {}
[96.794347] (-) TimerEvent: {}
[96.894560] (-) TimerEvent: {}
[96.986369] (gimbal_control) StdoutLine: {'line': b"gmake[2]: Leaving directory '/home/vdt_2026/VDT_project/build/gimbal_control'\n"}
[96.994683] (-) TimerEvent: {}
[97.048547] (gimbal_control) StdoutLine: {'line': b'[100%] Built target gimbal_node\n'}
[97.050778] (gimbal_control) StdoutLine: {'line': b"gmake[1]: Leaving directory '/home/vdt_2026/VDT_project/build/gimbal_control'\n"}
[97.051214] (gimbal_control) StdoutLine: {'line': b'/usr/bin/cmake -E cmake_progress_start /home/vdt_2026/VDT_project/build/gimbal_control/CMakeFiles 0\n'}
[97.070699] (gimbal_control) StdoutLine: {'line': b'\n'}
[97.073529] (gimbal_control) CommandEnded: {'returncode': 0}
[97.074349] (gimbal_control) JobProgress: {'identifier': 'gimbal_control', 'progress': 'install'}
[97.074780] (gimbal_control) Command: {'cmd': ['/usr/bin/cmake', '--install', '/home/vdt_2026/VDT_project/build/gimbal_control'], 'cwd': '/home/vdt_2026/VDT_project/build/gimbal_control', 'env': OrderedDict({'LESSOPEN': '| /usr/bin/lesspipe %s', 'USER': 'vdt_2026', 'SSH_CLIENT': '100.101.240.43 53682 22', 'XDG_SESSION_TYPE': 'tty', 'SHLVL': '1', 'LD_LIBRARY_PATH': '/home/vdt_2026/VDT_project/install/vdt_msgs/lib:/home/vdt_2026/ros2_ws/install/px4_msgs/lib:/opt/ros/jazzy/lib/aarch64-linux-gnu:/opt/ros/jazzy/lib', 'HOME': '/home/vdt_2026', 'OLDPWD': '/home/vdt_2026', 'SSH_TTY': '/dev/pts/0', 'ROS_PYTHON_VERSION': '3', 'DBUS_SESSION_BUS_ADDRESS': 'unix:path=/run/user/1000/bus', 'COLCON_PREFIX_PATH': '/home/vdt_2026/ros2_ws/install', 'ROS_DISTRO': 'jazzy', 'LOGNAME': 'vdt_2026', '_': '/usr/bin/colcon', 'ROS_VERSION': '2', 'XDG_SESSION_CLASS': 'user', 'TERM': 'xterm-256color', 'XDG_SESSION_ID': '1', 'PATH': '/home/vdt_2026/.local/bin:/opt/ros/jazzy/bin:/usr/local/sbin:/usr/local/bin:/usr/sbin:/usr/bin:/sbin:/bin:/usr/games:/usr/local/games:/snap/bin', 'XDG_RUNTIME_DIR': '/run/user/1000', 'LANG': 'en_US.UTF-8', 'LS_COLORS': 'rs=0:di=01;34:ln=01;36:mh=00:pi=40;33:so=01;35:do=01;35:bd=40;33;01:cd=40;33;01:or=40;31;01:mi=00:su=37;41:sg=30;43:ca=00:tw=30;42:ow=34;42:st=37;44:ex=01;32:*.tar=01;31:*.tgz=01;31:*.arc=01;31:*.arj=01;31:*.taz=01;31:*.lha=01;31:*.lz4=01;31:*.lzh=01;31:*.lzma=01;31:*.tlz=01;31:*.txz=01;31:*.tzo=01;31:*.t7z=01;31:*.zip=01;31:*.z=01;31:*.dz=01;31:*.gz=01;31:*.lrz=01;31:*.lz=01;31:*.lzo=01;31:*.xz=01;31:*.zst=01;31:*.tzst=01;31:*.bz2=01;31:*.bz=01;31:*.tbz=01;31:*.tbz2=01;31:*.tz=01;31:*.deb=01;31:*.rpm=01;31:*.jar=01;31:*.war=01;31:*.ear=01;31:*.sar=01;31:*.rar=01;31:*.alz=01;31:*.ace=01;31:*.zoo=01;31:*.cpio=01;31:*.7z=01;31:*.rz=01;31:*.cab=01;31:*.wim=01;31:*.swm=01;31:*.dwm=01;31:*.esd=01;31:*.avif=01;35:*.jpg=01;35:*.jpeg=01;35:*.mjpg=01;35:*.mjpeg=01;35:*.gif=01;35:*.bmp=01;35:*.pbm=01;35:*.pgm=01;35:*.ppm=01;35:*.tga=01;35:*.xbm=01;35:*.xpm=01;35:*.tif=01;35:*.tiff=01;35:*.png=01;35:*.svg=01;35:*.svgz=01;35:*.mng=01;35:*.pcx=01;35:*.mov=01;35:*.mpg=01;35:*.mpeg=01;35:*.m2v=01;35:*.mkv=01;35:*.webm=01;35:*.webp=01;35:*.ogm=01;35:*.mp4=01;35:*.m4v=01;35:*.mp4v=01;35:*.vob=01;35:*.qt=01;35:*.nuv=01;35:*.wmv=01;35:*.asf=01;35:*.rm=01;35:*.rmvb=01;35:*.flc=01;35:*.avi=01;35:*.fli=01;35:*.flv=01;35:*.gl=01;35:*.dl=01;35:*.xcf=01;35:*.xwd=01;35:*.yuv=01;35:*.cgm=01;35:*.emf=01;35:*.ogv=01;35:*.ogx=01;35:*.aac=00;36:*.au=00;36:*.flac=00;36:*.m4a=00;36:*.mid=00;36:*.midi=00;36:*.mka=00;36:*.mp3=00;36:*.mpc=00;36:*.ogg=00;36:*.ra=00;36:*.wav=00;36:*.oga=00;36:*.opus=00;36:*.spx=00;36:*.xspf=00;36:*~=00;90:*#=00;90:*.bak=00;90:*.crdownload=00;90:*.dpkg-dist=00;90:*.dpkg-new=00;90:*.dpkg-old=00;90:*.dpkg-tmp=00;90:*.old=00;90:*.orig=00;90:*.part=00;90:*.rej=00;90:*.rpmnew=00;90:*.rpmorig=00;90:*.rpmsave=00;90:*.swp=00;90:*.tmp=00;90:*.ucf-dist=00;90:*.ucf-new=00;90:*.ucf-old=00;90:', 'AMENT_PREFIX_PATH': '/home/vdt_2026/VDT_project/install/input_state_cache:/home/vdt_2026/VDT_project/install/fsm_state_machine:/home/vdt_2026/VDT_project/install/vdt_msgs:/home/vdt_2026/ros2_ws/install/px4_msgs:/opt/ros/jazzy', 'SHELL': '/bin/bash', 'LESSCLOSE': '/usr/bin/lesspipe %s %s', 'ROS_AUTOMATIC_DISCOVERY_RANGE': 'SUBNET', 'PWD': '/home/vdt_2026/VDT_project/build/gimbal_control', 'LC_ALL': 'en_US.UTF-8', 'SSH_CONNECTION': '100.101.240.43 53682 100.65.242.75 22', 'XDG_DATA_DIRS': '/usr/local/share:/usr/share:/var/lib/snapd/desktop', 'PYTHONPATH': '/home/vdt_2026/VDT_project/install/vdt_msgs/lib/python3.12/site-packages:/home/vdt_2026/ros2_ws/install/px4_msgs/lib/python3.12/site-packages:/opt/ros/jazzy/lib/python3.12/site-packages:/home/vdt_2026/librealsense/build/Release', 'COLCON': '1', 'CMAKE_PREFIX_PATH': '/home/vdt_2026/VDT_project/install/input_state_cache:/home/vdt_2026/VDT_project/install/fsm_state_machine:/home/vdt_2026/VDT_project/install/vdt_msgs:/home/vdt_2026/ros2_ws/install/px4_msgs:/opt/ros/jazzy'}), 'shell': False}
[97.089338] (gimbal_control) StdoutLine: {'line': b'-- Install configuration: "Release"\n'}
[97.089714] (gimbal_control) StdoutLine: {'line': b'-- Installing: /home/vdt_2026/VDT_project/install/gimbal_control/lib/gimbal_control/gimbal_node\n'}
[97.094749] (gimbal_control) StdoutLine: {'line': b'-- Set non-toolchain portion of runtime path of "/home/vdt_2026/VDT_project/install/gimbal_control/lib/gimbal_control/gimbal_node" to ""\n'}
[97.095008] (-) TimerEvent: {}
[97.095046] (gimbal_control) StdoutLine: {'line': b'-- Installing: /home/vdt_2026/VDT_project/install/gimbal_control/share/ament_index/resource_index/package_run_dependencies/gimbal_control\n'}
[97.095430] (gimbal_control) StdoutLine: {'line': b'-- Installing: /home/vdt_2026/VDT_project/install/gimbal_control/share/ament_index/resource_index/parent_prefix_path/gimbal_control\n'}
[97.095808] (gimbal_control) StdoutLine: {'line': b'-- Installing: /home/vdt_2026/VDT_project/install/gimbal_control/share/gimbal_control/environment/ament_prefix_path.sh\n'}
[97.096060] (gimbal_control) StdoutLine: {'line': b'-- Installing: /home/vdt_2026/VDT_project/install/gimbal_control/share/gimbal_control/environment/ament_prefix_path.dsv\n'}
[97.096435] (gimbal_control) StdoutLine: {'line': b'-- Installing: /home/vdt_2026/VDT_project/install/gimbal_control/share/gimbal_control/environment/path.sh\n'}
[97.096653] (gimbal_control) StdoutLine: {'line': b'-- Installing: /home/vdt_2026/VDT_project/install/gimbal_control/share/gimbal_control/environment/path.dsv\n'}
[97.096948] (gimbal_control) StdoutLine: {'line': b'-- Installing: /home/vdt_2026/VDT_project/install/gimbal_control/share/gimbal_control/local_setup.bash\n'}
[97.097905] (gimbal_control) StdoutLine: {'line': b'-- Installing: /home/vdt_2026/VDT_project/install/gimbal_control/share/gimbal_control/local_setup.sh\n'}
[97.098074] (gimbal_control) StdoutLine: {'line': b'-- Installing: /home/vdt_2026/VDT_project/install/gimbal_control/share/gimbal_control/local_setup.zsh\n'}
[97.098184] (gimbal_control) StdoutLine: {'line': b'-- Installing: /home/vdt_2026/VDT_project/install/gimbal_control/share/gimbal_control/local_setup.dsv\n'}
[97.098280] (gimbal_control) StdoutLine: {'line': b'-- Installing: /home/vdt_2026/VDT_project/install/gimbal_control/share/gimbal_control/package.dsv\n'}
[97.098460] (gimbal_control) StdoutLine: {'line': b'-- Installing: /home/vdt_2026/VDT_project/install/gimbal_control/share/ament_index/resource_index/packages/gimbal_control\n'}
[97.098558] (gimbal_control) StdoutLine: {'line': b'-- Installing: /home/vdt_2026/VDT_project/install/gimbal_control/share/gimbal_control/cmake/gimbal_controlConfig.cmake\n'}
[97.098644] (gimbal_control) StdoutLine: {'line': b'-- Installing: /home/vdt_2026/VDT_project/install/gimbal_control/share/gimbal_control/cmake/gimbal_controlConfig-version.cmake\n'}
[97.098729] (gimbal_control) StdoutLine: {'line': b'-- Installing: /home/vdt_2026/VDT_project/install/gimbal_control/share/gimbal_control/package.xml\n'}
[97.101259] (gimbal_control) CommandEnded: {'returncode': 0}
[97.140517] (gimbal_control) JobEnded: {'identifier': 'gimbal_control', 'rc': 0}
[97.141978] (kill_switch) JobStarted: {'identifier': 'kill_switch'}
[97.158713] (kill_switch) JobProgress: {'identifier': 'kill_switch', 'progress': 'cmake'}
[97.195090] (-) TimerEvent: {}
[97.206422] (kill_switch) Command: {'cmd': ['/usr/bin/cmake', '/home/vdt_2026/VDT_project/ros2_ws/src/kill_switch', '-DCMAKE_VERBOSE_MAKEFILE=ON', '-DCMAKE_INSTALL_PREFIX=/home/vdt_2026/VDT_project/install/kill_switch'], 'cwd': '/home/vdt_2026/VDT_project/build/kill_switch', 'env': OrderedDict({'LESSOPEN': '| /usr/bin/lesspipe %s', 'USER': 'vdt_2026', 'SSH_CLIENT': '100.101.240.43 53682 22', 'XDG_SESSION_TYPE': 'tty', 'SHLVL': '1', 'LD_LIBRARY_PATH': '/home/vdt_2026/VDT_project/install/rc_parser/lib:/home/vdt_2026/VDT_project/install/vdt_msgs/lib:/home/vdt_2026/ros2_ws/install/px4_msgs/lib:/opt/ros/jazzy/lib/aarch64-linux-gnu:/opt/ros/jazzy/lib', 'HOME': '/home/vdt_2026', 'OLDPWD': '/home/vdt_2026', 'SSH_TTY': '/dev/pts/0', 'ROS_PYTHON_VERSION': '3', 'DBUS_SESSION_BUS_ADDRESS': 'unix:path=/run/user/1000/bus', 'COLCON_PREFIX_PATH': '/home/vdt_2026/ros2_ws/install', 'ROS_DISTRO': 'jazzy', 'LOGNAME': 'vdt_2026', '_': '/usr/bin/colcon', 'ROS_VERSION': '2', 'XDG_SESSION_CLASS': 'user', 'TERM': 'xterm-256color', 'XDG_SESSION_ID': '1', 'PATH': '/home/vdt_2026/.local/bin:/opt/ros/jazzy/bin:/usr/local/sbin:/usr/local/bin:/usr/sbin:/usr/bin:/sbin:/bin:/usr/games:/usr/local/games:/snap/bin', 'XDG_RUNTIME_DIR': '/run/user/1000', 'LANG': 'en_US.UTF-8', 'LS_COLORS': 'rs=0:di=01;34:ln=01;36:mh=00:pi=40;33:so=01;35:do=01;35:bd=40;33;01:cd=40;33;01:or=40;31;01:mi=00:su=37;41:sg=30;43:ca=00:tw=30;42:ow=34;42:st=37;44:ex=01;32:*.tar=01;31:*.tgz=01;31:*.arc=01;31:*.arj=01;31:*.taz=01;31:*.lha=01;31:*.lz4=01;31:*.lzh=01;31:*.lzma=01;31:*.tlz=01;31:*.txz=01;31:*.tzo=01;31:*.t7z=01;31:*.zip=01;31:*.z=01;31:*.dz=01;31:*.gz=01;31:*.lrz=01;31:*.lz=01;31:*.lzo=01;31:*.xz=01;31:*.zst=01;31:*.tzst=01;31:*.bz2=01;31:*.bz=01;31:*.tbz=01;31:*.tbz2=01;31:*.tz=01;31:*.deb=01;31:*.rpm=01;31:*.jar=01;31:*.war=01;31:*.ear=01;31:*.sar=01;31:*.rar=01;31:*.alz=01;31:*.ace=01;31:*.zoo=01;31:*.cpio=01;31:*.7z=01;31:*.rz=01;31:*.cab=01;31:*.wim=01;31:*.swm=01;31:*.dwm=01;31:*.esd=01;31:*.avif=01;35:*.jpg=01;35:*.jpeg=01;35:*.mjpg=01;35:*.mjpeg=01;35:*.gif=01;35:*.bmp=01;35:*.pbm=01;35:*.pgm=01;35:*.ppm=01;35:*.tga=01;35:*.xbm=01;35:*.xpm=01;35:*.tif=01;35:*.tiff=01;35:*.png=01;35:*.svg=01;35:*.svgz=01;35:*.mng=01;35:*.pcx=01;35:*.mov=01;35:*.mpg=01;35:*.mpeg=01;35:*.m2v=01;35:*.mkv=01;35:*.webm=01;35:*.webp=01;35:*.ogm=01;35:*.mp4=01;35:*.m4v=01;35:*.mp4v=01;35:*.vob=01;35:*.qt=01;35:*.nuv=01;35:*.wmv=01;35:*.asf=01;35:*.rm=01;35:*.rmvb=01;35:*.flc=01;35:*.avi=01;35:*.fli=01;35:*.flv=01;35:*.gl=01;35:*.dl=01;35:*.xcf=01;35:*.xwd=01;35:*.yuv=01;35:*.cgm=01;35:*.emf=01;35:*.ogv=01;35:*.ogx=01;35:*.aac=00;36:*.au=00;36:*.flac=00;36:*.m4a=00;36:*.mid=00;36:*.midi=00;36:*.mka=00;36:*.mp3=00;36:*.mpc=00;36:*.ogg=00;36:*.ra=00;36:*.wav=00;36:*.oga=00;36:*.opus=00;36:*.spx=00;36:*.xspf=00;36:*~=00;90:*#=00;90:*.bak=00;90:*.crdownload=00;90:*.dpkg-dist=00;90:*.dpkg-new=00;90:*.dpkg-old=00;90:*.dpkg-tmp=00;90:*.old=00;90:*.orig=00;90:*.part=00;90:*.rej=00;90:*.rpmnew=00;90:*.rpmorig=00;90:*.rpmsave=00;90:*.swp=00;90:*.tmp=00;90:*.ucf-dist=00;90:*.ucf-new=00;90:*.ucf-old=00;90:', 'AMENT_PREFIX_PATH': '/home/vdt_2026/VDT_project/install/rc_parser:/home/vdt_2026/VDT_project/install/vdt_msgs:/home/vdt_2026/ros2_ws/install/px4_msgs:/opt/ros/jazzy', 'SHELL': '/bin/bash', 'LESSCLOSE': '/usr/bin/lesspipe %s %s', 'ROS_AUTOMATIC_DISCOVERY_RANGE': 'SUBNET', 'PWD': '/home/vdt_2026/VDT_project/build/kill_switch', 'LC_ALL': 'en_US.UTF-8', 'SSH_CONNECTION': '100.101.240.43 53682 100.65.242.75 22', 'XDG_DATA_DIRS': '/usr/local/share:/usr/share:/var/lib/snapd/desktop', 'PYTHONPATH': '/home/vdt_2026/VDT_project/install/vdt_msgs/lib/python3.12/site-packages:/home/vdt_2026/ros2_ws/install/px4_msgs/lib/python3.12/site-packages:/opt/ros/jazzy/lib/python3.12/site-packages:/home/vdt_2026/librealsense/build/Release', 'COLCON': '1', 'CMAKE_PREFIX_PATH': '/home/vdt_2026/VDT_project/install/rc_parser:/home/vdt_2026/VDT_project/install/vdt_msgs:/home/vdt_2026/ros2_ws/install/px4_msgs:/opt/ros/jazzy'}), 'shell': False}
[97.235209] (kill_switch) StdoutLine: {'line': b'-- Found ament_cmake: 2.5.6 (/opt/ros/jazzy/share/ament_cmake/cmake)\n'}
[97.295202] (-) TimerEvent: {}
[97.395402] (-) TimerEvent: {}
[97.495575] (-) TimerEvent: {}
[97.570156] (kill_switch) StdoutLine: {'line': b'-- Found rclcpp: 28.1.22 (/opt/ros/jazzy/share/rclcpp/cmake)\n'}
[97.595690] (-) TimerEvent: {}
[97.604153] (kill_switch) StdoutLine: {'line': b'-- Found rosidl_generator_c: 4.6.9 (/opt/ros/jazzy/share/rosidl_generator_c/cmake)\n'}
[97.617251] (kill_switch) StdoutLine: {'line': b'-- Found rosidl_generator_cpp: 4.6.9 (/opt/ros/jazzy/share/rosidl_generator_cpp/cmake)\n'}
[97.636522] (kill_switch) StdoutLine: {'line': b'-- Using all available rosidl_typesupport_c: rosidl_typesupport_fastrtps_c;rosidl_typesupport_introspection_c\n'}
[97.656609] (kill_switch) StdoutLine: {'line': b'-- Using all available rosidl_typesupport_cpp: rosidl_typesupport_fastrtps_cpp;rosidl_typesupport_introspection_cpp\n'}
[97.695803] (-) TimerEvent: {}
[97.737918] (kill_switch) StdoutLine: {'line': b'-- Found rmw_implementation_cmake: 7.3.3 (/opt/ros/jazzy/share/rmw_implementation_cmake/cmake)\n'}
[97.739963] (kill_switch) StdoutLine: {'line': b'-- Found rmw_fastrtps_cpp: 8.4.4 (/opt/ros/jazzy/share/rmw_fastrtps_cpp/cmake)\n'}
[97.795916] (-) TimerEvent: {}
[97.828144] (kill_switch) StdoutLine: {'line': b"-- Using RMW implementation 'rmw_fastrtps_cpp' as default\n"}
[97.896019] (-) TimerEvent: {}
[97.915327] (kill_switch) StdoutLine: {'line': b'-- Found std_msgs: 5.3.8 (/opt/ros/jazzy/share/std_msgs/cmake)\n'}
[97.932588] (kill_switch) StdoutLine: {'line': b'-- Found px4_msgs: 2.0.1 (/home/vdt_2026/ros2_ws/install/px4_msgs/share/px4_msgs/cmake)\n'}
[97.955238] (kill_switch) StdoutLine: {'line': b'-- Found rc_parser: 0.1.0 (/home/vdt_2026/VDT_project/install/rc_parser/share/rc_parser/cmake)\n'}
[97.996112] (-) TimerEvent: {}
[98.096339] (-) TimerEvent: {}
[98.133546] (kill_switch) StdoutLine: {'line': b'-- Configuring done (0.9s)\n'}
[98.196451] (-) TimerEvent: {}
[98.273057] (kill_switch) StdoutLine: {'line': b'-- Generating done (0.1s)\n'}
[98.296524] (-) TimerEvent: {}
[98.347206] (kill_switch) StdoutLine: {'line': b'-- Build files have been written to: /home/vdt_2026/VDT_project/build/kill_switch\n'}
[98.360951] (kill_switch) CommandEnded: {'returncode': 0}
[98.361668] (kill_switch) JobProgress: {'identifier': 'kill_switch', 'progress': 'build'}
[98.362067] (kill_switch) Command: {'cmd': ['/usr/bin/cmake', '--build', '/home/vdt_2026/VDT_project/build/kill_switch', '--', '-j4', '-l4'], 'cwd': '/home/vdt_2026/VDT_project/build/kill_switch', 'env': OrderedDict({'LESSOPEN': '| /usr/bin/lesspipe %s', 'USER': 'vdt_2026', 'SSH_CLIENT': '100.101.240.43 53682 22', 'XDG_SESSION_TYPE': 'tty', 'SHLVL': '1', 'LD_LIBRARY_PATH': '/home/vdt_2026/VDT_project/install/rc_parser/lib:/home/vdt_2026/VDT_project/install/vdt_msgs/lib:/home/vdt_2026/ros2_ws/install/px4_msgs/lib:/opt/ros/jazzy/lib/aarch64-linux-gnu:/opt/ros/jazzy/lib', 'HOME': '/home/vdt_2026', 'OLDPWD': '/home/vdt_2026', 'SSH_TTY': '/dev/pts/0', 'ROS_PYTHON_VERSION': '3', 'DBUS_SESSION_BUS_ADDRESS': 'unix:path=/run/user/1000/bus', 'COLCON_PREFIX_PATH': '/home/vdt_2026/ros2_ws/install', 'ROS_DISTRO': 'jazzy', 'LOGNAME': 'vdt_2026', '_': '/usr/bin/colcon', 'ROS_VERSION': '2', 'XDG_SESSION_CLASS': 'user', 'TERM': 'xterm-256color', 'XDG_SESSION_ID': '1', 'PATH': '/home/vdt_2026/.local/bin:/opt/ros/jazzy/bin:/usr/local/sbin:/usr/local/bin:/usr/sbin:/usr/bin:/sbin:/bin:/usr/games:/usr/local/games:/snap/bin', 'XDG_RUNTIME_DIR': '/run/user/1000', 'LANG': 'en_US.UTF-8', 'LS_COLORS': 'rs=0:di=01;34:ln=01;36:mh=00:pi=40;33:so=01;35:do=01;35:bd=40;33;01:cd=40;33;01:or=40;31;01:mi=00:su=37;41:sg=30;43:ca=00:tw=30;42:ow=34;42:st=37;44:ex=01;32:*.tar=01;31:*.tgz=01;31:*.arc=01;31:*.arj=01;31:*.taz=01;31:*.lha=01;31:*.lz4=01;31:*.lzh=01;31:*.lzma=01;31:*.tlz=01;31:*.txz=01;31:*.tzo=01;31:*.t7z=01;31:*.zip=01;31:*.z=01;31:*.dz=01;31:*.gz=01;31:*.lrz=01;31:*.lz=01;31:*.lzo=01;31:*.xz=01;31:*.zst=01;31:*.tzst=01;31:*.bz2=01;31:*.bz=01;31:*.tbz=01;31:*.tbz2=01;31:*.tz=01;31:*.deb=01;31:*.rpm=01;31:*.jar=01;31:*.war=01;31:*.ear=01;31:*.sar=01;31:*.rar=01;31:*.alz=01;31:*.ace=01;31:*.zoo=01;31:*.cpio=01;31:*.7z=01;31:*.rz=01;31:*.cab=01;31:*.wim=01;31:*.swm=01;31:*.dwm=01;31:*.esd=01;31:*.avif=01;35:*.jpg=01;35:*.jpeg=01;35:*.mjpg=01;35:*.mjpeg=01;35:*.gif=01;35:*.bmp=01;35:*.pbm=01;35:*.pgm=01;35:*.ppm=01;35:*.tga=01;35:*.xbm=01;35:*.xpm=01;35:*.tif=01;35:*.tiff=01;35:*.png=01;35:*.svg=01;35:*.svgz=01;35:*.mng=01;35:*.pcx=01;35:*.mov=01;35:*.mpg=01;35:*.mpeg=01;35:*.m2v=01;35:*.mkv=01;35:*.webm=01;35:*.webp=01;35:*.ogm=01;35:*.mp4=01;35:*.m4v=01;35:*.mp4v=01;35:*.vob=01;35:*.qt=01;35:*.nuv=01;35:*.wmv=01;35:*.asf=01;35:*.rm=01;35:*.rmvb=01;35:*.flc=01;35:*.avi=01;35:*.fli=01;35:*.flv=01;35:*.gl=01;35:*.dl=01;35:*.xcf=01;35:*.xwd=01;35:*.yuv=01;35:*.cgm=01;35:*.emf=01;35:*.ogv=01;35:*.ogx=01;35:*.aac=00;36:*.au=00;36:*.flac=00;36:*.m4a=00;36:*.mid=00;36:*.midi=00;36:*.mka=00;36:*.mp3=00;36:*.mpc=00;36:*.ogg=00;36:*.ra=00;36:*.wav=00;36:*.oga=00;36:*.opus=00;36:*.spx=00;36:*.xspf=00;36:*~=00;90:*#=00;90:*.bak=00;90:*.crdownload=00;90:*.dpkg-dist=00;90:*.dpkg-new=00;90:*.dpkg-old=00;90:*.dpkg-tmp=00;90:*.old=00;90:*.orig=00;90:*.part=00;90:*.rej=00;90:*.rpmnew=00;90:*.rpmorig=00;90:*.rpmsave=00;90:*.swp=00;90:*.tmp=00;90:*.ucf-dist=00;90:*.ucf-new=00;90:*.ucf-old=00;90:', 'AMENT_PREFIX_PATH': '/home/vdt_2026/VDT_project/install/rc_parser:/home/vdt_2026/VDT_project/install/vdt_msgs:/home/vdt_2026/ros2_ws/install/px4_msgs:/opt/ros/jazzy', 'SHELL': '/bin/bash', 'LESSCLOSE': '/usr/bin/lesspipe %s %s', 'ROS_AUTOMATIC_DISCOVERY_RANGE': 'SUBNET', 'PWD': '/home/vdt_2026/VDT_project/build/kill_switch', 'LC_ALL': 'en_US.UTF-8', 'SSH_CONNECTION': '100.101.240.43 53682 100.65.242.75 22', 'XDG_DATA_DIRS': '/usr/local/share:/usr/share:/var/lib/snapd/desktop', 'PYTHONPATH': '/home/vdt_2026/VDT_project/install/vdt_msgs/lib/python3.12/site-packages:/home/vdt_2026/ros2_ws/install/px4_msgs/lib/python3.12/site-packages:/opt/ros/jazzy/lib/python3.12/site-packages:/home/vdt_2026/librealsense/build/Release', 'COLCON': '1', 'CMAKE_PREFIX_PATH': '/home/vdt_2026/VDT_project/install/rc_parser:/home/vdt_2026/VDT_project/install/vdt_msgs:/home/vdt_2026/ros2_ws/install/px4_msgs:/opt/ros/jazzy'}), 'shell': False}
[98.376064] (kill_switch) StdoutLine: {'line': b"Change Dir: '/home/vdt_2026/VDT_project/build/kill_switch'\n"}
[98.376300] (kill_switch) StdoutLine: {'line': b'\n'}
[98.376405] (kill_switch) StdoutLine: {'line': b'Run Build Command(s): /usr/bin/cmake -E env VERBOSE=1 /usr/bin/gmake -f Makefile -j4 -l4\n'}
[98.393022] (kill_switch) StdoutLine: {'line': b'/usr/bin/cmake -S/home/vdt_2026/VDT_project/ros2_ws/src/kill_switch -B/home/vdt_2026/VDT_project/build/kill_switch --check-build-system CMakeFiles/Makefile.cmake 0\n'}
[98.396631] (-) TimerEvent: {}
[98.414458] (kill_switch) StdoutLine: {'line': b'/usr/bin/cmake -E cmake_progress_start /home/vdt_2026/VDT_project/build/kill_switch/CMakeFiles /home/vdt_2026/VDT_project/build/kill_switch//CMakeFiles/progress.marks\n'}
[98.429587] (kill_switch) StdoutLine: {'line': b'/usr/bin/gmake  -f CMakeFiles/Makefile2 all\n'}
[98.431352] (kill_switch) StdoutLine: {'line': b"gmake[1]: Entering directory '/home/vdt_2026/VDT_project/build/kill_switch'\n"}
[98.431591] (kill_switch) StdoutLine: {'line': b'/usr/bin/gmake  -f CMakeFiles/kill_switch_node.dir/build.make CMakeFiles/kill_switch_node.dir/depend\n'}
[98.433411] (kill_switch) StdoutLine: {'line': b"gmake[2]: Entering directory '/home/vdt_2026/VDT_project/build/kill_switch'\n"}
[98.433631] (kill_switch) StdoutLine: {'line': b'cd /home/vdt_2026/VDT_project/build/kill_switch && /usr/bin/cmake -E cmake_depends "Unix Makefiles" /home/vdt_2026/VDT_project/ros2_ws/src/kill_switch /home/vdt_2026/VDT_project/ros2_ws/src/kill_switch /home/vdt_2026/VDT_project/build/kill_switch /home/vdt_2026/VDT_project/build/kill_switch /home/vdt_2026/VDT_project/build/kill_switch/CMakeFiles/kill_switch_node.dir/DependInfo.cmake "--color="\n'}
[98.449456] (kill_switch) StdoutLine: {'line': b"gmake[2]: Leaving directory '/home/vdt_2026/VDT_project/build/kill_switch'\n"}
[98.449882] (kill_switch) StdoutLine: {'line': b'/usr/bin/gmake  -f CMakeFiles/kill_switch_node.dir/build.make CMakeFiles/kill_switch_node.dir/build\n'}
[98.451804] (kill_switch) StdoutLine: {'line': b"gmake[2]: Entering directory '/home/vdt_2026/VDT_project/build/kill_switch'\n"}
[98.468110] (kill_switch) StdoutLine: {'line': b'[ 75%] Building CXX object CMakeFiles/kill_switch_node.dir/src/kill_switch_node.cpp.o\n'}
[98.468650] (kill_switch) StdoutLine: {'line': b'[ 50%] Building CXX object CMakeFiles/kill_switch_node.dir/src/main.cpp.o\n'}
[98.468940] (kill_switch) StdoutLine: {'line': b'[ 50%] Building CXX object CMakeFiles/kill_switch_node.dir/src/kill_switch_logic.cpp.o\n'}
[98.469134] (kill_switch) StdoutLine: {'line': b'/usr/bin/c++ -DDEFAULT_RMW_IMPLEMENTATION=rmw_fastrtps_cpp -DFASTCDR_DYN_LINK -I/home/vdt_2026/VDT_project/ros2_ws/src/kill_switch/include -isystem /home/vdt_2026/VDT_project/install/rc_parser/include -isystem /home/vdt_2026/VDT_project/install/vdt_msgs/include/vdt_msgs -isystem /home/vdt_2026/ros2_ws/install/px4_msgs/include/px4_msgs -isystem /opt/ros/jazzy/include/rclcpp -isystem /opt/ros/jazzy/include/std_msgs -isystem /opt/ros/jazzy/include/builtin_interfaces -isystem /opt/ros/jazzy/include/rosidl_runtime_c -isystem /opt/ros/jazzy/include/rcutils -isystem /opt/ros/jazzy/include/rosidl_typesupport_interface -isystem /opt/ros/jazzy/include/fastcdr -isystem /opt/ros/jazzy/include/rosidl_runtime_cpp -isystem /opt/ros/jazzy/include/rosidl_typesupport_fastrtps_cpp -isystem /opt/ros/jazzy/include/rmw -isystem /opt/ros/jazzy/include/rosidl_dynamic_typesupport -isystem /opt/ros/jazzy/include/rosidl_typesupport_fastrtps_c -isystem /opt/ros/jazzy/include/rosidl_typesupport_introspection_c -isystem /opt/ros/jazzy/include/rosidl_typesupport_introspection_cpp -isystem /opt/ros/jazzy/include/libstatistics_collector -isystem /opt/ros/jazzy/include/rcl -isystem /opt/ros/jazzy/include/rcl_interfaces -isystem /opt/ros/jazzy/include/service_msgs -isystem /opt/ros/jazzy/include/rcl_logging_interface -isystem /opt/ros/jazzy/include/rcl_yaml_param_parser -isystem /opt/ros/jazzy/include/type_description_interfaces -isystem /opt/ros/jazzy/include/rcpputils -isystem /opt/ros/jazzy/include/statistics_msgs -isystem /opt/ros/jazzy/include/rosgraph_msgs -isystem /opt/ros/jazzy/include/rosidl_typesupport_cpp -isystem /opt/ros/jazzy/include/rosidl_typesupport_c -isystem /opt/ros/jazzy/include/tracetools -O3 -DNDEBUG -std=gnu++17 -MD -MT CMakeFiles/kill_switch_node.dir/src/main.cpp.o -MF CMakeFiles/kill_switch_node.dir/src/main.cpp.o.d -o CMakeFiles/kill_switch_node.dir/src/main.cpp.o -c /home/vdt_2026/VDT_project/ros2_ws/src/kill_switch/src/main.cpp\n'}
[98.469931] (kill_switch) StdoutLine: {'line': b'/usr/bin/c++ -DDEFAULT_RMW_IMPLEMENTATION=rmw_fastrtps_cpp -DFASTCDR_DYN_LINK -I/home/vdt_2026/VDT_project/ros2_ws/src/kill_switch/include -isystem /home/vdt_2026/VDT_project/install/rc_parser/include -isystem /home/vdt_2026/VDT_project/install/vdt_msgs/include/vdt_msgs -isystem /home/vdt_2026/ros2_ws/install/px4_msgs/include/px4_msgs -isystem /opt/ros/jazzy/include/rclcpp -isystem /opt/ros/jazzy/include/std_msgs -isystem /opt/ros/jazzy/include/builtin_interfaces -isystem /opt/ros/jazzy/include/rosidl_runtime_c -isystem /opt/ros/jazzy/include/rcutils -isystem /opt/ros/jazzy/include/rosidl_typesupport_interface -isystem /opt/ros/jazzy/include/fastcdr -isystem /opt/ros/jazzy/include/rosidl_runtime_cpp -isystem /opt/ros/jazzy/include/rosidl_typesupport_fastrtps_cpp -isystem /opt/ros/jazzy/include/rmw -isystem /opt/ros/jazzy/include/rosidl_dynamic_typesupport -isystem /opt/ros/jazzy/include/rosidl_typesupport_fastrtps_c -isystem /opt/ros/jazzy/include/rosidl_typesupport_introspection_c -isystem /opt/ros/jazzy/include/rosidl_typesupport_introspection_cpp -isystem /opt/ros/jazzy/include/libstatistics_collector -isystem /opt/ros/jazzy/include/rcl -isystem /opt/ros/jazzy/include/rcl_interfaces -isystem /opt/ros/jazzy/include/service_msgs -isystem /opt/ros/jazzy/include/rcl_logging_interface -isystem /opt/ros/jazzy/include/rcl_yaml_param_parser -isystem /opt/ros/jazzy/include/type_description_interfaces -isystem /opt/ros/jazzy/include/rcpputils -isystem /opt/ros/jazzy/include/statistics_msgs -isystem /opt/ros/jazzy/include/rosgraph_msgs -isystem /opt/ros/jazzy/include/rosidl_typesupport_cpp -isystem /opt/ros/jazzy/include/rosidl_typesupport_c -isystem /opt/ros/jazzy/include/tracetools -O3 -DNDEBUG -std=gnu++17 -MD -MT CMakeFiles/kill_switch_node.dir/src/kill_switch_node.cpp.o -MF CMakeFiles/kill_switch_node.dir/src/kill_switch_node.cpp.o.d -o CMakeFiles/kill_switch_node.dir/src/kill_switch_node.cpp.o -c /home/vdt_2026/VDT_project/ros2_ws/src/kill_switch/src/kill_switch_node.cpp\n'}
[98.471236] (kill_switch) StdoutLine: {'line': b'/usr/bin/c++ -DDEFAULT_RMW_IMPLEMENTATION=rmw_fastrtps_cpp -DFASTCDR_DYN_LINK -I/home/vdt_2026/VDT_project/ros2_ws/src/kill_switch/include -isystem /home/vdt_2026/VDT_project/install/rc_parser/include -isystem /home/vdt_2026/VDT_project/install/vdt_msgs/include/vdt_msgs -isystem /home/vdt_2026/ros2_ws/install/px4_msgs/include/px4_msgs -isystem /opt/ros/jazzy/include/rclcpp -isystem /opt/ros/jazzy/include/std_msgs -isystem /opt/ros/jazzy/include/builtin_interfaces -isystem /opt/ros/jazzy/include/rosidl_runtime_c -isystem /opt/ros/jazzy/include/rcutils -isystem /opt/ros/jazzy/include/rosidl_typesupport_interface -isystem /opt/ros/jazzy/include/fastcdr -isystem /opt/ros/jazzy/include/rosidl_runtime_cpp -isystem /opt/ros/jazzy/include/rosidl_typesupport_fastrtps_cpp -isystem /opt/ros/jazzy/include/rmw -isystem /opt/ros/jazzy/include/rosidl_dynamic_typesupport -isystem /opt/ros/jazzy/include/rosidl_typesupport_fastrtps_c -isystem /opt/ros/jazzy/include/rosidl_typesupport_introspection_c -isystem /opt/ros/jazzy/include/rosidl_typesupport_introspection_cpp -isystem /opt/ros/jazzy/include/libstatistics_collector -isystem /opt/ros/jazzy/include/rcl -isystem /opt/ros/jazzy/include/rcl_interfaces -isystem /opt/ros/jazzy/include/service_msgs -isystem /opt/ros/jazzy/include/rcl_logging_interface -isystem /opt/ros/jazzy/include/rcl_yaml_param_parser -isystem /opt/ros/jazzy/include/type_description_interfaces -isystem /opt/ros/jazzy/include/rcpputils -isystem /opt/ros/jazzy/include/statistics_msgs -isystem /opt/ros/jazzy/include/rosgraph_msgs -isystem /opt/ros/jazzy/include/rosidl_typesupport_cpp -isystem /opt/ros/jazzy/include/rosidl_typesupport_c -isystem /opt/ros/jazzy/include/tracetools -O3 -DNDEBUG -std=gnu++17 -MD -MT CMakeFiles/kill_switch_node.dir/src/kill_switch_logic.cpp.o -MF CMakeFiles/kill_switch_node.dir/src/kill_switch_logic.cpp.o.d -o CMakeFiles/kill_switch_node.dir/src/kill_switch_logic.cpp.o -c /home/vdt_2026/VDT_project/ros2_ws/src/kill_switch/src/kill_switch_logic.cpp\n'}
[98.499847] (-) TimerEvent: {}
[98.600328] (-) TimerEvent: {}
[98.700838] (-) TimerEvent: {}
[98.801210] (-) TimerEvent: {}
[98.901419] (-) TimerEvent: {}
[99.001616] (-) TimerEvent: {}
[99.101824] (-) TimerEvent: {}
[99.202028] (-) TimerEvent: {}
[99.302193] (-) TimerEvent: {}
[99.402346] (-) TimerEvent: {}
[99.502498] (-) TimerEvent: {}
[99.602644] (-) TimerEvent: {}
[99.702856] (-) TimerEvent: {}
[99.803033] (-) TimerEvent: {}
[99.903188] (-) TimerEvent: {}
[100.003370] (-) TimerEvent: {}
[100.103568] (-) TimerEvent: {}
[100.203768] (-) TimerEvent: {}
[100.303948] (-) TimerEvent: {}
[100.404135] (-) TimerEvent: {}
[100.504312] (-) TimerEvent: {}
[100.604461] (-) TimerEvent: {}
[100.704662] (-) TimerEvent: {}
[100.804881] (-) TimerEvent: {}
[100.905058] (-) TimerEvent: {}
[101.005314] (-) TimerEvent: {}
[101.105566] (-) TimerEvent: {}
[101.205773] (-) TimerEvent: {}
[101.305942] (-) TimerEvent: {}
[101.406086] (-) TimerEvent: {}
[101.506259] (-) TimerEvent: {}
[101.640630] (-) TimerEvent: {}
[101.740827] (-) TimerEvent: {}
[101.840992] (-) TimerEvent: {}
[101.941183] (-) TimerEvent: {}
[102.041381] (-) TimerEvent: {}
[102.141588] (-) TimerEvent: {}
[102.241803] (-) TimerEvent: {}
[102.341993] (-) TimerEvent: {}
[102.442176] (-) TimerEvent: {}
[102.542333] (-) TimerEvent: {}
[102.642483] (-) TimerEvent: {}
[102.742629] (-) TimerEvent: {}
[102.842795] (-) TimerEvent: {}
[102.942987] (-) TimerEvent: {}
[103.043198] (-) TimerEvent: {}
[103.143397] (-) TimerEvent: {}
[103.243595] (-) TimerEvent: {}
[103.343817] (-) TimerEvent: {}
[103.444055] (-) TimerEvent: {}
[103.544234] (-) TimerEvent: {}
[103.644372] (-) TimerEvent: {}
[103.744538] (-) TimerEvent: {}
[103.844726] (-) TimerEvent: {}
[103.944909] (-) TimerEvent: {}
[104.045075] (-) TimerEvent: {}
[104.145226] (-) TimerEvent: {}
[104.245355] (-) TimerEvent: {}
[104.345459] (-) TimerEvent: {}
[104.445551] (-) TimerEvent: {}
[104.545641] (-) TimerEvent: {}
[104.645732] (-) TimerEvent: {}
[104.745830] (-) TimerEvent: {}
[104.845967] (-) TimerEvent: {}
[104.946130] (-) TimerEvent: {}
[105.046283] (-) TimerEvent: {}
[105.146438] (-) TimerEvent: {}
[105.246574] (-) TimerEvent: {}
[105.346668] (-) TimerEvent: {}
[105.446752] (-) TimerEvent: {}
[105.546844] (-) TimerEvent: {}
[105.646923] (-) TimerEvent: {}
[105.747001] (-) TimerEvent: {}
[105.847102] (-) TimerEvent: {}
[105.947244] (-) TimerEvent: {}
[106.047447] (-) TimerEvent: {}
[106.147655] (-) TimerEvent: {}
[106.247788] (-) TimerEvent: {}
[106.347891] (-) TimerEvent: {}
[106.447978] (-) TimerEvent: {}
[106.548113] (-) TimerEvent: {}
[106.648271] (-) TimerEvent: {}
[106.748442] (-) TimerEvent: {}
[106.848610] (-) TimerEvent: {}
[106.948773] (-) TimerEvent: {}
[107.048916] (-) TimerEvent: {}
[107.149039] (-) TimerEvent: {}
[107.249137] (-) TimerEvent: {}
[107.349220] (-) TimerEvent: {}
[107.449296] (-) TimerEvent: {}
[107.549388] (-) TimerEvent: {}
[107.649463] (-) TimerEvent: {}
[107.749538] (-) TimerEvent: {}
[107.849611] (-) TimerEvent: {}
[107.949754] (-) TimerEvent: {}
[108.049928] (-) TimerEvent: {}
[108.150069] (-) TimerEvent: {}
[108.250187] (-) TimerEvent: {}
[108.350280] (-) TimerEvent: {}
[108.450374] (-) TimerEvent: {}
[108.550455] (-) TimerEvent: {}
[108.650534] (-) TimerEvent: {}
[108.750620] (-) TimerEvent: {}
[108.850720] (-) TimerEvent: {}
[108.950888] (-) TimerEvent: {}
[109.051068] (-) TimerEvent: {}
[109.151247] (-) TimerEvent: {}
[109.251384] (-) TimerEvent: {}
[109.351538] (-) TimerEvent: {}
[109.451693] (-) TimerEvent: {}
[109.551797] (-) TimerEvent: {}
[109.651888] (-) TimerEvent: {}
[109.752028] (-) TimerEvent: {}
[109.852180] (-) TimerEvent: {}
[109.952326] (-) TimerEvent: {}
[110.052486] (-) TimerEvent: {}
[110.152614] (-) TimerEvent: {}
[110.252726] (-) TimerEvent: {}
[110.352826] (-) TimerEvent: {}
[110.452913] (-) TimerEvent: {}
[110.552990] (-) TimerEvent: {}
[110.653078] (-) TimerEvent: {}
[110.753160] (-) TimerEvent: {}
[110.853238] (-) TimerEvent: {}
[110.953358] (-) TimerEvent: {}
[111.053515] (-) TimerEvent: {}
[111.153652] (-) TimerEvent: {}
[111.253766] (-) TimerEvent: {}
[111.353856] (-) TimerEvent: {}
[111.453939] (-) TimerEvent: {}
[111.554069] (-) TimerEvent: {}
[111.654235] (-) TimerEvent: {}
[111.755393] (-) TimerEvent: {}
[111.855540] (-) TimerEvent: {}
[111.955709] (-) TimerEvent: {}
[112.055908] (-) TimerEvent: {}
[112.156059] (-) TimerEvent: {}
[112.256180] (-) TimerEvent: {}
[112.356290] (-) TimerEvent: {}
[112.456436] (-) TimerEvent: {}
[112.556613] (-) TimerEvent: {}
[112.656744] (-) TimerEvent: {}
[112.756896] (-) TimerEvent: {}
[112.857106] (-) TimerEvent: {}
[112.957299] (-) TimerEvent: {}
[113.057467] (-) TimerEvent: {}
[113.157627] (-) TimerEvent: {}
[113.257777] (-) TimerEvent: {}
[113.357882] (-) TimerEvent: {}
[113.457968] (-) TimerEvent: {}
[113.558050] (-) TimerEvent: {}
[113.658129] (-) TimerEvent: {}
[113.758203] (-) TimerEvent: {}
[113.858280] (-) TimerEvent: {}
[113.958397] (-) TimerEvent: {}
[114.058537] (-) TimerEvent: {}
[114.158663] (-) TimerEvent: {}
[114.258772] (-) TimerEvent: {}
[114.358891] (-) TimerEvent: {}
[114.459002] (-) TimerEvent: {}
[114.559169] (-) TimerEvent: {}
[114.659391] (-) TimerEvent: {}
[114.759607] (-) TimerEvent: {}
[114.859823] (-) TimerEvent: {}
[114.960038] (-) TimerEvent: {}
[115.060251] (-) TimerEvent: {}
[115.160465] (-) TimerEvent: {}
[115.260645] (-) TimerEvent: {}
[115.360807] (-) TimerEvent: {}
[115.460967] (-) TimerEvent: {}
[115.561151] (-) TimerEvent: {}
[115.661321] (-) TimerEvent: {}
[115.761472] (-) TimerEvent: {}
[115.861677] (-) TimerEvent: {}
[115.961904] (-) TimerEvent: {}
[116.062062] (-) TimerEvent: {}
[116.162202] (-) TimerEvent: {}
[116.262328] (-) TimerEvent: {}
[116.362436] (-) TimerEvent: {}
[116.462528] (-) TimerEvent: {}
[116.562614] (-) TimerEvent: {}
[116.662696] (-) TimerEvent: {}
[116.762836] (-) TimerEvent: {}
[116.862996] (-) TimerEvent: {}
[116.963138] (-) TimerEvent: {}
[117.063256] (-) TimerEvent: {}
[117.163360] (-) TimerEvent: {}
[117.263455] (-) TimerEvent: {}
[117.363557] (-) TimerEvent: {}
[117.463674] (-) TimerEvent: {}
[117.563763] (-) TimerEvent: {}
[117.663854] (-) TimerEvent: {}
[117.763956] (-) TimerEvent: {}
[117.864055] (-) TimerEvent: {}
[117.964137] (-) TimerEvent: {}
[118.064235] (-) TimerEvent: {}
[118.164378] (-) TimerEvent: {}
[118.264530] (-) TimerEvent: {}
[118.364776] (-) TimerEvent: {}
[118.436659] (kill_switch) StdoutLine: {'line': b'[100%] Linking CXX executable kill_switch_node\n'}
[118.438449] (kill_switch) StdoutLine: {'line': b'/usr/bin/cmake -E cmake_link_script CMakeFiles/kill_switch_node.dir/link.txt --verbose=1\n'}
[118.450568] (kill_switch) StdoutLine: {'line': b'/usr/bin/c++ -O3 -DNDEBUG CMakeFiles/kill_switch_node.dir/src/main.cpp.o CMakeFiles/kill_switch_node.dir/src/kill_switch_node.cpp.o CMakeFiles/kill_switch_node.dir/src/kill_switch_logic.cpp.o -o kill_switch_node  -Wl,-rpath,/home/vdt_2026/ros2_ws/install/px4_msgs/lib:/opt/ros/jazzy/lib:/home/vdt_2026/VDT_project/install/vdt_msgs/lib: /home/vdt_2026/ros2_ws/install/px4_msgs/lib/libpx4_msgs__rosidl_typesupport_fastrtps_c.so /home/vdt_2026/ros2_ws/install/px4_msgs/lib/libpx4_msgs__rosidl_typesupport_fastrtps_cpp.so /home/vdt_2026/ros2_ws/install/px4_msgs/lib/libpx4_msgs__rosidl_typesupport_introspection_c.so /home/vdt_2026/ros2_ws/install/px4_msgs/lib/libpx4_msgs__rosidl_typesupport_introspection_cpp.so /home/vdt_2026/ros2_ws/install/px4_msgs/lib/libpx4_msgs__rosidl_typesupport_cpp.so /home/vdt_2026/ros2_ws/install/px4_msgs/lib/libpx4_msgs__rosidl_generator_py.so /home/vdt_2026/VDT_project/install/rc_parser/lib/librc_parser_lib.a /home/vdt_2026/VDT_project/install/rc_parser/lib/librc_parser_lib.a /home/vdt_2026/ros2_ws/install/px4_msgs/lib/libpx4_msgs__rosidl_typesupport_c.so /home/vdt_2026/ros2_ws/install/px4_msgs/lib/libpx4_msgs__rosidl_generator_c.so /opt/ros/jazzy/lib/librclcpp.so /opt/ros/jazzy/lib/liblibstatistics_collector.so /opt/ros/jazzy/lib/librcl.so /opt/ros/jazzy/lib/librmw_implementation.so /opt/ros/jazzy/lib/libtype_description_interfaces__rosidl_typesupport_fastrtps_c.so /opt/ros/jazzy/lib/libtype_description_interfaces__rosidl_typesupport_introspection_c.so /opt/ros/jazzy/lib/libtype_description_interfaces__rosidl_typesupport_fastrtps_cpp.so /opt/ros/jazzy/lib/libtype_description_interfaces__rosidl_typesupport_introspection_cpp.so /opt/ros/jazzy/lib/libtype_description_interfaces__rosidl_typesupport_cpp.so /opt/ros/jazzy/lib/libtype_description_interfaces__rosidl_generator_py.so /opt/ros/jazzy/lib/libtype_description_interfaces__rosidl_typesupport_c.so /opt/ros/jazzy/lib/libtype_description_interfaces__rosidl_generator_c.so /opt/ros/jazzy/lib/librcl_yaml_param_parser.so /opt/ros/jazzy/lib/librosgraph_msgs__rosidl_typesupport_fastrtps_c.so /opt/ros/jazzy/lib/librosgraph_msgs__rosidl_typesupport_fastrtps_cpp.so /opt/ros/jazzy/lib/librosgraph_msgs__rosidl_typesupport_introspection_c.so /opt/ros/jazzy/lib/librosgraph_msgs__rosidl_typesupport_introspection_cpp.so /opt/ros/jazzy/lib/librosgraph_msgs__rosidl_typesupport_cpp.so /opt/ros/jazzy/lib/librosgraph_msgs__rosidl_generator_py.so /opt/ros/jazzy/lib/librcl_interfaces__rosidl_typesupport_fastrtps_c.so /opt/ros/jazzy/lib/librcl_interfaces__rosidl_typesupport_introspection_c.so /opt/ros/jazzy/lib/librcl_interfaces__rosidl_typesupport_fastrtps_cpp.so /opt/ros/jazzy/lib/librcl_interfaces__rosidl_typesupport_introspection_cpp.so /opt/ros/jazzy/lib/librcl_interfaces__rosidl_typesupport_cpp.so /opt/ros/jazzy/lib/librcl_interfaces__rosidl_generator_py.so /opt/ros/jazzy/lib/librosgraph_msgs__rosidl_typesupport_c.so /opt/ros/jazzy/lib/librcl_interfaces__rosidl_typesupport_c.so /opt/ros/jazzy/lib/librosgraph_msgs__rosidl_generator_c.so /opt/ros/jazzy/lib/librcl_interfaces__rosidl_generator_c.so /opt/ros/jazzy/lib/libservice_msgs__rosidl_typesupport_fastrtps_c.so /opt/ros/jazzy/lib/libservice_msgs__rosidl_typesupport_fastrtps_cpp.so /opt/ros/jazzy/lib/libservice_msgs__rosidl_typesupport_introspection_c.so /opt/ros/jazzy/lib/libservice_msgs__rosidl_typesupport_introspection_cpp.so /opt/ros/jazzy/lib/libservice_msgs__rosidl_typesupport_cpp.so /opt/ros/jazzy/lib/libservice_msgs__rosidl_typesupport_c.so /opt/ros/jazzy/lib/libservice_msgs__rosidl_generator_c.so /opt/ros/jazzy/lib/libstatistics_msgs__rosidl_typesupport_fastrtps_c.so /opt/ros/jazzy/lib/libstatistics_msgs__rosidl_typesupport_fastrtps_cpp.so /opt/ros/jazzy/lib/libstatistics_msgs__rosidl_typesupport_introspection_c.so /opt/ros/jazzy/lib/libstatistics_msgs__rosidl_typesupport_introspection_cpp.so /opt/ros/jazzy/lib/libstatistics_msgs__rosidl_typesupport_cpp.so /opt/ros/jazzy/lib/libstatistics_msgs__rosidl_generator_py.so /opt/ros/jazzy/lib/libstatistics_msgs__rosidl_typesupport_c.so /opt/ros/jazzy/lib/libstatistics_msgs__rosidl_generator_c.so /opt/ros/jazzy/lib/libtracetools.so -llttng-ust -llttng-ust-common -rdynamic -ldl /opt/ros/jazzy/lib/librcl_logging_interface.so /home/vdt_2026/VDT_project/install/vdt_msgs/lib/libvdt_msgs__rosidl_typesupport_fastrtps_c.so /home/vdt_2026/VDT_project/install/vdt_msgs/lib/libvdt_msgs__rosidl_typesupport_fastrtps_cpp.so /home/vdt_2026/VDT_project/install/vdt_msgs/lib/libvdt_msgs__rosidl_typesupport_introspection_c.so /home/vdt_2026/VDT_project/install/vdt_msgs/lib/libvdt_msgs__rosidl_typesupport_introspection_cpp.so /home/vdt_2026/VDT_project/install/vdt_msgs/lib/libvdt_msgs__rosidl_typesupport_cpp.so /home/vdt_2026/VDT_project/install/vdt_msgs/lib/libvdt_msgs__rosidl_generator_py.so /opt/ros/jazzy/lib/libstd_msgs__rosidl_typesupport_fastrtps_c.so /opt/ros/jazzy/lib/libstd_msgs__rosidl_typesupport_fastrtps_cpp.so /opt/ros/jazzy/lib/libstd_msgs__rosidl_typesupport_introspection_c.so /opt/ros/jazzy/lib/libstd_msgs__rosidl_typesupport_introspection_cpp.so /opt/ros/jazzy/lib/libstd_msgs__rosidl_typesupport_cpp.so /opt/ros/jazzy/lib/libstd_msgs__rosidl_generator_py.so /home/vdt_2026/VDT_project/install/vdt_msgs/lib/libvdt_msgs__rosidl_typesupport_c.so /opt/ros/jazzy/lib/libstd_msgs__rosidl_typesupport_c.so /home/vdt_2026/VDT_project/install/vdt_msgs/lib/libvdt_msgs__rosidl_generator_c.so /opt/ros/jazzy/lib/libstd_msgs__rosidl_generator_c.so /opt/ros/jazzy/lib/libbuiltin_interfaces__rosidl_typesupport_fastrtps_c.so /opt/ros/jazzy/lib/librosidl_typesupport_fastrtps_c.so /opt/ros/jazzy/lib/libbuiltin_interfaces__rosidl_typesupport_introspection_c.so /opt/ros/jazzy/lib/libbuiltin_interfaces__rosidl_typesupport_fastrtps_cpp.so /opt/ros/jazzy/lib/librosidl_typesupport_fastrtps_cpp.so /opt/ros/jazzy/lib/librmw.so /opt/ros/jazzy/lib/librosidl_dynamic_typesupport.so /opt/ros/jazzy/lib/libfastcdr.so.2.2.8 /opt/ros/jazzy/lib/libbuiltin_interfaces__rosidl_typesupport_introspection_cpp.so /opt/ros/jazzy/lib/librosidl_typesupport_introspection_cpp.so /opt/ros/jazzy/lib/librosidl_typesupport_introspection_c.so /opt/ros/jazzy/lib/libbuiltin_interfaces__rosidl_typesupport_cpp.so /opt/ros/jazzy/lib/librosidl_typesupport_cpp.so /opt/ros/jazzy/lib/libbuiltin_interfaces__rosidl_generator_py.so /opt/ros/jazzy/lib/libbuiltin_interfaces__rosidl_typesupport_c.so /opt/ros/jazzy/lib/libbuiltin_interfaces__rosidl_generator_c.so /opt/ros/jazzy/lib/librosidl_typesupport_c.so /opt/ros/jazzy/lib/librcpputils.so /opt/ros/jazzy/lib/librosidl_runtime_c.so /opt/ros/jazzy/lib/librcutils.so -ldl -latomic -Wl,-rpath-link,/opt/ros/jazzy/lib \n'}
[118.464875] (-) TimerEvent: {}
[118.565128] (-) TimerEvent: {}
[118.665320] (-) TimerEvent: {}
[118.764088] (kill_switch) StdoutLine: {'line': b"gmake[2]: Leaving directory '/home/vdt_2026/VDT_project/build/kill_switch'\n"}
[118.765421] (-) TimerEvent: {}
[118.865592] (-) TimerEvent: {}
[118.871960] (kill_switch) StdoutLine: {'line': b'[100%] Built target kill_switch_node\n'}
[118.874382] (kill_switch) StdoutLine: {'line': b"gmake[1]: Leaving directory '/home/vdt_2026/VDT_project/build/kill_switch'\n"}
[118.874779] (kill_switch) StdoutLine: {'line': b'/usr/bin/cmake -E cmake_progress_start /home/vdt_2026/VDT_project/build/kill_switch/CMakeFiles 0\n'}
[118.907352] (kill_switch) StdoutLine: {'line': b'\n'}
[118.910856] (kill_switch) CommandEnded: {'returncode': 0}
[118.911827] (kill_switch) JobProgress: {'identifier': 'kill_switch', 'progress': 'install'}
[118.912374] (kill_switch) Command: {'cmd': ['/usr/bin/cmake', '--install', '/home/vdt_2026/VDT_project/build/kill_switch'], 'cwd': '/home/vdt_2026/VDT_project/build/kill_switch', 'env': OrderedDict({'LESSOPEN': '| /usr/bin/lesspipe %s', 'USER': 'vdt_2026', 'SSH_CLIENT': '100.101.240.43 53682 22', 'XDG_SESSION_TYPE': 'tty', 'SHLVL': '1', 'LD_LIBRARY_PATH': '/home/vdt_2026/VDT_project/install/rc_parser/lib:/home/vdt_2026/VDT_project/install/vdt_msgs/lib:/home/vdt_2026/ros2_ws/install/px4_msgs/lib:/opt/ros/jazzy/lib/aarch64-linux-gnu:/opt/ros/jazzy/lib', 'HOME': '/home/vdt_2026', 'OLDPWD': '/home/vdt_2026', 'SSH_TTY': '/dev/pts/0', 'ROS_PYTHON_VERSION': '3', 'DBUS_SESSION_BUS_ADDRESS': 'unix:path=/run/user/1000/bus', 'COLCON_PREFIX_PATH': '/home/vdt_2026/ros2_ws/install', 'ROS_DISTRO': 'jazzy', 'LOGNAME': 'vdt_2026', '_': '/usr/bin/colcon', 'ROS_VERSION': '2', 'XDG_SESSION_CLASS': 'user', 'TERM': 'xterm-256color', 'XDG_SESSION_ID': '1', 'PATH': '/home/vdt_2026/.local/bin:/opt/ros/jazzy/bin:/usr/local/sbin:/usr/local/bin:/usr/sbin:/usr/bin:/sbin:/bin:/usr/games:/usr/local/games:/snap/bin', 'XDG_RUNTIME_DIR': '/run/user/1000', 'LANG': 'en_US.UTF-8', 'LS_COLORS': 'rs=0:di=01;34:ln=01;36:mh=00:pi=40;33:so=01;35:do=01;35:bd=40;33;01:cd=40;33;01:or=40;31;01:mi=00:su=37;41:sg=30;43:ca=00:tw=30;42:ow=34;42:st=37;44:ex=01;32:*.tar=01;31:*.tgz=01;31:*.arc=01;31:*.arj=01;31:*.taz=01;31:*.lha=01;31:*.lz4=01;31:*.lzh=01;31:*.lzma=01;31:*.tlz=01;31:*.txz=01;31:*.tzo=01;31:*.t7z=01;31:*.zip=01;31:*.z=01;31:*.dz=01;31:*.gz=01;31:*.lrz=01;31:*.lz=01;31:*.lzo=01;31:*.xz=01;31:*.zst=01;31:*.tzst=01;31:*.bz2=01;31:*.bz=01;31:*.tbz=01;31:*.tbz2=01;31:*.tz=01;31:*.deb=01;31:*.rpm=01;31:*.jar=01;31:*.war=01;31:*.ear=01;31:*.sar=01;31:*.rar=01;31:*.alz=01;31:*.ace=01;31:*.zoo=01;31:*.cpio=01;31:*.7z=01;31:*.rz=01;31:*.cab=01;31:*.wim=01;31:*.swm=01;31:*.dwm=01;31:*.esd=01;31:*.avif=01;35:*.jpg=01;35:*.jpeg=01;35:*.mjpg=01;35:*.mjpeg=01;35:*.gif=01;35:*.bmp=01;35:*.pbm=01;35:*.pgm=01;35:*.ppm=01;35:*.tga=01;35:*.xbm=01;35:*.xpm=01;35:*.tif=01;35:*.tiff=01;35:*.png=01;35:*.svg=01;35:*.svgz=01;35:*.mng=01;35:*.pcx=01;35:*.mov=01;35:*.mpg=01;35:*.mpeg=01;35:*.m2v=01;35:*.mkv=01;35:*.webm=01;35:*.webp=01;35:*.ogm=01;35:*.mp4=01;35:*.m4v=01;35:*.mp4v=01;35:*.vob=01;35:*.qt=01;35:*.nuv=01;35:*.wmv=01;35:*.asf=01;35:*.rm=01;35:*.rmvb=01;35:*.flc=01;35:*.avi=01;35:*.fli=01;35:*.flv=01;35:*.gl=01;35:*.dl=01;35:*.xcf=01;35:*.xwd=01;35:*.yuv=01;35:*.cgm=01;35:*.emf=01;35:*.ogv=01;35:*.ogx=01;35:*.aac=00;36:*.au=00;36:*.flac=00;36:*.m4a=00;36:*.mid=00;36:*.midi=00;36:*.mka=00;36:*.mp3=00;36:*.mpc=00;36:*.ogg=00;36:*.ra=00;36:*.wav=00;36:*.oga=00;36:*.opus=00;36:*.spx=00;36:*.xspf=00;36:*~=00;90:*#=00;90:*.bak=00;90:*.crdownload=00;90:*.dpkg-dist=00;90:*.dpkg-new=00;90:*.dpkg-old=00;90:*.dpkg-tmp=00;90:*.old=00;90:*.orig=00;90:*.part=00;90:*.rej=00;90:*.rpmnew=00;90:*.rpmorig=00;90:*.rpmsave=00;90:*.swp=00;90:*.tmp=00;90:*.ucf-dist=00;90:*.ucf-new=00;90:*.ucf-old=00;90:', 'AMENT_PREFIX_PATH': '/home/vdt_2026/VDT_project/install/rc_parser:/home/vdt_2026/VDT_project/install/vdt_msgs:/home/vdt_2026/ros2_ws/install/px4_msgs:/opt/ros/jazzy', 'SHELL': '/bin/bash', 'LESSCLOSE': '/usr/bin/lesspipe %s %s', 'ROS_AUTOMATIC_DISCOVERY_RANGE': 'SUBNET', 'PWD': '/home/vdt_2026/VDT_project/build/kill_switch', 'LC_ALL': 'en_US.UTF-8', 'SSH_CONNECTION': '100.101.240.43 53682 100.65.242.75 22', 'XDG_DATA_DIRS': '/usr/local/share:/usr/share:/var/lib/snapd/desktop', 'PYTHONPATH': '/home/vdt_2026/VDT_project/install/vdt_msgs/lib/python3.12/site-packages:/home/vdt_2026/ros2_ws/install/px4_msgs/lib/python3.12/site-packages:/opt/ros/jazzy/lib/python3.12/site-packages:/home/vdt_2026/librealsense/build/Release', 'COLCON': '1', 'CMAKE_PREFIX_PATH': '/home/vdt_2026/VDT_project/install/rc_parser:/home/vdt_2026/VDT_project/install/vdt_msgs:/home/vdt_2026/ros2_ws/install/px4_msgs:/opt/ros/jazzy'}), 'shell': False}
[118.927816] (kill_switch) StdoutLine: {'line': b'-- Install configuration: "Release"\n'}
[118.928143] (kill_switch) StdoutLine: {'line': b'-- Installing: /home/vdt_2026/VDT_project/install/kill_switch/lib/kill_switch/kill_switch_node\n'}
[118.930627] (kill_switch) StdoutLine: {'line': b'-- Set non-toolchain portion of runtime path of "/home/vdt_2026/VDT_project/install/kill_switch/lib/kill_switch/kill_switch_node" to ""\n'}
[118.930928] (kill_switch) StdoutLine: {'line': b'-- Installing: /home/vdt_2026/VDT_project/install/kill_switch/share/ament_index/resource_index/package_run_dependencies/kill_switch\n'}
[118.931199] (kill_switch) StdoutLine: {'line': b'-- Installing: /home/vdt_2026/VDT_project/install/kill_switch/share/ament_index/resource_index/parent_prefix_path/kill_switch\n'}
[118.932196] (kill_switch) StdoutLine: {'line': b'-- Installing: /home/vdt_2026/VDT_project/install/kill_switch/share/kill_switch/environment/ament_prefix_path.sh\n'}
[118.932410] (kill_switch) StdoutLine: {'line': b'-- Installing: /home/vdt_2026/VDT_project/install/kill_switch/share/kill_switch/environment/ament_prefix_path.dsv\n'}
[118.932589] (kill_switch) StdoutLine: {'line': b'-- Installing: /home/vdt_2026/VDT_project/install/kill_switch/share/kill_switch/environment/path.sh\n'}
[118.932797] (kill_switch) StdoutLine: {'line': b'-- Installing: /home/vdt_2026/VDT_project/install/kill_switch/share/kill_switch/environment/path.dsv\n'}
[118.933151] (kill_switch) StdoutLine: {'line': b'-- Installing: /home/vdt_2026/VDT_project/install/kill_switch/share/kill_switch/local_setup.bash\n'}
[118.933471] (kill_switch) StdoutLine: {'line': b'-- Installing: /home/vdt_2026/VDT_project/install/kill_switch/share/kill_switch/local_setup.sh\n'}
[118.933630] (kill_switch) StdoutLine: {'line': b'-- Installing: /home/vdt_2026/VDT_project/install/kill_switch/share/kill_switch/local_setup.zsh\n'}
[118.933971] (kill_switch) StdoutLine: {'line': b'-- Installing: /home/vdt_2026/VDT_project/install/kill_switch/share/kill_switch/local_setup.dsv\n'}
[118.934144] (kill_switch) StdoutLine: {'line': b'-- Installing: /home/vdt_2026/VDT_project/install/kill_switch/share/kill_switch/package.dsv\n'}
[118.934415] (kill_switch) StdoutLine: {'line': b'-- Installing: /home/vdt_2026/VDT_project/install/kill_switch/share/ament_index/resource_index/packages/kill_switch\n'}
[118.934677] (kill_switch) StdoutLine: {'line': b'-- Installing: /home/vdt_2026/VDT_project/install/kill_switch/share/kill_switch/cmake/kill_switchConfig.cmake\n'}
[118.934988] (kill_switch) StdoutLine: {'line': b'-- Installing: /home/vdt_2026/VDT_project/install/kill_switch/share/kill_switch/cmake/kill_switchConfig-version.cmake\n'}
[118.935188] (kill_switch) StdoutLine: {'line': b'-- Installing: /home/vdt_2026/VDT_project/install/kill_switch/share/kill_switch/package.xml\n'}
[118.938013] (kill_switch) CommandEnded: {'returncode': 0}
[118.965688] (-) TimerEvent: {}
[119.065863] (-) TimerEvent: {}
[119.166070] (-) TimerEvent: {}
[119.266240] (-) TimerEvent: {}
[119.366390] (-) TimerEvent: {}
[119.422540] (kill_switch) JobEnded: {'identifier': 'kill_switch', 'rc': 0}
[119.485579] (-) TimerEvent: {}
[119.485670] (offboard_safety_monitor) JobStarted: {'identifier': 'offboard_safety_monitor'}
[119.485732] (offboard_safety_monitor) JobProgress: {'identifier': 'offboard_safety_monitor', 'progress': 'cmake'}
[119.485782] (offboard_safety_monitor) Command: {'cmd': ['/usr/bin/cmake', '/home/vdt_2026/VDT_project/ros2_ws/src/offboard_safety_monitor', '-DCMAKE_VERBOSE_MAKEFILE=ON', '-DCMAKE_INSTALL_PREFIX=/home/vdt_2026/VDT_project/install/offboard_safety_monitor'], 'cwd': '/home/vdt_2026/VDT_project/build/offboard_safety_monitor', 'env': OrderedDict({'LESSOPEN': '| /usr/bin/lesspipe %s', 'USER': 'vdt_2026', 'SSH_CLIENT': '100.101.240.43 53682 22', 'XDG_SESSION_TYPE': 'tty', 'SHLVL': '1', 'LD_LIBRARY_PATH': '/home/vdt_2026/VDT_project/install/vdt_msgs/lib:/home/vdt_2026/ros2_ws/install/px4_msgs/lib:/opt/ros/jazzy/lib/aarch64-linux-gnu:/opt/ros/jazzy/lib', 'HOME': '/home/vdt_2026', 'OLDPWD': '/home/vdt_2026', 'SSH_TTY': '/dev/pts/0', 'ROS_PYTHON_VERSION': '3', 'DBUS_SESSION_BUS_ADDRESS': 'unix:path=/run/user/1000/bus', 'COLCON_PREFIX_PATH': '/home/vdt_2026/ros2_ws/install', 'ROS_DISTRO': 'jazzy', 'LOGNAME': 'vdt_2026', '_': '/usr/bin/colcon', 'ROS_VERSION': '2', 'XDG_SESSION_CLASS': 'user', 'TERM': 'xterm-256color', 'XDG_SESSION_ID': '1', 'PATH': '/home/vdt_2026/.local/bin:/opt/ros/jazzy/bin:/usr/local/sbin:/usr/local/bin:/usr/sbin:/usr/bin:/sbin:/bin:/usr/games:/usr/local/games:/snap/bin', 'XDG_RUNTIME_DIR': '/run/user/1000', 'LANG': 'en_US.UTF-8', 'LS_COLORS': 'rs=0:di=01;34:ln=01;36:mh=00:pi=40;33:so=01;35:do=01;35:bd=40;33;01:cd=40;33;01:or=40;31;01:mi=00:su=37;41:sg=30;43:ca=00:tw=30;42:ow=34;42:st=37;44:ex=01;32:*.tar=01;31:*.tgz=01;31:*.arc=01;31:*.arj=01;31:*.taz=01;31:*.lha=01;31:*.lz4=01;31:*.lzh=01;31:*.lzma=01;31:*.tlz=01;31:*.txz=01;31:*.tzo=01;31:*.t7z=01;31:*.zip=01;31:*.z=01;31:*.dz=01;31:*.gz=01;31:*.lrz=01;31:*.lz=01;31:*.lzo=01;31:*.xz=01;31:*.zst=01;31:*.tzst=01;31:*.bz2=01;31:*.bz=01;31:*.tbz=01;31:*.tbz2=01;31:*.tz=01;31:*.deb=01;31:*.rpm=01;31:*.jar=01;31:*.war=01;31:*.ear=01;31:*.sar=01;31:*.rar=01;31:*.alz=01;31:*.ace=01;31:*.zoo=01;31:*.cpio=01;31:*.7z=01;31:*.rz=01;31:*.cab=01;31:*.wim=01;31:*.swm=01;31:*.dwm=01;31:*.esd=01;31:*.avif=01;35:*.jpg=01;35:*.jpeg=01;35:*.mjpg=01;35:*.mjpeg=01;35:*.gif=01;35:*.bmp=01;35:*.pbm=01;35:*.pgm=01;35:*.ppm=01;35:*.tga=01;35:*.xbm=01;35:*.xpm=01;35:*.tif=01;35:*.tiff=01;35:*.png=01;35:*.svg=01;35:*.svgz=01;35:*.mng=01;35:*.pcx=01;35:*.mov=01;35:*.mpg=01;35:*.mpeg=01;35:*.m2v=01;35:*.mkv=01;35:*.webm=01;35:*.webp=01;35:*.ogm=01;35:*.mp4=01;35:*.m4v=01;35:*.mp4v=01;35:*.vob=01;35:*.qt=01;35:*.nuv=01;35:*.wmv=01;35:*.asf=01;35:*.rm=01;35:*.rmvb=01;35:*.flc=01;35:*.avi=01;35:*.fli=01;35:*.flv=01;35:*.gl=01;35:*.dl=01;35:*.xcf=01;35:*.xwd=01;35:*.yuv=01;35:*.cgm=01;35:*.emf=01;35:*.ogv=01;35:*.ogx=01;35:*.aac=00;36:*.au=00;36:*.flac=00;36:*.m4a=00;36:*.mid=00;36:*.midi=00;36:*.mka=00;36:*.mp3=00;36:*.mpc=00;36:*.ogg=00;36:*.ra=00;36:*.wav=00;36:*.oga=00;36:*.opus=00;36:*.spx=00;36:*.xspf=00;36:*~=00;90:*#=00;90:*.bak=00;90:*.crdownload=00;90:*.dpkg-dist=00;90:*.dpkg-new=00;90:*.dpkg-old=00;90:*.dpkg-tmp=00;90:*.old=00;90:*.orig=00;90:*.part=00;90:*.rej=00;90:*.rpmnew=00;90:*.rpmorig=00;90:*.rpmsave=00;90:*.swp=00;90:*.tmp=00;90:*.ucf-dist=00;90:*.ucf-new=00;90:*.ucf-old=00;90:', 'AMENT_PREFIX_PATH': '/home/vdt_2026/VDT_project/install/offboard_manager:/home/vdt_2026/VDT_project/install/vdt_msgs:/home/vdt_2026/ros2_ws/install/px4_msgs:/opt/ros/jazzy', 'SHELL': '/bin/bash', 'LESSCLOSE': '/usr/bin/lesspipe %s %s', 'ROS_AUTOMATIC_DISCOVERY_RANGE': 'SUBNET', 'PWD': '/home/vdt_2026/VDT_project/build/offboard_safety_monitor', 'LC_ALL': 'en_US.UTF-8', 'SSH_CONNECTION': '100.101.240.43 53682 100.65.242.75 22', 'XDG_DATA_DIRS': '/usr/local/share:/usr/share:/var/lib/snapd/desktop', 'PYTHONPATH': '/home/vdt_2026/VDT_project/install/vdt_msgs/lib/python3.12/site-packages:/home/vdt_2026/ros2_ws/install/px4_msgs/lib/python3.12/site-packages:/opt/ros/jazzy/lib/python3.12/site-packages:/home/vdt_2026/librealsense/build/Release', 'COLCON': '1', 'CMAKE_PREFIX_PATH': '/home/vdt_2026/VDT_project/install/offboard_manager:/home/vdt_2026/VDT_project/install/vdt_msgs:/home/vdt_2026/ros2_ws/install/px4_msgs:/opt/ros/jazzy'}), 'shell': False}
[119.578439] (offboard_safety_monitor) StdoutLine: {'line': b'-- The C compiler identification is GNU 13.3.0\n'}
[119.585678] (-) TimerEvent: {}
[119.673734] (offboard_safety_monitor) StdoutLine: {'line': b'-- The CXX compiler identification is GNU 13.3.0\n'}
[119.685804] (-) TimerEvent: {}
[119.700423] (offboard_safety_monitor) StdoutLine: {'line': b'-- Detecting C compiler ABI info\n'}
[119.785969] (-) TimerEvent: {}
[119.853860] (offboard_safety_monitor) StdoutLine: {'line': b'-- Detecting C compiler ABI info - done\n'}
[119.870341] (offboard_safety_monitor) StdoutLine: {'line': b'-- Check for working C compiler: /usr/bin/cc - skipped\n'}
[119.870681] (offboard_safety_monitor) StdoutLine: {'line': b'-- Detecting C compile features\n'}
[119.871383] (offboard_safety_monitor) StdoutLine: {'line': b'-- Detecting C compile features - done\n'}
[119.885344] (offboard_safety_monitor) StdoutLine: {'line': b'-- Detecting CXX compiler ABI info\n'}
[119.886004] (-) TimerEvent: {}
[119.986199] (-) TimerEvent: {}
[120.053865] (offboard_safety_monitor) StdoutLine: {'line': b'-- Detecting CXX compiler ABI info - done\n'}
[120.069156] (offboard_safety_monitor) StdoutLine: {'line': b'-- Check for working CXX compiler: /usr/bin/c++ - skipped\n'}
[120.069596] (offboard_safety_monitor) StdoutLine: {'line': b'-- Detecting CXX compile features\n'}
[120.070391] (offboard_safety_monitor) StdoutLine: {'line': b'-- Detecting CXX compile features - done\n'}
[120.073495] (offboard_safety_monitor) StdoutLine: {'line': b'-- Found ament_cmake: 2.5.6 (/opt/ros/jazzy/share/ament_cmake/cmake)\n'}
[120.086296] (-) TimerEvent: {}
[120.186493] (-) TimerEvent: {}
[120.286687] (-) TimerEvent: {}
[120.287191] (offboard_safety_monitor) StdoutLine: {'line': b'-- Found Python3: /usr/bin/python3 (found version "3.12.3") found components: Interpreter \n'}
[120.386828] (-) TimerEvent: {}
[120.437343] (offboard_safety_monitor) StdoutLine: {'line': b'-- Found rclcpp: 28.1.22 (/opt/ros/jazzy/share/rclcpp/cmake)\n'}
[120.481977] (offboard_safety_monitor) StdoutLine: {'line': b'-- Found rosidl_generator_c: 4.6.9 (/opt/ros/jazzy/share/rosidl_generator_c/cmake)\n'}
[120.486900] (-) TimerEvent: {}
[120.499506] (offboard_safety_monitor) StdoutLine: {'line': b'-- Found rosidl_generator_cpp: 4.6.9 (/opt/ros/jazzy/share/rosidl_generator_cpp/cmake)\n'}
[120.519938] (offboard_safety_monitor) StdoutLine: {'line': b'-- Using all available rosidl_typesupport_c: rosidl_typesupport_fastrtps_c;rosidl_typesupport_introspection_c\n'}
[120.543298] (offboard_safety_monitor) StdoutLine: {'line': b'-- Using all available rosidl_typesupport_cpp: rosidl_typesupport_fastrtps_cpp;rosidl_typesupport_introspection_cpp\n'}
[120.587000] (-) TimerEvent: {}
[120.639407] (offboard_safety_monitor) StdoutLine: {'line': b'-- Found rmw_implementation_cmake: 7.3.3 (/opt/ros/jazzy/share/rmw_implementation_cmake/cmake)\n'}
[120.642965] (offboard_safety_monitor) StdoutLine: {'line': b'-- Found rmw_fastrtps_cpp: 8.4.4 (/opt/ros/jazzy/share/rmw_fastrtps_cpp/cmake)\n'}
[120.687112] (-) TimerEvent: {}
[120.765558] (offboard_safety_monitor) StdoutLine: {'line': b'-- Found OpenSSL: /usr/lib/aarch64-linux-gnu/libcrypto.so (found version "3.0.13")  \n'}
[120.787222] (-) TimerEvent: {}
[120.788990] (offboard_safety_monitor) StdoutLine: {'line': b'-- Found FastRTPS: /opt/ros/jazzy/include (Required is at least version "2.13") \n'}
[120.823535] (offboard_safety_monitor) StdoutLine: {'line': b"-- Using RMW implementation 'rmw_fastrtps_cpp' as default\n"}
[120.887331] (-) TimerEvent: {}
[120.921055] (offboard_safety_monitor) StdoutLine: {'line': b'-- Found std_msgs: 5.3.8 (/opt/ros/jazzy/share/std_msgs/cmake)\n'}
[120.939122] (offboard_safety_monitor) StdoutLine: {'line': b'-- Found px4_msgs: 2.0.1 (/home/vdt_2026/ros2_ws/install/px4_msgs/share/px4_msgs/cmake)\n'}
[120.961503] (offboard_safety_monitor) StdoutLine: {'line': b'-- Found vdt_msgs: 0.1.0 (/home/vdt_2026/VDT_project/install/vdt_msgs/share/vdt_msgs/cmake)\n'}
[120.981768] (offboard_safety_monitor) StdoutLine: {'line': b'-- Found launch_testing_ament_cmake: 3.4.12 (/opt/ros/jazzy/share/launch_testing_ament_cmake/cmake)\n'}
[120.983759] (offboard_safety_monitor) StdoutLine: {'line': b'-- Found python_cmake_module: 0.11.1 (/opt/ros/jazzy/share/python_cmake_module/cmake)\n'}
[120.987411] (-) TimerEvent: {}
[121.087597] (-) TimerEvent: {}
[121.186725] (offboard_safety_monitor) StdoutLine: {'line': b'-- Found PythonExtra: /usr/bin/python3  \n'}
[121.187662] (-) TimerEvent: {}
[121.287797] (-) TimerEvent: {}
[121.342019] (offboard_safety_monitor) StdoutLine: {'line': b'-- Configuring done (1.9s)\n'}
[121.363419] (offboard_safety_monitor) StdoutLine: {'line': b'-- Generating done (0.0s)\n'}
[121.369765] (offboard_safety_monitor) StdoutLine: {'line': b'-- Build files have been written to: /home/vdt_2026/VDT_project/build/offboard_safety_monitor\n'}
[121.387184] (offboard_safety_monitor) CommandEnded: {'returncode': 0}
[121.387984] (-) TimerEvent: {}
[121.388035] (offboard_safety_monitor) JobProgress: {'identifier': 'offboard_safety_monitor', 'progress': 'build'}
[121.388453] (offboard_safety_monitor) Command: {'cmd': ['/usr/bin/cmake', '--build', '/home/vdt_2026/VDT_project/build/offboard_safety_monitor', '--', '-j4', '-l4'], 'cwd': '/home/vdt_2026/VDT_project/build/offboard_safety_monitor', 'env': OrderedDict({'LESSOPEN': '| /usr/bin/lesspipe %s', 'USER': 'vdt_2026', 'SSH_CLIENT': '100.101.240.43 53682 22', 'XDG_SESSION_TYPE': 'tty', 'SHLVL': '1', 'LD_LIBRARY_PATH': '/home/vdt_2026/VDT_project/install/vdt_msgs/lib:/home/vdt_2026/ros2_ws/install/px4_msgs/lib:/opt/ros/jazzy/lib/aarch64-linux-gnu:/opt/ros/jazzy/lib', 'HOME': '/home/vdt_2026', 'OLDPWD': '/home/vdt_2026', 'SSH_TTY': '/dev/pts/0', 'ROS_PYTHON_VERSION': '3', 'DBUS_SESSION_BUS_ADDRESS': 'unix:path=/run/user/1000/bus', 'COLCON_PREFIX_PATH': '/home/vdt_2026/ros2_ws/install', 'ROS_DISTRO': 'jazzy', 'LOGNAME': 'vdt_2026', '_': '/usr/bin/colcon', 'ROS_VERSION': '2', 'XDG_SESSION_CLASS': 'user', 'TERM': 'xterm-256color', 'XDG_SESSION_ID': '1', 'PATH': '/home/vdt_2026/.local/bin:/opt/ros/jazzy/bin:/usr/local/sbin:/usr/local/bin:/usr/sbin:/usr/bin:/sbin:/bin:/usr/games:/usr/local/games:/snap/bin', 'XDG_RUNTIME_DIR': '/run/user/1000', 'LANG': 'en_US.UTF-8', 'LS_COLORS': 'rs=0:di=01;34:ln=01;36:mh=00:pi=40;33:so=01;35:do=01;35:bd=40;33;01:cd=40;33;01:or=40;31;01:mi=00:su=37;41:sg=30;43:ca=00:tw=30;42:ow=34;42:st=37;44:ex=01;32:*.tar=01;31:*.tgz=01;31:*.arc=01;31:*.arj=01;31:*.taz=01;31:*.lha=01;31:*.lz4=01;31:*.lzh=01;31:*.lzma=01;31:*.tlz=01;31:*.txz=01;31:*.tzo=01;31:*.t7z=01;31:*.zip=01;31:*.z=01;31:*.dz=01;31:*.gz=01;31:*.lrz=01;31:*.lz=01;31:*.lzo=01;31:*.xz=01;31:*.zst=01;31:*.tzst=01;31:*.bz2=01;31:*.bz=01;31:*.tbz=01;31:*.tbz2=01;31:*.tz=01;31:*.deb=01;31:*.rpm=01;31:*.jar=01;31:*.war=01;31:*.ear=01;31:*.sar=01;31:*.rar=01;31:*.alz=01;31:*.ace=01;31:*.zoo=01;31:*.cpio=01;31:*.7z=01;31:*.rz=01;31:*.cab=01;31:*.wim=01;31:*.swm=01;31:*.dwm=01;31:*.esd=01;31:*.avif=01;35:*.jpg=01;35:*.jpeg=01;35:*.mjpg=01;35:*.mjpeg=01;35:*.gif=01;35:*.bmp=01;35:*.pbm=01;35:*.pgm=01;35:*.ppm=01;35:*.tga=01;35:*.xbm=01;35:*.xpm=01;35:*.tif=01;35:*.tiff=01;35:*.png=01;35:*.svg=01;35:*.svgz=01;35:*.mng=01;35:*.pcx=01;35:*.mov=01;35:*.mpg=01;35:*.mpeg=01;35:*.m2v=01;35:*.mkv=01;35:*.webm=01;35:*.webp=01;35:*.ogm=01;35:*.mp4=01;35:*.m4v=01;35:*.mp4v=01;35:*.vob=01;35:*.qt=01;35:*.nuv=01;35:*.wmv=01;35:*.asf=01;35:*.rm=01;35:*.rmvb=01;35:*.flc=01;35:*.avi=01;35:*.fli=01;35:*.flv=01;35:*.gl=01;35:*.dl=01;35:*.xcf=01;35:*.xwd=01;35:*.yuv=01;35:*.cgm=01;35:*.emf=01;35:*.ogv=01;35:*.ogx=01;35:*.aac=00;36:*.au=00;36:*.flac=00;36:*.m4a=00;36:*.mid=00;36:*.midi=00;36:*.mka=00;36:*.mp3=00;36:*.mpc=00;36:*.ogg=00;36:*.ra=00;36:*.wav=00;36:*.oga=00;36:*.opus=00;36:*.spx=00;36:*.xspf=00;36:*~=00;90:*#=00;90:*.bak=00;90:*.crdownload=00;90:*.dpkg-dist=00;90:*.dpkg-new=00;90:*.dpkg-old=00;90:*.dpkg-tmp=00;90:*.old=00;90:*.orig=00;90:*.part=00;90:*.rej=00;90:*.rpmnew=00;90:*.rpmorig=00;90:*.rpmsave=00;90:*.swp=00;90:*.tmp=00;90:*.ucf-dist=00;90:*.ucf-new=00;90:*.ucf-old=00;90:', 'AMENT_PREFIX_PATH': '/home/vdt_2026/VDT_project/install/offboard_manager:/home/vdt_2026/VDT_project/install/vdt_msgs:/home/vdt_2026/ros2_ws/install/px4_msgs:/opt/ros/jazzy', 'SHELL': '/bin/bash', 'LESSCLOSE': '/usr/bin/lesspipe %s %s', 'ROS_AUTOMATIC_DISCOVERY_RANGE': 'SUBNET', 'PWD': '/home/vdt_2026/VDT_project/build/offboard_safety_monitor', 'LC_ALL': 'en_US.UTF-8', 'SSH_CONNECTION': '100.101.240.43 53682 100.65.242.75 22', 'XDG_DATA_DIRS': '/usr/local/share:/usr/share:/var/lib/snapd/desktop', 'PYTHONPATH': '/home/vdt_2026/VDT_project/install/vdt_msgs/lib/python3.12/site-packages:/home/vdt_2026/ros2_ws/install/px4_msgs/lib/python3.12/site-packages:/opt/ros/jazzy/lib/python3.12/site-packages:/home/vdt_2026/librealsense/build/Release', 'COLCON': '1', 'CMAKE_PREFIX_PATH': '/home/vdt_2026/VDT_project/install/offboard_manager:/home/vdt_2026/VDT_project/install/vdt_msgs:/home/vdt_2026/ros2_ws/install/px4_msgs:/opt/ros/jazzy'}), 'shell': False}
[121.402069] (offboard_safety_monitor) StdoutLine: {'line': b"Change Dir: '/home/vdt_2026/VDT_project/build/offboard_safety_monitor'\n"}
[121.402310] (offboard_safety_monitor) StdoutLine: {'line': b'\n'}
[121.402425] (offboard_safety_monitor) StdoutLine: {'line': b'Run Build Command(s): /usr/bin/cmake -E env VERBOSE=1 /usr/bin/gmake -f Makefile -j4 -l4\n'}
[121.418981] (offboard_safety_monitor) StdoutLine: {'line': b'/usr/bin/cmake -S/home/vdt_2026/VDT_project/ros2_ws/src/offboard_safety_monitor -B/home/vdt_2026/VDT_project/build/offboard_safety_monitor --check-build-system CMakeFiles/Makefile.cmake 0\n'}
[121.440261] (offboard_safety_monitor) StdoutLine: {'line': b'/usr/bin/cmake -E cmake_progress_start /home/vdt_2026/VDT_project/build/offboard_safety_monitor/CMakeFiles /home/vdt_2026/VDT_project/build/offboard_safety_monitor//CMakeFiles/progress.marks\n'}
[121.454836] (offboard_safety_monitor) StdoutLine: {'line': b'/usr/bin/gmake  -f CMakeFiles/Makefile2 all\n'}
[121.456688] (offboard_safety_monitor) StdoutLine: {'line': b"gmake[1]: Entering directory '/home/vdt_2026/VDT_project/build/offboard_safety_monitor'\n"}
[121.456961] (offboard_safety_monitor) StdoutLine: {'line': b'/usr/bin/gmake  -f CMakeFiles/safety_monitor_node.dir/build.make CMakeFiles/safety_monitor_node.dir/depend\n'}
[121.457464] (offboard_safety_monitor) StdoutLine: {'line': b'/usr/bin/gmake  -f CMakeFiles/safety_logic_test.dir/build.make CMakeFiles/safety_logic_test.dir/depend\n'}
[121.459121] (offboard_safety_monitor) StdoutLine: {'line': b"gmake[2]: Entering directory '/home/vdt_2026/VDT_project/build/offboard_safety_monitor'\n"}
[121.459427] (offboard_safety_monitor) StdoutLine: {'line': b'cd /home/vdt_2026/VDT_project/build/offboard_safety_monitor && /usr/bin/cmake -E cmake_depends "Unix Makefiles" /home/vdt_2026/VDT_project/ros2_ws/src/offboard_safety_monitor /home/vdt_2026/VDT_project/ros2_ws/src/offboard_safety_monitor /home/vdt_2026/VDT_project/build/offboard_safety_monitor /home/vdt_2026/VDT_project/build/offboard_safety_monitor /home/vdt_2026/VDT_project/build/offboard_safety_monitor/CMakeFiles/safety_logic_test.dir/DependInfo.cmake "--color="\n'}
[121.459566] (offboard_safety_monitor) StdoutLine: {'line': b"gmake[2]: Entering directory '/home/vdt_2026/VDT_project/build/offboard_safety_monitor'\n"}
[121.459702] (offboard_safety_monitor) StdoutLine: {'line': b'cd /home/vdt_2026/VDT_project/build/offboard_safety_monitor && /usr/bin/cmake -E cmake_depends "Unix Makefiles" /home/vdt_2026/VDT_project/ros2_ws/src/offboard_safety_monitor /home/vdt_2026/VDT_project/ros2_ws/src/offboard_safety_monitor /home/vdt_2026/VDT_project/build/offboard_safety_monitor /home/vdt_2026/VDT_project/build/offboard_safety_monitor /home/vdt_2026/VDT_project/build/offboard_safety_monitor/CMakeFiles/safety_monitor_node.dir/DependInfo.cmake "--color="\n'}
[121.475626] (offboard_safety_monitor) StdoutLine: {'line': b"gmake[2]: Leaving directory '/home/vdt_2026/VDT_project/build/offboard_safety_monitor'\n"}
[121.476074] (offboard_safety_monitor) StdoutLine: {'line': b"gmake[2]: Leaving directory '/home/vdt_2026/VDT_project/build/offboard_safety_monitor'\n"}
[121.476428] (offboard_safety_monitor) StdoutLine: {'line': b'/usr/bin/gmake  -f CMakeFiles/safety_logic_test.dir/build.make CMakeFiles/safety_logic_test.dir/build\n'}
[121.476541] (offboard_safety_monitor) StdoutLine: {'line': b'/usr/bin/gmake  -f CMakeFiles/safety_monitor_node.dir/build.make CMakeFiles/safety_monitor_node.dir/build\n'}
[121.477780] (offboard_safety_monitor) StdoutLine: {'line': b"gmake[2]: Entering directory '/home/vdt_2026/VDT_project/build/offboard_safety_monitor'\n"}
[121.478257] (offboard_safety_monitor) StdoutLine: {'line': b"gmake[2]: Entering directory '/home/vdt_2026/VDT_project/build/offboard_safety_monitor'\n"}
[121.488902] (-) TimerEvent: {}
[121.495422] (offboard_safety_monitor) StdoutLine: {'line': b'[ 57%] Building CXX object CMakeFiles/safety_logic_test.dir/test/safety_logic_test.cpp.o\n'}
[121.496115] (offboard_safety_monitor) StdoutLine: {'line': b'[ 57%] Building CXX object CMakeFiles/safety_logic_test.dir/src/safety_logic.cpp.o\n'}
[121.496308] (offboard_safety_monitor) StdoutLine: {'line': b'[ 57%] Building CXX object CMakeFiles/safety_monitor_node.dir/src/main.cpp.o\n'}
[121.496431] (offboard_safety_monitor) StdoutLine: {'line': b'[ 57%] Building CXX object CMakeFiles/safety_monitor_node.dir/src/safety_monitor_node.cpp.o\n'}
[121.496517] (offboard_safety_monitor) StdoutLine: {'line': b'/usr/bin/c++  -I/home/vdt_2026/VDT_project/ros2_ws/src/offboard_safety_monitor/include -O3 -DNDEBUG -std=gnu++17 -MD -MT CMakeFiles/safety_logic_test.dir/src/safety_logic.cpp.o -MF CMakeFiles/safety_logic_test.dir/src/safety_logic.cpp.o.d -o CMakeFiles/safety_logic_test.dir/src/safety_logic.cpp.o -c /home/vdt_2026/VDT_project/ros2_ws/src/offboard_safety_monitor/src/safety_logic.cpp\n'}
[121.496619] (offboard_safety_monitor) StdoutLine: {'line': b'/usr/bin/c++ -DDEFAULT_RMW_IMPLEMENTATION=rmw_fastrtps_cpp -DFASTCDR_DYN_LINK -I/home/vdt_2026/VDT_project/ros2_ws/src/offboard_safety_monitor/include -isystem /home/vdt_2026/VDT_project/install/vdt_msgs/include/vdt_msgs -isystem /home/vdt_2026/ros2_ws/install/px4_msgs/include/px4_msgs -isystem /opt/ros/jazzy/include/rclcpp -isystem /opt/ros/jazzy/include/std_msgs -isystem /opt/ros/jazzy/include/builtin_interfaces -isystem /opt/ros/jazzy/include/rosidl_runtime_c -isystem /opt/ros/jazzy/include/rcutils -isystem /opt/ros/jazzy/include/rosidl_typesupport_interface -isystem /opt/ros/jazzy/include/fastcdr -isystem /opt/ros/jazzy/include/rosidl_runtime_cpp -isystem /opt/ros/jazzy/include/rosidl_typesupport_fastrtps_cpp -isystem /opt/ros/jazzy/include/rmw -isystem /opt/ros/jazzy/include/rosidl_dynamic_typesupport -isystem /opt/ros/jazzy/include/rosidl_typesupport_fastrtps_c -isystem /opt/ros/jazzy/include/rosidl_typesupport_introspection_c -isystem /opt/ros/jazzy/include/rosidl_typesupport_introspection_cpp -isystem /opt/ros/jazzy/include/libstatistics_collector -isystem /opt/ros/jazzy/include/rcl -isystem /opt/ros/jazzy/include/rcl_interfaces -isystem /opt/ros/jazzy/include/service_msgs -isystem /opt/ros/jazzy/include/rcl_logging_interface -isystem /opt/ros/jazzy/include/rcl_yaml_param_parser -isystem /opt/ros/jazzy/include/type_description_interfaces -isystem /opt/ros/jazzy/include/rcpputils -isystem /opt/ros/jazzy/include/statistics_msgs -isystem /opt/ros/jazzy/include/rosgraph_msgs -isystem /opt/ros/jazzy/include/rosidl_typesupport_cpp -isystem /opt/ros/jazzy/include/rosidl_typesupport_c -isystem /opt/ros/jazzy/include/tracetools -O3 -DNDEBUG -std=gnu++17 -MD -MT CMakeFiles/safety_monitor_node.dir/src/main.cpp.o -MF CMakeFiles/safety_monitor_node.dir/src/main.cpp.o.d -o CMakeFiles/safety_monitor_node.dir/src/main.cpp.o -c /home/vdt_2026/VDT_project/ros2_ws/src/offboard_safety_monitor/src/main.cpp\n'}
[121.498848] (offboard_safety_monitor) StdoutLine: {'line': b'/usr/bin/c++ -DDEFAULT_RMW_IMPLEMENTATION=rmw_fastrtps_cpp -DFASTCDR_DYN_LINK -I/home/vdt_2026/VDT_project/ros2_ws/src/offboard_safety_monitor/include -isystem /home/vdt_2026/VDT_project/install/vdt_msgs/include/vdt_msgs -isystem /home/vdt_2026/ros2_ws/install/px4_msgs/include/px4_msgs -isystem /opt/ros/jazzy/include/rclcpp -isystem /opt/ros/jazzy/include/std_msgs -isystem /opt/ros/jazzy/include/builtin_interfaces -isystem /opt/ros/jazzy/include/rosidl_runtime_c -isystem /opt/ros/jazzy/include/rcutils -isystem /opt/ros/jazzy/include/rosidl_typesupport_interface -isystem /opt/ros/jazzy/include/fastcdr -isystem /opt/ros/jazzy/include/rosidl_runtime_cpp -isystem /opt/ros/jazzy/include/rosidl_typesupport_fastrtps_cpp -isystem /opt/ros/jazzy/include/rmw -isystem /opt/ros/jazzy/include/rosidl_dynamic_typesupport -isystem /opt/ros/jazzy/include/rosidl_typesupport_fastrtps_c -isystem /opt/ros/jazzy/include/rosidl_typesupport_introspection_c -isystem /opt/ros/jazzy/include/rosidl_typesupport_introspection_cpp -isystem /opt/ros/jazzy/include/libstatistics_collector -isystem /opt/ros/jazzy/include/rcl -isystem /opt/ros/jazzy/include/rcl_interfaces -isystem /opt/ros/jazzy/include/service_msgs -isystem /opt/ros/jazzy/include/rcl_logging_interface -isystem /opt/ros/jazzy/include/rcl_yaml_param_parser -isystem /opt/ros/jazzy/include/type_description_interfaces -isystem /opt/ros/jazzy/include/rcpputils -isystem /opt/ros/jazzy/include/statistics_msgs -isystem /opt/ros/jazzy/include/rosgraph_msgs -isystem /opt/ros/jazzy/include/rosidl_typesupport_cpp -isystem /opt/ros/jazzy/include/rosidl_typesupport_c -isystem /opt/ros/jazzy/include/tracetools -O3 -DNDEBUG -std=gnu++17 -MD -MT CMakeFiles/safety_monitor_node.dir/src/safety_monitor_node.cpp.o -MF CMakeFiles/safety_monitor_node.dir/src/safety_monitor_node.cpp.o.d -o CMakeFiles/safety_monitor_node.dir/src/safety_monitor_node.cpp.o -c /home/vdt_2026/VDT_project/ros2_ws/src/offboard_safety_monitor/src/safety_monitor_node.cpp\n'}
[121.499284] (offboard_safety_monitor) StdoutLine: {'line': b'/usr/bin/c++  -I/home/vdt_2026/VDT_project/ros2_ws/src/offboard_safety_monitor/include -O3 -DNDEBUG -std=gnu++17 -MD -MT CMakeFiles/safety_logic_test.dir/test/safety_logic_test.cpp.o -MF CMakeFiles/safety_logic_test.dir/test/safety_logic_test.cpp.o.d -o CMakeFiles/safety_logic_test.dir/test/safety_logic_test.cpp.o -c /home/vdt_2026/VDT_project/ros2_ws/src/offboard_safety_monitor/test/safety_logic_test.cpp\n'}
[121.590861] (-) TimerEvent: {}
[121.691155] (-) TimerEvent: {}
[121.788257] (offboard_safety_monitor) StdoutLine: {'line': b'[ 71%] Building CXX object CMakeFiles/safety_monitor_node.dir/src/safety_logic.cpp.o\n'}
[121.791257] (offboard_safety_monitor) StdoutLine: {'line': b'/usr/bin/c++ -DDEFAULT_RMW_IMPLEMENTATION=rmw_fastrtps_cpp -DFASTCDR_DYN_LINK -I/home/vdt_2026/VDT_project/ros2_ws/src/offboard_safety_monitor/include -isystem /home/vdt_2026/VDT_project/install/vdt_msgs/include/vdt_msgs -isystem /home/vdt_2026/ros2_ws/install/px4_msgs/include/px4_msgs -isystem /opt/ros/jazzy/include/rclcpp -isystem /opt/ros/jazzy/include/std_msgs -isystem /opt/ros/jazzy/include/builtin_interfaces -isystem /opt/ros/jazzy/include/rosidl_runtime_c -isystem /opt/ros/jazzy/include/rcutils -isystem /opt/ros/jazzy/include/rosidl_typesupport_interface -isystem /opt/ros/jazzy/include/fastcdr -isystem /opt/ros/jazzy/include/rosidl_runtime_cpp -isystem /opt/ros/jazzy/include/rosidl_typesupport_fastrtps_cpp -isystem /opt/ros/jazzy/include/rmw -isystem /opt/ros/jazzy/include/rosidl_dynamic_typesupport -isystem /opt/ros/jazzy/include/rosidl_typesupport_fastrtps_c -isystem /opt/ros/jazzy/include/rosidl_typesupport_introspection_c -isystem /opt/ros/jazzy/include/rosidl_typesupport_introspection_cpp -isystem /opt/ros/jazzy/include/libstatistics_collector -isystem /opt/ros/jazzy/include/rcl -isystem /opt/ros/jazzy/include/rcl_interfaces -isystem /opt/ros/jazzy/include/service_msgs -isystem /opt/ros/jazzy/include/rcl_logging_interface -isystem /opt/ros/jazzy/include/rcl_yaml_param_parser -isystem /opt/ros/jazzy/include/type_description_interfaces -isystem /opt/ros/jazzy/include/rcpputils -isystem /opt/ros/jazzy/include/statistics_msgs -isystem /opt/ros/jazzy/include/rosgraph_msgs -isystem /opt/ros/jazzy/include/rosidl_typesupport_cpp -isystem /opt/ros/jazzy/include/rosidl_typesupport_c -isystem /opt/ros/jazzy/include/tracetools -O3 -DNDEBUG -std=gnu++17 -MD -MT CMakeFiles/safety_monitor_node.dir/src/safety_logic.cpp.o -MF CMakeFiles/safety_monitor_node.dir/src/safety_logic.cpp.o.d -o CMakeFiles/safety_monitor_node.dir/src/safety_logic.cpp.o -c /home/vdt_2026/VDT_project/ros2_ws/src/offboard_safety_monitor/src/safety_logic.cpp\n'}
[121.791632] (-) TimerEvent: {}
[121.821082] (offboard_safety_monitor) StdoutLine: {'line': b'[ 85%] Linking CXX executable safety_logic_test\n'}
[121.826893] (offboard_safety_monitor) StdoutLine: {'line': b'/usr/bin/cmake -E cmake_link_script CMakeFiles/safety_logic_test.dir/link.txt --verbose=1\n'}
[121.838286] (offboard_safety_monitor) StdoutLine: {'line': b'/usr/bin/c++ -O3 -DNDEBUG CMakeFiles/safety_logic_test.dir/test/safety_logic_test.cpp.o CMakeFiles/safety_logic_test.dir/src/safety_logic.cpp.o -o safety_logic_test \n'}
[121.891992] (-) TimerEvent: {}
[121.914131] (offboard_safety_monitor) StdoutLine: {'line': b"gmake[2]: Leaving directory '/home/vdt_2026/VDT_project/build/offboard_safety_monitor'\n"}
[121.933189] (offboard_safety_monitor) StdoutLine: {'line': b'[ 85%] Built target safety_logic_test\n'}
[121.992117] (-) TimerEvent: {}
[122.092372] (-) TimerEvent: {}
[122.192670] (-) TimerEvent: {}
[122.292928] (-) TimerEvent: {}
[122.393131] (-) TimerEvent: {}
[122.493316] (-) TimerEvent: {}
[122.593478] (-) TimerEvent: {}
[122.693662] (-) TimerEvent: {}
[122.793877] (-) TimerEvent: {}
[122.894045] (-) TimerEvent: {}
[122.994240] (-) TimerEvent: {}
[123.094447] (-) TimerEvent: {}
[123.194635] (-) TimerEvent: {}
[123.294811] (-) TimerEvent: {}
[123.394962] (-) TimerEvent: {}
[123.495100] (-) TimerEvent: {}
[123.595231] (-) TimerEvent: {}
[123.695403] (-) TimerEvent: {}
[123.795590] (-) TimerEvent: {}
[123.895771] (-) TimerEvent: {}
[123.995971] (-) TimerEvent: {}
[124.096182] (-) TimerEvent: {}
[124.196379] (-) TimerEvent: {}
[124.296571] (-) TimerEvent: {}
[124.396793] (-) TimerEvent: {}
[124.496996] (-) TimerEvent: {}
[124.597171] (-) TimerEvent: {}
[124.697335] (-) TimerEvent: {}
[124.797519] (-) TimerEvent: {}
[124.897718] (-) TimerEvent: {}
[124.997937] (-) TimerEvent: {}
[125.098161] (-) TimerEvent: {}
[125.198363] (-) TimerEvent: {}
[125.298530] (-) TimerEvent: {}
[125.398677] (-) TimerEvent: {}
[125.498822] (-) TimerEvent: {}
[125.599013] (-) TimerEvent: {}
[125.699205] (-) TimerEvent: {}
[125.799386] (-) TimerEvent: {}
[125.899565] (-) TimerEvent: {}
[125.999788] (-) TimerEvent: {}
[126.099984] (-) TimerEvent: {}
[126.200125] (-) TimerEvent: {}
[126.300260] (-) TimerEvent: {}
[126.400408] (-) TimerEvent: {}
[126.500539] (-) TimerEvent: {}
[126.600672] (-) TimerEvent: {}
[126.700818] (-) TimerEvent: {}
[126.800972] (-) TimerEvent: {}
[126.901147] (-) TimerEvent: {}
[127.001343] (-) TimerEvent: {}
[127.101504] (-) TimerEvent: {}
[127.201615] (-) TimerEvent: {}
[127.301716] (-) TimerEvent: {}
[127.401865] (-) TimerEvent: {}
[127.502022] (-) TimerEvent: {}
[127.602134] (-) TimerEvent: {}
[127.702251] (-) TimerEvent: {}
[127.802406] (-) TimerEvent: {}
[127.902576] (-) TimerEvent: {}
[128.002731] (-) TimerEvent: {}
[128.102887] (-) TimerEvent: {}
[128.202995] (-) TimerEvent: {}
[128.303087] (-) TimerEvent: {}
[128.403191] (-) TimerEvent: {}
[128.503307] (-) TimerEvent: {}
[128.603413] (-) TimerEvent: {}
[128.703505] (-) TimerEvent: {}
[128.803591] (-) TimerEvent: {}
[128.903696] (-) TimerEvent: {}
[129.003850] (-) TimerEvent: {}
[129.104027] (-) TimerEvent: {}
[129.204165] (-) TimerEvent: {}
[129.304328] (-) TimerEvent: {}
[129.404536] (-) TimerEvent: {}
[129.504722] (-) TimerEvent: {}
[129.604879] (-) TimerEvent: {}
[129.705010] (-) TimerEvent: {}
[129.805109] (-) TimerEvent: {}
[129.905255] (-) TimerEvent: {}
[130.005438] (-) TimerEvent: {}
[130.105586] (-) TimerEvent: {}
[130.205691] (-) TimerEvent: {}
[130.305790] (-) TimerEvent: {}
[130.405892] (-) TimerEvent: {}
[130.506033] (-) TimerEvent: {}
[130.606184] (-) TimerEvent: {}
[130.706313] (-) TimerEvent: {}
[130.806471] (-) TimerEvent: {}
[130.906646] (-) TimerEvent: {}
[131.006817] (-) TimerEvent: {}
[131.106973] (-) TimerEvent: {}
[131.207082] (-) TimerEvent: {}
[131.307180] (-) TimerEvent: {}
[131.407271] (-) TimerEvent: {}
[131.507356] (-) TimerEvent: {}
[131.607443] (-) TimerEvent: {}
[131.707522] (-) TimerEvent: {}
[131.807616] (-) TimerEvent: {}
[131.907762] (-) TimerEvent: {}
[132.007936] (-) TimerEvent: {}
[132.108084] (-) TimerEvent: {}
[132.208193] (-) TimerEvent: {}
[132.308317] (-) TimerEvent: {}
[132.408468] (-) TimerEvent: {}
[132.508620] (-) TimerEvent: {}
[132.608733] (-) TimerEvent: {}
[132.708852] (-) TimerEvent: {}
[132.808945] (-) TimerEvent: {}
[132.909070] (-) TimerEvent: {}
[133.009228] (-) TimerEvent: {}
[133.109400] (-) TimerEvent: {}
[133.209565] (-) TimerEvent: {}
[133.309686] (-) TimerEvent: {}
[133.409829] (-) TimerEvent: {}
[133.509976] (-) TimerEvent: {}
[133.610092] (-) TimerEvent: {}
[133.710214] (-) TimerEvent: {}
[133.810373] (-) TimerEvent: {}
[133.910551] (-) TimerEvent: {}
[134.010727] (-) TimerEvent: {}
[134.110885] (-) TimerEvent: {}
[134.210999] (-) TimerEvent: {}
[134.311108] (-) TimerEvent: {}
[134.411248] (-) TimerEvent: {}
[134.511403] (-) TimerEvent: {}
[134.611518] (-) TimerEvent: {}
[134.711610] (-) TimerEvent: {}
[134.811696] (-) TimerEvent: {}
[134.911838] (-) TimerEvent: {}
[135.012007] (-) TimerEvent: {}
[135.112136] (-) TimerEvent: {}
[135.212258] (-) TimerEvent: {}
[135.312374] (-) TimerEvent: {}
[135.412469] (-) TimerEvent: {}
[135.512570] (-) TimerEvent: {}
[135.612657] (-) TimerEvent: {}
[135.712748] (-) TimerEvent: {}
[135.812860] (-) TimerEvent: {}
[135.913007] (-) TimerEvent: {}
[136.013160] (-) TimerEvent: {}
[136.113292] (-) TimerEvent: {}
[136.213406] (-) TimerEvent: {}
[136.313507] (-) TimerEvent: {}
[136.413637] (-) TimerEvent: {}
[136.513779] (-) TimerEvent: {}
[136.613892] (-) TimerEvent: {}
[136.714024] (-) TimerEvent: {}
[136.814196] (-) TimerEvent: {}
[136.914407] (-) TimerEvent: {}
[137.014612] (-) TimerEvent: {}
[137.114792] (-) TimerEvent: {}
[137.214917] (-) TimerEvent: {}
[137.315032] (-) TimerEvent: {}
[137.415152] (-) TimerEvent: {}
[137.515289] (-) TimerEvent: {}
[137.615430] (-) TimerEvent: {}
[137.715540] (-) TimerEvent: {}
[137.815639] (-) TimerEvent: {}
[137.915768] (-) TimerEvent: {}
[138.015911] (-) TimerEvent: {}
[138.116045] (-) TimerEvent: {}
[138.216151] (-) TimerEvent: {}
[138.316258] (-) TimerEvent: {}
[138.416362] (-) TimerEvent: {}
[138.516489] (-) TimerEvent: {}
[138.616616] (-) TimerEvent: {}
[138.716719] (-) TimerEvent: {}
[138.816826] (-) TimerEvent: {}
[138.916953] (-) TimerEvent: {}
[139.017112] (-) TimerEvent: {}
[139.117264] (-) TimerEvent: {}
[139.217372] (-) TimerEvent: {}
[139.317511] (-) TimerEvent: {}
[139.417698] (-) TimerEvent: {}
[139.517866] (-) TimerEvent: {}
[139.617988] (-) TimerEvent: {}
[139.718124] (-) TimerEvent: {}
[139.818295] (-) TimerEvent: {}
[139.918473] (-) TimerEvent: {}
[140.018629] (-) TimerEvent: {}
[140.118771] (-) TimerEvent: {}
[140.218884] (-) TimerEvent: {}
[140.318992] (-) TimerEvent: {}
[140.419087] (-) TimerEvent: {}
[140.519183] (-) TimerEvent: {}
[140.619270] (-) TimerEvent: {}
[140.719356] (-) TimerEvent: {}
[140.819444] (-) TimerEvent: {}
[140.919561] (-) TimerEvent: {}
[141.019709] (-) TimerEvent: {}
[141.119853] (-) TimerEvent: {}
[141.219967] (-) TimerEvent: {}
[141.320064] (-) TimerEvent: {}
[141.420158] (-) TimerEvent: {}
[141.520269] (-) TimerEvent: {}
[141.620380] (-) TimerEvent: {}
[141.720479] (-) TimerEvent: {}
[141.820571] (-) TimerEvent: {}
[141.920692] (-) TimerEvent: {}
[142.020855] (-) TimerEvent: {}
[142.120992] (-) TimerEvent: {}
[142.221109] (-) TimerEvent: {}
[142.321210] (-) TimerEvent: {}
[142.421313] (-) TimerEvent: {}
[142.521441] (-) TimerEvent: {}
[142.621582] (-) TimerEvent: {}
[142.721791] (-) TimerEvent: {}
[142.821949] (-) TimerEvent: {}
[142.922097] (-) TimerEvent: {}
[143.022248] (-) TimerEvent: {}
[143.122377] (-) TimerEvent: {}
[143.222494] (-) TimerEvent: {}
[143.322600] (-) TimerEvent: {}
[143.422699] (-) TimerEvent: {}
[143.522809] (-) TimerEvent: {}
[143.622914] (-) TimerEvent: {}
[143.723019] (-) TimerEvent: {}
[143.823109] (-) TimerEvent: {}
[143.923231] (-) TimerEvent: {}
[144.023381] (-) TimerEvent: {}
[144.123515] (-) TimerEvent: {}
[144.223625] (-) TimerEvent: {}
[144.323734] (-) TimerEvent: {}
[144.423849] (-) TimerEvent: {}
[144.523940] (-) TimerEvent: {}
[144.624031] (-) TimerEvent: {}
[144.724115] (-) TimerEvent: {}
[144.824197] (-) TimerEvent: {}
[144.924321] (-) TimerEvent: {}
[145.024474] (-) TimerEvent: {}
[145.124620] (-) TimerEvent: {}
[145.224755] (-) TimerEvent: {}
[145.324854] (-) TimerEvent: {}
[145.424984] (-) TimerEvent: {}
[145.525126] (-) TimerEvent: {}
[145.625249] (-) TimerEvent: {}
[145.725402] (-) TimerEvent: {}
[145.825572] (-) TimerEvent: {}
[145.925724] (-) TimerEvent: {}
[146.025897] (-) TimerEvent: {}
[146.126028] (-) TimerEvent: {}
[146.226143] (-) TimerEvent: {}
[146.326255] (-) TimerEvent: {}
[146.426353] (-) TimerEvent: {}
[146.526462] (-) TimerEvent: {}
[146.626563] (-) TimerEvent: {}
[146.726654] (-) TimerEvent: {}
[146.826756] (-) TimerEvent: {}
[146.926880] (-) TimerEvent: {}
[147.027029] (-) TimerEvent: {}
[147.127167] (-) TimerEvent: {}
[147.227274] (-) TimerEvent: {}
[147.327371] (-) TimerEvent: {}
[147.427464] (-) TimerEvent: {}
[147.527559] (-) TimerEvent: {}
[147.627659] (-) TimerEvent: {}
[147.727762] (-) TimerEvent: {}
[147.827867] (-) TimerEvent: {}
[147.927999] (-) TimerEvent: {}
[148.028154] (-) TimerEvent: {}
[148.128290] (-) TimerEvent: {}
[148.228401] (-) TimerEvent: {}
[148.328503] (-) TimerEvent: {}
[148.428601] (-) TimerEvent: {}
[148.528750] (-) TimerEvent: {}
[148.628910] (-) TimerEvent: {}
[148.729060] (-) TimerEvent: {}
[148.829215] (-) TimerEvent: {}
[148.929356] (-) TimerEvent: {}
[149.029504] (-) TimerEvent: {}
[149.129637] (-) TimerEvent: {}
[149.229762] (-) TimerEvent: {}
[149.329866] (-) TimerEvent: {}
[149.429965] (-) TimerEvent: {}
[149.530066] (-) TimerEvent: {}
[149.630157] (-) TimerEvent: {}
[149.730279] (-) TimerEvent: {}
[149.830410] (-) TimerEvent: {}
[149.930563] (-) TimerEvent: {}
[150.030769] (-) TimerEvent: {}
[150.130929] (-) TimerEvent: {}
[150.231040] (-) TimerEvent: {}
[150.331144] (-) TimerEvent: {}
[150.431242] (-) TimerEvent: {}
[150.531331] (-) TimerEvent: {}
[150.631423] (-) TimerEvent: {}
[150.731512] (-) TimerEvent: {}
[150.831597] (-) TimerEvent: {}
[150.931710] (-) TimerEvent: {}
[151.031869] (-) TimerEvent: {}
[151.131998] (-) TimerEvent: {}
[151.232101] (-) TimerEvent: {}
[151.332199] (-) TimerEvent: {}
[151.432339] (-) TimerEvent: {}
[151.532491] (-) TimerEvent: {}
[151.632601] (-) TimerEvent: {}
[151.732753] (-) TimerEvent: {}
[151.832901] (-) TimerEvent: {}
[151.933039] (-) TimerEvent: {}
[152.033212] (-) TimerEvent: {}
[152.133410] (-) TimerEvent: {}
[152.233544] (-) TimerEvent: {}
[152.333652] (-) TimerEvent: {}
[152.433763] (-) TimerEvent: {}
[152.533868] (-) TimerEvent: {}
[152.633963] (-) TimerEvent: {}
[152.734053] (-) TimerEvent: {}
[152.834163] (-) TimerEvent: {}
[152.934335] (-) TimerEvent: {}
[153.034530] (-) TimerEvent: {}
[153.134695] (-) TimerEvent: {}
[153.234833] (-) TimerEvent: {}
[153.334937] (-) TimerEvent: {}
[153.435034] (-) TimerEvent: {}
[153.535141] (-) TimerEvent: {}
[153.635235] (-) TimerEvent: {}
[153.735329] (-) TimerEvent: {}
[153.835450] (-) TimerEvent: {}
[153.935609] (-) TimerEvent: {}
[154.035807] (-) TimerEvent: {}
[154.135971] (-) TimerEvent: {}
[154.236093] (-) TimerEvent: {}
[154.336249] (-) TimerEvent: {}
[154.436434] (-) TimerEvent: {}
[154.536593] (-) TimerEvent: {}
[154.636728] (-) TimerEvent: {}
[154.736894] (-) TimerEvent: {}
[154.837076] (-) TimerEvent: {}
[154.937241] (-) TimerEvent: {}
[155.037363] (-) TimerEvent: {}
[155.137524] (-) TimerEvent: {}
[155.237670] (-) TimerEvent: {}
[155.337801] (-) TimerEvent: {}
[155.437918] (-) TimerEvent: {}
[155.538034] (-) TimerEvent: {}
[155.638168] (-) TimerEvent: {}
[155.689802] (offboard_safety_monitor) StdoutLine: {'line': b'[100%] Linking CXX executable safety_monitor_node\n'}
[155.691964] (offboard_safety_monitor) StdoutLine: {'line': b'/usr/bin/cmake -E cmake_link_script CMakeFiles/safety_monitor_node.dir/link.txt --verbose=1\n'}
[155.703630] (offboard_safety_monitor) StdoutLine: {'line': b'/usr/bin/c++ -O3 -DNDEBUG CMakeFiles/safety_monitor_node.dir/src/main.cpp.o CMakeFiles/safety_monitor_node.dir/src/safety_monitor_node.cpp.o CMakeFiles/safety_monitor_node.dir/src/safety_logic.cpp.o -o safety_monitor_node  -Wl,-rpath,/opt/ros/jazzy/lib:/home/vdt_2026/ros2_ws/install/px4_msgs/lib:/home/vdt_2026/VDT_project/install/vdt_msgs/lib: /opt/ros/jazzy/lib/librclcpp.so /home/vdt_2026/ros2_ws/install/px4_msgs/lib/libpx4_msgs__rosidl_typesupport_fastrtps_c.so /home/vdt_2026/ros2_ws/install/px4_msgs/lib/libpx4_msgs__rosidl_typesupport_fastrtps_cpp.so /home/vdt_2026/ros2_ws/install/px4_msgs/lib/libpx4_msgs__rosidl_typesupport_introspection_c.so /home/vdt_2026/ros2_ws/install/px4_msgs/lib/libpx4_msgs__rosidl_typesupport_introspection_cpp.so /home/vdt_2026/ros2_ws/install/px4_msgs/lib/libpx4_msgs__rosidl_typesupport_cpp.so /home/vdt_2026/ros2_ws/install/px4_msgs/lib/libpx4_msgs__rosidl_generator_py.so /home/vdt_2026/VDT_project/install/vdt_msgs/lib/libvdt_msgs__rosidl_typesupport_fastrtps_c.so /home/vdt_2026/VDT_project/install/vdt_msgs/lib/libvdt_msgs__rosidl_typesupport_fastrtps_cpp.so /home/vdt_2026/VDT_project/install/vdt_msgs/lib/libvdt_msgs__rosidl_typesupport_introspection_c.so /home/vdt_2026/VDT_project/install/vdt_msgs/lib/libvdt_msgs__rosidl_typesupport_introspection_cpp.so /home/vdt_2026/VDT_project/install/vdt_msgs/lib/libvdt_msgs__rosidl_typesupport_cpp.so /home/vdt_2026/VDT_project/install/vdt_msgs/lib/libvdt_msgs__rosidl_generator_py.so /opt/ros/jazzy/lib/liblibstatistics_collector.so /opt/ros/jazzy/lib/librcl.so /opt/ros/jazzy/lib/librmw_implementation.so /opt/ros/jazzy/lib/libtype_description_interfaces__rosidl_typesupport_fastrtps_c.so /opt/ros/jazzy/lib/libtype_description_interfaces__rosidl_typesupport_introspection_c.so /opt/ros/jazzy/lib/libtype_description_interfaces__rosidl_typesupport_fastrtps_cpp.so /opt/ros/jazzy/lib/libtype_description_interfaces__rosidl_typesupport_introspection_cpp.so /opt/ros/jazzy/lib/libtype_description_interfaces__rosidl_typesupport_cpp.so /opt/ros/jazzy/lib/libtype_description_interfaces__rosidl_generator_py.so /opt/ros/jazzy/lib/libtype_description_interfaces__rosidl_typesupport_c.so /opt/ros/jazzy/lib/libtype_description_interfaces__rosidl_generator_c.so /opt/ros/jazzy/lib/librcl_yaml_param_parser.so /opt/ros/jazzy/lib/librosgraph_msgs__rosidl_typesupport_fastrtps_c.so /opt/ros/jazzy/lib/librosgraph_msgs__rosidl_typesupport_fastrtps_cpp.so /opt/ros/jazzy/lib/librosgraph_msgs__rosidl_typesupport_introspection_c.so /opt/ros/jazzy/lib/librosgraph_msgs__rosidl_typesupport_introspection_cpp.so /opt/ros/jazzy/lib/librosgraph_msgs__rosidl_typesupport_cpp.so /opt/ros/jazzy/lib/librosgraph_msgs__rosidl_generator_py.so /opt/ros/jazzy/lib/librcl_interfaces__rosidl_typesupport_fastrtps_c.so /opt/ros/jazzy/lib/librcl_interfaces__rosidl_typesupport_introspection_c.so /opt/ros/jazzy/lib/librcl_interfaces__rosidl_typesupport_fastrtps_cpp.so /opt/ros/jazzy/lib/librcl_interfaces__rosidl_typesupport_introspection_cpp.so /opt/ros/jazzy/lib/librcl_interfaces__rosidl_typesupport_cpp.so /opt/ros/jazzy/lib/librcl_interfaces__rosidl_generator_py.so /opt/ros/jazzy/lib/librosgraph_msgs__rosidl_typesupport_c.so /opt/ros/jazzy/lib/librcl_interfaces__rosidl_typesupport_c.so /opt/ros/jazzy/lib/librosgraph_msgs__rosidl_generator_c.so /opt/ros/jazzy/lib/librcl_interfaces__rosidl_generator_c.so /opt/ros/jazzy/lib/libstatistics_msgs__rosidl_typesupport_fastrtps_c.so /opt/ros/jazzy/lib/libstatistics_msgs__rosidl_typesupport_fastrtps_cpp.so /opt/ros/jazzy/lib/libstatistics_msgs__rosidl_typesupport_introspection_c.so /opt/ros/jazzy/lib/libstatistics_msgs__rosidl_typesupport_introspection_cpp.so /opt/ros/jazzy/lib/libstatistics_msgs__rosidl_typesupport_cpp.so /opt/ros/jazzy/lib/libstatistics_msgs__rosidl_generator_py.so /opt/ros/jazzy/lib/libstatistics_msgs__rosidl_typesupport_c.so /opt/ros/jazzy/lib/libstatistics_msgs__rosidl_generator_c.so /opt/ros/jazzy/lib/libtracetools.so -llttng-ust -llttng-ust-common -rdynamic -ldl /opt/ros/jazzy/lib/librcl_logging_interface.so /home/vdt_2026/ros2_ws/install/px4_msgs/lib/libpx4_msgs__rosidl_typesupport_c.so /home/vdt_2026/ros2_ws/install/px4_msgs/lib/libpx4_msgs__rosidl_generator_c.so /opt/ros/jazzy/lib/libservice_msgs__rosidl_typesupport_fastrtps_c.so /opt/ros/jazzy/lib/libservice_msgs__rosidl_typesupport_fastrtps_cpp.so /opt/ros/jazzy/lib/libservice_msgs__rosidl_typesupport_introspection_c.so /opt/ros/jazzy/lib/libservice_msgs__rosidl_typesupport_introspection_cpp.so /opt/ros/jazzy/lib/libservice_msgs__rosidl_typesupport_cpp.so /opt/ros/jazzy/lib/libservice_msgs__rosidl_typesupport_c.so /opt/ros/jazzy/lib/libservice_msgs__rosidl_generator_c.so /opt/ros/jazzy/lib/libstd_msgs__rosidl_typesupport_fastrtps_c.so /opt/ros/jazzy/lib/libstd_msgs__rosidl_typesupport_fastrtps_cpp.so /opt/ros/jazzy/lib/libstd_msgs__rosidl_typesupport_introspection_c.so /opt/ros/jazzy/lib/libstd_msgs__rosidl_typesupport_introspection_cpp.so /opt/ros/jazzy/lib/libstd_msgs__rosidl_typesupport_cpp.so /opt/ros/jazzy/lib/libstd_msgs__rosidl_generator_py.so /home/vdt_2026/VDT_project/install/vdt_msgs/lib/libvdt_msgs__rosidl_typesupport_c.so /opt/ros/jazzy/lib/libstd_msgs__rosidl_typesupport_c.so /home/vdt_2026/VDT_project/install/vdt_msgs/lib/libvdt_msgs__rosidl_generator_c.so /opt/ros/jazzy/lib/libstd_msgs__rosidl_generator_c.so /opt/ros/jazzy/lib/libbuiltin_interfaces__rosidl_typesupport_fastrtps_c.so /opt/ros/jazzy/lib/librosidl_typesupport_fastrtps_c.so /opt/ros/jazzy/lib/libbuiltin_interfaces__rosidl_typesupport_introspection_c.so /opt/ros/jazzy/lib/libbuiltin_interfaces__rosidl_typesupport_fastrtps_cpp.so /opt/ros/jazzy/lib/librosidl_typesupport_fastrtps_cpp.so /opt/ros/jazzy/lib/librmw.so /opt/ros/jazzy/lib/librosidl_dynamic_typesupport.so /opt/ros/jazzy/lib/libfastcdr.so.2.2.8 /opt/ros/jazzy/lib/libbuiltin_interfaces__rosidl_typesupport_introspection_cpp.so /opt/ros/jazzy/lib/librosidl_typesupport_introspection_cpp.so /opt/ros/jazzy/lib/librosidl_typesupport_introspection_c.so /opt/ros/jazzy/lib/libbuiltin_interfaces__rosidl_typesupport_cpp.so /opt/ros/jazzy/lib/librosidl_typesupport_cpp.so /opt/ros/jazzy/lib/libbuiltin_interfaces__rosidl_generator_py.so /opt/ros/jazzy/lib/libbuiltin_interfaces__rosidl_typesupport_c.so /opt/ros/jazzy/lib/libbuiltin_interfaces__rosidl_generator_c.so /opt/ros/jazzy/lib/librosidl_typesupport_c.so /opt/ros/jazzy/lib/librcpputils.so /opt/ros/jazzy/lib/librosidl_runtime_c.so /opt/ros/jazzy/lib/librcutils.so -ldl -latomic -Wl,-rpath-link,/opt/ros/jazzy/lib \n'}
[155.738300] (-) TimerEvent: {}
[155.838633] (-) TimerEvent: {}
[155.938984] (-) TimerEvent: {}
[156.039205] (-) TimerEvent: {}
[156.117456] (offboard_safety_monitor) StdoutLine: {'line': b"gmake[2]: Leaving directory '/home/vdt_2026/VDT_project/build/offboard_safety_monitor'\n"}
[156.134916] (offboard_safety_monitor) StdoutLine: {'line': b'[100%] Built target safety_monitor_node\n'}
[156.136660] (offboard_safety_monitor) StdoutLine: {'line': b"gmake[1]: Leaving directory '/home/vdt_2026/VDT_project/build/offboard_safety_monitor'\n"}
[156.137020] (offboard_safety_monitor) StdoutLine: {'line': b'/usr/bin/cmake -E cmake_progress_start /home/vdt_2026/VDT_project/build/offboard_safety_monitor/CMakeFiles 0\n'}
[156.139299] (-) TimerEvent: {}
[156.154431] (offboard_safety_monitor) StdoutLine: {'line': b'\n'}
[156.157279] (offboard_safety_monitor) CommandEnded: {'returncode': 0}
[156.158047] (offboard_safety_monitor) JobProgress: {'identifier': 'offboard_safety_monitor', 'progress': 'install'}
[156.158483] (offboard_safety_monitor) Command: {'cmd': ['/usr/bin/cmake', '--install', '/home/vdt_2026/VDT_project/build/offboard_safety_monitor'], 'cwd': '/home/vdt_2026/VDT_project/build/offboard_safety_monitor', 'env': OrderedDict({'LESSOPEN': '| /usr/bin/lesspipe %s', 'USER': 'vdt_2026', 'SSH_CLIENT': '100.101.240.43 53682 22', 'XDG_SESSION_TYPE': 'tty', 'SHLVL': '1', 'LD_LIBRARY_PATH': '/home/vdt_2026/VDT_project/install/vdt_msgs/lib:/home/vdt_2026/ros2_ws/install/px4_msgs/lib:/opt/ros/jazzy/lib/aarch64-linux-gnu:/opt/ros/jazzy/lib', 'HOME': '/home/vdt_2026', 'OLDPWD': '/home/vdt_2026', 'SSH_TTY': '/dev/pts/0', 'ROS_PYTHON_VERSION': '3', 'DBUS_SESSION_BUS_ADDRESS': 'unix:path=/run/user/1000/bus', 'COLCON_PREFIX_PATH': '/home/vdt_2026/ros2_ws/install', 'ROS_DISTRO': 'jazzy', 'LOGNAME': 'vdt_2026', '_': '/usr/bin/colcon', 'ROS_VERSION': '2', 'XDG_SESSION_CLASS': 'user', 'TERM': 'xterm-256color', 'XDG_SESSION_ID': '1', 'PATH': '/home/vdt_2026/.local/bin:/opt/ros/jazzy/bin:/usr/local/sbin:/usr/local/bin:/usr/sbin:/usr/bin:/sbin:/bin:/usr/games:/usr/local/games:/snap/bin', 'XDG_RUNTIME_DIR': '/run/user/1000', 'LANG': 'en_US.UTF-8', 'LS_COLORS': 'rs=0:di=01;34:ln=01;36:mh=00:pi=40;33:so=01;35:do=01;35:bd=40;33;01:cd=40;33;01:or=40;31;01:mi=00:su=37;41:sg=30;43:ca=00:tw=30;42:ow=34;42:st=37;44:ex=01;32:*.tar=01;31:*.tgz=01;31:*.arc=01;31:*.arj=01;31:*.taz=01;31:*.lha=01;31:*.lz4=01;31:*.lzh=01;31:*.lzma=01;31:*.tlz=01;31:*.txz=01;31:*.tzo=01;31:*.t7z=01;31:*.zip=01;31:*.z=01;31:*.dz=01;31:*.gz=01;31:*.lrz=01;31:*.lz=01;31:*.lzo=01;31:*.xz=01;31:*.zst=01;31:*.tzst=01;31:*.bz2=01;31:*.bz=01;31:*.tbz=01;31:*.tbz2=01;31:*.tz=01;31:*.deb=01;31:*.rpm=01;31:*.jar=01;31:*.war=01;31:*.ear=01;31:*.sar=01;31:*.rar=01;31:*.alz=01;31:*.ace=01;31:*.zoo=01;31:*.cpio=01;31:*.7z=01;31:*.rz=01;31:*.cab=01;31:*.wim=01;31:*.swm=01;31:*.dwm=01;31:*.esd=01;31:*.avif=01;35:*.jpg=01;35:*.jpeg=01;35:*.mjpg=01;35:*.mjpeg=01;35:*.gif=01;35:*.bmp=01;35:*.pbm=01;35:*.pgm=01;35:*.ppm=01;35:*.tga=01;35:*.xbm=01;35:*.xpm=01;35:*.tif=01;35:*.tiff=01;35:*.png=01;35:*.svg=01;35:*.svgz=01;35:*.mng=01;35:*.pcx=01;35:*.mov=01;35:*.mpg=01;35:*.mpeg=01;35:*.m2v=01;35:*.mkv=01;35:*.webm=01;35:*.webp=01;35:*.ogm=01;35:*.mp4=01;35:*.m4v=01;35:*.mp4v=01;35:*.vob=01;35:*.qt=01;35:*.nuv=01;35:*.wmv=01;35:*.asf=01;35:*.rm=01;35:*.rmvb=01;35:*.flc=01;35:*.avi=01;35:*.fli=01;35:*.flv=01;35:*.gl=01;35:*.dl=01;35:*.xcf=01;35:*.xwd=01;35:*.yuv=01;35:*.cgm=01;35:*.emf=01;35:*.ogv=01;35:*.ogx=01;35:*.aac=00;36:*.au=00;36:*.flac=00;36:*.m4a=00;36:*.mid=00;36:*.midi=00;36:*.mka=00;36:*.mp3=00;36:*.mpc=00;36:*.ogg=00;36:*.ra=00;36:*.wav=00;36:*.oga=00;36:*.opus=00;36:*.spx=00;36:*.xspf=00;36:*~=00;90:*#=00;90:*.bak=00;90:*.crdownload=00;90:*.dpkg-dist=00;90:*.dpkg-new=00;90:*.dpkg-old=00;90:*.dpkg-tmp=00;90:*.old=00;90:*.orig=00;90:*.part=00;90:*.rej=00;90:*.rpmnew=00;90:*.rpmorig=00;90:*.rpmsave=00;90:*.swp=00;90:*.tmp=00;90:*.ucf-dist=00;90:*.ucf-new=00;90:*.ucf-old=00;90:', 'AMENT_PREFIX_PATH': '/home/vdt_2026/VDT_project/install/offboard_manager:/home/vdt_2026/VDT_project/install/vdt_msgs:/home/vdt_2026/ros2_ws/install/px4_msgs:/opt/ros/jazzy', 'SHELL': '/bin/bash', 'LESSCLOSE': '/usr/bin/lesspipe %s %s', 'ROS_AUTOMATIC_DISCOVERY_RANGE': 'SUBNET', 'PWD': '/home/vdt_2026/VDT_project/build/offboard_safety_monitor', 'LC_ALL': 'en_US.UTF-8', 'SSH_CONNECTION': '100.101.240.43 53682 100.65.242.75 22', 'XDG_DATA_DIRS': '/usr/local/share:/usr/share:/var/lib/snapd/desktop', 'PYTHONPATH': '/home/vdt_2026/VDT_project/install/vdt_msgs/lib/python3.12/site-packages:/home/vdt_2026/ros2_ws/install/px4_msgs/lib/python3.12/site-packages:/opt/ros/jazzy/lib/python3.12/site-packages:/home/vdt_2026/librealsense/build/Release', 'COLCON': '1', 'CMAKE_PREFIX_PATH': '/home/vdt_2026/VDT_project/install/offboard_manager:/home/vdt_2026/VDT_project/install/vdt_msgs:/home/vdt_2026/ros2_ws/install/px4_msgs:/opt/ros/jazzy'}), 'shell': False}
[156.172287] (offboard_safety_monitor) StdoutLine: {'line': b'-- Install configuration: "Release"\n'}
[156.172618] (offboard_safety_monitor) StdoutLine: {'line': b'-- Installing: /home/vdt_2026/VDT_project/install/offboard_safety_monitor/lib/offboard_safety_monitor/safety_monitor_node\n'}
[156.177709] (offboard_safety_monitor) StdoutLine: {'line': b'-- Set non-toolchain portion of runtime path of "/home/vdt_2026/VDT_project/install/offboard_safety_monitor/lib/offboard_safety_monitor/safety_monitor_node" to ""\n'}
[156.178007] (offboard_safety_monitor) StdoutLine: {'line': b'-- Installing: /home/vdt_2026/VDT_project/install/offboard_safety_monitor/lib/offboard_safety_monitor/hil_validation.py\n'}
[156.179109] (offboard_safety_monitor) StdoutLine: {'line': b'-- Installing: /home/vdt_2026/VDT_project/install/offboard_safety_monitor/share/ament_index/resource_index/package_run_dependencies/offboard_safety_monitor\n'}
[156.179419] (offboard_safety_monitor) StdoutLine: {'line': b'-- Installing: /home/vdt_2026/VDT_project/install/offboard_safety_monitor/share/ament_index/resource_index/parent_prefix_path/offboard_safety_monitor\n'}
[156.179759] (offboard_safety_monitor) StdoutLine: {'line': b'-- Installing: /home/vdt_2026/VDT_project/install/offboard_safety_monitor/share/offboard_safety_monitor/environment/ament_prefix_path.sh\n'}
[156.180064] (offboard_safety_monitor) StdoutLine: {'line': b'-- Installing: /home/vdt_2026/VDT_project/install/offboard_safety_monitor/share/offboard_safety_monitor/environment/ament_prefix_path.dsv\n'}
[156.180533] (offboard_safety_monitor) StdoutLine: {'line': b'-- Installing: /home/vdt_2026/VDT_project/install/offboard_safety_monitor/share/offboard_safety_monitor/environment/path.sh\n'}
[156.180760] (offboard_safety_monitor) StdoutLine: {'line': b'-- Installing: /home/vdt_2026/VDT_project/install/offboard_safety_monitor/share/offboard_safety_monitor/environment/path.dsv\n'}
[156.181031] (offboard_safety_monitor) StdoutLine: {'line': b'-- Installing: /home/vdt_2026/VDT_project/install/offboard_safety_monitor/share/offboard_safety_monitor/local_setup.bash\n'}
[156.181246] (offboard_safety_monitor) StdoutLine: {'line': b'-- Installing: /home/vdt_2026/VDT_project/install/offboard_safety_monitor/share/offboard_safety_monitor/local_setup.sh\n'}
[156.181387] (offboard_safety_monitor) StdoutLine: {'line': b'-- Installing: /home/vdt_2026/VDT_project/install/offboard_safety_monitor/share/offboard_safety_monitor/local_setup.zsh\n'}
[156.183923] (offboard_safety_monitor) StdoutLine: {'line': b'-- Installing: /home/vdt_2026/VDT_project/install/offboard_safety_monitor/share/offboard_safety_monitor/local_setup.dsv\n'}
[156.184071] (offboard_safety_monitor) StdoutLine: {'line': b'-- Installing: /home/vdt_2026/VDT_project/install/offboard_safety_monitor/share/offboard_safety_monitor/package.dsv\n'}
[156.184153] (offboard_safety_monitor) StdoutLine: {'line': b'-- Installing: /home/vdt_2026/VDT_project/install/offboard_safety_monitor/share/ament_index/resource_index/packages/offboard_safety_monitor\n'}
[156.184231] (offboard_safety_monitor) StdoutLine: {'line': b'-- Installing: /home/vdt_2026/VDT_project/install/offboard_safety_monitor/share/offboard_safety_monitor/cmake/offboard_safety_monitorConfig.cmake\n'}
[156.184318] (offboard_safety_monitor) StdoutLine: {'line': b'-- Installing: /home/vdt_2026/VDT_project/install/offboard_safety_monitor/share/offboard_safety_monitor/cmake/offboard_safety_monitorConfig-version.cmake\n'}
[156.184420] (offboard_safety_monitor) StdoutLine: {'line': b'-- Installing: /home/vdt_2026/VDT_project/install/offboard_safety_monitor/share/offboard_safety_monitor/package.xml\n'}
[156.185172] (offboard_safety_monitor) CommandEnded: {'returncode': 0}
[156.202940] (offboard_safety_monitor) JobEnded: {'identifier': 'offboard_safety_monitor', 'rc': 0}
[156.204123] (px4_state_bridge) JobStarted: {'identifier': 'px4_state_bridge'}
[156.215425] (px4_state_bridge) JobProgress: {'identifier': 'px4_state_bridge', 'progress': 'cmake'}
[156.216257] (px4_state_bridge) Command: {'cmd': ['/usr/bin/cmake', '/home/vdt_2026/VDT_project/ros2_ws/src/px4_state_bridge', '-DCMAKE_VERBOSE_MAKEFILE=ON', '-DCMAKE_INSTALL_PREFIX=/home/vdt_2026/VDT_project/install/px4_state_bridge'], 'cwd': '/home/vdt_2026/VDT_project/build/px4_state_bridge', 'env': OrderedDict({'LESSOPEN': '| /usr/bin/lesspipe %s', 'USER': 'vdt_2026', 'SSH_CLIENT': '100.101.240.43 53682 22', 'XDG_SESSION_TYPE': 'tty', 'SHLVL': '1', 'LD_LIBRARY_PATH': '/home/vdt_2026/VDT_project/install/vdt_msgs/lib:/home/vdt_2026/ros2_ws/install/px4_msgs/lib:/opt/ros/jazzy/lib/aarch64-linux-gnu:/opt/ros/jazzy/lib', 'HOME': '/home/vdt_2026', 'OLDPWD': '/home/vdt_2026', 'SSH_TTY': '/dev/pts/0', 'ROS_PYTHON_VERSION': '3', 'DBUS_SESSION_BUS_ADDRESS': 'unix:path=/run/user/1000/bus', 'COLCON_PREFIX_PATH': '/home/vdt_2026/ros2_ws/install', 'ROS_DISTRO': 'jazzy', 'LOGNAME': 'vdt_2026', '_': '/usr/bin/colcon', 'ROS_VERSION': '2', 'XDG_SESSION_CLASS': 'user', 'TERM': 'xterm-256color', 'XDG_SESSION_ID': '1', 'PATH': '/home/vdt_2026/.local/bin:/opt/ros/jazzy/bin:/usr/local/sbin:/usr/local/bin:/usr/sbin:/usr/bin:/sbin:/bin:/usr/games:/usr/local/games:/snap/bin', 'XDG_RUNTIME_DIR': '/run/user/1000', 'LANG': 'en_US.UTF-8', 'LS_COLORS': 'rs=0:di=01;34:ln=01;36:mh=00:pi=40;33:so=01;35:do=01;35:bd=40;33;01:cd=40;33;01:or=40;31;01:mi=00:su=37;41:sg=30;43:ca=00:tw=30;42:ow=34;42:st=37;44:ex=01;32:*.tar=01;31:*.tgz=01;31:*.arc=01;31:*.arj=01;31:*.taz=01;31:*.lha=01;31:*.lz4=01;31:*.lzh=01;31:*.lzma=01;31:*.tlz=01;31:*.txz=01;31:*.tzo=01;31:*.t7z=01;31:*.zip=01;31:*.z=01;31:*.dz=01;31:*.gz=01;31:*.lrz=01;31:*.lz=01;31:*.lzo=01;31:*.xz=01;31:*.zst=01;31:*.tzst=01;31:*.bz2=01;31:*.bz=01;31:*.tbz=01;31:*.tbz2=01;31:*.tz=01;31:*.deb=01;31:*.rpm=01;31:*.jar=01;31:*.war=01;31:*.ear=01;31:*.sar=01;31:*.rar=01;31:*.alz=01;31:*.ace=01;31:*.zoo=01;31:*.cpio=01;31:*.7z=01;31:*.rz=01;31:*.cab=01;31:*.wim=01;31:*.swm=01;31:*.dwm=01;31:*.esd=01;31:*.avif=01;35:*.jpg=01;35:*.jpeg=01;35:*.mjpg=01;35:*.mjpeg=01;35:*.gif=01;35:*.bmp=01;35:*.pbm=01;35:*.pgm=01;35:*.ppm=01;35:*.tga=01;35:*.xbm=01;35:*.xpm=01;35:*.tif=01;35:*.tiff=01;35:*.png=01;35:*.svg=01;35:*.svgz=01;35:*.mng=01;35:*.pcx=01;35:*.mov=01;35:*.mpg=01;35:*.mpeg=01;35:*.m2v=01;35:*.mkv=01;35:*.webm=01;35:*.webp=01;35:*.ogm=01;35:*.mp4=01;35:*.m4v=01;35:*.mp4v=01;35:*.vob=01;35:*.qt=01;35:*.nuv=01;35:*.wmv=01;35:*.asf=01;35:*.rm=01;35:*.rmvb=01;35:*.flc=01;35:*.avi=01;35:*.fli=01;35:*.flv=01;35:*.gl=01;35:*.dl=01;35:*.xcf=01;35:*.xwd=01;35:*.yuv=01;35:*.cgm=01;35:*.emf=01;35:*.ogv=01;35:*.ogx=01;35:*.aac=00;36:*.au=00;36:*.flac=00;36:*.m4a=00;36:*.mid=00;36:*.midi=00;36:*.mka=00;36:*.mp3=00;36:*.mpc=00;36:*.ogg=00;36:*.ra=00;36:*.wav=00;36:*.oga=00;36:*.opus=00;36:*.spx=00;36:*.xspf=00;36:*~=00;90:*#=00;90:*.bak=00;90:*.crdownload=00;90:*.dpkg-dist=00;90:*.dpkg-new=00;90:*.dpkg-old=00;90:*.dpkg-tmp=00;90:*.old=00;90:*.orig=00;90:*.part=00;90:*.rej=00;90:*.rpmnew=00;90:*.rpmorig=00;90:*.rpmsave=00;90:*.swp=00;90:*.tmp=00;90:*.ucf-dist=00;90:*.ucf-new=00;90:*.ucf-old=00;90:', 'AMENT_PREFIX_PATH': '/home/vdt_2026/VDT_project/install/fsm_state_machine:/home/vdt_2026/VDT_project/install/vdt_msgs:/home/vdt_2026/ros2_ws/install/px4_msgs:/opt/ros/jazzy', 'SHELL': '/bin/bash', 'LESSCLOSE': '/usr/bin/lesspipe %s %s', 'ROS_AUTOMATIC_DISCOVERY_RANGE': 'SUBNET', 'PWD': '/home/vdt_2026/VDT_project/build/px4_state_bridge', 'LC_ALL': 'en_US.UTF-8', 'SSH_CONNECTION': '100.101.240.43 53682 100.65.242.75 22', 'XDG_DATA_DIRS': '/usr/local/share:/usr/share:/var/lib/snapd/desktop', 'PYTHONPATH': '/home/vdt_2026/VDT_project/install/vdt_msgs/lib/python3.12/site-packages:/home/vdt_2026/ros2_ws/install/px4_msgs/lib/python3.12/site-packages:/opt/ros/jazzy/lib/python3.12/site-packages:/home/vdt_2026/librealsense/build/Release', 'COLCON': '1', 'CMAKE_PREFIX_PATH': '/home/vdt_2026/VDT_project/install/fsm_state_machine:/home/vdt_2026/VDT_project/install/vdt_msgs:/home/vdt_2026/ros2_ws/install/px4_msgs:/opt/ros/jazzy'}), 'shell': False}
[156.239425] (-) TimerEvent: {}
[156.314553] (px4_state_bridge) StdoutLine: {'line': b'-- The C compiler identification is GNU 13.3.0\n'}
[156.339555] (-) TimerEvent: {}
[156.411360] (px4_state_bridge) StdoutLine: {'line': b'-- The CXX compiler identification is GNU 13.3.0\n'}
[156.438664] (px4_state_bridge) StdoutLine: {'line': b'-- Detecting C compiler ABI info\n'}
[156.439636] (-) TimerEvent: {}
[156.539828] (-) TimerEvent: {}
[156.593704] (px4_state_bridge) StdoutLine: {'line': b'-- Detecting C compiler ABI info - done\n'}
[156.608998] (px4_state_bridge) StdoutLine: {'line': b'-- Check for working C compiler: /usr/bin/cc - skipped\n'}
[156.609348] (px4_state_bridge) StdoutLine: {'line': b'-- Detecting C compile features\n'}
[156.610102] (px4_state_bridge) StdoutLine: {'line': b'-- Detecting C compile features - done\n'}
[156.624261] (px4_state_bridge) StdoutLine: {'line': b'-- Detecting CXX compiler ABI info\n'}
[156.639951] (-) TimerEvent: {}
[156.740166] (-) TimerEvent: {}
[156.790587] (px4_state_bridge) StdoutLine: {'line': b'-- Detecting CXX compiler ABI info - done\n'}
[156.806109] (px4_state_bridge) StdoutLine: {'line': b'-- Check for working CXX compiler: /usr/bin/c++ - skipped\n'}
[156.806527] (px4_state_bridge) StdoutLine: {'line': b'-- Detecting CXX compile features\n'}
[156.807373] (px4_state_bridge) StdoutLine: {'line': b'-- Detecting CXX compile features - done\n'}
[156.810526] (px4_state_bridge) StdoutLine: {'line': b'-- Found ament_cmake: 2.5.6 (/opt/ros/jazzy/share/ament_cmake/cmake)\n'}
[156.840267] (-) TimerEvent: {}
[156.940457] (-) TimerEvent: {}
[157.022571] (px4_state_bridge) StdoutLine: {'line': b'-- Found Python3: /usr/bin/python3 (found version "3.12.3") found components: Interpreter \n'}
[157.040553] (-) TimerEvent: {}
[157.140753] (-) TimerEvent: {}
[157.174186] (px4_state_bridge) StdoutLine: {'line': b'-- Found rclcpp: 28.1.22 (/opt/ros/jazzy/share/rclcpp/cmake)\n'}
[157.219271] (px4_state_bridge) StdoutLine: {'line': b'-- Found rosidl_generator_c: 4.6.9 (/opt/ros/jazzy/share/rosidl_generator_c/cmake)\n'}
[157.237020] (px4_state_bridge) StdoutLine: {'line': b'-- Found rosidl_generator_cpp: 4.6.9 (/opt/ros/jazzy/share/rosidl_generator_cpp/cmake)\n'}
[157.240775] (-) TimerEvent: {}
[157.257806] (px4_state_bridge) StdoutLine: {'line': b'-- Using all available rosidl_typesupport_c: rosidl_typesupport_fastrtps_c;rosidl_typesupport_introspection_c\n'}
[157.281392] (px4_state_bridge) StdoutLine: {'line': b'-- Using all available rosidl_typesupport_cpp: rosidl_typesupport_fastrtps_cpp;rosidl_typesupport_introspection_cpp\n'}
[157.340886] (-) TimerEvent: {}
[157.378524] (px4_state_bridge) StdoutLine: {'line': b'-- Found rmw_implementation_cmake: 7.3.3 (/opt/ros/jazzy/share/rmw_implementation_cmake/cmake)\n'}
[157.382020] (px4_state_bridge) StdoutLine: {'line': b'-- Found rmw_fastrtps_cpp: 8.4.4 (/opt/ros/jazzy/share/rmw_fastrtps_cpp/cmake)\n'}
[157.441003] (-) TimerEvent: {}
[157.503886] (px4_state_bridge) StdoutLine: {'line': b'-- Found OpenSSL: /usr/lib/aarch64-linux-gnu/libcrypto.so (found version "3.0.13")  \n'}
[157.527402] (px4_state_bridge) StdoutLine: {'line': b'-- Found FastRTPS: /opt/ros/jazzy/include (Required is at least version "2.13") \n'}
[157.541105] (-) TimerEvent: {}
[157.562596] (px4_state_bridge) StdoutLine: {'line': b"-- Using RMW implementation 'rmw_fastrtps_cpp' as default\n"}
[157.641207] (-) TimerEvent: {}
[157.659668] (px4_state_bridge) StdoutLine: {'line': b'-- Found px4_msgs: 2.0.1 (/home/vdt_2026/ros2_ws/install/px4_msgs/share/px4_msgs/cmake)\n'}
[157.683208] (px4_state_bridge) StdoutLine: {'line': b'-- Found nav_msgs: 5.3.8 (/opt/ros/jazzy/share/nav_msgs/cmake)\n'}
[157.741319] (-) TimerEvent: {}
[157.763933] (px4_state_bridge) StdoutLine: {'line': b'-- Found tf2_ros: 0.36.22 (/opt/ros/jazzy/share/tf2_ros/cmake)\n'}
[157.841443] (-) TimerEvent: {}
[157.941651] (-) TimerEvent: {}
[158.032225] (px4_state_bridge) StdoutLine: {'line': b'-- Found fsm_state_machine: 0.1.0 (/home/vdt_2026/VDT_project/install/fsm_state_machine/share/fsm_state_machine/cmake)\n'}
[158.033064] (px4_state_bridge) StdoutLine: {'line': b'-- Found vdt_msgs: 0.1.0 (/home/vdt_2026/VDT_project/install/vdt_msgs/share/vdt_msgs/cmake)\n'}
[158.041733] (-) TimerEvent: {}
[158.141918] (-) TimerEvent: {}
[158.205965] (px4_state_bridge) StdoutLine: {'line': b'-- Configuring done (2.0s)\n'}
[158.234490] (px4_state_bridge) StdoutLine: {'line': b'-- Generating done (0.0s)\n'}
[158.241974] (px4_state_bridge) StdoutLine: {'line': b'-- Build files have been written to: /home/vdt_2026/VDT_project/build/px4_state_bridge\n'}
[158.242203] (-) TimerEvent: {}
[158.262139] (px4_state_bridge) CommandEnded: {'returncode': 0}
[158.262822] (px4_state_bridge) JobProgress: {'identifier': 'px4_state_bridge', 'progress': 'build'}
[158.263251] (px4_state_bridge) Command: {'cmd': ['/usr/bin/cmake', '--build', '/home/vdt_2026/VDT_project/build/px4_state_bridge', '--', '-j4', '-l4'], 'cwd': '/home/vdt_2026/VDT_project/build/px4_state_bridge', 'env': OrderedDict({'LESSOPEN': '| /usr/bin/lesspipe %s', 'USER': 'vdt_2026', 'SSH_CLIENT': '100.101.240.43 53682 22', 'XDG_SESSION_TYPE': 'tty', 'SHLVL': '1', 'LD_LIBRARY_PATH': '/home/vdt_2026/VDT_project/install/vdt_msgs/lib:/home/vdt_2026/ros2_ws/install/px4_msgs/lib:/opt/ros/jazzy/lib/aarch64-linux-gnu:/opt/ros/jazzy/lib', 'HOME': '/home/vdt_2026', 'OLDPWD': '/home/vdt_2026', 'SSH_TTY': '/dev/pts/0', 'ROS_PYTHON_VERSION': '3', 'DBUS_SESSION_BUS_ADDRESS': 'unix:path=/run/user/1000/bus', 'COLCON_PREFIX_PATH': '/home/vdt_2026/ros2_ws/install', 'ROS_DISTRO': 'jazzy', 'LOGNAME': 'vdt_2026', '_': '/usr/bin/colcon', 'ROS_VERSION': '2', 'XDG_SESSION_CLASS': 'user', 'TERM': 'xterm-256color', 'XDG_SESSION_ID': '1', 'PATH': '/home/vdt_2026/.local/bin:/opt/ros/jazzy/bin:/usr/local/sbin:/usr/local/bin:/usr/sbin:/usr/bin:/sbin:/bin:/usr/games:/usr/local/games:/snap/bin', 'XDG_RUNTIME_DIR': '/run/user/1000', 'LANG': 'en_US.UTF-8', 'LS_COLORS': 'rs=0:di=01;34:ln=01;36:mh=00:pi=40;33:so=01;35:do=01;35:bd=40;33;01:cd=40;33;01:or=40;31;01:mi=00:su=37;41:sg=30;43:ca=00:tw=30;42:ow=34;42:st=37;44:ex=01;32:*.tar=01;31:*.tgz=01;31:*.arc=01;31:*.arj=01;31:*.taz=01;31:*.lha=01;31:*.lz4=01;31:*.lzh=01;31:*.lzma=01;31:*.tlz=01;31:*.txz=01;31:*.tzo=01;31:*.t7z=01;31:*.zip=01;31:*.z=01;31:*.dz=01;31:*.gz=01;31:*.lrz=01;31:*.lz=01;31:*.lzo=01;31:*.xz=01;31:*.zst=01;31:*.tzst=01;31:*.bz2=01;31:*.bz=01;31:*.tbz=01;31:*.tbz2=01;31:*.tz=01;31:*.deb=01;31:*.rpm=01;31:*.jar=01;31:*.war=01;31:*.ear=01;31:*.sar=01;31:*.rar=01;31:*.alz=01;31:*.ace=01;31:*.zoo=01;31:*.cpio=01;31:*.7z=01;31:*.rz=01;31:*.cab=01;31:*.wim=01;31:*.swm=01;31:*.dwm=01;31:*.esd=01;31:*.avif=01;35:*.jpg=01;35:*.jpeg=01;35:*.mjpg=01;35:*.mjpeg=01;35:*.gif=01;35:*.bmp=01;35:*.pbm=01;35:*.pgm=01;35:*.ppm=01;35:*.tga=01;35:*.xbm=01;35:*.xpm=01;35:*.tif=01;35:*.tiff=01;35:*.png=01;35:*.svg=01;35:*.svgz=01;35:*.mng=01;35:*.pcx=01;35:*.mov=01;35:*.mpg=01;35:*.mpeg=01;35:*.m2v=01;35:*.mkv=01;35:*.webm=01;35:*.webp=01;35:*.ogm=01;35:*.mp4=01;35:*.m4v=01;35:*.mp4v=01;35:*.vob=01;35:*.qt=01;35:*.nuv=01;35:*.wmv=01;35:*.asf=01;35:*.rm=01;35:*.rmvb=01;35:*.flc=01;35:*.avi=01;35:*.fli=01;35:*.flv=01;35:*.gl=01;35:*.dl=01;35:*.xcf=01;35:*.xwd=01;35:*.yuv=01;35:*.cgm=01;35:*.emf=01;35:*.ogv=01;35:*.ogx=01;35:*.aac=00;36:*.au=00;36:*.flac=00;36:*.m4a=00;36:*.mid=00;36:*.midi=00;36:*.mka=00;36:*.mp3=00;36:*.mpc=00;36:*.ogg=00;36:*.ra=00;36:*.wav=00;36:*.oga=00;36:*.opus=00;36:*.spx=00;36:*.xspf=00;36:*~=00;90:*#=00;90:*.bak=00;90:*.crdownload=00;90:*.dpkg-dist=00;90:*.dpkg-new=00;90:*.dpkg-old=00;90:*.dpkg-tmp=00;90:*.old=00;90:*.orig=00;90:*.part=00;90:*.rej=00;90:*.rpmnew=00;90:*.rpmorig=00;90:*.rpmsave=00;90:*.swp=00;90:*.tmp=00;90:*.ucf-dist=00;90:*.ucf-new=00;90:*.ucf-old=00;90:', 'AMENT_PREFIX_PATH': '/home/vdt_2026/VDT_project/install/fsm_state_machine:/home/vdt_2026/VDT_project/install/vdt_msgs:/home/vdt_2026/ros2_ws/install/px4_msgs:/opt/ros/jazzy', 'SHELL': '/bin/bash', 'LESSCLOSE': '/usr/bin/lesspipe %s %s', 'ROS_AUTOMATIC_DISCOVERY_RANGE': 'SUBNET', 'PWD': '/home/vdt_2026/VDT_project/build/px4_state_bridge', 'LC_ALL': 'en_US.UTF-8', 'SSH_CONNECTION': '100.101.240.43 53682 100.65.242.75 22', 'XDG_DATA_DIRS': '/usr/local/share:/usr/share:/var/lib/snapd/desktop', 'PYTHONPATH': '/home/vdt_2026/VDT_project/install/vdt_msgs/lib/python3.12/site-packages:/home/vdt_2026/ros2_ws/install/px4_msgs/lib/python3.12/site-packages:/opt/ros/jazzy/lib/python3.12/site-packages:/home/vdt_2026/librealsense/build/Release', 'COLCON': '1', 'CMAKE_PREFIX_PATH': '/home/vdt_2026/VDT_project/install/fsm_state_machine:/home/vdt_2026/VDT_project/install/vdt_msgs:/home/vdt_2026/ros2_ws/install/px4_msgs:/opt/ros/jazzy'}), 'shell': False}
[158.276770] (px4_state_bridge) StdoutLine: {'line': b"Change Dir: '/home/vdt_2026/VDT_project/build/px4_state_bridge'\n"}
[158.277003] (px4_state_bridge) StdoutLine: {'line': b'\n'}
[158.277103] (px4_state_bridge) StdoutLine: {'line': b'Run Build Command(s): /usr/bin/cmake -E env VERBOSE=1 /usr/bin/gmake -f Makefile -j4 -l4\n'}
[158.293879] (px4_state_bridge) StdoutLine: {'line': b'/usr/bin/cmake -S/home/vdt_2026/VDT_project/ros2_ws/src/px4_state_bridge -B/home/vdt_2026/VDT_project/build/px4_state_bridge --check-build-system CMakeFiles/Makefile.cmake 0\n'}
[158.315995] (px4_state_bridge) StdoutLine: {'line': b'/usr/bin/cmake -E cmake_progress_start /home/vdt_2026/VDT_project/build/px4_state_bridge/CMakeFiles /home/vdt_2026/VDT_project/build/px4_state_bridge//CMakeFiles/progress.marks\n'}
[158.329328] (px4_state_bridge) StdoutLine: {'line': b'/usr/bin/gmake  -f CMakeFiles/Makefile2 all\n'}
[158.331092] (px4_state_bridge) StdoutLine: {'line': b"gmake[1]: Entering directory '/home/vdt_2026/VDT_project/build/px4_state_bridge'\n"}
[158.331302] (px4_state_bridge) StdoutLine: {'line': b'/usr/bin/gmake  -f CMakeFiles/px4_state_bridge_node.dir/build.make CMakeFiles/px4_state_bridge_node.dir/depend\n'}
[158.333338] (px4_state_bridge) StdoutLine: {'line': b'/usr/bin/gmake  -f CMakeFiles/frame_conversion_test.dir/build.make CMakeFiles/frame_conversion_test.dir/depend\n'}
[158.333782] (px4_state_bridge) StdoutLine: {'line': b"gmake[2]: Entering directory '/home/vdt_2026/VDT_project/build/px4_state_bridge'\n"}
[158.333906] (px4_state_bridge) StdoutLine: {'line': b'cd /home/vdt_2026/VDT_project/build/px4_state_bridge && /usr/bin/cmake -E cmake_depends "Unix Makefiles" /home/vdt_2026/VDT_project/ros2_ws/src/px4_state_bridge /home/vdt_2026/VDT_project/ros2_ws/src/px4_state_bridge /home/vdt_2026/VDT_project/build/px4_state_bridge /home/vdt_2026/VDT_project/build/px4_state_bridge /home/vdt_2026/VDT_project/build/px4_state_bridge/CMakeFiles/frame_conversion_test.dir/DependInfo.cmake "--color="\n'}
[158.334018] (px4_state_bridge) StdoutLine: {'line': b"gmake[2]: Entering directory '/home/vdt_2026/VDT_project/build/px4_state_bridge'\n"}
[158.334100] (px4_state_bridge) StdoutLine: {'line': b'cd /home/vdt_2026/VDT_project/build/px4_state_bridge && /usr/bin/cmake -E cmake_depends "Unix Makefiles" /home/vdt_2026/VDT_project/ros2_ws/src/px4_state_bridge /home/vdt_2026/VDT_project/ros2_ws/src/px4_state_bridge /home/vdt_2026/VDT_project/build/px4_state_bridge /home/vdt_2026/VDT_project/build/px4_state_bridge /home/vdt_2026/VDT_project/build/px4_state_bridge/CMakeFiles/px4_state_bridge_node.dir/DependInfo.cmake "--color="\n'}
[158.343061] (-) TimerEvent: {}
[158.349046] (px4_state_bridge) StdoutLine: {'line': b"gmake[2]: Leaving directory '/home/vdt_2026/VDT_project/build/px4_state_bridge'\n"}
[158.349438] (px4_state_bridge) StdoutLine: {'line': b"gmake[2]: Leaving directory '/home/vdt_2026/VDT_project/build/px4_state_bridge'\n"}
[158.349621] (px4_state_bridge) StdoutLine: {'line': b'/usr/bin/gmake  -f CMakeFiles/px4_state_bridge_node.dir/build.make CMakeFiles/px4_state_bridge_node.dir/build\n'}
[158.351670] (px4_state_bridge) StdoutLine: {'line': b'/usr/bin/gmake  -f CMakeFiles/frame_conversion_test.dir/build.make CMakeFiles/frame_conversion_test.dir/build\n'}
[158.352125] (px4_state_bridge) StdoutLine: {'line': b"gmake[2]: Entering directory '/home/vdt_2026/VDT_project/build/px4_state_bridge'\n"}
[158.352236] (px4_state_bridge) StdoutLine: {'line': b"gmake[2]: Entering directory '/home/vdt_2026/VDT_project/build/px4_state_bridge'\n"}
[158.365028] (px4_state_bridge) StdoutLine: {'line': b'[ 50%] Building CXX object CMakeFiles/px4_state_bridge_node.dir/src/px4_bridge_node.cpp.o\n'}
[158.365351] (px4_state_bridge) StdoutLine: {'line': b'[ 50%] Building CXX object CMakeFiles/frame_conversion_test.dir/test/frame_conversion_test.cpp.o\n'}
[158.366969] (px4_state_bridge) StdoutLine: {'line': b'/usr/bin/c++ -DDEFAULT_RMW_IMPLEMENTATION=rmw_fastrtps_cpp -DFASTCDR_DYN_LINK -I/home/vdt_2026/VDT_project/ros2_ws/src/px4_state_bridge/include -isystem /home/vdt_2026/VDT_project/install/vdt_msgs/include/vdt_msgs -isystem /home/vdt_2026/ros2_ws/install/px4_msgs/include/px4_msgs -isystem /opt/ros/jazzy/include/rclcpp -isystem /opt/ros/jazzy/include/nav_msgs -isystem /opt/ros/jazzy/include/geometry_msgs -isystem /opt/ros/jazzy/include/std_msgs -isystem /opt/ros/jazzy/include/tf2_ros -isystem /opt/ros/jazzy/include/builtin_interfaces -isystem /opt/ros/jazzy/include/rosidl_runtime_c -isystem /opt/ros/jazzy/include/rcutils -isystem /opt/ros/jazzy/include/rosidl_typesupport_interface -isystem /opt/ros/jazzy/include/fastcdr -isystem /opt/ros/jazzy/include/rosidl_runtime_cpp -isystem /opt/ros/jazzy/include/rosidl_typesupport_fastrtps_cpp -isystem /opt/ros/jazzy/include/rmw -isystem /opt/ros/jazzy/include/rosidl_dynamic_typesupport -isystem /opt/ros/jazzy/include/rosidl_typesupport_fastrtps_c -isystem /opt/ros/jazzy/include/rosidl_typesupport_introspection_c -isystem /opt/ros/jazzy/include/rosidl_typesupport_introspection_cpp -isystem /opt/ros/jazzy/include/libstatistics_collector -isystem /opt/ros/jazzy/include/rcl -isystem /opt/ros/jazzy/include/rcl_interfaces -isystem /opt/ros/jazzy/include/service_msgs -isystem /opt/ros/jazzy/include/rcl_logging_interface -isystem /opt/ros/jazzy/include/rcl_yaml_param_parser -isystem /opt/ros/jazzy/include/type_description_interfaces -isystem /opt/ros/jazzy/include/rcpputils -isystem /opt/ros/jazzy/include/statistics_msgs -isystem /opt/ros/jazzy/include/rosgraph_msgs -isystem /opt/ros/jazzy/include/rosidl_typesupport_cpp -isystem /opt/ros/jazzy/include/rosidl_typesupport_c -isystem /opt/ros/jazzy/include/tracetools -isystem /opt/ros/jazzy/include/message_filters -isystem /opt/ros/jazzy/include/rclcpp_action -isystem /opt/ros/jazzy/include/action_msgs -isystem /opt/ros/jazzy/include/unique_identifier_msgs -isystem /opt/ros/jazzy/include/rcl_action -isystem /opt/ros/jazzy/include/tf2 -isystem /opt/ros/jazzy/include/tf2_msgs  -MD -MT CMakeFiles/px4_state_bridge_node.dir/src/px4_bridge_node.cpp.o -MF CMakeFiles/px4_state_bridge_node.dir/src/px4_bridge_node.cpp.o.d -o CMakeFiles/px4_state_bridge_node.dir/src/px4_bridge_node.cpp.o -c /home/vdt_2026/VDT_project/ros2_ws/src/px4_state_bridge/src/px4_bridge_node.cpp\n'}
[158.367515] (px4_state_bridge) StdoutLine: {'line': b'/usr/bin/c++  -I/home/vdt_2026/VDT_project/ros2_ws/src/px4_state_bridge/include -UNDEBUG -MD -MT CMakeFiles/frame_conversion_test.dir/test/frame_conversion_test.cpp.o -MF CMakeFiles/frame_conversion_test.dir/test/frame_conversion_test.cpp.o.d -o CMakeFiles/frame_conversion_test.dir/test/frame_conversion_test.cpp.o -c /home/vdt_2026/VDT_project/ros2_ws/src/px4_state_bridge/test/frame_conversion_test.cpp\n'}
[158.443190] (-) TimerEvent: {}
[158.543402] (-) TimerEvent: {}
[158.642464] (px4_state_bridge) StdoutLine: {'line': b'[ 75%] Linking CXX executable frame_conversion_test\n'}
[158.643503] (-) TimerEvent: {}
[158.644570] (px4_state_bridge) StdoutLine: {'line': b'/usr/bin/cmake -E cmake_link_script CMakeFiles/frame_conversion_test.dir/link.txt --verbose=1\n'}
[158.656661] (px4_state_bridge) StdoutLine: {'line': b'/usr/bin/c++ CMakeFiles/frame_conversion_test.dir/test/frame_conversion_test.cpp.o -o frame_conversion_test \n'}
[158.714321] (px4_state_bridge) StdoutLine: {'line': b"gmake[2]: Leaving directory '/home/vdt_2026/VDT_project/build/px4_state_bridge'\n"}
[158.731280] (px4_state_bridge) StdoutLine: {'line': b'[ 75%] Built target frame_conversion_test\n'}
[158.743625] (-) TimerEvent: {}
[158.843814] (-) TimerEvent: {}
[158.943986] (-) TimerEvent: {}
[159.044152] (-) TimerEvent: {}
[159.144299] (-) TimerEvent: {}
[159.244421] (-) TimerEvent: {}
[159.344524] (-) TimerEvent: {}
[159.444618] (-) TimerEvent: {}
[159.544705] (-) TimerEvent: {}
[159.644799] (-) TimerEvent: {}
[159.744899] (-) TimerEvent: {}
[159.844998] (-) TimerEvent: {}
[159.945139] (-) TimerEvent: {}
[160.045308] (-) TimerEvent: {}
[160.145460] (-) TimerEvent: {}
[160.245579] (-) TimerEvent: {}
[160.345727] (-) TimerEvent: {}
[160.445903] (-) TimerEvent: {}
[160.546029] (-) TimerEvent: {}
[160.646136] (-) TimerEvent: {}
[160.746304] (-) TimerEvent: {}
[160.846465] (-) TimerEvent: {}
[160.946617] (-) TimerEvent: {}
[161.046782] (-) TimerEvent: {}
[161.146929] (-) TimerEvent: {}
[161.247052] (-) TimerEvent: {}
[161.347153] (-) TimerEvent: {}
[161.447241] (-) TimerEvent: {}
[161.547331] (-) TimerEvent: {}
[161.647431] (-) TimerEvent: {}
[161.747553] (-) TimerEvent: {}
[161.847754] (-) TimerEvent: {}
[161.947975] (-) TimerEvent: {}
[162.048186] (-) TimerEvent: {}
[162.148393] (-) TimerEvent: {}
[162.248592] (-) TimerEvent: {}
[162.348735] (-) TimerEvent: {}
[162.448869] (-) TimerEvent: {}
[162.548995] (-) TimerEvent: {}
[162.649109] (-) TimerEvent: {}
[162.749220] (-) TimerEvent: {}
[162.849326] (-) TimerEvent: {}
[162.949476] (-) TimerEvent: {}
[163.049647] (-) TimerEvent: {}
[163.149799] (-) TimerEvent: {}
[163.249916] (-) TimerEvent: {}
[163.350062] (-) TimerEvent: {}
[163.450219] (-) TimerEvent: {}
[163.550347] (-) TimerEvent: {}
[163.650472] (-) TimerEvent: {}
[163.750621] (-) TimerEvent: {}
[163.850782] (-) TimerEvent: {}
[163.950926] (-) TimerEvent: {}
[164.051151] (-) TimerEvent: {}
[164.151334] (-) TimerEvent: {}
[164.251492] (-) TimerEvent: {}
[164.351612] (-) TimerEvent: {}
[164.451720] (-) TimerEvent: {}
[164.551886] (-) TimerEvent: {}
[164.652045] (-) TimerEvent: {}
[164.752167] (-) TimerEvent: {}
[164.852317] (-) TimerEvent: {}
[164.952486] (-) TimerEvent: {}
[165.052642] (-) TimerEvent: {}
[165.152784] (-) TimerEvent: {}
[165.252914] (-) TimerEvent: {}
[165.353018] (-) TimerEvent: {}
[165.453112] (-) TimerEvent: {}
[165.553202] (-) TimerEvent: {}
[165.653288] (-) TimerEvent: {}
[165.753383] (-) TimerEvent: {}
[165.853479] (-) TimerEvent: {}
[165.953616] (-) TimerEvent: {}
[166.053789] (-) TimerEvent: {}
[166.153920] (-) TimerEvent: {}
[166.254026] (-) TimerEvent: {}
[166.354174] (-) TimerEvent: {}
[166.454330] (-) TimerEvent: {}
[166.554441] (-) TimerEvent: {}
[166.654557] (-) TimerEvent: {}
[166.754708] (-) TimerEvent: {}
[166.854881] (-) TimerEvent: {}
[166.955037] (-) TimerEvent: {}
[167.055197] (-) TimerEvent: {}
[167.155352] (-) TimerEvent: {}
[167.255506] (-) TimerEvent: {}
[167.355664] (-) TimerEvent: {}
[167.455795] (-) TimerEvent: {}
[167.555894] (-) TimerEvent: {}
[167.655986] (-) TimerEvent: {}
[167.756073] (-) TimerEvent: {}
[167.856164] (-) TimerEvent: {}
[167.956301] (-) TimerEvent: {}
[168.056470] (-) TimerEvent: {}
[168.156619] (-) TimerEvent: {}
[168.256735] (-) TimerEvent: {}
[168.356870] (-) TimerEvent: {}
[168.457006] (-) TimerEvent: {}
[168.557103] (-) TimerEvent: {}
[168.657208] (-) TimerEvent: {}
[168.757367] (-) TimerEvent: {}
[168.857550] (-) TimerEvent: {}
[168.957723] (-) TimerEvent: {}
[169.057917] (-) TimerEvent: {}
[169.158056] (-) TimerEvent: {}
[169.258187] (-) TimerEvent: {}
[169.358358] (-) TimerEvent: {}
[169.458522] (-) TimerEvent: {}
[169.558631] (-) TimerEvent: {}
[169.658724] (-) TimerEvent: {}
[169.758923] (-) TimerEvent: {}
[169.859156] (-) TimerEvent: {}
[169.959343] (-) TimerEvent: {}
[170.059514] (-) TimerEvent: {}
[170.159641] (-) TimerEvent: {}
[170.259761] (-) TimerEvent: {}
[170.359866] (-) TimerEvent: {}
[170.459965] (-) TimerEvent: {}
[170.560050] (-) TimerEvent: {}
[170.660134] (-) TimerEvent: {}
[170.760276] (-) TimerEvent: {}
[170.860459] (-) TimerEvent: {}
[170.960631] (-) TimerEvent: {}
[171.060794] (-) TimerEvent: {}
[171.160954] (-) TimerEvent: {}
[171.261104] (-) TimerEvent: {}
[171.361212] (-) TimerEvent: {}
[171.461307] (-) TimerEvent: {}
[171.561396] (-) TimerEvent: {}
[171.661481] (-) TimerEvent: {}
[171.761567] (-) TimerEvent: {}
[171.861676] (-) TimerEvent: {}
[171.961806] (-) TimerEvent: {}
[172.061939] (-) TimerEvent: {}
[172.162061] (-) TimerEvent: {}
[172.262181] (-) TimerEvent: {}
[172.362324] (-) TimerEvent: {}
[172.462473] (-) TimerEvent: {}
[172.562583] (-) TimerEvent: {}
[172.662677] (-) TimerEvent: {}
[172.762827] (-) TimerEvent: {}
[172.863029] (-) TimerEvent: {}
[172.963215] (-) TimerEvent: {}
[173.063386] (-) TimerEvent: {}
[173.163535] (-) TimerEvent: {}
[173.263667] (-) TimerEvent: {}
[173.363787] (-) TimerEvent: {}
[173.463904] (-) TimerEvent: {}
[173.564027] (-) TimerEvent: {}
[173.664119] (-) TimerEvent: {}
[173.764214] (-) TimerEvent: {}
[173.864302] (-) TimerEvent: {}
[173.964426] (-) TimerEvent: {}
[174.064576] (-) TimerEvent: {}
[174.164705] (-) TimerEvent: {}
[174.264810] (-) TimerEvent: {}
[174.364911] (-) TimerEvent: {}
[174.465005] (-) TimerEvent: {}
[174.565096] (-) TimerEvent: {}
[174.665186] (-) TimerEvent: {}
[174.765269] (-) TimerEvent: {}
[174.865350] (-) TimerEvent: {}
[174.965473] (-) TimerEvent: {}
[175.065618] (-) TimerEvent: {}
[175.165751] (-) TimerEvent: {}
[175.265850] (-) TimerEvent: {}
[175.365943] (-) TimerEvent: {}
[175.466037] (-) TimerEvent: {}
[175.566125] (-) TimerEvent: {}
[175.666207] (-) TimerEvent: {}
[175.766345] (-) TimerEvent: {}
[175.866508] (-) TimerEvent: {}
[175.966655] (-) TimerEvent: {}
[176.066810] (-) TimerEvent: {}
[176.166943] (-) TimerEvent: {}
[176.267053] (-) TimerEvent: {}
[176.367145] (-) TimerEvent: {}
[176.467244] (-) TimerEvent: {}
[176.567329] (-) TimerEvent: {}
[176.667412] (-) TimerEvent: {}
[176.767521] (-) TimerEvent: {}
[176.867676] (-) TimerEvent: {}
[176.967871] (-) TimerEvent: {}
[177.068042] (-) TimerEvent: {}
[177.168207] (-) TimerEvent: {}
[177.268358] (-) TimerEvent: {}
[177.368597] (-) TimerEvent: {}
[177.468946] (-) TimerEvent: {}
[177.569108] (-) TimerEvent: {}
[177.669242] (-) TimerEvent: {}
[177.769384] (-) TimerEvent: {}
[177.869523] (-) TimerEvent: {}
[177.969676] (-) TimerEvent: {}
[178.069886] (-) TimerEvent: {}
[178.170026] (-) TimerEvent: {}
[178.270141] (-) TimerEvent: {}
[178.370285] (-) TimerEvent: {}
[178.470440] (-) TimerEvent: {}
[178.570551] (-) TimerEvent: {}
[178.670657] (-) TimerEvent: {}
[178.770814] (-) TimerEvent: {}
[178.870997] (-) TimerEvent: {}
[178.971196] (-) TimerEvent: {}
[179.071410] (-) TimerEvent: {}
[179.171592] (-) TimerEvent: {}
[179.271768] (-) TimerEvent: {}
[179.371897] (-) TimerEvent: {}
[179.414817] (px4_state_bridge) StdoutLine: {'line': b'[100%] Linking CXX executable px4_state_bridge_node\n'}
[179.416461] (px4_state_bridge) StdoutLine: {'line': b'/usr/bin/cmake -E cmake_link_script CMakeFiles/px4_state_bridge_node.dir/link.txt --verbose=1\n'}
[179.428579] (px4_state_bridge) StdoutLine: {'line': b'/usr/bin/c++ CMakeFiles/px4_state_bridge_node.dir/src/px4_bridge_node.cpp.o -o px4_state_bridge_node  -Wl,-rpath,/home/vdt_2026/ros2_ws/install/px4_msgs/lib:/opt/ros/jazzy/lib:/home/vdt_2026/VDT_project/install/vdt_msgs/lib: /home/vdt_2026/ros2_ws/install/px4_msgs/lib/libpx4_msgs__rosidl_typesupport_fastrtps_c.so /home/vdt_2026/ros2_ws/install/px4_msgs/lib/libpx4_msgs__rosidl_typesupport_fastrtps_cpp.so /home/vdt_2026/ros2_ws/install/px4_msgs/lib/libpx4_msgs__rosidl_typesupport_introspection_c.so /home/vdt_2026/ros2_ws/install/px4_msgs/lib/libpx4_msgs__rosidl_typesupport_introspection_cpp.so /home/vdt_2026/ros2_ws/install/px4_msgs/lib/libpx4_msgs__rosidl_typesupport_cpp.so /home/vdt_2026/ros2_ws/install/px4_msgs/lib/libpx4_msgs__rosidl_generator_py.so /opt/ros/jazzy/lib/libnav_msgs__rosidl_typesupport_fastrtps_c.so /opt/ros/jazzy/lib/libnav_msgs__rosidl_typesupport_fastrtps_cpp.so /opt/ros/jazzy/lib/libnav_msgs__rosidl_typesupport_introspection_c.so /opt/ros/jazzy/lib/libnav_msgs__rosidl_typesupport_introspection_cpp.so /opt/ros/jazzy/lib/libnav_msgs__rosidl_typesupport_cpp.so /opt/ros/jazzy/lib/libnav_msgs__rosidl_generator_py.so /opt/ros/jazzy/lib/libstatic_transform_broadcaster_node.so /home/vdt_2026/VDT_project/install/vdt_msgs/lib/libvdt_msgs__rosidl_typesupport_fastrtps_c.so /home/vdt_2026/VDT_project/install/vdt_msgs/lib/libvdt_msgs__rosidl_typesupport_fastrtps_cpp.so /home/vdt_2026/VDT_project/install/vdt_msgs/lib/libvdt_msgs__rosidl_typesupport_introspection_c.so /home/vdt_2026/VDT_project/install/vdt_msgs/lib/libvdt_msgs__rosidl_typesupport_introspection_cpp.so /home/vdt_2026/VDT_project/install/vdt_msgs/lib/libvdt_msgs__rosidl_typesupport_cpp.so /home/vdt_2026/VDT_project/install/vdt_msgs/lib/libvdt_msgs__rosidl_generator_py.so /home/vdt_2026/ros2_ws/install/px4_msgs/lib/libpx4_msgs__rosidl_typesupport_c.so /home/vdt_2026/ros2_ws/install/px4_msgs/lib/libpx4_msgs__rosidl_generator_c.so /opt/ros/jazzy/lib/libnav_msgs__rosidl_typesupport_c.so /opt/ros/jazzy/lib/libnav_msgs__rosidl_generator_c.so /opt/ros/jazzy/lib/libtf2_ros.so /opt/ros/jazzy/lib/libmessage_filters.so /opt/ros/jazzy/lib/librclcpp_action.so /opt/ros/jazzy/lib/librclcpp.so /opt/ros/jazzy/lib/liblibstatistics_collector.so /opt/ros/jazzy/lib/librosgraph_msgs__rosidl_typesupport_fastrtps_c.so /opt/ros/jazzy/lib/librosgraph_msgs__rosidl_typesupport_fastrtps_cpp.so /opt/ros/jazzy/lib/librosgraph_msgs__rosidl_typesupport_introspection_c.so /opt/ros/jazzy/lib/librosgraph_msgs__rosidl_typesupport_introspection_cpp.so /opt/ros/jazzy/lib/librosgraph_msgs__rosidl_typesupport_cpp.so /opt/ros/jazzy/lib/librosgraph_msgs__rosidl_generator_py.so /opt/ros/jazzy/lib/librosgraph_msgs__rosidl_typesupport_c.so /opt/ros/jazzy/lib/librosgraph_msgs__rosidl_generator_c.so /opt/ros/jazzy/lib/libstatistics_msgs__rosidl_typesupport_fastrtps_c.so /opt/ros/jazzy/lib/libstatistics_msgs__rosidl_typesupport_fastrtps_cpp.so /opt/ros/jazzy/lib/libstatistics_msgs__rosidl_typesupport_introspection_c.so /opt/ros/jazzy/lib/libstatistics_msgs__rosidl_typesupport_introspection_cpp.so /opt/ros/jazzy/lib/libstatistics_msgs__rosidl_typesupport_cpp.so /opt/ros/jazzy/lib/libstatistics_msgs__rosidl_generator_py.so /opt/ros/jazzy/lib/libstatistics_msgs__rosidl_typesupport_c.so /opt/ros/jazzy/lib/libstatistics_msgs__rosidl_generator_c.so /opt/ros/jazzy/lib/librcl_action.so /opt/ros/jazzy/lib/librcl.so /opt/ros/jazzy/lib/librcl_interfaces__rosidl_typesupport_fastrtps_c.so /opt/ros/jazzy/lib/librcl_interfaces__rosidl_typesupport_introspection_c.so /opt/ros/jazzy/lib/librcl_interfaces__rosidl_typesupport_fastrtps_cpp.so /opt/ros/jazzy/lib/librcl_interfaces__rosidl_typesupport_introspection_cpp.so /opt/ros/jazzy/lib/librcl_interfaces__rosidl_typesupport_cpp.so /opt/ros/jazzy/lib/librcl_interfaces__rosidl_generator_py.so /opt/ros/jazzy/lib/librcl_interfaces__rosidl_typesupport_c.so /opt/ros/jazzy/lib/librcl_interfaces__rosidl_generator_c.so /opt/ros/jazzy/lib/librcl_yaml_param_parser.so /opt/ros/jazzy/lib/libtracetools.so -llttng-ust -llttng-ust-common -rdynamic -ldl /opt/ros/jazzy/lib/librcl_logging_interface.so /opt/ros/jazzy/lib/librmw_implementation.so /opt/ros/jazzy/lib/libtype_description_interfaces__rosidl_typesupport_fastrtps_c.so /opt/ros/jazzy/lib/libtype_description_interfaces__rosidl_typesupport_introspection_c.so /opt/ros/jazzy/lib/libtype_description_interfaces__rosidl_typesupport_fastrtps_cpp.so /opt/ros/jazzy/lib/libtype_description_interfaces__rosidl_typesupport_introspection_cpp.so /opt/ros/jazzy/lib/libtype_description_interfaces__rosidl_typesupport_cpp.so /opt/ros/jazzy/lib/libtype_description_interfaces__rosidl_generator_py.so /opt/ros/jazzy/lib/libtype_description_interfaces__rosidl_typesupport_c.so /opt/ros/jazzy/lib/libtype_description_interfaces__rosidl_generator_c.so /opt/ros/jazzy/lib/libtf2.so /opt/ros/jazzy/lib/libtf2_msgs__rosidl_typesupport_fastrtps_c.so /opt/ros/jazzy/lib/libtf2_msgs__rosidl_typesupport_introspection_c.so /opt/ros/jazzy/lib/libtf2_msgs__rosidl_typesupport_fastrtps_cpp.so /opt/ros/jazzy/lib/libtf2_msgs__rosidl_typesupport_introspection_cpp.so /opt/ros/jazzy/lib/libtf2_msgs__rosidl_typesupport_cpp.so /opt/ros/jazzy/lib/libtf2_msgs__rosidl_generator_py.so /opt/ros/jazzy/lib/libgeometry_msgs__rosidl_typesupport_fastrtps_c.so /opt/ros/jazzy/lib/libgeometry_msgs__rosidl_typesupport_introspection_c.so /opt/ros/jazzy/lib/libgeometry_msgs__rosidl_typesupport_fastrtps_cpp.so /opt/ros/jazzy/lib/libgeometry_msgs__rosidl_typesupport_introspection_cpp.so /opt/ros/jazzy/lib/libgeometry_msgs__rosidl_typesupport_cpp.so /opt/ros/jazzy/lib/libgeometry_msgs__rosidl_generator_py.so /opt/ros/jazzy/lib/libtf2_msgs__rosidl_typesupport_c.so /opt/ros/jazzy/lib/libgeometry_msgs__rosidl_typesupport_c.so /opt/ros/jazzy/lib/libtf2_msgs__rosidl_generator_c.so /opt/ros/jazzy/lib/libgeometry_msgs__rosidl_generator_c.so /opt/ros/jazzy/lib/libaction_msgs__rosidl_typesupport_fastrtps_c.so /opt/ros/jazzy/lib/libaction_msgs__rosidl_typesupport_fastrtps_cpp.so /opt/ros/jazzy/lib/libaction_msgs__rosidl_typesupport_introspection_c.so /opt/ros/jazzy/lib/libaction_msgs__rosidl_typesupport_introspection_cpp.so /opt/ros/jazzy/lib/libaction_msgs__rosidl_typesupport_cpp.so /opt/ros/jazzy/lib/libaction_msgs__rosidl_generator_py.so /opt/ros/jazzy/lib/libservice_msgs__rosidl_typesupport_fastrtps_c.so /opt/ros/jazzy/lib/libservice_msgs__rosidl_typesupport_fastrtps_cpp.so /opt/ros/jazzy/lib/libservice_msgs__rosidl_typesupport_introspection_c.so /opt/ros/jazzy/lib/libservice_msgs__rosidl_typesupport_introspection_cpp.so /opt/ros/jazzy/lib/libservice_msgs__rosidl_typesupport_cpp.so /opt/ros/jazzy/lib/libaction_msgs__rosidl_typesupport_c.so /opt/ros/jazzy/lib/libaction_msgs__rosidl_generator_c.so /opt/ros/jazzy/lib/libunique_identifier_msgs__rosidl_typesupport_fastrtps_c.so /opt/ros/jazzy/lib/libunique_identifier_msgs__rosidl_typesupport_introspection_c.so /opt/ros/jazzy/lib/libunique_identifier_msgs__rosidl_typesupport_fastrtps_cpp.so /opt/ros/jazzy/lib/libunique_identifier_msgs__rosidl_typesupport_introspection_cpp.so /opt/ros/jazzy/lib/libunique_identifier_msgs__rosidl_typesupport_cpp.so /opt/ros/jazzy/lib/libservice_msgs__rosidl_typesupport_c.so /opt/ros/jazzy/lib/libservice_msgs__rosidl_generator_c.so /opt/ros/jazzy/lib/libunique_identifier_msgs__rosidl_typesupport_c.so /opt/ros/jazzy/lib/libunique_identifier_msgs__rosidl_generator_c.so /opt/ros/jazzy/lib/libstd_msgs__rosidl_typesupport_fastrtps_c.so /opt/ros/jazzy/lib/libstd_msgs__rosidl_typesupport_fastrtps_cpp.so /opt/ros/jazzy/lib/libstd_msgs__rosidl_typesupport_introspection_c.so /opt/ros/jazzy/lib/libstd_msgs__rosidl_typesupport_introspection_cpp.so /opt/ros/jazzy/lib/libstd_msgs__rosidl_typesupport_cpp.so /opt/ros/jazzy/lib/libstd_msgs__rosidl_generator_py.so /home/vdt_2026/VDT_project/install/vdt_msgs/lib/libvdt_msgs__rosidl_typesupport_c.so /opt/ros/jazzy/lib/libstd_msgs__rosidl_typesupport_c.so /home/vdt_2026/VDT_project/install/vdt_msgs/lib/libvdt_msgs__rosidl_generator_c.so /opt/ros/jazzy/lib/libstd_msgs__rosidl_generator_c.so /opt/ros/jazzy/lib/libbuiltin_interfaces__rosidl_typesupport_fastrtps_c.so /opt/ros/jazzy/lib/librosidl_typesupport_fastrtps_c.so /opt/ros/jazzy/lib/libbuiltin_interfaces__rosidl_typesupport_introspection_c.so /opt/ros/jazzy/lib/libbuiltin_interfaces__rosidl_typesupport_fastrtps_cpp.so /opt/ros/jazzy/lib/librosidl_typesupport_fastrtps_cpp.so /opt/ros/jazzy/lib/librmw.so /opt/ros/jazzy/lib/librosidl_dynamic_typesupport.so /opt/ros/jazzy/lib/libfastcdr.so.2.2.8 /opt/ros/jazzy/lib/libbuiltin_interfaces__rosidl_typesupport_introspection_cpp.so /opt/ros/jazzy/lib/librosidl_typesupport_introspection_cpp.so /opt/ros/jazzy/lib/librosidl_typesupport_introspection_c.so /opt/ros/jazzy/lib/libbuiltin_interfaces__rosidl_typesupport_cpp.so /opt/ros/jazzy/lib/librosidl_typesupport_cpp.so /opt/ros/jazzy/lib/libbuiltin_interfaces__rosidl_generator_py.so /opt/ros/jazzy/lib/libbuiltin_interfaces__rosidl_typesupport_c.so /opt/ros/jazzy/lib/libbuiltin_interfaces__rosidl_generator_c.so /opt/ros/jazzy/lib/librosidl_typesupport_c.so /opt/ros/jazzy/lib/librcpputils.so /opt/ros/jazzy/lib/librosidl_runtime_c.so /opt/ros/jazzy/lib/librcutils.so -ldl -latomic -Wl,-rpath-link,/opt/ros/jazzy/lib \n'}
[179.472030] (-) TimerEvent: {}
[179.572235] (-) TimerEvent: {}
[179.672453] (-) TimerEvent: {}
[179.772673] (-) TimerEvent: {}
[179.872983] (-) TimerEvent: {}
[179.973402] (-) TimerEvent: {}
[180.073808] (-) TimerEvent: {}
[180.174126] (-) TimerEvent: {}
[180.274413] (-) TimerEvent: {}
[180.374631] (-) TimerEvent: {}
[180.474783] (-) TimerEvent: {}
[180.574907] (-) TimerEvent: {}
[180.675087] (-) TimerEvent: {}
[180.775283] (-) TimerEvent: {}
[180.875418] (-) TimerEvent: {}
[180.975584] (-) TimerEvent: {}
[181.075775] (-) TimerEvent: {}
[181.175950] (-) TimerEvent: {}
[181.276105] (-) TimerEvent: {}
[181.376265] (-) TimerEvent: {}
[181.469189] (px4_state_bridge) StdoutLine: {'line': b"gmake[2]: Leaving directory '/home/vdt_2026/VDT_project/build/px4_state_bridge'\n"}
[181.476392] (-) TimerEvent: {}
[181.486495] (px4_state_bridge) StdoutLine: {'line': b'[100%] Built target px4_state_bridge_node\n'}
[181.488281] (px4_state_bridge) StdoutLine: {'line': b"gmake[1]: Leaving directory '/home/vdt_2026/VDT_project/build/px4_state_bridge'\n"}
[181.488699] (px4_state_bridge) StdoutLine: {'line': b'/usr/bin/cmake -E cmake_progress_start /home/vdt_2026/VDT_project/build/px4_state_bridge/CMakeFiles 0\n'}
[181.506412] (px4_state_bridge) StdoutLine: {'line': b'\n'}
[181.509095] (px4_state_bridge) CommandEnded: {'returncode': 0}
[181.509846] (px4_state_bridge) JobProgress: {'identifier': 'px4_state_bridge', 'progress': 'install'}
[181.510273] (px4_state_bridge) Command: {'cmd': ['/usr/bin/cmake', '--install', '/home/vdt_2026/VDT_project/build/px4_state_bridge'], 'cwd': '/home/vdt_2026/VDT_project/build/px4_state_bridge', 'env': OrderedDict({'LESSOPEN': '| /usr/bin/lesspipe %s', 'USER': 'vdt_2026', 'SSH_CLIENT': '100.101.240.43 53682 22', 'XDG_SESSION_TYPE': 'tty', 'SHLVL': '1', 'LD_LIBRARY_PATH': '/home/vdt_2026/VDT_project/install/vdt_msgs/lib:/home/vdt_2026/ros2_ws/install/px4_msgs/lib:/opt/ros/jazzy/lib/aarch64-linux-gnu:/opt/ros/jazzy/lib', 'HOME': '/home/vdt_2026', 'OLDPWD': '/home/vdt_2026', 'SSH_TTY': '/dev/pts/0', 'ROS_PYTHON_VERSION': '3', 'DBUS_SESSION_BUS_ADDRESS': 'unix:path=/run/user/1000/bus', 'COLCON_PREFIX_PATH': '/home/vdt_2026/ros2_ws/install', 'ROS_DISTRO': 'jazzy', 'LOGNAME': 'vdt_2026', '_': '/usr/bin/colcon', 'ROS_VERSION': '2', 'XDG_SESSION_CLASS': 'user', 'TERM': 'xterm-256color', 'XDG_SESSION_ID': '1', 'PATH': '/home/vdt_2026/.local/bin:/opt/ros/jazzy/bin:/usr/local/sbin:/usr/local/bin:/usr/sbin:/usr/bin:/sbin:/bin:/usr/games:/usr/local/games:/snap/bin', 'XDG_RUNTIME_DIR': '/run/user/1000', 'LANG': 'en_US.UTF-8', 'LS_COLORS': 'rs=0:di=01;34:ln=01;36:mh=00:pi=40;33:so=01;35:do=01;35:bd=40;33;01:cd=40;33;01:or=40;31;01:mi=00:su=37;41:sg=30;43:ca=00:tw=30;42:ow=34;42:st=37;44:ex=01;32:*.tar=01;31:*.tgz=01;31:*.arc=01;31:*.arj=01;31:*.taz=01;31:*.lha=01;31:*.lz4=01;31:*.lzh=01;31:*.lzma=01;31:*.tlz=01;31:*.txz=01;31:*.tzo=01;31:*.t7z=01;31:*.zip=01;31:*.z=01;31:*.dz=01;31:*.gz=01;31:*.lrz=01;31:*.lz=01;31:*.lzo=01;31:*.xz=01;31:*.zst=01;31:*.tzst=01;31:*.bz2=01;31:*.bz=01;31:*.tbz=01;31:*.tbz2=01;31:*.tz=01;31:*.deb=01;31:*.rpm=01;31:*.jar=01;31:*.war=01;31:*.ear=01;31:*.sar=01;31:*.rar=01;31:*.alz=01;31:*.ace=01;31:*.zoo=01;31:*.cpio=01;31:*.7z=01;31:*.rz=01;31:*.cab=01;31:*.wim=01;31:*.swm=01;31:*.dwm=01;31:*.esd=01;31:*.avif=01;35:*.jpg=01;35:*.jpeg=01;35:*.mjpg=01;35:*.mjpeg=01;35:*.gif=01;35:*.bmp=01;35:*.pbm=01;35:*.pgm=01;35:*.ppm=01;35:*.tga=01;35:*.xbm=01;35:*.xpm=01;35:*.tif=01;35:*.tiff=01;35:*.png=01;35:*.svg=01;35:*.svgz=01;35:*.mng=01;35:*.pcx=01;35:*.mov=01;35:*.mpg=01;35:*.mpeg=01;35:*.m2v=01;35:*.mkv=01;35:*.webm=01;35:*.webp=01;35:*.ogm=01;35:*.mp4=01;35:*.m4v=01;35:*.mp4v=01;35:*.vob=01;35:*.qt=01;35:*.nuv=01;35:*.wmv=01;35:*.asf=01;35:*.rm=01;35:*.rmvb=01;35:*.flc=01;35:*.avi=01;35:*.fli=01;35:*.flv=01;35:*.gl=01;35:*.dl=01;35:*.xcf=01;35:*.xwd=01;35:*.yuv=01;35:*.cgm=01;35:*.emf=01;35:*.ogv=01;35:*.ogx=01;35:*.aac=00;36:*.au=00;36:*.flac=00;36:*.m4a=00;36:*.mid=00;36:*.midi=00;36:*.mka=00;36:*.mp3=00;36:*.mpc=00;36:*.ogg=00;36:*.ra=00;36:*.wav=00;36:*.oga=00;36:*.opus=00;36:*.spx=00;36:*.xspf=00;36:*~=00;90:*#=00;90:*.bak=00;90:*.crdownload=00;90:*.dpkg-dist=00;90:*.dpkg-new=00;90:*.dpkg-old=00;90:*.dpkg-tmp=00;90:*.old=00;90:*.orig=00;90:*.part=00;90:*.rej=00;90:*.rpmnew=00;90:*.rpmorig=00;90:*.rpmsave=00;90:*.swp=00;90:*.tmp=00;90:*.ucf-dist=00;90:*.ucf-new=00;90:*.ucf-old=00;90:', 'AMENT_PREFIX_PATH': '/home/vdt_2026/VDT_project/install/fsm_state_machine:/home/vdt_2026/VDT_project/install/vdt_msgs:/home/vdt_2026/ros2_ws/install/px4_msgs:/opt/ros/jazzy', 'SHELL': '/bin/bash', 'LESSCLOSE': '/usr/bin/lesspipe %s %s', 'ROS_AUTOMATIC_DISCOVERY_RANGE': 'SUBNET', 'PWD': '/home/vdt_2026/VDT_project/build/px4_state_bridge', 'LC_ALL': 'en_US.UTF-8', 'SSH_CONNECTION': '100.101.240.43 53682 100.65.242.75 22', 'XDG_DATA_DIRS': '/usr/local/share:/usr/share:/var/lib/snapd/desktop', 'PYTHONPATH': '/home/vdt_2026/VDT_project/install/vdt_msgs/lib/python3.12/site-packages:/home/vdt_2026/ros2_ws/install/px4_msgs/lib/python3.12/site-packages:/opt/ros/jazzy/lib/python3.12/site-packages:/home/vdt_2026/librealsense/build/Release', 'COLCON': '1', 'CMAKE_PREFIX_PATH': '/home/vdt_2026/VDT_project/install/fsm_state_machine:/home/vdt_2026/VDT_project/install/vdt_msgs:/home/vdt_2026/ros2_ws/install/px4_msgs:/opt/ros/jazzy'}), 'shell': False}
[181.523869] (px4_state_bridge) StdoutLine: {'line': b'-- Install configuration: ""\n'}
[181.524163] (px4_state_bridge) StdoutLine: {'line': b'-- Installing: /home/vdt_2026/VDT_project/install/px4_state_bridge/lib/px4_state_bridge/px4_state_bridge_node\n'}
[181.543625] (px4_state_bridge) StdoutLine: {'line': b'-- Set non-toolchain portion of runtime path of "/home/vdt_2026/VDT_project/install/px4_state_bridge/lib/px4_state_bridge/px4_state_bridge_node" to ""\n'}
[181.543932] (px4_state_bridge) StdoutLine: {'line': b'-- Installing: /home/vdt_2026/VDT_project/install/px4_state_bridge/share/px4_state_bridge/config\n'}
[181.544753] (px4_state_bridge) StdoutLine: {'line': b'-- Installing: /home/vdt_2026/VDT_project/install/px4_state_bridge/share/px4_state_bridge/config/px4_state_bridge.yaml\n'}
[181.545512] (px4_state_bridge) StdoutLine: {'line': b'-- Installing: /home/vdt_2026/VDT_project/install/px4_state_bridge/share/px4_state_bridge/launch\n'}
[181.546070] (px4_state_bridge) StdoutLine: {'line': b'-- Installing: /home/vdt_2026/VDT_project/install/px4_state_bridge/share/px4_state_bridge/launch/px4_state_bridge.launch.py\n'}
[181.546867] (px4_state_bridge) StdoutLine: {'line': b'-- Installing: /home/vdt_2026/VDT_project/install/px4_state_bridge/share/ament_index/resource_index/package_run_dependencies/px4_state_bridge\n'}
[181.547191] (px4_state_bridge) StdoutLine: {'line': b'-- Installing: /home/vdt_2026/VDT_project/install/px4_state_bridge/share/ament_index/resource_index/parent_prefix_path/px4_state_bridge\n'}
[181.547488] (px4_state_bridge) StdoutLine: {'line': b'-- Installing: /home/vdt_2026/VDT_project/install/px4_state_bridge/share/px4_state_bridge/environment/ament_prefix_path.sh\n'}
[181.547758] (px4_state_bridge) StdoutLine: {'line': b'-- Installing: /home/vdt_2026/VDT_project/install/px4_state_bridge/share/px4_state_bridge/environment/ament_prefix_path.dsv\n'}
[181.548043] (px4_state_bridge) StdoutLine: {'line': b'-- Installing: /home/vdt_2026/VDT_project/install/px4_state_bridge/share/px4_state_bridge/environment/path.sh\n'}
[181.548373] (px4_state_bridge) StdoutLine: {'line': b'-- Installing: /home/vdt_2026/VDT_project/install/px4_state_bridge/share/px4_state_bridge/environment/path.dsv\n'}
[181.548497] (px4_state_bridge) StdoutLine: {'line': b'-- Installing: /home/vdt_2026/VDT_project/install/px4_state_bridge/share/px4_state_bridge/local_setup.bash\n'}
[181.548678] (px4_state_bridge) StdoutLine: {'line': b'-- Installing: /home/vdt_2026/VDT_project/install/px4_state_bridge/share/px4_state_bridge/local_setup.sh\n'}
[181.548851] (px4_state_bridge) StdoutLine: {'line': b'-- Installing: /home/vdt_2026/VDT_project/install/px4_state_bridge/share/px4_state_bridge/local_setup.zsh\n'}
[181.549046] (px4_state_bridge) StdoutLine: {'line': b'-- Installing: /home/vdt_2026/VDT_project/install/px4_state_bridge/share/px4_state_bridge/local_setup.dsv\n'}
[181.549244] (px4_state_bridge) StdoutLine: {'line': b'-- Installing: /home/vdt_2026/VDT_project/install/px4_state_bridge/share/px4_state_bridge/package.dsv\n'}
[181.549398] (px4_state_bridge) StdoutLine: {'line': b'-- Installing: /home/vdt_2026/VDT_project/install/px4_state_bridge/share/ament_index/resource_index/packages/px4_state_bridge\n'}
[181.549626] (px4_state_bridge) StdoutLine: {'line': b'-- Installing: /home/vdt_2026/VDT_project/install/px4_state_bridge/share/px4_state_bridge/cmake/px4_state_bridgeConfig.cmake\n'}
[181.549821] (px4_state_bridge) StdoutLine: {'line': b'-- Installing: /home/vdt_2026/VDT_project/install/px4_state_bridge/share/px4_state_bridge/cmake/px4_state_bridgeConfig-version.cmake\n'}
[181.550007] (px4_state_bridge) StdoutLine: {'line': b'-- Installing: /home/vdt_2026/VDT_project/install/px4_state_bridge/share/px4_state_bridge/package.xml\n'}
[181.553026] (px4_state_bridge) CommandEnded: {'returncode': 0}
[181.571979] (px4_state_bridge) JobEnded: {'identifier': 'px4_state_bridge', 'rc': 0}
[181.573660] (vdt_bringup) JobStarted: {'identifier': 'vdt_bringup'}
[181.577468] (-) TimerEvent: {}
[181.596066] (vdt_bringup) JobProgress: {'identifier': 'vdt_bringup', 'progress': 'cmake'}
[181.596949] (vdt_bringup) Command: {'cmd': ['/usr/bin/cmake', '/home/vdt_2026/VDT_project/ros2_ws/src/vdt_bringup', '-DCMAKE_VERBOSE_MAKEFILE=ON', '-DCMAKE_INSTALL_PREFIX=/home/vdt_2026/VDT_project/install/vdt_bringup'], 'cwd': '/home/vdt_2026/VDT_project/build/vdt_bringup', 'env': OrderedDict({'LESSOPEN': '| /usr/bin/lesspipe %s', 'USER': 'vdt_2026', 'SSH_CLIENT': '100.101.240.43 53682 22', 'XDG_SESSION_TYPE': 'tty', 'SHLVL': '1', 'LD_LIBRARY_PATH': '/home/vdt_2026/VDT_project/install/rc_parser/lib:/home/vdt_2026/VDT_project/install/vdt_msgs/lib:/home/vdt_2026/ros2_ws/install/px4_msgs/lib:/opt/ros/jazzy/lib/aarch64-linux-gnu:/opt/ros/jazzy/lib', 'HOME': '/home/vdt_2026', 'OLDPWD': '/home/vdt_2026', 'SSH_TTY': '/dev/pts/0', 'ROS_PYTHON_VERSION': '3', 'DBUS_SESSION_BUS_ADDRESS': 'unix:path=/run/user/1000/bus', 'COLCON_PREFIX_PATH': '/home/vdt_2026/ros2_ws/install', 'ROS_DISTRO': 'jazzy', 'LOGNAME': 'vdt_2026', '_': '/usr/bin/colcon', 'ROS_VERSION': '2', 'XDG_SESSION_CLASS': 'user', 'TERM': 'xterm-256color', 'XDG_SESSION_ID': '1', 'PATH': '/home/vdt_2026/.local/bin:/opt/ros/jazzy/bin:/usr/local/sbin:/usr/local/bin:/usr/sbin:/usr/bin:/sbin:/bin:/usr/games:/usr/local/games:/snap/bin', 'XDG_RUNTIME_DIR': '/run/user/1000', 'LANG': 'en_US.UTF-8', 'LS_COLORS': 'rs=0:di=01;34:ln=01;36:mh=00:pi=40;33:so=01;35:do=01;35:bd=40;33;01:cd=40;33;01:or=40;31;01:mi=00:su=37;41:sg=30;43:ca=00:tw=30;42:ow=34;42:st=37;44:ex=01;32:*.tar=01;31:*.tgz=01;31:*.arc=01;31:*.arj=01;31:*.taz=01;31:*.lha=01;31:*.lz4=01;31:*.lzh=01;31:*.lzma=01;31:*.tlz=01;31:*.txz=01;31:*.tzo=01;31:*.t7z=01;31:*.zip=01;31:*.z=01;31:*.dz=01;31:*.gz=01;31:*.lrz=01;31:*.lz=01;31:*.lzo=01;31:*.xz=01;31:*.zst=01;31:*.tzst=01;31:*.bz2=01;31:*.bz=01;31:*.tbz=01;31:*.tbz2=01;31:*.tz=01;31:*.deb=01;31:*.rpm=01;31:*.jar=01;31:*.war=01;31:*.ear=01;31:*.sar=01;31:*.rar=01;31:*.alz=01;31:*.ace=01;31:*.zoo=01;31:*.cpio=01;31:*.7z=01;31:*.rz=01;31:*.cab=01;31:*.wim=01;31:*.swm=01;31:*.dwm=01;31:*.esd=01;31:*.avif=01;35:*.jpg=01;35:*.jpeg=01;35:*.mjpg=01;35:*.mjpeg=01;35:*.gif=01;35:*.bmp=01;35:*.pbm=01;35:*.pgm=01;35:*.ppm=01;35:*.tga=01;35:*.xbm=01;35:*.xpm=01;35:*.tif=01;35:*.tiff=01;35:*.png=01;35:*.svg=01;35:*.svgz=01;35:*.mng=01;35:*.pcx=01;35:*.mov=01;35:*.mpg=01;35:*.mpeg=01;35:*.m2v=01;35:*.mkv=01;35:*.webm=01;35:*.webp=01;35:*.ogm=01;35:*.mp4=01;35:*.m4v=01;35:*.mp4v=01;35:*.vob=01;35:*.qt=01;35:*.nuv=01;35:*.wmv=01;35:*.asf=01;35:*.rm=01;35:*.rmvb=01;35:*.flc=01;35:*.avi=01;35:*.fli=01;35:*.flv=01;35:*.gl=01;35:*.dl=01;35:*.xcf=01;35:*.xwd=01;35:*.yuv=01;35:*.cgm=01;35:*.emf=01;35:*.ogv=01;35:*.ogx=01;35:*.aac=00;36:*.au=00;36:*.flac=00;36:*.m4a=00;36:*.mid=00;36:*.midi=00;36:*.mka=00;36:*.mp3=00;36:*.mpc=00;36:*.ogg=00;36:*.ra=00;36:*.wav=00;36:*.oga=00;36:*.opus=00;36:*.spx=00;36:*.xspf=00;36:*~=00;90:*#=00;90:*.bak=00;90:*.crdownload=00;90:*.dpkg-dist=00;90:*.dpkg-new=00;90:*.dpkg-old=00;90:*.dpkg-tmp=00;90:*.old=00;90:*.orig=00;90:*.part=00;90:*.rej=00;90:*.rpmnew=00;90:*.rpmorig=00;90:*.rpmsave=00;90:*.swp=00;90:*.tmp=00;90:*.ucf-dist=00;90:*.ucf-new=00;90:*.ucf-old=00;90:', 'AMENT_PREFIX_PATH': '/home/vdt_2026/VDT_project/install/offboard_safety_monitor:/home/vdt_2026/VDT_project/install/kill_switch:/home/vdt_2026/VDT_project/install/gimbal_control:/home/vdt_2026/VDT_project/install/rc_parser:/home/vdt_2026/VDT_project/install/offboard_manager:/home/vdt_2026/VDT_project/install/input_state_cache:/home/vdt_2026/VDT_project/install/fsm_state_machine:/home/vdt_2026/VDT_project/install/xrce_bridge_manager:/home/vdt_2026/VDT_project/install/vdt_msgs:/home/vdt_2026/VDT_project/install/servo_control:/home/vdt_2026/ros2_ws/install/px4_msgs:/opt/ros/jazzy', 'SHELL': '/bin/bash', 'LESSCLOSE': '/usr/bin/lesspipe %s %s', 'ROS_AUTOMATIC_DISCOVERY_RANGE': 'SUBNET', 'PWD': '/home/vdt_2026/VDT_project/build/vdt_bringup', 'LC_ALL': 'en_US.UTF-8', 'SSH_CONNECTION': '100.101.240.43 53682 100.65.242.75 22', 'XDG_DATA_DIRS': '/usr/local/share:/usr/share:/var/lib/snapd/desktop', 'PYTHONPATH': '/home/vdt_2026/VDT_project/install/xrce_bridge_manager/lib/python3.12/site-packages:/home/vdt_2026/VDT_project/install/vdt_msgs/lib/python3.12/site-packages:/home/vdt_2026/VDT_project/install/servo_control/lib/python3.12/site-packages:/home/vdt_2026/ros2_ws/install/px4_msgs/lib/python3.12/site-packages:/opt/ros/jazzy/lib/python3.12/site-packages:/home/vdt_2026/librealsense/build/Release', 'COLCON': '1', 'CMAKE_PREFIX_PATH': '/home/vdt_2026/VDT_project/install/offboard_safety_monitor:/home/vdt_2026/VDT_project/install/kill_switch:/home/vdt_2026/VDT_project/install/gimbal_control:/home/vdt_2026/VDT_project/install/rc_parser:/home/vdt_2026/VDT_project/install/offboard_manager:/home/vdt_2026/VDT_project/install/input_state_cache:/home/vdt_2026/VDT_project/install/fsm_state_machine:/home/vdt_2026/VDT_project/install/vdt_msgs:/home/vdt_2026/ros2_ws/install/px4_msgs:/opt/ros/jazzy'}), 'shell': False}
[181.677652] (-) TimerEvent: {}
[181.699708] (vdt_bringup) StdoutLine: {'line': b'-- The C compiler identification is GNU 13.3.0\n'}
[181.777794] (-) TimerEvent: {}
[181.800136] (vdt_bringup) StdoutLine: {'line': b'-- The CXX compiler identification is GNU 13.3.0\n'}
[181.827201] (vdt_bringup) StdoutLine: {'line': b'-- Detecting C compiler ABI info\n'}
[181.877925] (-) TimerEvent: {}
[181.978161] (-) TimerEvent: {}
[181.983120] (vdt_bringup) StdoutLine: {'line': b'-- Detecting C compiler ABI info - done\n'}
[181.998489] (vdt_bringup) StdoutLine: {'line': b'-- Check for working C compiler: /usr/bin/cc - skipped\n'}
[181.998931] (vdt_bringup) StdoutLine: {'line': b'-- Detecting C compile features\n'}
[181.999635] (vdt_bringup) StdoutLine: {'line': b'-- Detecting C compile features - done\n'}
[182.013905] (vdt_bringup) StdoutLine: {'line': b'-- Detecting CXX compiler ABI info\n'}
[182.078283] (-) TimerEvent: {}
[182.178506] (-) TimerEvent: {}
[182.182930] (vdt_bringup) StdoutLine: {'line': b'-- Detecting CXX compiler ABI info - done\n'}
[182.199449] (vdt_bringup) StdoutLine: {'line': b'-- Check for working CXX compiler: /usr/bin/c++ - skipped\n'}
[182.199863] (vdt_bringup) StdoutLine: {'line': b'-- Detecting CXX compile features\n'}
[182.200633] (vdt_bringup) StdoutLine: {'line': b'-- Detecting CXX compile features - done\n'}
[182.204536] (vdt_bringup) StdoutLine: {'line': b'-- Found ament_cmake: 2.5.6 (/opt/ros/jazzy/share/ament_cmake/cmake)\n'}
[182.278602] (-) TimerEvent: {}
[182.378781] (-) TimerEvent: {}
[182.425444] (vdt_bringup) StdoutLine: {'line': b'-- Found Python3: /usr/bin/python3 (found version "3.12.3") found components: Interpreter \n'}
[182.478885] (-) TimerEvent: {}
[182.579099] (-) TimerEvent: {}
[182.679273] (-) TimerEvent: {}
[182.733222] (vdt_bringup) StdoutLine: {'line': b'-- Configuring done (1.1s)\n'}
[182.737632] (vdt_bringup) StdoutLine: {'line': b'-- Generating done (0.0s)\n'}
[182.740487] (vdt_bringup) StdoutLine: {'line': b'-- Build files have been written to: /home/vdt_2026/VDT_project/build/vdt_bringup\n'}
[182.749412] (vdt_bringup) CommandEnded: {'returncode': 0}
[182.750073] (vdt_bringup) JobProgress: {'identifier': 'vdt_bringup', 'progress': 'build'}
[182.750441] (vdt_bringup) Command: {'cmd': ['/usr/bin/cmake', '--build', '/home/vdt_2026/VDT_project/build/vdt_bringup', '--', '-j4', '-l4'], 'cwd': '/home/vdt_2026/VDT_project/build/vdt_bringup', 'env': OrderedDict({'LESSOPEN': '| /usr/bin/lesspipe %s', 'USER': 'vdt_2026', 'SSH_CLIENT': '100.101.240.43 53682 22', 'XDG_SESSION_TYPE': 'tty', 'SHLVL': '1', 'LD_LIBRARY_PATH': '/home/vdt_2026/VDT_project/install/rc_parser/lib:/home/vdt_2026/VDT_project/install/vdt_msgs/lib:/home/vdt_2026/ros2_ws/install/px4_msgs/lib:/opt/ros/jazzy/lib/aarch64-linux-gnu:/opt/ros/jazzy/lib', 'HOME': '/home/vdt_2026', 'OLDPWD': '/home/vdt_2026', 'SSH_TTY': '/dev/pts/0', 'ROS_PYTHON_VERSION': '3', 'DBUS_SESSION_BUS_ADDRESS': 'unix:path=/run/user/1000/bus', 'COLCON_PREFIX_PATH': '/home/vdt_2026/ros2_ws/install', 'ROS_DISTRO': 'jazzy', 'LOGNAME': 'vdt_2026', '_': '/usr/bin/colcon', 'ROS_VERSION': '2', 'XDG_SESSION_CLASS': 'user', 'TERM': 'xterm-256color', 'XDG_SESSION_ID': '1', 'PATH': '/home/vdt_2026/.local/bin:/opt/ros/jazzy/bin:/usr/local/sbin:/usr/local/bin:/usr/sbin:/usr/bin:/sbin:/bin:/usr/games:/usr/local/games:/snap/bin', 'XDG_RUNTIME_DIR': '/run/user/1000', 'LANG': 'en_US.UTF-8', 'LS_COLORS': 'rs=0:di=01;34:ln=01;36:mh=00:pi=40;33:so=01;35:do=01;35:bd=40;33;01:cd=40;33;01:or=40;31;01:mi=00:su=37;41:sg=30;43:ca=00:tw=30;42:ow=34;42:st=37;44:ex=01;32:*.tar=01;31:*.tgz=01;31:*.arc=01;31:*.arj=01;31:*.taz=01;31:*.lha=01;31:*.lz4=01;31:*.lzh=01;31:*.lzma=01;31:*.tlz=01;31:*.txz=01;31:*.tzo=01;31:*.t7z=01;31:*.zip=01;31:*.z=01;31:*.dz=01;31:*.gz=01;31:*.lrz=01;31:*.lz=01;31:*.lzo=01;31:*.xz=01;31:*.zst=01;31:*.tzst=01;31:*.bz2=01;31:*.bz=01;31:*.tbz=01;31:*.tbz2=01;31:*.tz=01;31:*.deb=01;31:*.rpm=01;31:*.jar=01;31:*.war=01;31:*.ear=01;31:*.sar=01;31:*.rar=01;31:*.alz=01;31:*.ace=01;31:*.zoo=01;31:*.cpio=01;31:*.7z=01;31:*.rz=01;31:*.cab=01;31:*.wim=01;31:*.swm=01;31:*.dwm=01;31:*.esd=01;31:*.avif=01;35:*.jpg=01;35:*.jpeg=01;35:*.mjpg=01;35:*.mjpeg=01;35:*.gif=01;35:*.bmp=01;35:*.pbm=01;35:*.pgm=01;35:*.ppm=01;35:*.tga=01;35:*.xbm=01;35:*.xpm=01;35:*.tif=01;35:*.tiff=01;35:*.png=01;35:*.svg=01;35:*.svgz=01;35:*.mng=01;35:*.pcx=01;35:*.mov=01;35:*.mpg=01;35:*.mpeg=01;35:*.m2v=01;35:*.mkv=01;35:*.webm=01;35:*.webp=01;35:*.ogm=01;35:*.mp4=01;35:*.m4v=01;35:*.mp4v=01;35:*.vob=01;35:*.qt=01;35:*.nuv=01;35:*.wmv=01;35:*.asf=01;35:*.rm=01;35:*.rmvb=01;35:*.flc=01;35:*.avi=01;35:*.fli=01;35:*.flv=01;35:*.gl=01;35:*.dl=01;35:*.xcf=01;35:*.xwd=01;35:*.yuv=01;35:*.cgm=01;35:*.emf=01;35:*.ogv=01;35:*.ogx=01;35:*.aac=00;36:*.au=00;36:*.flac=00;36:*.m4a=00;36:*.mid=00;36:*.midi=00;36:*.mka=00;36:*.mp3=00;36:*.mpc=00;36:*.ogg=00;36:*.ra=00;36:*.wav=00;36:*.oga=00;36:*.opus=00;36:*.spx=00;36:*.xspf=00;36:*~=00;90:*#=00;90:*.bak=00;90:*.crdownload=00;90:*.dpkg-dist=00;90:*.dpkg-new=00;90:*.dpkg-old=00;90:*.dpkg-tmp=00;90:*.old=00;90:*.orig=00;90:*.part=00;90:*.rej=00;90:*.rpmnew=00;90:*.rpmorig=00;90:*.rpmsave=00;90:*.swp=00;90:*.tmp=00;90:*.ucf-dist=00;90:*.ucf-new=00;90:*.ucf-old=00;90:', 'AMENT_PREFIX_PATH': '/home/vdt_2026/VDT_project/install/offboard_safety_monitor:/home/vdt_2026/VDT_project/install/kill_switch:/home/vdt_2026/VDT_project/install/gimbal_control:/home/vdt_2026/VDT_project/install/rc_parser:/home/vdt_2026/VDT_project/install/offboard_manager:/home/vdt_2026/VDT_project/install/input_state_cache:/home/vdt_2026/VDT_project/install/fsm_state_machine:/home/vdt_2026/VDT_project/install/xrce_bridge_manager:/home/vdt_2026/VDT_project/install/vdt_msgs:/home/vdt_2026/VDT_project/install/servo_control:/home/vdt_2026/ros2_ws/install/px4_msgs:/opt/ros/jazzy', 'SHELL': '/bin/bash', 'LESSCLOSE': '/usr/bin/lesspipe %s %s', 'ROS_AUTOMATIC_DISCOVERY_RANGE': 'SUBNET', 'PWD': '/home/vdt_2026/VDT_project/build/vdt_bringup', 'LC_ALL': 'en_US.UTF-8', 'SSH_CONNECTION': '100.101.240.43 53682 100.65.242.75 22', 'XDG_DATA_DIRS': '/usr/local/share:/usr/share:/var/lib/snapd/desktop', 'PYTHONPATH': '/home/vdt_2026/VDT_project/install/xrce_bridge_manager/lib/python3.12/site-packages:/home/vdt_2026/VDT_project/install/vdt_msgs/lib/python3.12/site-packages:/home/vdt_2026/VDT_project/install/servo_control/lib/python3.12/site-packages:/home/vdt_2026/ros2_ws/install/px4_msgs/lib/python3.12/site-packages:/opt/ros/jazzy/lib/python3.12/site-packages:/home/vdt_2026/librealsense/build/Release', 'COLCON': '1', 'CMAKE_PREFIX_PATH': '/home/vdt_2026/VDT_project/install/offboard_safety_monitor:/home/vdt_2026/VDT_project/install/kill_switch:/home/vdt_2026/VDT_project/install/gimbal_control:/home/vdt_2026/VDT_project/install/rc_parser:/home/vdt_2026/VDT_project/install/offboard_manager:/home/vdt_2026/VDT_project/install/input_state_cache:/home/vdt_2026/VDT_project/install/fsm_state_machine:/home/vdt_2026/VDT_project/install/vdt_msgs:/home/vdt_2026/ros2_ws/install/px4_msgs:/opt/ros/jazzy'}), 'shell': False}
[182.763897] (vdt_bringup) StdoutLine: {'line': b"Change Dir: '/home/vdt_2026/VDT_project/build/vdt_bringup'\n"}
[182.764125] (vdt_bringup) StdoutLine: {'line': b'\n'}
[182.764218] (vdt_bringup) StdoutLine: {'line': b'Run Build Command(s): /usr/bin/cmake -E env VERBOSE=1 /usr/bin/gmake -f Makefile -j4 -l4\n'}
[182.779397] (-) TimerEvent: {}
[182.781195] (vdt_bringup) StdoutLine: {'line': b'/usr/bin/cmake -S/home/vdt_2026/VDT_project/ros2_ws/src/vdt_bringup -B/home/vdt_2026/VDT_project/build/vdt_bringup --check-build-system CMakeFiles/Makefile.cmake 0\n'}
[182.798363] (vdt_bringup) StdoutLine: {'line': b'/usr/bin/cmake -E cmake_progress_start /home/vdt_2026/VDT_project/build/vdt_bringup/CMakeFiles /home/vdt_2026/VDT_project/build/vdt_bringup//CMakeFiles/progress.marks\n'}
[182.813167] (vdt_bringup) StdoutLine: {'line': b'/usr/bin/gmake  -f CMakeFiles/Makefile2 all\n'}
[182.814927] (vdt_bringup) StdoutLine: {'line': b"gmake[1]: Entering directory '/home/vdt_2026/VDT_project/build/vdt_bringup'\n"}
[182.815187] (vdt_bringup) StdoutLine: {'line': b"gmake[1]: Nothing to be done for 'all'.\n"}
[182.815315] (vdt_bringup) StdoutLine: {'line': b"gmake[1]: Leaving directory '/home/vdt_2026/VDT_project/build/vdt_bringup'\n"}
[182.815451] (vdt_bringup) StdoutLine: {'line': b'/usr/bin/cmake -E cmake_progress_start /home/vdt_2026/VDT_project/build/vdt_bringup/CMakeFiles 0\n'}
[182.831263] (vdt_bringup) StdoutLine: {'line': b'\n'}
[182.833919] (vdt_bringup) CommandEnded: {'returncode': 0}
[182.834690] (vdt_bringup) JobProgress: {'identifier': 'vdt_bringup', 'progress': 'install'}
[182.835100] (vdt_bringup) Command: {'cmd': ['/usr/bin/cmake', '--install', '/home/vdt_2026/VDT_project/build/vdt_bringup'], 'cwd': '/home/vdt_2026/VDT_project/build/vdt_bringup', 'env': OrderedDict({'LESSOPEN': '| /usr/bin/lesspipe %s', 'USER': 'vdt_2026', 'SSH_CLIENT': '100.101.240.43 53682 22', 'XDG_SESSION_TYPE': 'tty', 'SHLVL': '1', 'LD_LIBRARY_PATH': '/home/vdt_2026/VDT_project/install/rc_parser/lib:/home/vdt_2026/VDT_project/install/vdt_msgs/lib:/home/vdt_2026/ros2_ws/install/px4_msgs/lib:/opt/ros/jazzy/lib/aarch64-linux-gnu:/opt/ros/jazzy/lib', 'HOME': '/home/vdt_2026', 'OLDPWD': '/home/vdt_2026', 'SSH_TTY': '/dev/pts/0', 'ROS_PYTHON_VERSION': '3', 'DBUS_SESSION_BUS_ADDRESS': 'unix:path=/run/user/1000/bus', 'COLCON_PREFIX_PATH': '/home/vdt_2026/ros2_ws/install', 'ROS_DISTRO': 'jazzy', 'LOGNAME': 'vdt_2026', '_': '/usr/bin/colcon', 'ROS_VERSION': '2', 'XDG_SESSION_CLASS': 'user', 'TERM': 'xterm-256color', 'XDG_SESSION_ID': '1', 'PATH': '/home/vdt_2026/.local/bin:/opt/ros/jazzy/bin:/usr/local/sbin:/usr/local/bin:/usr/sbin:/usr/bin:/sbin:/bin:/usr/games:/usr/local/games:/snap/bin', 'XDG_RUNTIME_DIR': '/run/user/1000', 'LANG': 'en_US.UTF-8', 'LS_COLORS': 'rs=0:di=01;34:ln=01;36:mh=00:pi=40;33:so=01;35:do=01;35:bd=40;33;01:cd=40;33;01:or=40;31;01:mi=00:su=37;41:sg=30;43:ca=00:tw=30;42:ow=34;42:st=37;44:ex=01;32:*.tar=01;31:*.tgz=01;31:*.arc=01;31:*.arj=01;31:*.taz=01;31:*.lha=01;31:*.lz4=01;31:*.lzh=01;31:*.lzma=01;31:*.tlz=01;31:*.txz=01;31:*.tzo=01;31:*.t7z=01;31:*.zip=01;31:*.z=01;31:*.dz=01;31:*.gz=01;31:*.lrz=01;31:*.lz=01;31:*.lzo=01;31:*.xz=01;31:*.zst=01;31:*.tzst=01;31:*.bz2=01;31:*.bz=01;31:*.tbz=01;31:*.tbz2=01;31:*.tz=01;31:*.deb=01;31:*.rpm=01;31:*.jar=01;31:*.war=01;31:*.ear=01;31:*.sar=01;31:*.rar=01;31:*.alz=01;31:*.ace=01;31:*.zoo=01;31:*.cpio=01;31:*.7z=01;31:*.rz=01;31:*.cab=01;31:*.wim=01;31:*.swm=01;31:*.dwm=01;31:*.esd=01;31:*.avif=01;35:*.jpg=01;35:*.jpeg=01;35:*.mjpg=01;35:*.mjpeg=01;35:*.gif=01;35:*.bmp=01;35:*.pbm=01;35:*.pgm=01;35:*.ppm=01;35:*.tga=01;35:*.xbm=01;35:*.xpm=01;35:*.tif=01;35:*.tiff=01;35:*.png=01;35:*.svg=01;35:*.svgz=01;35:*.mng=01;35:*.pcx=01;35:*.mov=01;35:*.mpg=01;35:*.mpeg=01;35:*.m2v=01;35:*.mkv=01;35:*.webm=01;35:*.webp=01;35:*.ogm=01;35:*.mp4=01;35:*.m4v=01;35:*.mp4v=01;35:*.vob=01;35:*.qt=01;35:*.nuv=01;35:*.wmv=01;35:*.asf=01;35:*.rm=01;35:*.rmvb=01;35:*.flc=01;35:*.avi=01;35:*.fli=01;35:*.flv=01;35:*.gl=01;35:*.dl=01;35:*.xcf=01;35:*.xwd=01;35:*.yuv=01;35:*.cgm=01;35:*.emf=01;35:*.ogv=01;35:*.ogx=01;35:*.aac=00;36:*.au=00;36:*.flac=00;36:*.m4a=00;36:*.mid=00;36:*.midi=00;36:*.mka=00;36:*.mp3=00;36:*.mpc=00;36:*.ogg=00;36:*.ra=00;36:*.wav=00;36:*.oga=00;36:*.opus=00;36:*.spx=00;36:*.xspf=00;36:*~=00;90:*#=00;90:*.bak=00;90:*.crdownload=00;90:*.dpkg-dist=00;90:*.dpkg-new=00;90:*.dpkg-old=00;90:*.dpkg-tmp=00;90:*.old=00;90:*.orig=00;90:*.part=00;90:*.rej=00;90:*.rpmnew=00;90:*.rpmorig=00;90:*.rpmsave=00;90:*.swp=00;90:*.tmp=00;90:*.ucf-dist=00;90:*.ucf-new=00;90:*.ucf-old=00;90:', 'AMENT_PREFIX_PATH': '/home/vdt_2026/VDT_project/install/offboard_safety_monitor:/home/vdt_2026/VDT_project/install/kill_switch:/home/vdt_2026/VDT_project/install/gimbal_control:/home/vdt_2026/VDT_project/install/rc_parser:/home/vdt_2026/VDT_project/install/offboard_manager:/home/vdt_2026/VDT_project/install/input_state_cache:/home/vdt_2026/VDT_project/install/fsm_state_machine:/home/vdt_2026/VDT_project/install/xrce_bridge_manager:/home/vdt_2026/VDT_project/install/vdt_msgs:/home/vdt_2026/VDT_project/install/servo_control:/home/vdt_2026/ros2_ws/install/px4_msgs:/opt/ros/jazzy', 'SHELL': '/bin/bash', 'LESSCLOSE': '/usr/bin/lesspipe %s %s', 'ROS_AUTOMATIC_DISCOVERY_RANGE': 'SUBNET', 'PWD': '/home/vdt_2026/VDT_project/build/vdt_bringup', 'LC_ALL': 'en_US.UTF-8', 'SSH_CONNECTION': '100.101.240.43 53682 100.65.242.75 22', 'XDG_DATA_DIRS': '/usr/local/share:/usr/share:/var/lib/snapd/desktop', 'PYTHONPATH': '/home/vdt_2026/VDT_project/install/xrce_bridge_manager/lib/python3.12/site-packages:/home/vdt_2026/VDT_project/install/vdt_msgs/lib/python3.12/site-packages:/home/vdt_2026/VDT_project/install/servo_control/lib/python3.12/site-packages:/home/vdt_2026/ros2_ws/install/px4_msgs/lib/python3.12/site-packages:/opt/ros/jazzy/lib/python3.12/site-packages:/home/vdt_2026/librealsense/build/Release', 'COLCON': '1', 'CMAKE_PREFIX_PATH': '/home/vdt_2026/VDT_project/install/offboard_safety_monitor:/home/vdt_2026/VDT_project/install/kill_switch:/home/vdt_2026/VDT_project/install/gimbal_control:/home/vdt_2026/VDT_project/install/rc_parser:/home/vdt_2026/VDT_project/install/offboard_manager:/home/vdt_2026/VDT_project/install/input_state_cache:/home/vdt_2026/VDT_project/install/fsm_state_machine:/home/vdt_2026/VDT_project/install/vdt_msgs:/home/vdt_2026/ros2_ws/install/px4_msgs:/opt/ros/jazzy'}), 'shell': False}
[182.848793] (vdt_bringup) StdoutLine: {'line': b'-- Install configuration: ""\n'}
[182.849016] (vdt_bringup) StdoutLine: {'line': b'-- Installing: /home/vdt_2026/VDT_project/install/vdt_bringup/share/vdt_bringup/launch\n'}
[182.850022] (vdt_bringup) StdoutLine: {'line': b'-- Installing: /home/vdt_2026/VDT_project/install/vdt_bringup/share/vdt_bringup/launch/vdt_system.launch.py\n'}
[182.851263] (vdt_bringup) StdoutLine: {'line': b'-- Installing: /home/vdt_2026/VDT_project/install/vdt_bringup/share/vdt_bringup/System_Params.yaml\n'}
[182.852211] (vdt_bringup) StdoutLine: {'line': b'-- Installing: /home/vdt_2026/VDT_project/install/vdt_bringup/share/ament_index/resource_index/package_run_dependencies/vdt_bringup\n'}
[182.852484] (vdt_bringup) StdoutLine: {'line': b'-- Installing: /home/vdt_2026/VDT_project/install/vdt_bringup/share/ament_index/resource_index/parent_prefix_path/vdt_bringup\n'}
[182.852746] (vdt_bringup) StdoutLine: {'line': b'-- Installing: /home/vdt_2026/VDT_project/install/vdt_bringup/share/vdt_bringup/environment/ament_prefix_path.sh\n'}
[182.853012] (vdt_bringup) StdoutLine: {'line': b'-- Installing: /home/vdt_2026/VDT_project/install/vdt_bringup/share/vdt_bringup/environment/ament_prefix_path.dsv\n'}
[182.853248] (vdt_bringup) StdoutLine: {'line': b'-- Installing: /home/vdt_2026/VDT_project/install/vdt_bringup/share/vdt_bringup/environment/path.sh\n'}
[182.853754] (vdt_bringup) StdoutLine: {'line': b'-- Installing: /home/vdt_2026/VDT_project/install/vdt_bringup/share/vdt_bringup/environment/path.dsv\n'}
[182.854006] (vdt_bringup) StdoutLine: {'line': b'-- Installing: /home/vdt_2026/VDT_project/install/vdt_bringup/share/vdt_bringup/local_setup.bash\n'}
[182.854478] (vdt_bringup) StdoutLine: {'line': b'-- Installing: /home/vdt_2026/VDT_project/install/vdt_bringup/share/vdt_bringup/local_setup.sh\n'}
[182.854820] (vdt_bringup) StdoutLine: {'line': b'-- Installing: /home/vdt_2026/VDT_project/install/vdt_bringup/share/vdt_bringup/local_setup.zsh\n'}
[182.854992] (vdt_bringup) StdoutLine: {'line': b'-- Installing: /home/vdt_2026/VDT_project/install/vdt_bringup/share/vdt_bringup/local_setup.dsv\n'}
[182.855307] (vdt_bringup) StdoutLine: {'line': b'-- Installing: /home/vdt_2026/VDT_project/install/vdt_bringup/share/vdt_bringup/package.dsv\n'}
[182.855561] (vdt_bringup) StdoutLine: {'line': b'-- Installing: /home/vdt_2026/VDT_project/install/vdt_bringup/share/ament_index/resource_index/packages/vdt_bringup\n'}
[182.856929] (vdt_bringup) StdoutLine: {'line': b'-- Installing: /home/vdt_2026/VDT_project/install/vdt_bringup/share/vdt_bringup/cmake/vdt_bringupConfig.cmake\n'}
[182.857105] (vdt_bringup) StdoutLine: {'line': b'-- Installing: /home/vdt_2026/VDT_project/install/vdt_bringup/share/vdt_bringup/cmake/vdt_bringupConfig-version.cmake\n'}
[182.857193] (vdt_bringup) StdoutLine: {'line': b'-- Installing: /home/vdt_2026/VDT_project/install/vdt_bringup/share/vdt_bringup/package.xml\n'}
[182.859111] (vdt_bringup) CommandEnded: {'returncode': 0}
[182.877769] (vdt_bringup) JobEnded: {'identifier': 'vdt_bringup', 'rc': 0}
[182.878592] (-) EventReactorShutdown: {}
