[0.543s] DEBUG:colcon:Command line arguments: ['/usr/bin/colcon', 'build', '--event-handlers', 'console_direct+', '--executor', 'sequential', '--cmake-args', '-DCMAKE_VERBOSE_MAKEFILE=ON']
[0.543s] DEBUG:colcon:Parsed command line arguments: Namespace(log_base=None, log_level=None, verb_name='build', build_base='build', install_base='install', merge_install=False, symlink_install=False, test_result_base=None, continue_on_error=False, executor='sequential', parallel_workers=4, event_handlers=['console_direct+'], ignore_user_meta=False, metas=['./colcon.meta'], base_paths=['.'], packages_ignore=None, packages_ignore_regex=None, paths=None, packages_up_to=None, packages_up_to_regex=None, packages_above=None, packages_above_and_dependencies=None, packages_above_depth=None, packages_select_by_dep=None, packages_skip_by_dep=None, packages_skip_up_to=None, packages_select_build_failed=False, packages_skip_build_finished=False, packages_select_test_failures=False, packages_skip_test_passed=False, packages_select=None, packages_skip=None, packages_select_regex=None, packages_skip_regex=None, packages_start=None, packages_end=None, allow_overriding=[], cmake_args=['-DCMAKE_VERBOSE_MAKEFILE=ON'], cmake_target=None, cmake_target_skip_unavailable=False, cmake_clean_cache=False, cmake_clean_first=False, cmake_force_configure=False, ament_cmake_args=None, catkin_cmake_args=None, catkin_skip_building_tests=False, verb_parser=<colcon_defaults.argument_parser.defaults.DefaultArgumentsDecorator object at 0xffffa695d520>, verb_extension=<colcon_core.verb.build.BuildVerb object at 0xffffa6afe4e0>, main=<bound method BuildVerb.main of <colcon_core.verb.build.BuildVerb object at 0xffffa6afe4e0>>)
[0.679s] Level 1:colcon.colcon_core.package_discovery:discover_packages(colcon_meta) check parameters
[0.679s] Level 1:colcon.colcon_core.package_discovery:discover_packages(recursive) check parameters
[0.680s] Level 1:colcon.colcon_core.package_discovery:discover_packages(ignore) check parameters
[0.680s] Level 1:colcon.colcon_core.package_discovery:discover_packages(path) check parameters
[0.680s] Level 1:colcon.colcon_core.package_discovery:discover_packages(colcon_meta) discover
[0.680s] Level 1:colcon.colcon_core.package_discovery:discover_packages(recursive) discover
[0.680s] INFO:colcon.colcon_core.package_discovery:Crawling recursively for packages in '/home/vdt_2026/VDT_project'
[0.680s] Level 1:colcon.colcon_core.package_identification:_identify(.) by extensions ['ignore', 'ignore_ament_install']
[0.680s] Level 1:colcon.colcon_core.package_identification:_identify(.) by extension 'ignore'
[0.680s] Level 1:colcon.colcon_core.package_identification:_identify(.) by extension 'ignore_ament_install'
[0.680s] Level 1:colcon.colcon_core.package_identification:_identify(.) by extensions ['colcon_pkg']
[0.680s] Level 1:colcon.colcon_core.package_identification:_identify(.) by extension 'colcon_pkg'
[0.680s] Level 1:colcon.colcon_core.package_identification:_identify(.) by extensions ['colcon_meta']
[0.680s] Level 1:colcon.colcon_core.package_identification:_identify(.) by extension 'colcon_meta'
[0.680s] Level 1:colcon.colcon_core.package_identification:_identify(.) by extensions ['ros']
[0.680s] Level 1:colcon.colcon_core.package_identification:_identify(.) by extension 'ros'
[0.739s] Level 1:colcon.colcon_core.package_identification:_identify(.) by extensions ['cmake', 'python']
[0.739s] Level 1:colcon.colcon_core.package_identification:_identify(.) by extension 'cmake'
[0.739s] Level 1:colcon.colcon_core.package_identification:_identify(.) by extension 'python'
[0.739s] Level 1:colcon.colcon_core.package_identification:_identify(.) by extensions ['python_setup_py']
[0.739s] Level 1:colcon.colcon_core.package_identification:_identify(.) by extension 'python_setup_py'
[0.743s] Level 1:colcon.colcon_core.package_identification:_identify(PX4_Control) by extensions ['ignore', 'ignore_ament_install']
[0.743s] Level 1:colcon.colcon_core.package_identification:_identify(PX4_Control) by extension 'ignore'
[0.743s] Level 1:colcon.colcon_core.package_identification:_identify(PX4_Control) by extension 'ignore_ament_install'
[0.743s] Level 1:colcon.colcon_core.package_identification:_identify(PX4_Control) by extensions ['colcon_pkg']
[0.743s] Level 1:colcon.colcon_core.package_identification:_identify(PX4_Control) by extension 'colcon_pkg'
[0.743s] Level 1:colcon.colcon_core.package_identification:_identify(PX4_Control) by extensions ['colcon_meta']
[0.743s] Level 1:colcon.colcon_core.package_identification:_identify(PX4_Control) by extension 'colcon_meta'
[0.743s] Level 1:colcon.colcon_core.package_identification:_identify(PX4_Control) by extensions ['ros']
[0.743s] Level 1:colcon.colcon_core.package_identification:_identify(PX4_Control) by extension 'ros'
[0.743s] Level 1:colcon.colcon_core.package_identification:_identify(PX4_Control) by extensions ['cmake', 'python']
[0.744s] Level 1:colcon.colcon_core.package_identification:_identify(PX4_Control) by extension 'cmake'
[0.744s] Level 1:colcon.colcon_core.package_identification:_identify(PX4_Control) by extension 'python'
[0.744s] Level 1:colcon.colcon_core.package_identification:_identify(PX4_Control) by extensions ['python_setup_py']
[0.744s] Level 1:colcon.colcon_core.package_identification:_identify(PX4_Control) by extension 'python_setup_py'
[0.744s] Level 1:colcon.colcon_core.package_identification:_identify(PX4_Control/templates) by extensions ['ignore', 'ignore_ament_install']
[0.744s] Level 1:colcon.colcon_core.package_identification:_identify(PX4_Control/templates) by extension 'ignore'
[0.744s] Level 1:colcon.colcon_core.package_identification:_identify(PX4_Control/templates) by extension 'ignore_ament_install'
[0.744s] Level 1:colcon.colcon_core.package_identification:_identify(PX4_Control/templates) by extensions ['colcon_pkg']
[0.745s] Level 1:colcon.colcon_core.package_identification:_identify(PX4_Control/templates) by extension 'colcon_pkg'
[0.745s] Level 1:colcon.colcon_core.package_identification:_identify(PX4_Control/templates) by extensions ['colcon_meta']
[0.745s] Level 1:colcon.colcon_core.package_identification:_identify(PX4_Control/templates) by extension 'colcon_meta'
[0.745s] Level 1:colcon.colcon_core.package_identification:_identify(PX4_Control/templates) by extensions ['ros']
[0.745s] Level 1:colcon.colcon_core.package_identification:_identify(PX4_Control/templates) by extension 'ros'
[0.745s] Level 1:colcon.colcon_core.package_identification:_identify(PX4_Control/templates) by extensions ['cmake', 'python']
[0.745s] Level 1:colcon.colcon_core.package_identification:_identify(PX4_Control/templates) by extension 'cmake'
[0.745s] Level 1:colcon.colcon_core.package_identification:_identify(PX4_Control/templates) by extension 'python'
[0.745s] Level 1:colcon.colcon_core.package_identification:_identify(PX4_Control/templates) by extensions ['python_setup_py']
[0.745s] Level 1:colcon.colcon_core.package_identification:_identify(PX4_Control/templates) by extension 'python_setup_py'
[0.745s] Level 1:colcon.colcon_core.package_identification:_identify(References) by extensions ['ignore', 'ignore_ament_install']
[0.746s] Level 1:colcon.colcon_core.package_identification:_identify(References) by extension 'ignore'
[0.746s] Level 1:colcon.colcon_core.package_identification:_identify(References) by extension 'ignore_ament_install'
[0.746s] Level 1:colcon.colcon_core.package_identification:_identify(References) by extensions ['colcon_pkg']
[0.746s] Level 1:colcon.colcon_core.package_identification:_identify(References) by extension 'colcon_pkg'
[0.746s] Level 1:colcon.colcon_core.package_identification:_identify(References) by extensions ['colcon_meta']
[0.746s] Level 1:colcon.colcon_core.package_identification:_identify(References) by extension 'colcon_meta'
[0.746s] Level 1:colcon.colcon_core.package_identification:_identify(References) by extensions ['ros']
[0.746s] Level 1:colcon.colcon_core.package_identification:_identify(References) by extension 'ros'
[0.746s] Level 1:colcon.colcon_core.package_identification:_identify(References) by extensions ['cmake', 'python']
[0.746s] Level 1:colcon.colcon_core.package_identification:_identify(References) by extension 'cmake'
[0.746s] Level 1:colcon.colcon_core.package_identification:_identify(References) by extension 'python'
[0.746s] Level 1:colcon.colcon_core.package_identification:_identify(References) by extensions ['python_setup_py']
[0.746s] Level 1:colcon.colcon_core.package_identification:_identify(References) by extension 'python_setup_py'
[0.747s] Level 1:colcon.colcon_core.package_identification:_identify(__pycache__) by extensions ['ignore', 'ignore_ament_install']
[0.747s] Level 1:colcon.colcon_core.package_identification:_identify(__pycache__) by extension 'ignore'
[0.747s] Level 1:colcon.colcon_core.package_identification:_identify(__pycache__) by extension 'ignore_ament_install'
[0.747s] Level 1:colcon.colcon_core.package_identification:_identify(__pycache__) by extensions ['colcon_pkg']
[0.747s] Level 1:colcon.colcon_core.package_identification:_identify(__pycache__) by extension 'colcon_pkg'
[0.747s] Level 1:colcon.colcon_core.package_identification:_identify(__pycache__) by extensions ['colcon_meta']
[0.747s] Level 1:colcon.colcon_core.package_identification:_identify(__pycache__) by extension 'colcon_meta'
[0.747s] Level 1:colcon.colcon_core.package_identification:_identify(__pycache__) by extensions ['ros']
[0.747s] Level 1:colcon.colcon_core.package_identification:_identify(__pycache__) by extension 'ros'
[0.747s] Level 1:colcon.colcon_core.package_identification:_identify(__pycache__) by extensions ['cmake', 'python']
[0.747s] Level 1:colcon.colcon_core.package_identification:_identify(__pycache__) by extension 'cmake'
[0.748s] Level 1:colcon.colcon_core.package_identification:_identify(__pycache__) by extension 'python'
[0.748s] Level 1:colcon.colcon_core.package_identification:_identify(__pycache__) by extensions ['python_setup_py']
[0.748s] Level 1:colcon.colcon_core.package_identification:_identify(__pycache__) by extension 'python_setup_py'
[0.748s] Level 1:colcon.colcon_core.package_identification:_identify(build) by extensions ['ignore', 'ignore_ament_install']
[0.748s] Level 1:colcon.colcon_core.package_identification:_identify(build) by extension 'ignore'
[0.748s] Level 1:colcon.colcon_core.package_identification:_identify(build) ignored
[0.748s] Level 1:colcon.colcon_core.package_identification:_identify(install) by extensions ['ignore', 'ignore_ament_install']
[0.748s] Level 1:colcon.colcon_core.package_identification:_identify(install) by extension 'ignore'
[0.748s] Level 1:colcon.colcon_core.package_identification:_identify(install) ignored
[0.749s] Level 1:colcon.colcon_core.package_identification:_identify(landing_diagnostics) by extensions ['ignore', 'ignore_ament_install']
[0.749s] Level 1:colcon.colcon_core.package_identification:_identify(landing_diagnostics) by extension 'ignore'
[0.749s] Level 1:colcon.colcon_core.package_identification:_identify(landing_diagnostics) by extension 'ignore_ament_install'
[0.749s] Level 1:colcon.colcon_core.package_identification:_identify(landing_diagnostics) by extensions ['colcon_pkg']
[0.749s] Level 1:colcon.colcon_core.package_identification:_identify(landing_diagnostics) by extension 'colcon_pkg'
[0.749s] Level 1:colcon.colcon_core.package_identification:_identify(landing_diagnostics) by extensions ['colcon_meta']
[0.749s] Level 1:colcon.colcon_core.package_identification:_identify(landing_diagnostics) by extension 'colcon_meta'
[0.749s] Level 1:colcon.colcon_core.package_identification:_identify(landing_diagnostics) by extensions ['ros']
[0.749s] Level 1:colcon.colcon_core.package_identification:_identify(landing_diagnostics) by extension 'ros'
[0.749s] Level 1:colcon.colcon_core.package_identification:_identify(landing_diagnostics) by extensions ['cmake', 'python']
[0.749s] Level 1:colcon.colcon_core.package_identification:_identify(landing_diagnostics) by extension 'cmake'
[0.750s] Level 1:colcon.colcon_core.package_identification:_identify(landing_diagnostics) by extension 'python'
[0.750s] Level 1:colcon.colcon_core.package_identification:_identify(landing_diagnostics) by extensions ['python_setup_py']
[0.750s] Level 1:colcon.colcon_core.package_identification:_identify(landing_diagnostics) by extension 'python_setup_py'
[0.750s] Level 1:colcon.colcon_core.package_identification:_identify(log) by extensions ['ignore', 'ignore_ament_install']
[0.750s] Level 1:colcon.colcon_core.package_identification:_identify(log) by extension 'ignore'
[0.750s] Level 1:colcon.colcon_core.package_identification:_identify(log) ignored
[0.750s] Level 1:colcon.colcon_core.package_identification:_identify(ros2_ws) by extensions ['ignore', 'ignore_ament_install']
[0.751s] Level 1:colcon.colcon_core.package_identification:_identify(ros2_ws) by extension 'ignore'
[0.751s] Level 1:colcon.colcon_core.package_identification:_identify(ros2_ws) by extension 'ignore_ament_install'
[0.751s] Level 1:colcon.colcon_core.package_identification:_identify(ros2_ws) by extensions ['colcon_pkg']
[0.751s] Level 1:colcon.colcon_core.package_identification:_identify(ros2_ws) by extension 'colcon_pkg'
[0.751s] Level 1:colcon.colcon_core.package_identification:_identify(ros2_ws) by extensions ['colcon_meta']
[0.751s] Level 1:colcon.colcon_core.package_identification:_identify(ros2_ws) by extension 'colcon_meta'
[0.751s] Level 1:colcon.colcon_core.package_identification:_identify(ros2_ws) by extensions ['ros']
[0.751s] Level 1:colcon.colcon_core.package_identification:_identify(ros2_ws) by extension 'ros'
[0.751s] Level 1:colcon.colcon_core.package_identification:_identify(ros2_ws) by extensions ['cmake', 'python']
[0.751s] Level 1:colcon.colcon_core.package_identification:_identify(ros2_ws) by extension 'cmake'
[0.751s] Level 1:colcon.colcon_core.package_identification:_identify(ros2_ws) by extension 'python'
[0.751s] Level 1:colcon.colcon_core.package_identification:_identify(ros2_ws) by extensions ['python_setup_py']
[0.751s] Level 1:colcon.colcon_core.package_identification:_identify(ros2_ws) by extension 'python_setup_py'
[0.752s] Level 1:colcon.colcon_core.package_identification:_identify(ros2_ws/build) by extensions ['ignore', 'ignore_ament_install']
[0.752s] Level 1:colcon.colcon_core.package_identification:_identify(ros2_ws/build) by extension 'ignore'
[0.752s] Level 1:colcon.colcon_core.package_identification:_identify(ros2_ws/build) ignored
[0.752s] Level 1:colcon.colcon_core.package_identification:_identify(ros2_ws/install) by extensions ['ignore', 'ignore_ament_install']
[0.753s] Level 1:colcon.colcon_core.package_identification:_identify(ros2_ws/install) by extension 'ignore'
[0.753s] Level 1:colcon.colcon_core.package_identification:_identify(ros2_ws/install) ignored
[0.753s] Level 1:colcon.colcon_core.package_identification:_identify(ros2_ws/log) by extensions ['ignore', 'ignore_ament_install']
[0.753s] Level 1:colcon.colcon_core.package_identification:_identify(ros2_ws/log) by extension 'ignore'
[0.753s] Level 1:colcon.colcon_core.package_identification:_identify(ros2_ws/log) ignored
[0.754s] Level 1:colcon.colcon_core.package_identification:_identify(ros2_ws/scripts) by extensions ['ignore', 'ignore_ament_install']
[0.754s] Level 1:colcon.colcon_core.package_identification:_identify(ros2_ws/scripts) by extension 'ignore'
[0.754s] Level 1:colcon.colcon_core.package_identification:_identify(ros2_ws/scripts) by extension 'ignore_ament_install'
[0.754s] Level 1:colcon.colcon_core.package_identification:_identify(ros2_ws/scripts) by extensions ['colcon_pkg']
[0.754s] Level 1:colcon.colcon_core.package_identification:_identify(ros2_ws/scripts) by extension 'colcon_pkg'
[0.754s] Level 1:colcon.colcon_core.package_identification:_identify(ros2_ws/scripts) by extensions ['colcon_meta']
[0.754s] Level 1:colcon.colcon_core.package_identification:_identify(ros2_ws/scripts) by extension 'colcon_meta'
[0.754s] Level 1:colcon.colcon_core.package_identification:_identify(ros2_ws/scripts) by extensions ['ros']
[0.754s] Level 1:colcon.colcon_core.package_identification:_identify(ros2_ws/scripts) by extension 'ros'
[0.754s] Level 1:colcon.colcon_core.package_identification:_identify(ros2_ws/scripts) by extensions ['cmake', 'python']
[0.754s] Level 1:colcon.colcon_core.package_identification:_identify(ros2_ws/scripts) by extension 'cmake'
[0.755s] Level 1:colcon.colcon_core.package_identification:_identify(ros2_ws/scripts) by extension 'python'
[0.755s] Level 1:colcon.colcon_core.package_identification:_identify(ros2_ws/scripts) by extensions ['python_setup_py']
[0.755s] Level 1:colcon.colcon_core.package_identification:_identify(ros2_ws/scripts) by extension 'python_setup_py'
[0.755s] Level 1:colcon.colcon_core.package_identification:_identify(ros2_ws/scripts/SITL) by extensions ['ignore', 'ignore_ament_install']
[0.755s] Level 1:colcon.colcon_core.package_identification:_identify(ros2_ws/scripts/SITL) by extension 'ignore'
[0.755s] Level 1:colcon.colcon_core.package_identification:_identify(ros2_ws/scripts/SITL) by extension 'ignore_ament_install'
[0.755s] Level 1:colcon.colcon_core.package_identification:_identify(ros2_ws/scripts/SITL) by extensions ['colcon_pkg']
[0.755s] Level 1:colcon.colcon_core.package_identification:_identify(ros2_ws/scripts/SITL) by extension 'colcon_pkg'
[0.755s] Level 1:colcon.colcon_core.package_identification:_identify(ros2_ws/scripts/SITL) by extensions ['colcon_meta']
[0.756s] Level 1:colcon.colcon_core.package_identification:_identify(ros2_ws/scripts/SITL) by extension 'colcon_meta'
[0.756s] Level 1:colcon.colcon_core.package_identification:_identify(ros2_ws/scripts/SITL) by extensions ['ros']
[0.756s] Level 1:colcon.colcon_core.package_identification:_identify(ros2_ws/scripts/SITL) by extension 'ros'
[0.756s] Level 1:colcon.colcon_core.package_identification:_identify(ros2_ws/scripts/SITL) by extensions ['cmake', 'python']
[0.756s] Level 1:colcon.colcon_core.package_identification:_identify(ros2_ws/scripts/SITL) by extension 'cmake'
[0.756s] Level 1:colcon.colcon_core.package_identification:_identify(ros2_ws/scripts/SITL) by extension 'python'
[0.756s] Level 1:colcon.colcon_core.package_identification:_identify(ros2_ws/scripts/SITL) by extensions ['python_setup_py']
[0.756s] Level 1:colcon.colcon_core.package_identification:_identify(ros2_ws/scripts/SITL) by extension 'python_setup_py'
[0.756s] Level 1:colcon.colcon_core.package_identification:_identify(ros2_ws/src) by extensions ['ignore', 'ignore_ament_install']
[0.756s] Level 1:colcon.colcon_core.package_identification:_identify(ros2_ws/src) by extension 'ignore'
[0.757s] Level 1:colcon.colcon_core.package_identification:_identify(ros2_ws/src) by extension 'ignore_ament_install'
[0.757s] Level 1:colcon.colcon_core.package_identification:_identify(ros2_ws/src) by extensions ['colcon_pkg']
[0.757s] Level 1:colcon.colcon_core.package_identification:_identify(ros2_ws/src) by extension 'colcon_pkg'
[0.757s] Level 1:colcon.colcon_core.package_identification:_identify(ros2_ws/src) by extensions ['colcon_meta']
[0.757s] Level 1:colcon.colcon_core.package_identification:_identify(ros2_ws/src) by extension 'colcon_meta'
[0.757s] Level 1:colcon.colcon_core.package_identification:_identify(ros2_ws/src) by extensions ['ros']
[0.757s] Level 1:colcon.colcon_core.package_identification:_identify(ros2_ws/src) by extension 'ros'
[0.757s] Level 1:colcon.colcon_core.package_identification:_identify(ros2_ws/src) by extensions ['cmake', 'python']
[0.757s] Level 1:colcon.colcon_core.package_identification:_identify(ros2_ws/src) by extension 'cmake'
[0.757s] Level 1:colcon.colcon_core.package_identification:_identify(ros2_ws/src) by extension 'python'
[0.757s] Level 1:colcon.colcon_core.package_identification:_identify(ros2_ws/src) by extensions ['python_setup_py']
[0.757s] Level 1:colcon.colcon_core.package_identification:_identify(ros2_ws/src) by extension 'python_setup_py'
[0.758s] Level 1:colcon.colcon_core.package_identification:_identify(ros2_ws/src/apf_planner) by extensions ['ignore', 'ignore_ament_install']
[0.758s] Level 1:colcon.colcon_core.package_identification:_identify(ros2_ws/src/apf_planner) by extension 'ignore'
[0.758s] Level 1:colcon.colcon_core.package_identification:_identify(ros2_ws/src/apf_planner) by extension 'ignore_ament_install'
[0.758s] Level 1:colcon.colcon_core.package_identification:_identify(ros2_ws/src/apf_planner) by extensions ['colcon_pkg']
[0.758s] Level 1:colcon.colcon_core.package_identification:_identify(ros2_ws/src/apf_planner) by extension 'colcon_pkg'
[0.758s] Level 1:colcon.colcon_core.package_identification:_identify(ros2_ws/src/apf_planner) by extensions ['colcon_meta']
[0.758s] Level 1:colcon.colcon_core.package_identification:_identify(ros2_ws/src/apf_planner) by extension 'colcon_meta'
[0.758s] Level 1:colcon.colcon_core.package_identification:_identify(ros2_ws/src/apf_planner) by extensions ['ros']
[0.758s] Level 1:colcon.colcon_core.package_identification:_identify(ros2_ws/src/apf_planner) by extension 'ros'
[0.767s] DEBUG:colcon.colcon_core.package_identification:Package 'ros2_ws/src/apf_planner' with type 'ros.ament_python' and name 'apf_planner'
[0.768s] Level 1:colcon.colcon_core.package_identification:_identify(ros2_ws/src/aruco_detector) by extensions ['ignore', 'ignore_ament_install']
[0.768s] Level 1:colcon.colcon_core.package_identification:_identify(ros2_ws/src/aruco_detector) by extension 'ignore'
[0.768s] Level 1:colcon.colcon_core.package_identification:_identify(ros2_ws/src/aruco_detector) by extension 'ignore_ament_install'
[0.768s] Level 1:colcon.colcon_core.package_identification:_identify(ros2_ws/src/aruco_detector) by extensions ['colcon_pkg']
[0.768s] Level 1:colcon.colcon_core.package_identification:_identify(ros2_ws/src/aruco_detector) by extension 'colcon_pkg'
[0.768s] Level 1:colcon.colcon_core.package_identification:_identify(ros2_ws/src/aruco_detector) by extensions ['colcon_meta']
[0.768s] Level 1:colcon.colcon_core.package_identification:_identify(ros2_ws/src/aruco_detector) by extension 'colcon_meta'
[0.768s] Level 1:colcon.colcon_core.package_identification:_identify(ros2_ws/src/aruco_detector) by extensions ['ros']
[0.768s] Level 1:colcon.colcon_core.package_identification:_identify(ros2_ws/src/aruco_detector) by extension 'ros'
[0.769s] DEBUG:colcon.colcon_core.package_identification:Package 'ros2_ws/src/aruco_detector' with type 'ros.ament_python' and name 'aruco_detector'
[0.770s] Level 1:colcon.colcon_core.package_identification:_identify(ros2_ws/src/ekf_adapter) by extensions ['ignore', 'ignore_ament_install']
[0.770s] Level 1:colcon.colcon_core.package_identification:_identify(ros2_ws/src/ekf_adapter) by extension 'ignore'
[0.770s] Level 1:colcon.colcon_core.package_identification:_identify(ros2_ws/src/ekf_adapter) by extension 'ignore_ament_install'
[0.770s] Level 1:colcon.colcon_core.package_identification:_identify(ros2_ws/src/ekf_adapter) by extensions ['colcon_pkg']
[0.770s] Level 1:colcon.colcon_core.package_identification:_identify(ros2_ws/src/ekf_adapter) by extension 'colcon_pkg'
[0.770s] Level 1:colcon.colcon_core.package_identification:_identify(ros2_ws/src/ekf_adapter) by extensions ['colcon_meta']
[0.770s] Level 1:colcon.colcon_core.package_identification:_identify(ros2_ws/src/ekf_adapter) by extension 'colcon_meta'
[0.770s] Level 1:colcon.colcon_core.package_identification:_identify(ros2_ws/src/ekf_adapter) by extensions ['ros']
[0.771s] Level 1:colcon.colcon_core.package_identification:_identify(ros2_ws/src/ekf_adapter) by extension 'ros'
[0.772s] DEBUG:colcon.colcon_core.package_identification:Package 'ros2_ws/src/ekf_adapter' with type 'ros.ament_python' and name 'ekf_adapter'
[0.773s] Level 1:colcon.colcon_core.package_identification:_identify(ros2_ws/src/fsm_state_machine) by extensions ['ignore', 'ignore_ament_install']
[0.773s] Level 1:colcon.colcon_core.package_identification:_identify(ros2_ws/src/fsm_state_machine) by extension 'ignore'
[0.773s] Level 1:colcon.colcon_core.package_identification:_identify(ros2_ws/src/fsm_state_machine) by extension 'ignore_ament_install'
[0.773s] Level 1:colcon.colcon_core.package_identification:_identify(ros2_ws/src/fsm_state_machine) by extensions ['colcon_pkg']
[0.773s] Level 1:colcon.colcon_core.package_identification:_identify(ros2_ws/src/fsm_state_machine) by extension 'colcon_pkg'
[0.773s] Level 1:colcon.colcon_core.package_identification:_identify(ros2_ws/src/fsm_state_machine) by extensions ['colcon_meta']
[0.773s] Level 1:colcon.colcon_core.package_identification:_identify(ros2_ws/src/fsm_state_machine) by extension 'colcon_meta'
[0.773s] Level 1:colcon.colcon_core.package_identification:_identify(ros2_ws/src/fsm_state_machine) by extensions ['ros']
[0.773s] Level 1:colcon.colcon_core.package_identification:_identify(ros2_ws/src/fsm_state_machine) by extension 'ros'
[0.774s] DEBUG:colcon.colcon_core.package_identification:Package 'ros2_ws/src/fsm_state_machine' with type 'ros.ament_cmake' and name 'fsm_state_machine'
[0.775s] Level 1:colcon.colcon_core.package_identification:_identify(ros2_ws/src/gimbal_control) by extensions ['ignore', 'ignore_ament_install']
[0.775s] Level 1:colcon.colcon_core.package_identification:_identify(ros2_ws/src/gimbal_control) by extension 'ignore'
[0.775s] Level 1:colcon.colcon_core.package_identification:_identify(ros2_ws/src/gimbal_control) by extension 'ignore_ament_install'
[0.775s] Level 1:colcon.colcon_core.package_identification:_identify(ros2_ws/src/gimbal_control) by extensions ['colcon_pkg']
[0.775s] Level 1:colcon.colcon_core.package_identification:_identify(ros2_ws/src/gimbal_control) by extension 'colcon_pkg'
[0.775s] Level 1:colcon.colcon_core.package_identification:_identify(ros2_ws/src/gimbal_control) by extensions ['colcon_meta']
[0.775s] Level 1:colcon.colcon_core.package_identification:_identify(ros2_ws/src/gimbal_control) by extension 'colcon_meta'
[0.775s] Level 1:colcon.colcon_core.package_identification:_identify(ros2_ws/src/gimbal_control) by extensions ['ros']
[0.775s] Level 1:colcon.colcon_core.package_identification:_identify(ros2_ws/src/gimbal_control) by extension 'ros'
[0.777s] DEBUG:colcon.colcon_core.package_identification:Package 'ros2_ws/src/gimbal_control' with type 'ros.ament_cmake' and name 'gimbal_control'
[0.777s] Level 1:colcon.colcon_core.package_identification:_identify(ros2_ws/src/ibvs) by extensions ['ignore', 'ignore_ament_install']
[0.777s] Level 1:colcon.colcon_core.package_identification:_identify(ros2_ws/src/ibvs) by extension 'ignore'
[0.777s] Level 1:colcon.colcon_core.package_identification:_identify(ros2_ws/src/ibvs) by extension 'ignore_ament_install'
[0.778s] Level 1:colcon.colcon_core.package_identification:_identify(ros2_ws/src/ibvs) by extensions ['colcon_pkg']
[0.778s] Level 1:colcon.colcon_core.package_identification:_identify(ros2_ws/src/ibvs) by extension 'colcon_pkg'
[0.778s] Level 1:colcon.colcon_core.package_identification:_identify(ros2_ws/src/ibvs) by extensions ['colcon_meta']
[0.778s] Level 1:colcon.colcon_core.package_identification:_identify(ros2_ws/src/ibvs) by extension 'colcon_meta'
[0.778s] Level 1:colcon.colcon_core.package_identification:_identify(ros2_ws/src/ibvs) by extensions ['ros']
[0.778s] Level 1:colcon.colcon_core.package_identification:_identify(ros2_ws/src/ibvs) by extension 'ros'
[0.779s] DEBUG:colcon.colcon_core.package_identification:Package 'ros2_ws/src/ibvs' with type 'ros.ament_python' and name 'ibvs'
[0.780s] Level 1:colcon.colcon_core.package_identification:_identify(ros2_ws/src/input_state_cache) by extensions ['ignore', 'ignore_ament_install']
[0.780s] Level 1:colcon.colcon_core.package_identification:_identify(ros2_ws/src/input_state_cache) by extension 'ignore'
[0.780s] Level 1:colcon.colcon_core.package_identification:_identify(ros2_ws/src/input_state_cache) by extension 'ignore_ament_install'
[0.780s] Level 1:colcon.colcon_core.package_identification:_identify(ros2_ws/src/input_state_cache) by extensions ['colcon_pkg']
[0.780s] Level 1:colcon.colcon_core.package_identification:_identify(ros2_ws/src/input_state_cache) by extension 'colcon_pkg'
[0.780s] Level 1:colcon.colcon_core.package_identification:_identify(ros2_ws/src/input_state_cache) by extensions ['colcon_meta']
[0.780s] Level 1:colcon.colcon_core.package_identification:_identify(ros2_ws/src/input_state_cache) by extension 'colcon_meta'
[0.780s] Level 1:colcon.colcon_core.package_identification:_identify(ros2_ws/src/input_state_cache) by extensions ['ros']
[0.780s] Level 1:colcon.colcon_core.package_identification:_identify(ros2_ws/src/input_state_cache) by extension 'ros'
[0.782s] DEBUG:colcon.colcon_core.package_identification:Package 'ros2_ws/src/input_state_cache' with type 'ros.ament_cmake' and name 'input_state_cache'
[0.782s] Level 1:colcon.colcon_core.package_identification:_identify(ros2_ws/src/kill_switch) by extensions ['ignore', 'ignore_ament_install']
[0.782s] Level 1:colcon.colcon_core.package_identification:_identify(ros2_ws/src/kill_switch) by extension 'ignore'
[0.782s] Level 1:colcon.colcon_core.package_identification:_identify(ros2_ws/src/kill_switch) by extension 'ignore_ament_install'
[0.782s] Level 1:colcon.colcon_core.package_identification:_identify(ros2_ws/src/kill_switch) by extensions ['colcon_pkg']
[0.782s] Level 1:colcon.colcon_core.package_identification:_identify(ros2_ws/src/kill_switch) by extension 'colcon_pkg'
[0.783s] Level 1:colcon.colcon_core.package_identification:_identify(ros2_ws/src/kill_switch) by extensions ['colcon_meta']
[0.783s] Level 1:colcon.colcon_core.package_identification:_identify(ros2_ws/src/kill_switch) by extension 'colcon_meta'
[0.783s] Level 1:colcon.colcon_core.package_identification:_identify(ros2_ws/src/kill_switch) by extensions ['ros']
[0.783s] Level 1:colcon.colcon_core.package_identification:_identify(ros2_ws/src/kill_switch) by extension 'ros'
[0.784s] DEBUG:colcon.colcon_core.package_identification:Package 'ros2_ws/src/kill_switch' with type 'ros.ament_cmake' and name 'kill_switch'
[0.785s] Level 1:colcon.colcon_core.package_identification:_identify(ros2_ws/src/offboard_manager) by extensions ['ignore', 'ignore_ament_install']
[0.785s] Level 1:colcon.colcon_core.package_identification:_identify(ros2_ws/src/offboard_manager) by extension 'ignore'
[0.785s] Level 1:colcon.colcon_core.package_identification:_identify(ros2_ws/src/offboard_manager) by extension 'ignore_ament_install'
[0.785s] Level 1:colcon.colcon_core.package_identification:_identify(ros2_ws/src/offboard_manager) by extensions ['colcon_pkg']
[0.785s] Level 1:colcon.colcon_core.package_identification:_identify(ros2_ws/src/offboard_manager) by extension 'colcon_pkg'
[0.785s] Level 1:colcon.colcon_core.package_identification:_identify(ros2_ws/src/offboard_manager) by extensions ['colcon_meta']
[0.785s] Level 1:colcon.colcon_core.package_identification:_identify(ros2_ws/src/offboard_manager) by extension 'colcon_meta'
[0.785s] Level 1:colcon.colcon_core.package_identification:_identify(ros2_ws/src/offboard_manager) by extensions ['ros']
[0.785s] Level 1:colcon.colcon_core.package_identification:_identify(ros2_ws/src/offboard_manager) by extension 'ros'
[0.786s] DEBUG:colcon.colcon_core.package_identification:Package 'ros2_ws/src/offboard_manager' with type 'ros.ament_cmake' and name 'offboard_manager'
[0.787s] Level 1:colcon.colcon_core.package_identification:_identify(ros2_ws/src/offboard_safety_monitor) by extensions ['ignore', 'ignore_ament_install']
[0.787s] Level 1:colcon.colcon_core.package_identification:_identify(ros2_ws/src/offboard_safety_monitor) by extension 'ignore'
[0.787s] Level 1:colcon.colcon_core.package_identification:_identify(ros2_ws/src/offboard_safety_monitor) by extension 'ignore_ament_install'
[0.787s] Level 1:colcon.colcon_core.package_identification:_identify(ros2_ws/src/offboard_safety_monitor) by extensions ['colcon_pkg']
[0.787s] Level 1:colcon.colcon_core.package_identification:_identify(ros2_ws/src/offboard_safety_monitor) by extension 'colcon_pkg'
[0.787s] Level 1:colcon.colcon_core.package_identification:_identify(ros2_ws/src/offboard_safety_monitor) by extensions ['colcon_meta']
[0.787s] Level 1:colcon.colcon_core.package_identification:_identify(ros2_ws/src/offboard_safety_monitor) by extension 'colcon_meta'
[0.788s] Level 1:colcon.colcon_core.package_identification:_identify(ros2_ws/src/offboard_safety_monitor) by extensions ['ros']
[0.788s] Level 1:colcon.colcon_core.package_identification:_identify(ros2_ws/src/offboard_safety_monitor) by extension 'ros'
[0.789s] DEBUG:colcon.colcon_core.package_identification:Package 'ros2_ws/src/offboard_safety_monitor' with type 'ros.ament_cmake' and name 'offboard_safety_monitor'
[0.790s] Level 1:colcon.colcon_core.package_identification:_identify(ros2_ws/src/px4_state_bridge) by extensions ['ignore', 'ignore_ament_install']
[0.790s] Level 1:colcon.colcon_core.package_identification:_identify(ros2_ws/src/px4_state_bridge) by extension 'ignore'
[0.790s] Level 1:colcon.colcon_core.package_identification:_identify(ros2_ws/src/px4_state_bridge) by extension 'ignore_ament_install'
[0.790s] Level 1:colcon.colcon_core.package_identification:_identify(ros2_ws/src/px4_state_bridge) by extensions ['colcon_pkg']
[0.790s] Level 1:colcon.colcon_core.package_identification:_identify(ros2_ws/src/px4_state_bridge) by extension 'colcon_pkg'
[0.790s] Level 1:colcon.colcon_core.package_identification:_identify(ros2_ws/src/px4_state_bridge) by extensions ['colcon_meta']
[0.790s] Level 1:colcon.colcon_core.package_identification:_identify(ros2_ws/src/px4_state_bridge) by extension 'colcon_meta'
[0.790s] Level 1:colcon.colcon_core.package_identification:_identify(ros2_ws/src/px4_state_bridge) by extensions ['ros']
[0.790s] Level 1:colcon.colcon_core.package_identification:_identify(ros2_ws/src/px4_state_bridge) by extension 'ros'
[0.792s] DEBUG:colcon.colcon_core.package_identification:Package 'ros2_ws/src/px4_state_bridge' with type 'ros.ament_cmake' and name 'px4_state_bridge'
[0.792s] Level 1:colcon.colcon_core.package_identification:_identify(ros2_ws/src/rc_parser) by extensions ['ignore', 'ignore_ament_install']
[0.792s] Level 1:colcon.colcon_core.package_identification:_identify(ros2_ws/src/rc_parser) by extension 'ignore'
[0.792s] Level 1:colcon.colcon_core.package_identification:_identify(ros2_ws/src/rc_parser) by extension 'ignore_ament_install'
[0.793s] Level 1:colcon.colcon_core.package_identification:_identify(ros2_ws/src/rc_parser) by extensions ['colcon_pkg']
[0.793s] Level 1:colcon.colcon_core.package_identification:_identify(ros2_ws/src/rc_parser) by extension 'colcon_pkg'
[0.793s] Level 1:colcon.colcon_core.package_identification:_identify(ros2_ws/src/rc_parser) by extensions ['colcon_meta']
[0.793s] Level 1:colcon.colcon_core.package_identification:_identify(ros2_ws/src/rc_parser) by extension 'colcon_meta'
[0.793s] Level 1:colcon.colcon_core.package_identification:_identify(ros2_ws/src/rc_parser) by extensions ['ros']
[0.793s] Level 1:colcon.colcon_core.package_identification:_identify(ros2_ws/src/rc_parser) by extension 'ros'
[0.794s] DEBUG:colcon.colcon_core.package_identification:Package 'ros2_ws/src/rc_parser' with type 'ros.ament_cmake' and name 'rc_parser'
[0.795s] Level 1:colcon.colcon_core.package_identification:_identify(ros2_ws/src/servo_control) by extensions ['ignore', 'ignore_ament_install']
[0.795s] Level 1:colcon.colcon_core.package_identification:_identify(ros2_ws/src/servo_control) by extension 'ignore'
[0.795s] Level 1:colcon.colcon_core.package_identification:_identify(ros2_ws/src/servo_control) by extension 'ignore_ament_install'
[0.795s] Level 1:colcon.colcon_core.package_identification:_identify(ros2_ws/src/servo_control) by extensions ['colcon_pkg']
[0.795s] Level 1:colcon.colcon_core.package_identification:_identify(ros2_ws/src/servo_control) by extension 'colcon_pkg'
[0.795s] Level 1:colcon.colcon_core.package_identification:_identify(ros2_ws/src/servo_control) by extensions ['colcon_meta']
[0.795s] Level 1:colcon.colcon_core.package_identification:_identify(ros2_ws/src/servo_control) by extension 'colcon_meta'
[0.795s] Level 1:colcon.colcon_core.package_identification:_identify(ros2_ws/src/servo_control) by extensions ['ros']
[0.795s] Level 1:colcon.colcon_core.package_identification:_identify(ros2_ws/src/servo_control) by extension 'ros'
[0.796s] DEBUG:colcon.colcon_core.package_identification:Package 'ros2_ws/src/servo_control' with type 'ros.ament_python' and name 'servo_control'
[0.797s] Level 1:colcon.colcon_core.package_identification:_identify(ros2_ws/src/takeoff) by extensions ['ignore', 'ignore_ament_install']
[0.797s] Level 1:colcon.colcon_core.package_identification:_identify(ros2_ws/src/takeoff) by extension 'ignore'
[0.797s] Level 1:colcon.colcon_core.package_identification:_identify(ros2_ws/src/takeoff) by extension 'ignore_ament_install'
[0.797s] Level 1:colcon.colcon_core.package_identification:_identify(ros2_ws/src/takeoff) by extensions ['colcon_pkg']
[0.797s] Level 1:colcon.colcon_core.package_identification:_identify(ros2_ws/src/takeoff) by extension 'colcon_pkg'
[0.797s] Level 1:colcon.colcon_core.package_identification:_identify(ros2_ws/src/takeoff) by extensions ['colcon_meta']
[0.797s] Level 1:colcon.colcon_core.package_identification:_identify(ros2_ws/src/takeoff) by extension 'colcon_meta'
[0.797s] Level 1:colcon.colcon_core.package_identification:_identify(ros2_ws/src/takeoff) by extensions ['ros']
[0.797s] Level 1:colcon.colcon_core.package_identification:_identify(ros2_ws/src/takeoff) by extension 'ros'
[0.798s] DEBUG:colcon.colcon_core.package_identification:Package 'ros2_ws/src/takeoff' with type 'ros.ament_python' and name 'vdt_takeoff'
[0.799s] Level 1:colcon.colcon_core.package_identification:_identify(ros2_ws/src/vdt_bringup) by extensions ['ignore', 'ignore_ament_install']
[0.799s] Level 1:colcon.colcon_core.package_identification:_identify(ros2_ws/src/vdt_bringup) by extension 'ignore'
[0.799s] Level 1:colcon.colcon_core.package_identification:_identify(ros2_ws/src/vdt_bringup) by extension 'ignore_ament_install'
[0.799s] Level 1:colcon.colcon_core.package_identification:_identify(ros2_ws/src/vdt_bringup) by extensions ['colcon_pkg']
[0.799s] Level 1:colcon.colcon_core.package_identification:_identify(ros2_ws/src/vdt_bringup) by extension 'colcon_pkg'
[0.799s] Level 1:colcon.colcon_core.package_identification:_identify(ros2_ws/src/vdt_bringup) by extensions ['colcon_meta']
[0.799s] Level 1:colcon.colcon_core.package_identification:_identify(ros2_ws/src/vdt_bringup) by extension 'colcon_meta'
[0.799s] Level 1:colcon.colcon_core.package_identification:_identify(ros2_ws/src/vdt_bringup) by extensions ['ros']
[0.799s] Level 1:colcon.colcon_core.package_identification:_identify(ros2_ws/src/vdt_bringup) by extension 'ros'
[0.800s] DEBUG:colcon.colcon_core.package_identification:Package 'ros2_ws/src/vdt_bringup' with type 'ros.ament_cmake' and name 'vdt_bringup'
[0.801s] Level 1:colcon.colcon_core.package_identification:_identify(ros2_ws/src/vdt_msgs) by extensions ['ignore', 'ignore_ament_install']
[0.801s] Level 1:colcon.colcon_core.package_identification:_identify(ros2_ws/src/vdt_msgs) by extension 'ignore'
[0.801s] Level 1:colcon.colcon_core.package_identification:_identify(ros2_ws/src/vdt_msgs) by extension 'ignore_ament_install'
[0.801s] Level 1:colcon.colcon_core.package_identification:_identify(ros2_ws/src/vdt_msgs) by extensions ['colcon_pkg']
[0.801s] Level 1:colcon.colcon_core.package_identification:_identify(ros2_ws/src/vdt_msgs) by extension 'colcon_pkg'
[0.801s] Level 1:colcon.colcon_core.package_identification:_identify(ros2_ws/src/vdt_msgs) by extensions ['colcon_meta']
[0.801s] Level 1:colcon.colcon_core.package_identification:_identify(ros2_ws/src/vdt_msgs) by extension 'colcon_meta'
[0.801s] Level 1:colcon.colcon_core.package_identification:_identify(ros2_ws/src/vdt_msgs) by extensions ['ros']
[0.801s] Level 1:colcon.colcon_core.package_identification:_identify(ros2_ws/src/vdt_msgs) by extension 'ros'
[0.803s] DEBUG:colcon.colcon_core.package_identification:Package 'ros2_ws/src/vdt_msgs' with type 'ros.ament_cmake' and name 'vdt_msgs'
[0.803s] Level 1:colcon.colcon_core.package_identification:_identify(ros2_ws/src/vision_interface_bridge) by extensions ['ignore', 'ignore_ament_install']
[0.803s] Level 1:colcon.colcon_core.package_identification:_identify(ros2_ws/src/vision_interface_bridge) by extension 'ignore'
[0.803s] Level 1:colcon.colcon_core.package_identification:_identify(ros2_ws/src/vision_interface_bridge) by extension 'ignore_ament_install'
[0.803s] Level 1:colcon.colcon_core.package_identification:_identify(ros2_ws/src/vision_interface_bridge) by extensions ['colcon_pkg']
[0.803s] Level 1:colcon.colcon_core.package_identification:_identify(ros2_ws/src/vision_interface_bridge) by extension 'colcon_pkg'
[0.803s] Level 1:colcon.colcon_core.package_identification:_identify(ros2_ws/src/vision_interface_bridge) by extensions ['colcon_meta']
[0.804s] Level 1:colcon.colcon_core.package_identification:_identify(ros2_ws/src/vision_interface_bridge) by extension 'colcon_meta'
[0.804s] Level 1:colcon.colcon_core.package_identification:_identify(ros2_ws/src/vision_interface_bridge) by extensions ['ros']
[0.804s] Level 1:colcon.colcon_core.package_identification:_identify(ros2_ws/src/vision_interface_bridge) by extension 'ros'
[0.805s] DEBUG:colcon.colcon_core.package_identification:Package 'ros2_ws/src/vision_interface_bridge' with type 'ros.ament_cmake' and name 'vision_interface_bridge'
[0.805s] Level 1:colcon.colcon_core.package_identification:_identify(ros2_ws/src/xrce_bridge_manager) by extensions ['ignore', 'ignore_ament_install']
[0.806s] Level 1:colcon.colcon_core.package_identification:_identify(ros2_ws/src/xrce_bridge_manager) by extension 'ignore'
[0.806s] Level 1:colcon.colcon_core.package_identification:_identify(ros2_ws/src/xrce_bridge_manager) by extension 'ignore_ament_install'
[0.806s] Level 1:colcon.colcon_core.package_identification:_identify(ros2_ws/src/xrce_bridge_manager) by extensions ['colcon_pkg']
[0.806s] Level 1:colcon.colcon_core.package_identification:_identify(ros2_ws/src/xrce_bridge_manager) by extension 'colcon_pkg'
[0.806s] Level 1:colcon.colcon_core.package_identification:_identify(ros2_ws/src/xrce_bridge_manager) by extensions ['colcon_meta']
[0.806s] Level 1:colcon.colcon_core.package_identification:_identify(ros2_ws/src/xrce_bridge_manager) by extension 'colcon_meta'
[0.806s] Level 1:colcon.colcon_core.package_identification:_identify(ros2_ws/src/xrce_bridge_manager) by extensions ['ros']
[0.806s] Level 1:colcon.colcon_core.package_identification:_identify(ros2_ws/src/xrce_bridge_manager) by extension 'ros'
[0.807s] DEBUG:colcon.colcon_core.package_identification:Package 'ros2_ws/src/xrce_bridge_manager' with type 'ros.ament_python' and name 'xrce_bridge_manager'
[0.807s] Level 1:colcon.colcon_core.package_discovery:discover_packages(recursive) using defaults
[0.807s] Level 1:colcon.colcon_core.package_discovery:discover_packages(ignore) discover
[0.807s] Level 1:colcon.colcon_core.package_discovery:discover_packages(ignore) using defaults
[0.807s] Level 1:colcon.colcon_core.package_discovery:discover_packages(path) discover
[0.808s] Level 1:colcon.colcon_core.package_discovery:discover_packages(path) using defaults
[0.868s] Level 1:colcon.colcon_core.package_discovery:discover_packages(prefix_path) check parameters
[0.868s] Level 1:colcon.colcon_core.package_discovery:discover_packages(prefix_path) discover
[0.876s] DEBUG:colcon.colcon_installed_package_information.package_discovery:Found 1 installed packages in /home/vdt_2026/ros2_ws/install
[0.877s] DEBUG:colcon.colcon_installed_package_information.package_discovery:Found 201 installed packages in /opt/ros/jazzy
[0.878s] Level 1:colcon.colcon_core.package_discovery:discover_packages(prefix_path) using defaults
[0.931s] Level 5:colcon.colcon_core.verb:set package 'aruco_detector' build argument 'cmake_args' from command line to '['-DCMAKE_VERBOSE_MAKEFILE=ON']'
[0.931s] Level 5:colcon.colcon_core.verb:set package 'aruco_detector' build argument 'cmake_target' from command line to 'None'
[0.931s] Level 5:colcon.colcon_core.verb:set package 'aruco_detector' build argument 'cmake_target_skip_unavailable' from command line to 'False'
[0.931s] Level 5:colcon.colcon_core.verb:set package 'aruco_detector' build argument 'cmake_clean_cache' from command line to 'False'
[0.931s] Level 5:colcon.colcon_core.verb:set package 'aruco_detector' build argument 'cmake_clean_first' from command line to 'False'
[0.931s] Level 5:colcon.colcon_core.verb:set package 'aruco_detector' build argument 'cmake_force_configure' from command line to 'False'
[0.931s] Level 5:colcon.colcon_core.verb:set package 'aruco_detector' build argument 'ament_cmake_args' from command line to 'None'
[0.932s] Level 5:colcon.colcon_core.verb:set package 'aruco_detector' build argument 'catkin_cmake_args' from command line to 'None'
[0.932s] Level 5:colcon.colcon_core.verb:set package 'aruco_detector' build argument 'catkin_skip_building_tests' from command line to 'False'
[0.932s] DEBUG:colcon.colcon_core.verb:Building package 'aruco_detector' with the following arguments: {'ament_cmake_args': None, 'build_base': '/home/vdt_2026/VDT_project/build/aruco_detector', 'catkin_cmake_args': None, 'catkin_skip_building_tests': False, 'cmake_args': ['-DCMAKE_VERBOSE_MAKEFILE=ON'], 'cmake_clean_cache': False, 'cmake_clean_first': False, 'cmake_force_configure': False, 'cmake_target': None, 'cmake_target_skip_unavailable': False, 'install_base': '/home/vdt_2026/VDT_project/install/aruco_detector', 'merge_install': False, 'path': '/home/vdt_2026/VDT_project/ros2_ws/src/aruco_detector', 'symlink_install': False, 'test_result_base': None}
[0.932s] Level 5:colcon.colcon_core.verb:set package 'ekf_adapter' build argument 'cmake_args' from command line to '['-DCMAKE_VERBOSE_MAKEFILE=ON']'
[0.932s] Level 5:colcon.colcon_core.verb:set package 'ekf_adapter' build argument 'cmake_target' from command line to 'None'
[0.932s] Level 5:colcon.colcon_core.verb:set package 'ekf_adapter' build argument 'cmake_target_skip_unavailable' from command line to 'False'
[0.932s] Level 5:colcon.colcon_core.verb:set package 'ekf_adapter' build argument 'cmake_clean_cache' from command line to 'False'
[0.932s] Level 5:colcon.colcon_core.verb:set package 'ekf_adapter' build argument 'cmake_clean_first' from command line to 'False'
[0.932s] Level 5:colcon.colcon_core.verb:set package 'ekf_adapter' build argument 'cmake_force_configure' from command line to 'False'
[0.932s] Level 5:colcon.colcon_core.verb:set package 'ekf_adapter' build argument 'ament_cmake_args' from command line to 'None'
[0.932s] Level 5:colcon.colcon_core.verb:set package 'ekf_adapter' build argument 'catkin_cmake_args' from command line to 'None'
[0.932s] Level 5:colcon.colcon_core.verb:set package 'ekf_adapter' build argument 'catkin_skip_building_tests' from command line to 'False'
[0.932s] DEBUG:colcon.colcon_core.verb:Building package 'ekf_adapter' with the following arguments: {'ament_cmake_args': None, 'build_base': '/home/vdt_2026/VDT_project/build/ekf_adapter', 'catkin_cmake_args': None, 'catkin_skip_building_tests': False, 'cmake_args': ['-DCMAKE_VERBOSE_MAKEFILE=ON'], 'cmake_clean_cache': False, 'cmake_clean_first': False, 'cmake_force_configure': False, 'cmake_target': None, 'cmake_target_skip_unavailable': False, 'install_base': '/home/vdt_2026/VDT_project/install/ekf_adapter', 'merge_install': False, 'path': '/home/vdt_2026/VDT_project/ros2_ws/src/ekf_adapter', 'symlink_install': False, 'test_result_base': None}
[0.933s] Level 5:colcon.colcon_core.verb:set package 'ibvs' build argument 'cmake_args' from command line to '['-DCMAKE_VERBOSE_MAKEFILE=ON']'
[0.933s] Level 5:colcon.colcon_core.verb:set package 'ibvs' build argument 'cmake_target' from command line to 'None'
[0.933s] Level 5:colcon.colcon_core.verb:set package 'ibvs' build argument 'cmake_target_skip_unavailable' from command line to 'False'
[0.933s] Level 5:colcon.colcon_core.verb:set package 'ibvs' build argument 'cmake_clean_cache' from command line to 'False'
[0.933s] Level 5:colcon.colcon_core.verb:set package 'ibvs' build argument 'cmake_clean_first' from command line to 'False'
[0.933s] Level 5:colcon.colcon_core.verb:set package 'ibvs' build argument 'cmake_force_configure' from command line to 'False'
[0.933s] Level 5:colcon.colcon_core.verb:set package 'ibvs' build argument 'ament_cmake_args' from command line to 'None'
[0.933s] Level 5:colcon.colcon_core.verb:set package 'ibvs' build argument 'catkin_cmake_args' from command line to 'None'
[0.933s] Level 5:colcon.colcon_core.verb:set package 'ibvs' build argument 'catkin_skip_building_tests' from command line to 'False'
[0.933s] DEBUG:colcon.colcon_core.verb:Building package 'ibvs' with the following arguments: {'ament_cmake_args': None, 'build_base': '/home/vdt_2026/VDT_project/build/ibvs', 'catkin_cmake_args': None, 'catkin_skip_building_tests': False, 'cmake_args': ['-DCMAKE_VERBOSE_MAKEFILE=ON'], 'cmake_clean_cache': False, 'cmake_clean_first': False, 'cmake_force_configure': False, 'cmake_target': None, 'cmake_target_skip_unavailable': False, 'install_base': '/home/vdt_2026/VDT_project/install/ibvs', 'merge_install': False, 'path': '/home/vdt_2026/VDT_project/ros2_ws/src/ibvs', 'symlink_install': False, 'test_result_base': None}
[0.933s] Level 5:colcon.colcon_core.verb:set package 'servo_control' build argument 'cmake_args' from command line to '['-DCMAKE_VERBOSE_MAKEFILE=ON']'
[0.933s] Level 5:colcon.colcon_core.verb:set package 'servo_control' build argument 'cmake_target' from command line to 'None'
[0.933s] Level 5:colcon.colcon_core.verb:set package 'servo_control' build argument 'cmake_target_skip_unavailable' from command line to 'False'
[0.933s] Level 5:colcon.colcon_core.verb:set package 'servo_control' build argument 'cmake_clean_cache' from command line to 'False'
[0.933s] Level 5:colcon.colcon_core.verb:set package 'servo_control' build argument 'cmake_clean_first' from command line to 'False'
[0.933s] Level 5:colcon.colcon_core.verb:set package 'servo_control' build argument 'cmake_force_configure' from command line to 'False'
[0.933s] Level 5:colcon.colcon_core.verb:set package 'servo_control' build argument 'ament_cmake_args' from command line to 'None'
[0.933s] Level 5:colcon.colcon_core.verb:set package 'servo_control' build argument 'catkin_cmake_args' from command line to 'None'
[0.933s] Level 5:colcon.colcon_core.verb:set package 'servo_control' build argument 'catkin_skip_building_tests' from command line to 'False'
[0.933s] DEBUG:colcon.colcon_core.verb:Building package 'servo_control' with the following arguments: {'ament_cmake_args': None, 'build_base': '/home/vdt_2026/VDT_project/build/servo_control', 'catkin_cmake_args': None, 'catkin_skip_building_tests': False, 'cmake_args': ['-DCMAKE_VERBOSE_MAKEFILE=ON'], 'cmake_clean_cache': False, 'cmake_clean_first': False, 'cmake_force_configure': False, 'cmake_target': None, 'cmake_target_skip_unavailable': False, 'install_base': '/home/vdt_2026/VDT_project/install/servo_control', 'merge_install': False, 'path': '/home/vdt_2026/VDT_project/ros2_ws/src/servo_control', 'symlink_install': False, 'test_result_base': None}
[0.934s] Level 5:colcon.colcon_core.verb:set package 'vdt_msgs' build argument 'cmake_args' from command line to '['-DCMAKE_VERBOSE_MAKEFILE=ON']'
[0.934s] Level 5:colcon.colcon_core.verb:set package 'vdt_msgs' build argument 'cmake_target' from command line to 'None'
[0.934s] Level 5:colcon.colcon_core.verb:set package 'vdt_msgs' build argument 'cmake_target_skip_unavailable' from command line to 'False'
[0.934s] Level 5:colcon.colcon_core.verb:set package 'vdt_msgs' build argument 'cmake_clean_cache' from command line to 'False'
[0.934s] Level 5:colcon.colcon_core.verb:set package 'vdt_msgs' build argument 'cmake_clean_first' from command line to 'False'
[0.934s] Level 5:colcon.colcon_core.verb:set package 'vdt_msgs' build argument 'cmake_force_configure' from command line to 'False'
[0.934s] Level 5:colcon.colcon_core.verb:set package 'vdt_msgs' build argument 'ament_cmake_args' from command line to 'None'
[0.934s] Level 5:colcon.colcon_core.verb:set package 'vdt_msgs' build argument 'catkin_cmake_args' from command line to 'None'
[0.934s] Level 5:colcon.colcon_core.verb:set package 'vdt_msgs' build argument 'catkin_skip_building_tests' from command line to 'False'
[0.934s] DEBUG:colcon.colcon_core.verb:Building package 'vdt_msgs' with the following arguments: {'ament_cmake_args': None, 'build_base': '/home/vdt_2026/VDT_project/build/vdt_msgs', 'catkin_cmake_args': None, 'catkin_skip_building_tests': False, 'cmake_args': ['-DCMAKE_VERBOSE_MAKEFILE=ON'], 'cmake_clean_cache': False, 'cmake_clean_first': False, 'cmake_force_configure': False, 'cmake_target': None, 'cmake_target_skip_unavailable': False, 'install_base': '/home/vdt_2026/VDT_project/install/vdt_msgs', 'merge_install': False, 'path': '/home/vdt_2026/VDT_project/ros2_ws/src/vdt_msgs', 'symlink_install': False, 'test_result_base': None}
[0.934s] Level 5:colcon.colcon_core.verb:set package 'vdt_takeoff' build argument 'cmake_args' from command line to '['-DCMAKE_VERBOSE_MAKEFILE=ON']'
[0.934s] Level 5:colcon.colcon_core.verb:set package 'vdt_takeoff' build argument 'cmake_target' from command line to 'None'
[0.934s] Level 5:colcon.colcon_core.verb:set package 'vdt_takeoff' build argument 'cmake_target_skip_unavailable' from command line to 'False'
[0.934s] Level 5:colcon.colcon_core.verb:set package 'vdt_takeoff' build argument 'cmake_clean_cache' from command line to 'False'
[0.934s] Level 5:colcon.colcon_core.verb:set package 'vdt_takeoff' build argument 'cmake_clean_first' from command line to 'False'
[0.934s] Level 5:colcon.colcon_core.verb:set package 'vdt_takeoff' build argument 'cmake_force_configure' from command line to 'False'
[0.934s] Level 5:colcon.colcon_core.verb:set package 'vdt_takeoff' build argument 'ament_cmake_args' from command line to 'None'
[0.934s] Level 5:colcon.colcon_core.verb:set package 'vdt_takeoff' build argument 'catkin_cmake_args' from command line to 'None'
[0.934s] Level 5:colcon.colcon_core.verb:set package 'vdt_takeoff' build argument 'catkin_skip_building_tests' from command line to 'False'
[0.934s] DEBUG:colcon.colcon_core.verb:Building package 'vdt_takeoff' with the following arguments: {'ament_cmake_args': None, 'build_base': '/home/vdt_2026/VDT_project/build/vdt_takeoff', 'catkin_cmake_args': None, 'catkin_skip_building_tests': False, 'cmake_args': ['-DCMAKE_VERBOSE_MAKEFILE=ON'], 'cmake_clean_cache': False, 'cmake_clean_first': False, 'cmake_force_configure': False, 'cmake_target': None, 'cmake_target_skip_unavailable': False, 'install_base': '/home/vdt_2026/VDT_project/install/vdt_takeoff', 'merge_install': False, 'path': '/home/vdt_2026/VDT_project/ros2_ws/src/takeoff', 'symlink_install': False, 'test_result_base': None}
[0.935s] Level 5:colcon.colcon_core.verb:set package 'xrce_bridge_manager' build argument 'cmake_args' from command line to '['-DCMAKE_VERBOSE_MAKEFILE=ON']'
[0.935s] Level 5:colcon.colcon_core.verb:set package 'xrce_bridge_manager' build argument 'cmake_target' from command line to 'None'
[0.935s] Level 5:colcon.colcon_core.verb:set package 'xrce_bridge_manager' build argument 'cmake_target_skip_unavailable' from command line to 'False'
[0.935s] Level 5:colcon.colcon_core.verb:set package 'xrce_bridge_manager' build argument 'cmake_clean_cache' from command line to 'False'
[0.935s] Level 5:colcon.colcon_core.verb:set package 'xrce_bridge_manager' build argument 'cmake_clean_first' from command line to 'False'
[0.935s] Level 5:colcon.colcon_core.verb:set package 'xrce_bridge_manager' build argument 'cmake_force_configure' from command line to 'False'
[0.935s] Level 5:colcon.colcon_core.verb:set package 'xrce_bridge_manager' build argument 'ament_cmake_args' from command line to 'None'
[0.935s] Level 5:colcon.colcon_core.verb:set package 'xrce_bridge_manager' build argument 'catkin_cmake_args' from command line to 'None'
[0.935s] Level 5:colcon.colcon_core.verb:set package 'xrce_bridge_manager' build argument 'catkin_skip_building_tests' from command line to 'False'
[0.935s] DEBUG:colcon.colcon_core.verb:Building package 'xrce_bridge_manager' with the following arguments: {'ament_cmake_args': None, 'build_base': '/home/vdt_2026/VDT_project/build/xrce_bridge_manager', 'catkin_cmake_args': None, 'catkin_skip_building_tests': False, 'cmake_args': ['-DCMAKE_VERBOSE_MAKEFILE=ON'], 'cmake_clean_cache': False, 'cmake_clean_first': False, 'cmake_force_configure': False, 'cmake_target': None, 'cmake_target_skip_unavailable': False, 'install_base': '/home/vdt_2026/VDT_project/install/xrce_bridge_manager', 'merge_install': False, 'path': '/home/vdt_2026/VDT_project/ros2_ws/src/xrce_bridge_manager', 'symlink_install': False, 'test_result_base': None}
[0.935s] Level 5:colcon.colcon_core.verb:set package 'fsm_state_machine' build argument 'cmake_args' from command line to '['-DCMAKE_VERBOSE_MAKEFILE=ON']'
[0.935s] Level 5:colcon.colcon_core.verb:set package 'fsm_state_machine' build argument 'cmake_target' from command line to 'None'
[0.935s] Level 5:colcon.colcon_core.verb:set package 'fsm_state_machine' build argument 'cmake_target_skip_unavailable' from command line to 'False'
[0.935s] Level 5:colcon.colcon_core.verb:set package 'fsm_state_machine' build argument 'cmake_clean_cache' from command line to 'False'
[0.935s] Level 5:colcon.colcon_core.verb:set package 'fsm_state_machine' build argument 'cmake_clean_first' from command line to 'False'
[0.935s] Level 5:colcon.colcon_core.verb:set package 'fsm_state_machine' build argument 'cmake_force_configure' from command line to 'False'
[0.935s] Level 5:colcon.colcon_core.verb:set package 'fsm_state_machine' build argument 'ament_cmake_args' from command line to 'None'
[0.935s] Level 5:colcon.colcon_core.verb:set package 'fsm_state_machine' build argument 'catkin_cmake_args' from command line to 'None'
[0.935s] Level 5:colcon.colcon_core.verb:set package 'fsm_state_machine' build argument 'catkin_skip_building_tests' from command line to 'False'
[0.935s] DEBUG:colcon.colcon_core.verb:Building package 'fsm_state_machine' with the following arguments: {'ament_cmake_args': None, 'build_base': '/home/vdt_2026/VDT_project/build/fsm_state_machine', 'catkin_cmake_args': None, 'catkin_skip_building_tests': False, 'cmake_args': ['-DCMAKE_VERBOSE_MAKEFILE=ON'], 'cmake_clean_cache': False, 'cmake_clean_first': False, 'cmake_force_configure': False, 'cmake_target': None, 'cmake_target_skip_unavailable': False, 'install_base': '/home/vdt_2026/VDT_project/install/fsm_state_machine', 'merge_install': False, 'path': '/home/vdt_2026/VDT_project/ros2_ws/src/fsm_state_machine', 'symlink_install': False, 'test_result_base': None}
[0.936s] Level 5:colcon.colcon_core.verb:set package 'input_state_cache' build argument 'cmake_args' from command line to '['-DCMAKE_VERBOSE_MAKEFILE=ON']'
[0.936s] Level 5:colcon.colcon_core.verb:set package 'input_state_cache' build argument 'cmake_target' from command line to 'None'
[0.936s] Level 5:colcon.colcon_core.verb:set package 'input_state_cache' build argument 'cmake_target_skip_unavailable' from command line to 'False'
[0.936s] Level 5:colcon.colcon_core.verb:set package 'input_state_cache' build argument 'cmake_clean_cache' from command line to 'False'
[0.936s] Level 5:colcon.colcon_core.verb:set package 'input_state_cache' build argument 'cmake_clean_first' from command line to 'False'
[0.936s] Level 5:colcon.colcon_core.verb:set package 'input_state_cache' build argument 'cmake_force_configure' from command line to 'False'
[0.936s] Level 5:colcon.colcon_core.verb:set package 'input_state_cache' build argument 'ament_cmake_args' from command line to 'None'
[0.936s] Level 5:colcon.colcon_core.verb:set package 'input_state_cache' build argument 'catkin_cmake_args' from command line to 'None'
[0.936s] Level 5:colcon.colcon_core.verb:set package 'input_state_cache' build argument 'catkin_skip_building_tests' from command line to 'False'
[0.936s] DEBUG:colcon.colcon_core.verb:Building package 'input_state_cache' with the following arguments: {'ament_cmake_args': None, 'build_base': '/home/vdt_2026/VDT_project/build/input_state_cache', 'catkin_cmake_args': None, 'catkin_skip_building_tests': False, 'cmake_args': ['-DCMAKE_VERBOSE_MAKEFILE=ON'], 'cmake_clean_cache': False, 'cmake_clean_first': False, 'cmake_force_configure': False, 'cmake_target': None, 'cmake_target_skip_unavailable': False, 'install_base': '/home/vdt_2026/VDT_project/install/input_state_cache', 'merge_install': False, 'path': '/home/vdt_2026/VDT_project/ros2_ws/src/input_state_cache', 'symlink_install': False, 'test_result_base': None}
[0.936s] Level 5:colcon.colcon_core.verb:set package 'offboard_manager' build argument 'cmake_args' from command line to '['-DCMAKE_VERBOSE_MAKEFILE=ON']'
[0.936s] Level 5:colcon.colcon_core.verb:set package 'offboard_manager' build argument 'cmake_target' from command line to 'None'
[0.936s] Level 5:colcon.colcon_core.verb:set package 'offboard_manager' build argument 'cmake_target_skip_unavailable' from command line to 'False'
[0.936s] Level 5:colcon.colcon_core.verb:set package 'offboard_manager' build argument 'cmake_clean_cache' from command line to 'False'
[0.936s] Level 5:colcon.colcon_core.verb:set package 'offboard_manager' build argument 'cmake_clean_first' from command line to 'False'
[0.936s] Level 5:colcon.colcon_core.verb:set package 'offboard_manager' build argument 'cmake_force_configure' from command line to 'False'
[0.936s] Level 5:colcon.colcon_core.verb:set package 'offboard_manager' build argument 'ament_cmake_args' from command line to 'None'
[0.936s] Level 5:colcon.colcon_core.verb:set package 'offboard_manager' build argument 'catkin_cmake_args' from command line to 'None'
[0.936s] Level 5:colcon.colcon_core.verb:set package 'offboard_manager' build argument 'catkin_skip_building_tests' from command line to 'False'
[0.936s] DEBUG:colcon.colcon_core.verb:Building package 'offboard_manager' with the following arguments: {'ament_cmake_args': None, 'build_base': '/home/vdt_2026/VDT_project/build/offboard_manager', 'catkin_cmake_args': None, 'catkin_skip_building_tests': False, 'cmake_args': ['-DCMAKE_VERBOSE_MAKEFILE=ON'], 'cmake_clean_cache': False, 'cmake_clean_first': False, 'cmake_force_configure': False, 'cmake_target': None, 'cmake_target_skip_unavailable': False, 'install_base': '/home/vdt_2026/VDT_project/install/offboard_manager', 'merge_install': False, 'path': '/home/vdt_2026/VDT_project/ros2_ws/src/offboard_manager', 'symlink_install': False, 'test_result_base': None}
[0.937s] Level 5:colcon.colcon_core.verb:set package 'rc_parser' build argument 'cmake_args' from command line to '['-DCMAKE_VERBOSE_MAKEFILE=ON']'
[0.937s] Level 5:colcon.colcon_core.verb:set package 'rc_parser' build argument 'cmake_target' from command line to 'None'
[0.937s] Level 5:colcon.colcon_core.verb:set package 'rc_parser' build argument 'cmake_target_skip_unavailable' from command line to 'False'
[0.937s] Level 5:colcon.colcon_core.verb:set package 'rc_parser' build argument 'cmake_clean_cache' from command line to 'False'
[0.937s] Level 5:colcon.colcon_core.verb:set package 'rc_parser' build argument 'cmake_clean_first' from command line to 'False'
[0.937s] Level 5:colcon.colcon_core.verb:set package 'rc_parser' build argument 'cmake_force_configure' from command line to 'False'
[0.937s] Level 5:colcon.colcon_core.verb:set package 'rc_parser' build argument 'ament_cmake_args' from command line to 'None'
[0.937s] Level 5:colcon.colcon_core.verb:set package 'rc_parser' build argument 'catkin_cmake_args' from command line to 'None'
[0.937s] Level 5:colcon.colcon_core.verb:set package 'rc_parser' build argument 'catkin_skip_building_tests' from command line to 'False'
[0.937s] DEBUG:colcon.colcon_core.verb:Building package 'rc_parser' with the following arguments: {'ament_cmake_args': None, 'build_base': '/home/vdt_2026/VDT_project/build/rc_parser', 'catkin_cmake_args': None, 'catkin_skip_building_tests': False, 'cmake_args': ['-DCMAKE_VERBOSE_MAKEFILE=ON'], 'cmake_clean_cache': False, 'cmake_clean_first': False, 'cmake_force_configure': False, 'cmake_target': None, 'cmake_target_skip_unavailable': False, 'install_base': '/home/vdt_2026/VDT_project/install/rc_parser', 'merge_install': False, 'path': '/home/vdt_2026/VDT_project/ros2_ws/src/rc_parser', 'symlink_install': False, 'test_result_base': None}
[0.937s] Level 5:colcon.colcon_core.verb:set package 'vision_interface_bridge' build argument 'cmake_args' from command line to '['-DCMAKE_VERBOSE_MAKEFILE=ON']'
[0.937s] Level 5:colcon.colcon_core.verb:set package 'vision_interface_bridge' build argument 'cmake_target' from command line to 'None'
[0.937s] Level 5:colcon.colcon_core.verb:set package 'vision_interface_bridge' build argument 'cmake_target_skip_unavailable' from command line to 'False'
[0.937s] Level 5:colcon.colcon_core.verb:set package 'vision_interface_bridge' build argument 'cmake_clean_cache' from command line to 'False'
[0.937s] Level 5:colcon.colcon_core.verb:set package 'vision_interface_bridge' build argument 'cmake_clean_first' from command line to 'False'
[0.937s] Level 5:colcon.colcon_core.verb:set package 'vision_interface_bridge' build argument 'cmake_force_configure' from command line to 'False'
[0.937s] Level 5:colcon.colcon_core.verb:set package 'vision_interface_bridge' build argument 'ament_cmake_args' from command line to 'None'
[0.937s] Level 5:colcon.colcon_core.verb:set package 'vision_interface_bridge' build argument 'catkin_cmake_args' from command line to 'None'
[0.937s] Level 5:colcon.colcon_core.verb:set package 'vision_interface_bridge' build argument 'catkin_skip_building_tests' from command line to 'False'
[0.937s] DEBUG:colcon.colcon_core.verb:Building package 'vision_interface_bridge' with the following arguments: {'ament_cmake_args': None, 'build_base': '/home/vdt_2026/VDT_project/build/vision_interface_bridge', 'catkin_cmake_args': None, 'catkin_skip_building_tests': False, 'cmake_args': ['-DCMAKE_VERBOSE_MAKEFILE=ON'], 'cmake_clean_cache': False, 'cmake_clean_first': False, 'cmake_force_configure': False, 'cmake_target': None, 'cmake_target_skip_unavailable': False, 'install_base': '/home/vdt_2026/VDT_project/install/vision_interface_bridge', 'merge_install': False, 'path': '/home/vdt_2026/VDT_project/ros2_ws/src/vision_interface_bridge', 'symlink_install': False, 'test_result_base': None}
[0.938s] Level 5:colcon.colcon_core.verb:set package 'apf_planner' build argument 'cmake_args' from command line to '['-DCMAKE_VERBOSE_MAKEFILE=ON']'
[0.938s] Level 5:colcon.colcon_core.verb:set package 'apf_planner' build argument 'cmake_target' from command line to 'None'
[0.938s] Level 5:colcon.colcon_core.verb:set package 'apf_planner' build argument 'cmake_target_skip_unavailable' from command line to 'False'
[0.938s] Level 5:colcon.colcon_core.verb:set package 'apf_planner' build argument 'cmake_clean_cache' from command line to 'False'
[0.938s] Level 5:colcon.colcon_core.verb:set package 'apf_planner' build argument 'cmake_clean_first' from command line to 'False'
[0.938s] Level 5:colcon.colcon_core.verb:set package 'apf_planner' build argument 'cmake_force_configure' from command line to 'False'
[0.938s] Level 5:colcon.colcon_core.verb:set package 'apf_planner' build argument 'ament_cmake_args' from command line to 'None'
[0.938s] Level 5:colcon.colcon_core.verb:set package 'apf_planner' build argument 'catkin_cmake_args' from command line to 'None'
[0.938s] Level 5:colcon.colcon_core.verb:set package 'apf_planner' build argument 'catkin_skip_building_tests' from command line to 'False'
[0.938s] DEBUG:colcon.colcon_core.verb:Building package 'apf_planner' with the following arguments: {'ament_cmake_args': None, 'build_base': '/home/vdt_2026/VDT_project/build/apf_planner', 'catkin_cmake_args': None, 'catkin_skip_building_tests': False, 'cmake_args': ['-DCMAKE_VERBOSE_MAKEFILE=ON'], 'cmake_clean_cache': False, 'cmake_clean_first': False, 'cmake_force_configure': False, 'cmake_target': None, 'cmake_target_skip_unavailable': False, 'install_base': '/home/vdt_2026/VDT_project/install/apf_planner', 'merge_install': False, 'path': '/home/vdt_2026/VDT_project/ros2_ws/src/apf_planner', 'symlink_install': False, 'test_result_base': None}
[0.938s] Level 5:colcon.colcon_core.verb:set package 'gimbal_control' build argument 'cmake_args' from command line to '['-DCMAKE_VERBOSE_MAKEFILE=ON']'
[0.938s] Level 5:colcon.colcon_core.verb:set package 'gimbal_control' build argument 'cmake_target' from command line to 'None'
[0.938s] Level 5:colcon.colcon_core.verb:set package 'gimbal_control' build argument 'cmake_target_skip_unavailable' from command line to 'False'
[0.938s] Level 5:colcon.colcon_core.verb:set package 'gimbal_control' build argument 'cmake_clean_cache' from command line to 'False'
[0.938s] Level 5:colcon.colcon_core.verb:set package 'gimbal_control' build argument 'cmake_clean_first' from command line to 'False'
[0.938s] Level 5:colcon.colcon_core.verb:set package 'gimbal_control' build argument 'cmake_force_configure' from command line to 'False'
[0.938s] Level 5:colcon.colcon_core.verb:set package 'gimbal_control' build argument 'ament_cmake_args' from command line to 'None'
[0.938s] Level 5:colcon.colcon_core.verb:set package 'gimbal_control' build argument 'catkin_cmake_args' from command line to 'None'
[0.938s] Level 5:colcon.colcon_core.verb:set package 'gimbal_control' build argument 'catkin_skip_building_tests' from command line to 'False'
[0.938s] DEBUG:colcon.colcon_core.verb:Building package 'gimbal_control' with the following arguments: {'ament_cmake_args': None, 'build_base': '/home/vdt_2026/VDT_project/build/gimbal_control', 'catkin_cmake_args': None, 'catkin_skip_building_tests': False, 'cmake_args': ['-DCMAKE_VERBOSE_MAKEFILE=ON'], 'cmake_clean_cache': False, 'cmake_clean_first': False, 'cmake_force_configure': False, 'cmake_target': None, 'cmake_target_skip_unavailable': False, 'install_base': '/home/vdt_2026/VDT_project/install/gimbal_control', 'merge_install': False, 'path': '/home/vdt_2026/VDT_project/ros2_ws/src/gimbal_control', 'symlink_install': False, 'test_result_base': None}
[0.939s] Level 5:colcon.colcon_core.verb:set package 'kill_switch' build argument 'cmake_args' from command line to '['-DCMAKE_VERBOSE_MAKEFILE=ON']'
[0.939s] Level 5:colcon.colcon_core.verb:set package 'kill_switch' build argument 'cmake_target' from command line to 'None'
[0.939s] Level 5:colcon.colcon_core.verb:set package 'kill_switch' build argument 'cmake_target_skip_unavailable' from command line to 'False'
[0.939s] Level 5:colcon.colcon_core.verb:set package 'kill_switch' build argument 'cmake_clean_cache' from command line to 'False'
[0.939s] Level 5:colcon.colcon_core.verb:set package 'kill_switch' build argument 'cmake_clean_first' from command line to 'False'
[0.939s] Level 5:colcon.colcon_core.verb:set package 'kill_switch' build argument 'cmake_force_configure' from command line to 'False'
[0.939s] Level 5:colcon.colcon_core.verb:set package 'kill_switch' build argument 'ament_cmake_args' from command line to 'None'
[0.939s] Level 5:colcon.colcon_core.verb:set package 'kill_switch' build argument 'catkin_cmake_args' from command line to 'None'
[0.939s] Level 5:colcon.colcon_core.verb:set package 'kill_switch' build argument 'catkin_skip_building_tests' from command line to 'False'
[0.939s] DEBUG:colcon.colcon_core.verb:Building package 'kill_switch' with the following arguments: {'ament_cmake_args': None, 'build_base': '/home/vdt_2026/VDT_project/build/kill_switch', 'catkin_cmake_args': None, 'catkin_skip_building_tests': False, 'cmake_args': ['-DCMAKE_VERBOSE_MAKEFILE=ON'], 'cmake_clean_cache': False, 'cmake_clean_first': False, 'cmake_force_configure': False, 'cmake_target': None, 'cmake_target_skip_unavailable': False, 'install_base': '/home/vdt_2026/VDT_project/install/kill_switch', 'merge_install': False, 'path': '/home/vdt_2026/VDT_project/ros2_ws/src/kill_switch', 'symlink_install': False, 'test_result_base': None}
[0.939s] Level 5:colcon.colcon_core.verb:set package 'offboard_safety_monitor' build argument 'cmake_args' from command line to '['-DCMAKE_VERBOSE_MAKEFILE=ON']'
[0.939s] Level 5:colcon.colcon_core.verb:set package 'offboard_safety_monitor' build argument 'cmake_target' from command line to 'None'
[0.939s] Level 5:colcon.colcon_core.verb:set package 'offboard_safety_monitor' build argument 'cmake_target_skip_unavailable' from command line to 'False'
[0.939s] Level 5:colcon.colcon_core.verb:set package 'offboard_safety_monitor' build argument 'cmake_clean_cache' from command line to 'False'
[0.939s] Level 5:colcon.colcon_core.verb:set package 'offboard_safety_monitor' build argument 'cmake_clean_first' from command line to 'False'
[0.939s] Level 5:colcon.colcon_core.verb:set package 'offboard_safety_monitor' build argument 'cmake_force_configure' from command line to 'False'
[0.939s] Level 5:colcon.colcon_core.verb:set package 'offboard_safety_monitor' build argument 'ament_cmake_args' from command line to 'None'
[0.939s] Level 5:colcon.colcon_core.verb:set package 'offboard_safety_monitor' build argument 'catkin_cmake_args' from command line to 'None'
[0.939s] Level 5:colcon.colcon_core.verb:set package 'offboard_safety_monitor' build argument 'catkin_skip_building_tests' from command line to 'False'
[0.939s] DEBUG:colcon.colcon_core.verb:Building package 'offboard_safety_monitor' with the following arguments: {'ament_cmake_args': None, 'build_base': '/home/vdt_2026/VDT_project/build/offboard_safety_monitor', 'catkin_cmake_args': None, 'catkin_skip_building_tests': False, 'cmake_args': ['-DCMAKE_VERBOSE_MAKEFILE=ON'], 'cmake_clean_cache': False, 'cmake_clean_first': False, 'cmake_force_configure': False, 'cmake_target': None, 'cmake_target_skip_unavailable': False, 'install_base': '/home/vdt_2026/VDT_project/install/offboard_safety_monitor', 'merge_install': False, 'path': '/home/vdt_2026/VDT_project/ros2_ws/src/offboard_safety_monitor', 'symlink_install': False, 'test_result_base': None}
[0.940s] Level 5:colcon.colcon_core.verb:set package 'px4_state_bridge' build argument 'cmake_args' from command line to '['-DCMAKE_VERBOSE_MAKEFILE=ON']'
[0.940s] Level 5:colcon.colcon_core.verb:set package 'px4_state_bridge' build argument 'cmake_target' from command line to 'None'
[0.940s] Level 5:colcon.colcon_core.verb:set package 'px4_state_bridge' build argument 'cmake_target_skip_unavailable' from command line to 'False'
[0.940s] Level 5:colcon.colcon_core.verb:set package 'px4_state_bridge' build argument 'cmake_clean_cache' from command line to 'False'
[0.940s] Level 5:colcon.colcon_core.verb:set package 'px4_state_bridge' build argument 'cmake_clean_first' from command line to 'False'
[0.940s] Level 5:colcon.colcon_core.verb:set package 'px4_state_bridge' build argument 'cmake_force_configure' from command line to 'False'
[0.940s] Level 5:colcon.colcon_core.verb:set package 'px4_state_bridge' build argument 'ament_cmake_args' from command line to 'None'
[0.940s] Level 5:colcon.colcon_core.verb:set package 'px4_state_bridge' build argument 'catkin_cmake_args' from command line to 'None'
[0.940s] Level 5:colcon.colcon_core.verb:set package 'px4_state_bridge' build argument 'catkin_skip_building_tests' from command line to 'False'
[0.940s] DEBUG:colcon.colcon_core.verb:Building package 'px4_state_bridge' with the following arguments: {'ament_cmake_args': None, 'build_base': '/home/vdt_2026/VDT_project/build/px4_state_bridge', 'catkin_cmake_args': None, 'catkin_skip_building_tests': False, 'cmake_args': ['-DCMAKE_VERBOSE_MAKEFILE=ON'], 'cmake_clean_cache': False, 'cmake_clean_first': False, 'cmake_force_configure': False, 'cmake_target': None, 'cmake_target_skip_unavailable': False, 'install_base': '/home/vdt_2026/VDT_project/install/px4_state_bridge', 'merge_install': False, 'path': '/home/vdt_2026/VDT_project/ros2_ws/src/px4_state_bridge', 'symlink_install': False, 'test_result_base': None}
[0.940s] Level 5:colcon.colcon_core.verb:set package 'vdt_bringup' build argument 'cmake_args' from command line to '['-DCMAKE_VERBOSE_MAKEFILE=ON']'
[0.940s] Level 5:colcon.colcon_core.verb:set package 'vdt_bringup' build argument 'cmake_target' from command line to 'None'
[0.940s] Level 5:colcon.colcon_core.verb:set package 'vdt_bringup' build argument 'cmake_target_skip_unavailable' from command line to 'False'
[0.940s] Level 5:colcon.colcon_core.verb:set package 'vdt_bringup' build argument 'cmake_clean_cache' from command line to 'False'
[0.940s] Level 5:colcon.colcon_core.verb:set package 'vdt_bringup' build argument 'cmake_clean_first' from command line to 'False'
[0.940s] Level 5:colcon.colcon_core.verb:set package 'vdt_bringup' build argument 'cmake_force_configure' from command line to 'False'
[0.940s] Level 5:colcon.colcon_core.verb:set package 'vdt_bringup' build argument 'ament_cmake_args' from command line to 'None'
[0.940s] Level 5:colcon.colcon_core.verb:set package 'vdt_bringup' build argument 'catkin_cmake_args' from command line to 'None'
[0.940s] Level 5:colcon.colcon_core.verb:set package 'vdt_bringup' build argument 'catkin_skip_building_tests' from command line to 'False'
[0.940s] DEBUG:colcon.colcon_core.verb:Building package 'vdt_bringup' with the following arguments: {'ament_cmake_args': None, 'build_base': '/home/vdt_2026/VDT_project/build/vdt_bringup', 'catkin_cmake_args': None, 'catkin_skip_building_tests': False, 'cmake_args': ['-DCMAKE_VERBOSE_MAKEFILE=ON'], 'cmake_clean_cache': False, 'cmake_clean_first': False, 'cmake_force_configure': False, 'cmake_target': None, 'cmake_target_skip_unavailable': False, 'install_base': '/home/vdt_2026/VDT_project/install/vdt_bringup', 'merge_install': False, 'path': '/home/vdt_2026/VDT_project/ros2_ws/src/vdt_bringup', 'symlink_install': False, 'test_result_base': None}
[0.940s] INFO:colcon.colcon_core.executor:Executing jobs using 'sequential' executor
[0.942s] DEBUG:colcon.colcon_core.executor.sequential:run_until_complete 'aruco_detector'
[0.942s] INFO:colcon.colcon_ros.task.ament_python.build:Building ROS package in '/home/vdt_2026/VDT_project/ros2_ws/src/aruco_detector' with build type 'ament_python'
[0.942s] Level 1:colcon.colcon_core.shell:create_environment_hook('aruco_detector', 'ament_prefix_path')
[0.954s] INFO:colcon.colcon_core.plugin_system:Skipping extension 'colcon_core.shell.bat': Not used on non-Windows systems
[0.954s] INFO:colcon.colcon_core.shell:Creating environment hook '/home/vdt_2026/VDT_project/install/aruco_detector/share/aruco_detector/hook/ament_prefix_path.ps1'
[0.958s] INFO:colcon.colcon_core.shell:Creating environment descriptor '/home/vdt_2026/VDT_project/install/aruco_detector/share/aruco_detector/hook/ament_prefix_path.dsv'
[0.961s] INFO:colcon.colcon_core.shell:Creating environment hook '/home/vdt_2026/VDT_project/install/aruco_detector/share/aruco_detector/hook/ament_prefix_path.sh'
[0.963s] INFO:colcon.colcon_core.shell:Skip shell extension 'powershell' for command environment: Not usable outside of PowerShell
[0.963s] DEBUG:colcon.colcon_core.shell:Skip shell extension 'dsv' for command environment
[1.276s] INFO:colcon.colcon_core.task.python.build:Building Python package in '/home/vdt_2026/VDT_project/ros2_ws/src/aruco_detector'
[1.276s] INFO:colcon.colcon_core.shell:Skip shell extension 'powershell' for command environment: Not usable outside of PowerShell
[1.276s] DEBUG:colcon.colcon_core.shell:Skip shell extension 'dsv' for command environment
[2.533s] DEBUG:colcon.colcon_core.task.python.build:Available setuptools commands: upload, editable_wheel, clean, egg_info, build, install, sdist, install_lib, develop, bdist_dumb, upload_docs, saveopts, compile_catalog, bdist, install_data, bdist_egg, update_catalog, register, build_clib, bdist_rpm, init_catalog, extract_messages, rotate, check, setopt, build_ext, build_py, dist_info, test, easy_install, symlink_data, bdist_wheel, install_headers, install_scripts, install_egg_info, build_scripts, alias
[2.535s] DEBUG:colcon.colcon_core.event_handler.log_command:Invoking command in '/home/vdt_2026/VDT_project/ros2_ws/src/aruco_detector': PYTHONPATH=/home/vdt_2026/VDT_project/build/aruco_detector/prefix_override:/usr/lib/python3/dist-packages/colcon_core/task/python/colcon_distutils_commands:/home/vdt_2026/VDT_project/install/aruco_detector/lib/python3.12/site-packages:${PYTHONPATH} /usr/bin/python3 -W ignore:setup.py install is deprecated -W ignore:easy_install command is deprecated setup.py egg_info --egg-base ../../../build/aruco_detector build --build-base /home/vdt_2026/VDT_project/build/aruco_detector/build install --record /home/vdt_2026/VDT_project/build/aruco_detector/install.log --install-scripts $base/lib/aruco_detector --single-version-externally-managed install_data
[3.213s] DEBUG:colcon.colcon_core.event_handler.log_command:Invoked command in '/home/vdt_2026/VDT_project/ros2_ws/src/aruco_detector' returned '0': PYTHONPATH=/home/vdt_2026/VDT_project/build/aruco_detector/prefix_override:/usr/lib/python3/dist-packages/colcon_core/task/python/colcon_distutils_commands:/home/vdt_2026/VDT_project/install/aruco_detector/lib/python3.12/site-packages:${PYTHONPATH} /usr/bin/python3 -W ignore:setup.py install is deprecated -W ignore:easy_install command is deprecated setup.py egg_info --egg-base ../../../build/aruco_detector build --build-base /home/vdt_2026/VDT_project/build/aruco_detector/build install --record /home/vdt_2026/VDT_project/build/aruco_detector/install.log --install-scripts $base/lib/aruco_detector --single-version-externally-managed install_data
[3.227s] Level 1:colcon.colcon_core.environment:checking '/home/vdt_2026/VDT_project/install/aruco_detector' for CMake module files
[3.228s] Level 1:colcon.colcon_core.environment:checking '/home/vdt_2026/VDT_project/install/aruco_detector' for CMake config files
[3.230s] Level 1:colcon.colcon_core.environment:checking '/home/vdt_2026/VDT_project/install/aruco_detector/lib'
[3.230s] Level 1:colcon.colcon_core.environment:checking '/home/vdt_2026/VDT_project/install/aruco_detector/bin'
[3.230s] Level 1:colcon.colcon_core.environment:checking '/home/vdt_2026/VDT_project/install/aruco_detector/lib/pkgconfig/aruco_detector.pc'
[3.231s] Level 1:colcon.colcon_core.environment:checking '/home/vdt_2026/VDT_project/install/aruco_detector/lib/python3.12/site-packages'
[3.231s] Level 1:colcon.colcon_core.shell:create_environment_hook('aruco_detector', 'pythonpath')
[3.231s] INFO:colcon.colcon_core.shell:Creating environment hook '/home/vdt_2026/VDT_project/install/aruco_detector/share/aruco_detector/hook/pythonpath.ps1'
[3.232s] INFO:colcon.colcon_core.shell:Creating environment descriptor '/home/vdt_2026/VDT_project/install/aruco_detector/share/aruco_detector/hook/pythonpath.dsv'
[3.233s] INFO:colcon.colcon_core.shell:Creating environment hook '/home/vdt_2026/VDT_project/install/aruco_detector/share/aruco_detector/hook/pythonpath.sh'
[3.234s] Level 1:colcon.colcon_core.environment:checking '/home/vdt_2026/VDT_project/install/aruco_detector/bin'
[3.234s] Level 1:colcon.colcon_core.environment:create_environment_scripts_only(aruco_detector)
[3.235s] INFO:colcon.colcon_core.shell:Creating package script '/home/vdt_2026/VDT_project/install/aruco_detector/share/aruco_detector/package.ps1'
[3.237s] INFO:colcon.colcon_core.shell:Creating package descriptor '/home/vdt_2026/VDT_project/install/aruco_detector/share/aruco_detector/package.dsv'
[3.240s] INFO:colcon.colcon_core.shell:Creating package script '/home/vdt_2026/VDT_project/install/aruco_detector/share/aruco_detector/package.sh'
[3.242s] INFO:colcon.colcon_core.shell:Creating package script '/home/vdt_2026/VDT_project/install/aruco_detector/share/aruco_detector/package.bash'
[3.245s] INFO:colcon.colcon_core.shell:Creating package script '/home/vdt_2026/VDT_project/install/aruco_detector/share/aruco_detector/package.zsh'
[3.248s] Level 1:colcon.colcon_core.environment:create_file_with_runtime_dependencies(/home/vdt_2026/VDT_project/install/aruco_detector/share/colcon-core/packages/aruco_detector)
[3.249s] DEBUG:colcon.colcon_core.executor.sequential:run_until_complete 'aruco_detector' finished with '0'
[3.249s] DEBUG:colcon.colcon_core.executor.sequential:run_until_complete 'ekf_adapter'
[3.249s] INFO:colcon.colcon_ros.task.ament_python.build:Building ROS package in '/home/vdt_2026/VDT_project/ros2_ws/src/ekf_adapter' with build type 'ament_python'
[3.250s] Level 1:colcon.colcon_core.shell:create_environment_hook('ekf_adapter', 'ament_prefix_path')
[3.250s] INFO:colcon.colcon_core.shell:Creating environment hook '/home/vdt_2026/VDT_project/install/ekf_adapter/share/ekf_adapter/hook/ament_prefix_path.ps1'
[3.256s] INFO:colcon.colcon_core.shell:Creating environment descriptor '/home/vdt_2026/VDT_project/install/ekf_adapter/share/ekf_adapter/hook/ament_prefix_path.dsv'
[3.258s] INFO:colcon.colcon_core.shell:Creating environment hook '/home/vdt_2026/VDT_project/install/ekf_adapter/share/ekf_adapter/hook/ament_prefix_path.sh'
[3.259s] INFO:colcon.colcon_core.shell:Skip shell extension 'powershell' for command environment: Not usable outside of PowerShell
[3.260s] DEBUG:colcon.colcon_core.shell:Skip shell extension 'dsv' for command environment
[3.565s] INFO:colcon.colcon_core.task.python.build:Building Python package in '/home/vdt_2026/VDT_project/ros2_ws/src/ekf_adapter'
[3.566s] INFO:colcon.colcon_core.shell:Skip shell extension 'powershell' for command environment: Not usable outside of PowerShell
[3.566s] DEBUG:colcon.colcon_core.shell:Skip shell extension 'dsv' for command environment
[4.327s] DEBUG:colcon.colcon_core.task.python.build:Available setuptools commands: upload, editable_wheel, clean, egg_info, build, install, sdist, install_lib, develop, bdist_dumb, upload_docs, saveopts, compile_catalog, bdist, install_data, bdist_egg, update_catalog, register, build_clib, bdist_rpm, init_catalog, extract_messages, rotate, check, setopt, build_ext, build_py, dist_info, test, easy_install, symlink_data, bdist_wheel, install_headers, install_scripts, install_egg_info, build_scripts, alias
[4.329s] DEBUG:colcon.colcon_core.event_handler.log_command:Invoking command in '/home/vdt_2026/VDT_project/ros2_ws/src/ekf_adapter': PYTHONPATH=/home/vdt_2026/VDT_project/build/ekf_adapter/prefix_override:/usr/lib/python3/dist-packages/colcon_core/task/python/colcon_distutils_commands:/home/vdt_2026/VDT_project/install/ekf_adapter/lib/python3.12/site-packages:${PYTHONPATH} /usr/bin/python3 -W ignore:setup.py install is deprecated -W ignore:easy_install command is deprecated setup.py egg_info --egg-base ../../../build/ekf_adapter build --build-base /home/vdt_2026/VDT_project/build/ekf_adapter/build install --record /home/vdt_2026/VDT_project/build/ekf_adapter/install.log --install-scripts $base/lib/ekf_adapter --single-version-externally-managed install_data
[5.001s] Level 1:colcon.colcon_core.environment:checking '/home/vdt_2026/VDT_project/install/ekf_adapter' for CMake module files
[5.001s] DEBUG:colcon.colcon_core.event_handler.log_command:Invoked command in '/home/vdt_2026/VDT_project/ros2_ws/src/ekf_adapter' returned '0': PYTHONPATH=/home/vdt_2026/VDT_project/build/ekf_adapter/prefix_override:/usr/lib/python3/dist-packages/colcon_core/task/python/colcon_distutils_commands:/home/vdt_2026/VDT_project/install/ekf_adapter/lib/python3.12/site-packages:${PYTHONPATH} /usr/bin/python3 -W ignore:setup.py install is deprecated -W ignore:easy_install command is deprecated setup.py egg_info --egg-base ../../../build/ekf_adapter build --build-base /home/vdt_2026/VDT_project/build/ekf_adapter/build install --record /home/vdt_2026/VDT_project/build/ekf_adapter/install.log --install-scripts $base/lib/ekf_adapter --single-version-externally-managed install_data
[5.002s] Level 1:colcon.colcon_core.environment:checking '/home/vdt_2026/VDT_project/install/ekf_adapter' for CMake config files
[5.004s] Level 1:colcon.colcon_core.environment:checking '/home/vdt_2026/VDT_project/install/ekf_adapter/lib'
[5.004s] Level 1:colcon.colcon_core.environment:checking '/home/vdt_2026/VDT_project/install/ekf_adapter/bin'
[5.004s] Level 1:colcon.colcon_core.environment:checking '/home/vdt_2026/VDT_project/install/ekf_adapter/lib/pkgconfig/ekf_adapter.pc'
[5.004s] Level 1:colcon.colcon_core.environment:checking '/home/vdt_2026/VDT_project/install/ekf_adapter/lib/python3.12/site-packages'
[5.004s] Level 1:colcon.colcon_core.shell:create_environment_hook('ekf_adapter', 'pythonpath')
[5.005s] INFO:colcon.colcon_core.shell:Creating environment hook '/home/vdt_2026/VDT_project/install/ekf_adapter/share/ekf_adapter/hook/pythonpath.ps1'
[5.005s] INFO:colcon.colcon_core.shell:Creating environment descriptor '/home/vdt_2026/VDT_project/install/ekf_adapter/share/ekf_adapter/hook/pythonpath.dsv'
[5.008s] INFO:colcon.colcon_core.shell:Creating environment hook '/home/vdt_2026/VDT_project/install/ekf_adapter/share/ekf_adapter/hook/pythonpath.sh'
[5.009s] Level 1:colcon.colcon_core.environment:checking '/home/vdt_2026/VDT_project/install/ekf_adapter/bin'
[5.009s] Level 1:colcon.colcon_core.environment:create_environment_scripts_only(ekf_adapter)
[5.010s] INFO:colcon.colcon_core.shell:Creating package script '/home/vdt_2026/VDT_project/install/ekf_adapter/share/ekf_adapter/package.ps1'
[5.010s] INFO:colcon.colcon_core.shell:Creating package descriptor '/home/vdt_2026/VDT_project/install/ekf_adapter/share/ekf_adapter/package.dsv'
[5.011s] INFO:colcon.colcon_core.shell:Creating package script '/home/vdt_2026/VDT_project/install/ekf_adapter/share/ekf_adapter/package.sh'
[5.012s] INFO:colcon.colcon_core.shell:Creating package script '/home/vdt_2026/VDT_project/install/ekf_adapter/share/ekf_adapter/package.bash'
[5.013s] INFO:colcon.colcon_core.shell:Creating package script '/home/vdt_2026/VDT_project/install/ekf_adapter/share/ekf_adapter/package.zsh'
[5.014s] Level 1:colcon.colcon_core.environment:create_file_with_runtime_dependencies(/home/vdt_2026/VDT_project/install/ekf_adapter/share/colcon-core/packages/ekf_adapter)
[5.015s] DEBUG:colcon.colcon_core.executor.sequential:run_until_complete 'ekf_adapter' finished with '0'
[5.015s] DEBUG:colcon.colcon_core.executor.sequential:run_until_complete 'ibvs'
[5.015s] INFO:colcon.colcon_ros.task.ament_python.build:Building ROS package in '/home/vdt_2026/VDT_project/ros2_ws/src/ibvs' with build type 'ament_python'
[5.015s] Level 1:colcon.colcon_core.shell:create_environment_hook('ibvs', 'ament_prefix_path')
[5.016s] INFO:colcon.colcon_core.shell:Creating environment hook '/home/vdt_2026/VDT_project/install/ibvs/share/ibvs/hook/ament_prefix_path.ps1'
[5.021s] INFO:colcon.colcon_core.shell:Creating environment descriptor '/home/vdt_2026/VDT_project/install/ibvs/share/ibvs/hook/ament_prefix_path.dsv'
[5.024s] INFO:colcon.colcon_core.shell:Creating environment hook '/home/vdt_2026/VDT_project/install/ibvs/share/ibvs/hook/ament_prefix_path.sh'
[5.025s] INFO:colcon.colcon_core.shell:Skip shell extension 'powershell' for command environment: Not usable outside of PowerShell
[5.025s] DEBUG:colcon.colcon_core.shell:Skip shell extension 'dsv' for command environment
[5.330s] INFO:colcon.colcon_core.task.python.build:Building Python package in '/home/vdt_2026/VDT_project/ros2_ws/src/ibvs'
[5.331s] INFO:colcon.colcon_core.shell:Skip shell extension 'powershell' for command environment: Not usable outside of PowerShell
[5.331s] DEBUG:colcon.colcon_core.shell:Skip shell extension 'dsv' for command environment
[6.086s] DEBUG:colcon.colcon_core.task.python.build:Available setuptools commands: upload, editable_wheel, clean, egg_info, build, install, sdist, install_lib, develop, bdist_dumb, upload_docs, saveopts, compile_catalog, bdist, install_data, bdist_egg, update_catalog, register, build_clib, bdist_rpm, init_catalog, extract_messages, rotate, check, setopt, build_ext, build_py, dist_info, test, easy_install, symlink_data, bdist_wheel, install_headers, install_scripts, install_egg_info, build_scripts, alias
[6.088s] DEBUG:colcon.colcon_core.event_handler.log_command:Invoking command in '/home/vdt_2026/VDT_project/ros2_ws/src/ibvs': PYTHONPATH=/home/vdt_2026/VDT_project/build/ibvs/prefix_override:/usr/lib/python3/dist-packages/colcon_core/task/python/colcon_distutils_commands:/home/vdt_2026/VDT_project/install/ibvs/lib/python3.12/site-packages:${PYTHONPATH} /usr/bin/python3 -W ignore:setup.py install is deprecated -W ignore:easy_install command is deprecated setup.py egg_info --egg-base ../../../build/ibvs build --build-base /home/vdt_2026/VDT_project/build/ibvs/build install --record /home/vdt_2026/VDT_project/build/ibvs/install.log --install-scripts $base/lib/ibvs --single-version-externally-managed install_data
[6.762s] Level 1:colcon.colcon_core.environment:checking '/home/vdt_2026/VDT_project/install/ibvs' for CMake module files
[6.763s] DEBUG:colcon.colcon_core.event_handler.log_command:Invoked command in '/home/vdt_2026/VDT_project/ros2_ws/src/ibvs' returned '0': PYTHONPATH=/home/vdt_2026/VDT_project/build/ibvs/prefix_override:/usr/lib/python3/dist-packages/colcon_core/task/python/colcon_distutils_commands:/home/vdt_2026/VDT_project/install/ibvs/lib/python3.12/site-packages:${PYTHONPATH} /usr/bin/python3 -W ignore:setup.py install is deprecated -W ignore:easy_install command is deprecated setup.py egg_info --egg-base ../../../build/ibvs build --build-base /home/vdt_2026/VDT_project/build/ibvs/build install --record /home/vdt_2026/VDT_project/build/ibvs/install.log --install-scripts $base/lib/ibvs --single-version-externally-managed install_data
[6.763s] Level 1:colcon.colcon_core.environment:checking '/home/vdt_2026/VDT_project/install/ibvs' for CMake config files
[6.765s] Level 1:colcon.colcon_core.environment:checking '/home/vdt_2026/VDT_project/install/ibvs/lib'
[6.765s] Level 1:colcon.colcon_core.environment:checking '/home/vdt_2026/VDT_project/install/ibvs/bin'
[6.766s] Level 1:colcon.colcon_core.environment:checking '/home/vdt_2026/VDT_project/install/ibvs/lib/pkgconfig/ibvs.pc'
[6.766s] Level 1:colcon.colcon_core.environment:checking '/home/vdt_2026/VDT_project/install/ibvs/lib/python3.12/site-packages'
[6.766s] Level 1:colcon.colcon_core.shell:create_environment_hook('ibvs', 'pythonpath')
[6.766s] INFO:colcon.colcon_core.shell:Creating environment hook '/home/vdt_2026/VDT_project/install/ibvs/share/ibvs/hook/pythonpath.ps1'
[6.767s] INFO:colcon.colcon_core.shell:Creating environment descriptor '/home/vdt_2026/VDT_project/install/ibvs/share/ibvs/hook/pythonpath.dsv'
[6.768s] INFO:colcon.colcon_core.shell:Creating environment hook '/home/vdt_2026/VDT_project/install/ibvs/share/ibvs/hook/pythonpath.sh'
[6.769s] Level 1:colcon.colcon_core.environment:checking '/home/vdt_2026/VDT_project/install/ibvs/bin'
[6.769s] Level 1:colcon.colcon_core.environment:create_environment_scripts_only(ibvs)
[6.769s] INFO:colcon.colcon_core.shell:Creating package script '/home/vdt_2026/VDT_project/install/ibvs/share/ibvs/package.ps1'
[6.770s] INFO:colcon.colcon_core.shell:Creating package descriptor '/home/vdt_2026/VDT_project/install/ibvs/share/ibvs/package.dsv'
[6.771s] INFO:colcon.colcon_core.shell:Creating package script '/home/vdt_2026/VDT_project/install/ibvs/share/ibvs/package.sh'
[6.772s] INFO:colcon.colcon_core.shell:Creating package script '/home/vdt_2026/VDT_project/install/ibvs/share/ibvs/package.bash'
[6.773s] INFO:colcon.colcon_core.shell:Creating package script '/home/vdt_2026/VDT_project/install/ibvs/share/ibvs/package.zsh'
[6.774s] Level 1:colcon.colcon_core.environment:create_file_with_runtime_dependencies(/home/vdt_2026/VDT_project/install/ibvs/share/colcon-core/packages/ibvs)
[6.775s] DEBUG:colcon.colcon_core.executor.sequential:run_until_complete 'ibvs' finished with '0'
[6.775s] DEBUG:colcon.colcon_core.executor.sequential:run_until_complete 'servo_control'
[6.775s] INFO:colcon.colcon_ros.task.ament_python.build:Building ROS package in '/home/vdt_2026/VDT_project/ros2_ws/src/servo_control' with build type 'ament_python'
[6.775s] Level 1:colcon.colcon_core.shell:create_environment_hook('servo_control', 'ament_prefix_path')
[6.776s] INFO:colcon.colcon_core.shell:Creating environment hook '/home/vdt_2026/VDT_project/install/servo_control/share/servo_control/hook/ament_prefix_path.ps1'
[6.780s] INFO:colcon.colcon_core.shell:Creating environment descriptor '/home/vdt_2026/VDT_project/install/servo_control/share/servo_control/hook/ament_prefix_path.dsv'
[6.781s] INFO:colcon.colcon_core.shell:Creating environment hook '/home/vdt_2026/VDT_project/install/servo_control/share/servo_control/hook/ament_prefix_path.sh'
[6.782s] INFO:colcon.colcon_core.shell:Skip shell extension 'powershell' for command environment: Not usable outside of PowerShell
[6.782s] DEBUG:colcon.colcon_core.shell:Skip shell extension 'dsv' for command environment
[7.089s] INFO:colcon.colcon_core.task.python.build:Building Python package in '/home/vdt_2026/VDT_project/ros2_ws/src/servo_control'
[7.090s] INFO:colcon.colcon_core.shell:Skip shell extension 'powershell' for command environment: Not usable outside of PowerShell
[7.090s] DEBUG:colcon.colcon_core.shell:Skip shell extension 'dsv' for command environment
[7.844s] DEBUG:colcon.colcon_core.task.python.build:Available setuptools commands: upload, editable_wheel, clean, egg_info, build, install, sdist, install_lib, develop, bdist_dumb, upload_docs, saveopts, compile_catalog, bdist, install_data, bdist_egg, update_catalog, register, build_clib, bdist_rpm, init_catalog, extract_messages, rotate, check, setopt, build_ext, build_py, dist_info, test, easy_install, symlink_data, bdist_wheel, install_headers, install_scripts, install_egg_info, build_scripts, alias
[7.846s] DEBUG:colcon.colcon_core.event_handler.log_command:Invoking command in '/home/vdt_2026/VDT_project/ros2_ws/src/servo_control': PYTHONPATH=/home/vdt_2026/VDT_project/build/servo_control/prefix_override:/usr/lib/python3/dist-packages/colcon_core/task/python/colcon_distutils_commands:/home/vdt_2026/VDT_project/install/servo_control/lib/python3.12/site-packages:${PYTHONPATH} /usr/bin/python3 -W ignore:setup.py install is deprecated -W ignore:easy_install command is deprecated setup.py egg_info --egg-base ../../../build/servo_control build --build-base /home/vdt_2026/VDT_project/build/servo_control/build install --record /home/vdt_2026/VDT_project/build/servo_control/install.log --install-scripts $base/lib/servo_control --single-version-externally-managed install_data
[8.517s] Level 1:colcon.colcon_core.environment:checking '/home/vdt_2026/VDT_project/install/servo_control' for CMake module files
[8.518s] DEBUG:colcon.colcon_core.event_handler.log_command:Invoked command in '/home/vdt_2026/VDT_project/ros2_ws/src/servo_control' returned '0': PYTHONPATH=/home/vdt_2026/VDT_project/build/servo_control/prefix_override:/usr/lib/python3/dist-packages/colcon_core/task/python/colcon_distutils_commands:/home/vdt_2026/VDT_project/install/servo_control/lib/python3.12/site-packages:${PYTHONPATH} /usr/bin/python3 -W ignore:setup.py install is deprecated -W ignore:easy_install command is deprecated setup.py egg_info --egg-base ../../../build/servo_control build --build-base /home/vdt_2026/VDT_project/build/servo_control/build install --record /home/vdt_2026/VDT_project/build/servo_control/install.log --install-scripts $base/lib/servo_control --single-version-externally-managed install_data
[8.519s] Level 1:colcon.colcon_core.environment:checking '/home/vdt_2026/VDT_project/install/servo_control' for CMake config files
[8.521s] Level 1:colcon.colcon_core.environment:checking '/home/vdt_2026/VDT_project/install/servo_control/lib'
[8.521s] Level 1:colcon.colcon_core.environment:checking '/home/vdt_2026/VDT_project/install/servo_control/bin'
[8.521s] Level 1:colcon.colcon_core.environment:checking '/home/vdt_2026/VDT_project/install/servo_control/lib/pkgconfig/servo_control.pc'
[8.521s] Level 1:colcon.colcon_core.environment:checking '/home/vdt_2026/VDT_project/install/servo_control/lib/python3.12/site-packages'
[8.521s] Level 1:colcon.colcon_core.shell:create_environment_hook('servo_control', 'pythonpath')
[8.521s] INFO:colcon.colcon_core.shell:Creating environment hook '/home/vdt_2026/VDT_project/install/servo_control/share/servo_control/hook/pythonpath.ps1'
[8.522s] INFO:colcon.colcon_core.shell:Creating environment descriptor '/home/vdt_2026/VDT_project/install/servo_control/share/servo_control/hook/pythonpath.dsv'
[8.523s] INFO:colcon.colcon_core.shell:Creating environment hook '/home/vdt_2026/VDT_project/install/servo_control/share/servo_control/hook/pythonpath.sh'
[8.524s] Level 1:colcon.colcon_core.environment:checking '/home/vdt_2026/VDT_project/install/servo_control/bin'
[8.525s] Level 1:colcon.colcon_core.environment:create_environment_scripts_only(servo_control)
[8.525s] INFO:colcon.colcon_core.shell:Creating package script '/home/vdt_2026/VDT_project/install/servo_control/share/servo_control/package.ps1'
[8.527s] INFO:colcon.colcon_core.shell:Creating package descriptor '/home/vdt_2026/VDT_project/install/servo_control/share/servo_control/package.dsv'
[8.528s] INFO:colcon.colcon_core.shell:Creating package script '/home/vdt_2026/VDT_project/install/servo_control/share/servo_control/package.sh'
[8.528s] INFO:colcon.colcon_core.shell:Creating package script '/home/vdt_2026/VDT_project/install/servo_control/share/servo_control/package.bash'
[8.529s] INFO:colcon.colcon_core.shell:Creating package script '/home/vdt_2026/VDT_project/install/servo_control/share/servo_control/package.zsh'
[8.530s] Level 1:colcon.colcon_core.environment:create_file_with_runtime_dependencies(/home/vdt_2026/VDT_project/install/servo_control/share/colcon-core/packages/servo_control)
[8.531s] DEBUG:colcon.colcon_core.executor.sequential:run_until_complete 'servo_control' finished with '0'
[8.531s] DEBUG:colcon.colcon_core.executor.sequential:run_until_complete 'vdt_msgs'
[8.531s] INFO:colcon.colcon_ros.task.ament_cmake.build:Building ROS package in '/home/vdt_2026/VDT_project/ros2_ws/src/vdt_msgs' with build type 'ament_cmake'
[8.532s] INFO:colcon.colcon_cmake.task.cmake.build:Building CMake package in '/home/vdt_2026/VDT_project/ros2_ws/src/vdt_msgs'
[8.532s] INFO:colcon.colcon_core.shell:Skip shell extension 'powershell' for command environment: Not usable outside of PowerShell
[8.532s] DEBUG:colcon.colcon_core.shell:Skip shell extension 'dsv' for command environment
[8.547s] DEBUG:colcon.colcon_core.event_handler.log_command:Invoking command in '/home/vdt_2026/VDT_project/build/vdt_msgs': CMAKE_PREFIX_PATH=${CMAKE_PREFIX_PATH}:/opt/ros/jazzy /usr/bin/cmake /home/vdt_2026/VDT_project/ros2_ws/src/vdt_msgs -DCMAKE_VERBOSE_MAKEFILE=ON -DCMAKE_INSTALL_PREFIX=/home/vdt_2026/VDT_project/install/vdt_msgs
[11.596s] DEBUG:colcon.colcon_core.event_handler.log_command:Invoked command in '/home/vdt_2026/VDT_project/build/vdt_msgs' returned '0': CMAKE_PREFIX_PATH=${CMAKE_PREFIX_PATH}:/opt/ros/jazzy /usr/bin/cmake /home/vdt_2026/VDT_project/ros2_ws/src/vdt_msgs -DCMAKE_VERBOSE_MAKEFILE=ON -DCMAKE_INSTALL_PREFIX=/home/vdt_2026/VDT_project/install/vdt_msgs
[11.598s] DEBUG:colcon.colcon_core.event_handler.log_command:Invoking command in '/home/vdt_2026/VDT_project/build/vdt_msgs': CMAKE_PREFIX_PATH=${CMAKE_PREFIX_PATH}:/opt/ros/jazzy /usr/bin/cmake --build /home/vdt_2026/VDT_project/build/vdt_msgs -- -j4 -l4
[13.041s] DEBUG:colcon.colcon_core.event_handler.log_command:Invoked command in '/home/vdt_2026/VDT_project/build/vdt_msgs' returned '0': CMAKE_PREFIX_PATH=${CMAKE_PREFIX_PATH}:/opt/ros/jazzy /usr/bin/cmake --build /home/vdt_2026/VDT_project/build/vdt_msgs -- -j4 -l4
[13.058s] DEBUG:colcon.colcon_core.event_handler.log_command:Invoking command in '/home/vdt_2026/VDT_project/build/vdt_msgs': CMAKE_PREFIX_PATH=${CMAKE_PREFIX_PATH}:/opt/ros/jazzy /usr/bin/cmake --install /home/vdt_2026/VDT_project/build/vdt_msgs
[13.221s] Level 1:colcon.colcon_core.environment:create_environment_scripts_only(vdt_msgs)
[13.221s] Level 1:colcon.colcon_core.environment:checking '/home/vdt_2026/VDT_project/install/vdt_msgs' for CMake module files
[13.221s] DEBUG:colcon.colcon_core.event_handler.log_command:Invoked command in '/home/vdt_2026/VDT_project/build/vdt_msgs' returned '0': CMAKE_PREFIX_PATH=${CMAKE_PREFIX_PATH}:/opt/ros/jazzy /usr/bin/cmake --install /home/vdt_2026/VDT_project/build/vdt_msgs
[13.223s] Level 1:colcon.colcon_core.environment:checking '/home/vdt_2026/VDT_project/install/vdt_msgs' for CMake config files
[13.224s] Level 1:colcon.colcon_core.shell:create_environment_hook('vdt_msgs', 'cmake_prefix_path')
[13.224s] INFO:colcon.colcon_core.shell:Creating environment hook '/home/vdt_2026/VDT_project/install/vdt_msgs/share/vdt_msgs/hook/cmake_prefix_path.ps1'
[13.226s] INFO:colcon.colcon_core.shell:Creating environment descriptor '/home/vdt_2026/VDT_project/install/vdt_msgs/share/vdt_msgs/hook/cmake_prefix_path.dsv'
[13.226s] INFO:colcon.colcon_core.shell:Creating environment hook '/home/vdt_2026/VDT_project/install/vdt_msgs/share/vdt_msgs/hook/cmake_prefix_path.sh'
[13.227s] Level 1:colcon.colcon_core.environment:checking '/home/vdt_2026/VDT_project/install/vdt_msgs/lib'
[13.228s] Level 1:colcon.colcon_core.shell:create_environment_hook('vdt_msgs', 'ld_library_path_lib')
[13.228s] INFO:colcon.colcon_core.shell:Creating environment hook '/home/vdt_2026/VDT_project/install/vdt_msgs/share/vdt_msgs/hook/ld_library_path_lib.ps1'
[13.228s] INFO:colcon.colcon_core.shell:Creating environment descriptor '/home/vdt_2026/VDT_project/install/vdt_msgs/share/vdt_msgs/hook/ld_library_path_lib.dsv'
[13.229s] INFO:colcon.colcon_core.shell:Creating environment hook '/home/vdt_2026/VDT_project/install/vdt_msgs/share/vdt_msgs/hook/ld_library_path_lib.sh'
[13.230s] Level 1:colcon.colcon_core.environment:checking '/home/vdt_2026/VDT_project/install/vdt_msgs/bin'
[13.230s] Level 1:colcon.colcon_core.environment:checking '/home/vdt_2026/VDT_project/install/vdt_msgs/lib/pkgconfig/vdt_msgs.pc'
[13.230s] Level 1:colcon.colcon_core.environment:checking '/home/vdt_2026/VDT_project/install/vdt_msgs/lib/python3.12/site-packages'
[13.230s] Level 1:colcon.colcon_core.shell:create_environment_hook('vdt_msgs', 'pythonpath')
[13.231s] INFO:colcon.colcon_core.shell:Creating environment hook '/home/vdt_2026/VDT_project/install/vdt_msgs/share/vdt_msgs/hook/pythonpath.ps1'
[13.231s] INFO:colcon.colcon_core.shell:Creating environment descriptor '/home/vdt_2026/VDT_project/install/vdt_msgs/share/vdt_msgs/hook/pythonpath.dsv'
[13.232s] INFO:colcon.colcon_core.shell:Creating environment hook '/home/vdt_2026/VDT_project/install/vdt_msgs/share/vdt_msgs/hook/pythonpath.sh'
[13.233s] Level 1:colcon.colcon_core.environment:checking '/home/vdt_2026/VDT_project/install/vdt_msgs/bin'
[13.233s] INFO:colcon.colcon_core.shell:Creating package script '/home/vdt_2026/VDT_project/install/vdt_msgs/share/vdt_msgs/package.ps1'
[13.234s] INFO:colcon.colcon_core.shell:Creating package descriptor '/home/vdt_2026/VDT_project/install/vdt_msgs/share/vdt_msgs/package.dsv'
[13.235s] INFO:colcon.colcon_core.shell:Creating package script '/home/vdt_2026/VDT_project/install/vdt_msgs/share/vdt_msgs/package.sh'
[13.236s] INFO:colcon.colcon_core.shell:Creating package script '/home/vdt_2026/VDT_project/install/vdt_msgs/share/vdt_msgs/package.bash'
[13.236s] INFO:colcon.colcon_core.shell:Creating package script '/home/vdt_2026/VDT_project/install/vdt_msgs/share/vdt_msgs/package.zsh'
[13.237s] Level 1:colcon.colcon_core.environment:create_file_with_runtime_dependencies(/home/vdt_2026/VDT_project/install/vdt_msgs/share/colcon-core/packages/vdt_msgs)
[13.240s] Level 1:colcon.colcon_core.environment:create_environment_scripts_only(vdt_msgs)
[13.240s] Level 1:colcon.colcon_core.environment:checking '/home/vdt_2026/VDT_project/install/vdt_msgs' for CMake module files
[13.241s] Level 1:colcon.colcon_core.environment:checking '/home/vdt_2026/VDT_project/install/vdt_msgs' for CMake config files
[13.241s] Level 1:colcon.colcon_core.shell:create_environment_hook('vdt_msgs', 'cmake_prefix_path')
[13.242s] INFO:colcon.colcon_core.shell:Creating environment hook '/home/vdt_2026/VDT_project/install/vdt_msgs/share/vdt_msgs/hook/cmake_prefix_path.ps1'
[13.242s] INFO:colcon.colcon_core.shell:Creating environment descriptor '/home/vdt_2026/VDT_project/install/vdt_msgs/share/vdt_msgs/hook/cmake_prefix_path.dsv'
[13.243s] INFO:colcon.colcon_core.shell:Creating environment hook '/home/vdt_2026/VDT_project/install/vdt_msgs/share/vdt_msgs/hook/cmake_prefix_path.sh'
[13.244s] Level 1:colcon.colcon_core.environment:checking '/home/vdt_2026/VDT_project/install/vdt_msgs/lib'
[13.244s] Level 1:colcon.colcon_core.shell:create_environment_hook('vdt_msgs', 'ld_library_path_lib')
[13.244s] INFO:colcon.colcon_core.shell:Creating environment hook '/home/vdt_2026/VDT_project/install/vdt_msgs/share/vdt_msgs/hook/ld_library_path_lib.ps1'
[13.244s] INFO:colcon.colcon_core.shell:Creating environment descriptor '/home/vdt_2026/VDT_project/install/vdt_msgs/share/vdt_msgs/hook/ld_library_path_lib.dsv'
[13.245s] INFO:colcon.colcon_core.shell:Creating environment hook '/home/vdt_2026/VDT_project/install/vdt_msgs/share/vdt_msgs/hook/ld_library_path_lib.sh'
[13.246s] Level 1:colcon.colcon_core.environment:checking '/home/vdt_2026/VDT_project/install/vdt_msgs/bin'
[13.246s] Level 1:colcon.colcon_core.environment:checking '/home/vdt_2026/VDT_project/install/vdt_msgs/lib/pkgconfig/vdt_msgs.pc'
[13.246s] Level 1:colcon.colcon_core.environment:checking '/home/vdt_2026/VDT_project/install/vdt_msgs/lib/python3.12/site-packages'
[13.246s] Level 1:colcon.colcon_core.shell:create_environment_hook('vdt_msgs', 'pythonpath')
[13.247s] INFO:colcon.colcon_core.shell:Creating environment hook '/home/vdt_2026/VDT_project/install/vdt_msgs/share/vdt_msgs/hook/pythonpath.ps1'
[13.247s] INFO:colcon.colcon_core.shell:Creating environment descriptor '/home/vdt_2026/VDT_project/install/vdt_msgs/share/vdt_msgs/hook/pythonpath.dsv'
[13.248s] INFO:colcon.colcon_core.shell:Creating environment hook '/home/vdt_2026/VDT_project/install/vdt_msgs/share/vdt_msgs/hook/pythonpath.sh'
[13.249s] Level 1:colcon.colcon_core.environment:checking '/home/vdt_2026/VDT_project/install/vdt_msgs/bin'
[13.249s] INFO:colcon.colcon_core.shell:Creating package script '/home/vdt_2026/VDT_project/install/vdt_msgs/share/vdt_msgs/package.ps1'
[13.251s] INFO:colcon.colcon_core.shell:Creating package descriptor '/home/vdt_2026/VDT_project/install/vdt_msgs/share/vdt_msgs/package.dsv'
[13.251s] INFO:colcon.colcon_core.shell:Creating package script '/home/vdt_2026/VDT_project/install/vdt_msgs/share/vdt_msgs/package.sh'
[13.252s] INFO:colcon.colcon_core.shell:Creating package script '/home/vdt_2026/VDT_project/install/vdt_msgs/share/vdt_msgs/package.bash'
[13.253s] INFO:colcon.colcon_core.shell:Creating package script '/home/vdt_2026/VDT_project/install/vdt_msgs/share/vdt_msgs/package.zsh'
[13.254s] Level 1:colcon.colcon_core.environment:create_file_with_runtime_dependencies(/home/vdt_2026/VDT_project/install/vdt_msgs/share/colcon-core/packages/vdt_msgs)
[13.254s] DEBUG:colcon.colcon_core.executor.sequential:run_until_complete 'vdt_msgs' finished with '0'
[13.254s] DEBUG:colcon.colcon_core.executor.sequential:run_until_complete 'vdt_takeoff'
[13.254s] INFO:colcon.colcon_ros.task.ament_python.build:Building ROS package in '/home/vdt_2026/VDT_project/ros2_ws/src/takeoff' with build type 'ament_python'
[13.255s] Level 1:colcon.colcon_core.shell:create_environment_hook('vdt_takeoff', 'ament_prefix_path')
[13.255s] INFO:colcon.colcon_core.shell:Creating environment hook '/home/vdt_2026/VDT_project/install/vdt_takeoff/share/vdt_takeoff/hook/ament_prefix_path.ps1'
[13.259s] INFO:colcon.colcon_core.shell:Creating environment descriptor '/home/vdt_2026/VDT_project/install/vdt_takeoff/share/vdt_takeoff/hook/ament_prefix_path.dsv'
[13.260s] INFO:colcon.colcon_core.shell:Creating environment hook '/home/vdt_2026/VDT_project/install/vdt_takeoff/share/vdt_takeoff/hook/ament_prefix_path.sh'
[13.261s] INFO:colcon.colcon_core.shell:Skip shell extension 'powershell' for command environment: Not usable outside of PowerShell
[13.261s] DEBUG:colcon.colcon_core.shell:Skip shell extension 'dsv' for command environment
[13.563s] WARNING:colcon.colcon_ros.task.ament_python.build:Package 'vdt_takeoff' doesn't explicitly install a marker in the package index (colcon-ros currently does it implicitly but that fallback will be removed in the future)
[13.564s] WARNING:colcon.colcon_ros.task.ament_python.build:Package 'vdt_takeoff' doesn't explicitly install the 'package.xml' file (colcon-ros currently does it implicitly but that fallback will be removed in the future)
[13.565s] INFO:colcon.colcon_core.task.python.build:Building Python package in '/home/vdt_2026/VDT_project/ros2_ws/src/takeoff'
[13.565s] INFO:colcon.colcon_core.shell:Skip shell extension 'powershell' for command environment: Not usable outside of PowerShell
[13.565s] DEBUG:colcon.colcon_core.shell:Skip shell extension 'dsv' for command environment
[14.317s] DEBUG:colcon.colcon_core.task.python.build:Available setuptools commands: upload, editable_wheel, clean, egg_info, build, install, sdist, install_lib, develop, bdist_dumb, upload_docs, saveopts, compile_catalog, bdist, install_data, bdist_egg, update_catalog, register, build_clib, bdist_rpm, init_catalog, extract_messages, rotate, check, setopt, build_ext, build_py, dist_info, test, easy_install, symlink_data, bdist_wheel, install_headers, install_scripts, install_egg_info, build_scripts, alias
[14.319s] DEBUG:colcon.colcon_core.event_handler.log_command:Invoking command in '/home/vdt_2026/VDT_project/ros2_ws/src/takeoff': PYTHONPATH=/home/vdt_2026/VDT_project/build/vdt_takeoff/prefix_override:/usr/lib/python3/dist-packages/colcon_core/task/python/colcon_distutils_commands:/home/vdt_2026/VDT_project/install/vdt_takeoff/lib/python3.12/site-packages:${PYTHONPATH} /usr/bin/python3 -W ignore:setup.py install is deprecated -W ignore:easy_install command is deprecated setup.py egg_info --egg-base ../../../build/vdt_takeoff build --build-base /home/vdt_2026/VDT_project/build/vdt_takeoff/build install --record /home/vdt_2026/VDT_project/build/vdt_takeoff/install.log --install-scripts $base/lib/vdt_takeoff --single-version-externally-managed install_data
[14.986s] Level 1:colcon.colcon_core.environment:checking '/home/vdt_2026/VDT_project/install/vdt_takeoff' for CMake module files
[14.987s] DEBUG:colcon.colcon_core.event_handler.log_command:Invoked command in '/home/vdt_2026/VDT_project/ros2_ws/src/takeoff' returned '0': PYTHONPATH=/home/vdt_2026/VDT_project/build/vdt_takeoff/prefix_override:/usr/lib/python3/dist-packages/colcon_core/task/python/colcon_distutils_commands:/home/vdt_2026/VDT_project/install/vdt_takeoff/lib/python3.12/site-packages:${PYTHONPATH} /usr/bin/python3 -W ignore:setup.py install is deprecated -W ignore:easy_install command is deprecated setup.py egg_info --egg-base ../../../build/vdt_takeoff build --build-base /home/vdt_2026/VDT_project/build/vdt_takeoff/build install --record /home/vdt_2026/VDT_project/build/vdt_takeoff/install.log --install-scripts $base/lib/vdt_takeoff --single-version-externally-managed install_data
[14.987s] Level 1:colcon.colcon_core.environment:checking '/home/vdt_2026/VDT_project/install/vdt_takeoff' for CMake config files
[14.990s] Level 1:colcon.colcon_core.environment:checking '/home/vdt_2026/VDT_project/install/vdt_takeoff/lib'
[14.990s] Level 1:colcon.colcon_core.environment:checking '/home/vdt_2026/VDT_project/install/vdt_takeoff/bin'
[14.990s] Level 1:colcon.colcon_core.environment:checking '/home/vdt_2026/VDT_project/install/vdt_takeoff/lib/pkgconfig/vdt_takeoff.pc'
[14.990s] Level 1:colcon.colcon_core.environment:checking '/home/vdt_2026/VDT_project/install/vdt_takeoff/lib/python3.12/site-packages'
[14.990s] Level 1:colcon.colcon_core.shell:create_environment_hook('vdt_takeoff', 'pythonpath')
[14.990s] INFO:colcon.colcon_core.shell:Creating environment hook '/home/vdt_2026/VDT_project/install/vdt_takeoff/share/vdt_takeoff/hook/pythonpath.ps1'
[14.991s] INFO:colcon.colcon_core.shell:Creating environment descriptor '/home/vdt_2026/VDT_project/install/vdt_takeoff/share/vdt_takeoff/hook/pythonpath.dsv'
[14.995s] INFO:colcon.colcon_core.shell:Creating environment hook '/home/vdt_2026/VDT_project/install/vdt_takeoff/share/vdt_takeoff/hook/pythonpath.sh'
[14.996s] Level 1:colcon.colcon_core.environment:checking '/home/vdt_2026/VDT_project/install/vdt_takeoff/bin'
[14.996s] Level 1:colcon.colcon_core.environment:create_environment_scripts_only(vdt_takeoff)
[14.996s] INFO:colcon.colcon_core.shell:Creating package script '/home/vdt_2026/VDT_project/install/vdt_takeoff/share/vdt_takeoff/package.ps1'
[14.997s] INFO:colcon.colcon_core.shell:Creating package descriptor '/home/vdt_2026/VDT_project/install/vdt_takeoff/share/vdt_takeoff/package.dsv'
[14.998s] INFO:colcon.colcon_core.shell:Creating package script '/home/vdt_2026/VDT_project/install/vdt_takeoff/share/vdt_takeoff/package.sh'
[14.999s] INFO:colcon.colcon_core.shell:Creating package script '/home/vdt_2026/VDT_project/install/vdt_takeoff/share/vdt_takeoff/package.bash'
[14.999s] INFO:colcon.colcon_core.shell:Creating package script '/home/vdt_2026/VDT_project/install/vdt_takeoff/share/vdt_takeoff/package.zsh'
[15.000s] Level 1:colcon.colcon_core.environment:create_file_with_runtime_dependencies(/home/vdt_2026/VDT_project/install/vdt_takeoff/share/colcon-core/packages/vdt_takeoff)
[15.001s] DEBUG:colcon.colcon_core.executor.sequential:run_until_complete 'vdt_takeoff' finished with '0'
[15.001s] DEBUG:colcon.colcon_core.executor.sequential:run_until_complete 'xrce_bridge_manager'
[15.001s] INFO:colcon.colcon_ros.task.ament_python.build:Building ROS package in '/home/vdt_2026/VDT_project/ros2_ws/src/xrce_bridge_manager' with build type 'ament_python'
[15.001s] Level 1:colcon.colcon_core.shell:create_environment_hook('xrce_bridge_manager', 'ament_prefix_path')
[15.001s] INFO:colcon.colcon_core.shell:Creating environment hook '/home/vdt_2026/VDT_project/install/xrce_bridge_manager/share/xrce_bridge_manager/hook/ament_prefix_path.ps1'
[15.005s] INFO:colcon.colcon_core.shell:Creating environment descriptor '/home/vdt_2026/VDT_project/install/xrce_bridge_manager/share/xrce_bridge_manager/hook/ament_prefix_path.dsv'
[15.006s] INFO:colcon.colcon_core.shell:Creating environment hook '/home/vdt_2026/VDT_project/install/xrce_bridge_manager/share/xrce_bridge_manager/hook/ament_prefix_path.sh'
[15.007s] INFO:colcon.colcon_core.shell:Skip shell extension 'powershell' for command environment: Not usable outside of PowerShell
[15.007s] DEBUG:colcon.colcon_core.shell:Skip shell extension 'dsv' for command environment
[15.311s] INFO:colcon.colcon_core.task.python.build:Building Python package in '/home/vdt_2026/VDT_project/ros2_ws/src/xrce_bridge_manager'
[15.312s] INFO:colcon.colcon_core.shell:Skip shell extension 'powershell' for command environment: Not usable outside of PowerShell
[15.312s] DEBUG:colcon.colcon_core.shell:Skip shell extension 'dsv' for command environment
[16.079s] DEBUG:colcon.colcon_core.task.python.build:Available setuptools commands: upload, editable_wheel, clean, egg_info, build, install, sdist, install_lib, develop, bdist_dumb, upload_docs, saveopts, compile_catalog, bdist, install_data, bdist_egg, update_catalog, register, build_clib, bdist_rpm, init_catalog, extract_messages, rotate, check, setopt, build_ext, build_py, dist_info, test, easy_install, symlink_data, bdist_wheel, install_headers, install_scripts, install_egg_info, build_scripts, alias
[16.081s] DEBUG:colcon.colcon_core.event_handler.log_command:Invoking command in '/home/vdt_2026/VDT_project/ros2_ws/src/xrce_bridge_manager': PYTHONPATH=/home/vdt_2026/VDT_project/build/xrce_bridge_manager/prefix_override:/usr/lib/python3/dist-packages/colcon_core/task/python/colcon_distutils_commands:/home/vdt_2026/VDT_project/install/xrce_bridge_manager/lib/python3.12/site-packages:${PYTHONPATH} /usr/bin/python3 -W ignore:setup.py install is deprecated -W ignore:easy_install command is deprecated setup.py egg_info --egg-base ../../../build/xrce_bridge_manager build --build-base /home/vdt_2026/VDT_project/build/xrce_bridge_manager/build install --record /home/vdt_2026/VDT_project/build/xrce_bridge_manager/install.log --install-scripts $base/lib/xrce_bridge_manager --single-version-externally-managed install_data
[16.761s] Level 1:colcon.colcon_core.environment:checking '/home/vdt_2026/VDT_project/install/xrce_bridge_manager' for CMake module files
[16.761s] DEBUG:colcon.colcon_core.event_handler.log_command:Invoked command in '/home/vdt_2026/VDT_project/ros2_ws/src/xrce_bridge_manager' returned '0': PYTHONPATH=/home/vdt_2026/VDT_project/build/xrce_bridge_manager/prefix_override:/usr/lib/python3/dist-packages/colcon_core/task/python/colcon_distutils_commands:/home/vdt_2026/VDT_project/install/xrce_bridge_manager/lib/python3.12/site-packages:${PYTHONPATH} /usr/bin/python3 -W ignore:setup.py install is deprecated -W ignore:easy_install command is deprecated setup.py egg_info --egg-base ../../../build/xrce_bridge_manager build --build-base /home/vdt_2026/VDT_project/build/xrce_bridge_manager/build install --record /home/vdt_2026/VDT_project/build/xrce_bridge_manager/install.log --install-scripts $base/lib/xrce_bridge_manager --single-version-externally-managed install_data
[16.762s] Level 1:colcon.colcon_core.environment:checking '/home/vdt_2026/VDT_project/install/xrce_bridge_manager' for CMake config files
[16.764s] Level 1:colcon.colcon_core.environment:checking '/home/vdt_2026/VDT_project/install/xrce_bridge_manager/lib'
[16.764s] Level 1:colcon.colcon_core.environment:checking '/home/vdt_2026/VDT_project/install/xrce_bridge_manager/bin'
[16.764s] Level 1:colcon.colcon_core.environment:checking '/home/vdt_2026/VDT_project/install/xrce_bridge_manager/lib/pkgconfig/xrce_bridge_manager.pc'
[16.764s] Level 1:colcon.colcon_core.environment:checking '/home/vdt_2026/VDT_project/install/xrce_bridge_manager/lib/python3.12/site-packages'
[16.764s] Level 1:colcon.colcon_core.shell:create_environment_hook('xrce_bridge_manager', 'pythonpath')
[16.765s] INFO:colcon.colcon_core.shell:Creating environment hook '/home/vdt_2026/VDT_project/install/xrce_bridge_manager/share/xrce_bridge_manager/hook/pythonpath.ps1'
[16.765s] INFO:colcon.colcon_core.shell:Creating environment descriptor '/home/vdt_2026/VDT_project/install/xrce_bridge_manager/share/xrce_bridge_manager/hook/pythonpath.dsv'
[16.766s] INFO:colcon.colcon_core.shell:Creating environment hook '/home/vdt_2026/VDT_project/install/xrce_bridge_manager/share/xrce_bridge_manager/hook/pythonpath.sh'
[16.767s] Level 1:colcon.colcon_core.environment:checking '/home/vdt_2026/VDT_project/install/xrce_bridge_manager/bin'
[16.767s] Level 1:colcon.colcon_core.environment:create_environment_scripts_only(xrce_bridge_manager)
[16.768s] INFO:colcon.colcon_core.shell:Creating package script '/home/vdt_2026/VDT_project/install/xrce_bridge_manager/share/xrce_bridge_manager/package.ps1'
[16.769s] INFO:colcon.colcon_core.shell:Creating package descriptor '/home/vdt_2026/VDT_project/install/xrce_bridge_manager/share/xrce_bridge_manager/package.dsv'
[16.769s] INFO:colcon.colcon_core.shell:Creating package script '/home/vdt_2026/VDT_project/install/xrce_bridge_manager/share/xrce_bridge_manager/package.sh'
[16.770s] INFO:colcon.colcon_core.shell:Creating package script '/home/vdt_2026/VDT_project/install/xrce_bridge_manager/share/xrce_bridge_manager/package.bash'
[16.771s] INFO:colcon.colcon_core.shell:Creating package script '/home/vdt_2026/VDT_project/install/xrce_bridge_manager/share/xrce_bridge_manager/package.zsh'
[16.772s] Level 1:colcon.colcon_core.environment:create_file_with_runtime_dependencies(/home/vdt_2026/VDT_project/install/xrce_bridge_manager/share/colcon-core/packages/xrce_bridge_manager)
[16.772s] DEBUG:colcon.colcon_core.executor.sequential:run_until_complete 'xrce_bridge_manager' finished with '0'
[16.773s] DEBUG:colcon.colcon_core.executor.sequential:run_until_complete 'fsm_state_machine'
[16.773s] INFO:colcon.colcon_ros.task.ament_cmake.build:Building ROS package in '/home/vdt_2026/VDT_project/ros2_ws/src/fsm_state_machine' with build type 'ament_cmake'
[16.773s] INFO:colcon.colcon_cmake.task.cmake.build:Building CMake package in '/home/vdt_2026/VDT_project/ros2_ws/src/fsm_state_machine'
[16.773s] INFO:colcon.colcon_core.shell:Skip shell extension 'powershell' for command environment: Not usable outside of PowerShell
[16.773s] DEBUG:colcon.colcon_core.shell:Skip shell extension 'dsv' for command environment
[16.798s] DEBUG:colcon.colcon_core.event_handler.log_command:Invoking command in '/home/vdt_2026/VDT_project/build/fsm_state_machine': AMENT_PREFIX_PATH=/home/vdt_2026/VDT_project/install/vdt_msgs:${AMENT_PREFIX_PATH} CMAKE_PREFIX_PATH=/home/vdt_2026/VDT_project/install/vdt_msgs:/home/vdt_2026/ros2_ws/install/px4_msgs:/opt/ros/jazzy LD_LIBRARY_PATH=/home/vdt_2026/VDT_project/install/vdt_msgs/lib:${LD_LIBRARY_PATH} PYTHONPATH=/home/vdt_2026/VDT_project/install/vdt_msgs/lib/python3.12/site-packages:${PYTHONPATH} /usr/bin/cmake /home/vdt_2026/VDT_project/ros2_ws/src/fsm_state_machine -DCMAKE_VERBOSE_MAKEFILE=ON -DCMAKE_INSTALL_PREFIX=/home/vdt_2026/VDT_project/install/fsm_state_machine
[18.468s] DEBUG:colcon.colcon_core.event_handler.log_command:Invoked command in '/home/vdt_2026/VDT_project/build/fsm_state_machine' returned '0': AMENT_PREFIX_PATH=/home/vdt_2026/VDT_project/install/vdt_msgs:${AMENT_PREFIX_PATH} CMAKE_PREFIX_PATH=/home/vdt_2026/VDT_project/install/vdt_msgs:/home/vdt_2026/ros2_ws/install/px4_msgs:/opt/ros/jazzy LD_LIBRARY_PATH=/home/vdt_2026/VDT_project/install/vdt_msgs/lib:${LD_LIBRARY_PATH} PYTHONPATH=/home/vdt_2026/VDT_project/install/vdt_msgs/lib/python3.12/site-packages:${PYTHONPATH} /usr/bin/cmake /home/vdt_2026/VDT_project/ros2_ws/src/fsm_state_machine -DCMAKE_VERBOSE_MAKEFILE=ON -DCMAKE_INSTALL_PREFIX=/home/vdt_2026/VDT_project/install/fsm_state_machine
[18.469s] DEBUG:colcon.colcon_core.event_handler.log_command:Invoking command in '/home/vdt_2026/VDT_project/build/fsm_state_machine': AMENT_PREFIX_PATH=/home/vdt_2026/VDT_project/install/vdt_msgs:${AMENT_PREFIX_PATH} CMAKE_PREFIX_PATH=/home/vdt_2026/VDT_project/install/vdt_msgs:/home/vdt_2026/ros2_ws/install/px4_msgs:/opt/ros/jazzy LD_LIBRARY_PATH=/home/vdt_2026/VDT_project/install/vdt_msgs/lib:${LD_LIBRARY_PATH} PYTHONPATH=/home/vdt_2026/VDT_project/install/vdt_msgs/lib/python3.12/site-packages:${PYTHONPATH} /usr/bin/cmake --build /home/vdt_2026/VDT_project/build/fsm_state_machine -- -j4 -l4
[21.391s] DEBUG:colcon.colcon_core.event_handler.log_command:Invoked command in '/home/vdt_2026/VDT_project/build/fsm_state_machine' returned '0': AMENT_PREFIX_PATH=/home/vdt_2026/VDT_project/install/vdt_msgs:${AMENT_PREFIX_PATH} CMAKE_PREFIX_PATH=/home/vdt_2026/VDT_project/install/vdt_msgs:/home/vdt_2026/ros2_ws/install/px4_msgs:/opt/ros/jazzy LD_LIBRARY_PATH=/home/vdt_2026/VDT_project/install/vdt_msgs/lib:${LD_LIBRARY_PATH} PYTHONPATH=/home/vdt_2026/VDT_project/install/vdt_msgs/lib/python3.12/site-packages:${PYTHONPATH} /usr/bin/cmake --build /home/vdt_2026/VDT_project/build/fsm_state_machine -- -j4 -l4
[21.394s] DEBUG:colcon.colcon_core.event_handler.log_command:Invoking command in '/home/vdt_2026/VDT_project/build/fsm_state_machine': AMENT_PREFIX_PATH=/home/vdt_2026/VDT_project/install/vdt_msgs:${AMENT_PREFIX_PATH} CMAKE_PREFIX_PATH=/home/vdt_2026/VDT_project/install/vdt_msgs:/home/vdt_2026/ros2_ws/install/px4_msgs:/opt/ros/jazzy LD_LIBRARY_PATH=/home/vdt_2026/VDT_project/install/vdt_msgs/lib:${LD_LIBRARY_PATH} PYTHONPATH=/home/vdt_2026/VDT_project/install/vdt_msgs/lib/python3.12/site-packages:${PYTHONPATH} /usr/bin/cmake --install /home/vdt_2026/VDT_project/build/fsm_state_machine
[21.419s] Level 1:colcon.colcon_core.environment:create_environment_scripts_only(fsm_state_machine)
[21.419s] Level 1:colcon.colcon_core.environment:checking '/home/vdt_2026/VDT_project/install/fsm_state_machine' for CMake module files
[21.419s] DEBUG:colcon.colcon_core.event_handler.log_command:Invoked command in '/home/vdt_2026/VDT_project/build/fsm_state_machine' returned '0': AMENT_PREFIX_PATH=/home/vdt_2026/VDT_project/install/vdt_msgs:${AMENT_PREFIX_PATH} CMAKE_PREFIX_PATH=/home/vdt_2026/VDT_project/install/vdt_msgs:/home/vdt_2026/ros2_ws/install/px4_msgs:/opt/ros/jazzy LD_LIBRARY_PATH=/home/vdt_2026/VDT_project/install/vdt_msgs/lib:${LD_LIBRARY_PATH} PYTHONPATH=/home/vdt_2026/VDT_project/install/vdt_msgs/lib/python3.12/site-packages:${PYTHONPATH} /usr/bin/cmake --install /home/vdt_2026/VDT_project/build/fsm_state_machine
[21.420s] Level 1:colcon.colcon_core.environment:checking '/home/vdt_2026/VDT_project/install/fsm_state_machine' for CMake config files
[21.420s] Level 1:colcon.colcon_core.shell:create_environment_hook('fsm_state_machine', 'cmake_prefix_path')
[21.421s] INFO:colcon.colcon_core.shell:Creating environment hook '/home/vdt_2026/VDT_project/install/fsm_state_machine/share/fsm_state_machine/hook/cmake_prefix_path.ps1'
[21.421s] INFO:colcon.colcon_core.shell:Creating environment descriptor '/home/vdt_2026/VDT_project/install/fsm_state_machine/share/fsm_state_machine/hook/cmake_prefix_path.dsv'
[21.421s] INFO:colcon.colcon_core.shell:Creating environment hook '/home/vdt_2026/VDT_project/install/fsm_state_machine/share/fsm_state_machine/hook/cmake_prefix_path.sh'
[21.422s] Level 1:colcon.colcon_core.environment:checking '/home/vdt_2026/VDT_project/install/fsm_state_machine/lib'
[21.422s] Level 1:colcon.colcon_core.environment:checking '/home/vdt_2026/VDT_project/install/fsm_state_machine/bin'
[21.422s] Level 1:colcon.colcon_core.environment:checking '/home/vdt_2026/VDT_project/install/fsm_state_machine/lib/pkgconfig/fsm_state_machine.pc'
[21.423s] Level 1:colcon.colcon_core.environment:checking '/home/vdt_2026/VDT_project/install/fsm_state_machine/lib/python3.12/site-packages'
[21.423s] Level 1:colcon.colcon_core.environment:checking '/home/vdt_2026/VDT_project/install/fsm_state_machine/bin'
[21.423s] INFO:colcon.colcon_core.shell:Creating package script '/home/vdt_2026/VDT_project/install/fsm_state_machine/share/fsm_state_machine/package.ps1'
[21.424s] INFO:colcon.colcon_core.shell:Creating package descriptor '/home/vdt_2026/VDT_project/install/fsm_state_machine/share/fsm_state_machine/package.dsv'
[21.424s] INFO:colcon.colcon_core.shell:Creating package script '/home/vdt_2026/VDT_project/install/fsm_state_machine/share/fsm_state_machine/package.sh'
[21.425s] INFO:colcon.colcon_core.shell:Creating package script '/home/vdt_2026/VDT_project/install/fsm_state_machine/share/fsm_state_machine/package.bash'
[21.425s] INFO:colcon.colcon_core.shell:Creating package script '/home/vdt_2026/VDT_project/install/fsm_state_machine/share/fsm_state_machine/package.zsh'
[21.425s] Level 1:colcon.colcon_core.environment:create_file_with_runtime_dependencies(/home/vdt_2026/VDT_project/install/fsm_state_machine/share/colcon-core/packages/fsm_state_machine)
[21.426s] Level 1:colcon.colcon_core.environment:create_environment_scripts_only(fsm_state_machine)
[21.426s] Level 1:colcon.colcon_core.environment:checking '/home/vdt_2026/VDT_project/install/fsm_state_machine' for CMake module files
[21.427s] Level 1:colcon.colcon_core.environment:checking '/home/vdt_2026/VDT_project/install/fsm_state_machine' for CMake config files
[21.427s] Level 1:colcon.colcon_core.shell:create_environment_hook('fsm_state_machine', 'cmake_prefix_path')
[21.427s] INFO:colcon.colcon_core.shell:Creating environment hook '/home/vdt_2026/VDT_project/install/fsm_state_machine/share/fsm_state_machine/hook/cmake_prefix_path.ps1'
[21.428s] INFO:colcon.colcon_core.shell:Creating environment descriptor '/home/vdt_2026/VDT_project/install/fsm_state_machine/share/fsm_state_machine/hook/cmake_prefix_path.dsv'
[21.429s] INFO:colcon.colcon_core.shell:Creating environment hook '/home/vdt_2026/VDT_project/install/fsm_state_machine/share/fsm_state_machine/hook/cmake_prefix_path.sh'
[21.430s] Level 1:colcon.colcon_core.environment:checking '/home/vdt_2026/VDT_project/install/fsm_state_machine/lib'
[21.430s] Level 1:colcon.colcon_core.environment:checking '/home/vdt_2026/VDT_project/install/fsm_state_machine/bin'
[21.430s] Level 1:colcon.colcon_core.environment:checking '/home/vdt_2026/VDT_project/install/fsm_state_machine/lib/pkgconfig/fsm_state_machine.pc'
[21.430s] Level 1:colcon.colcon_core.environment:checking '/home/vdt_2026/VDT_project/install/fsm_state_machine/lib/python3.12/site-packages'
[21.431s] Level 1:colcon.colcon_core.environment:checking '/home/vdt_2026/VDT_project/install/fsm_state_machine/bin'
[21.431s] INFO:colcon.colcon_core.shell:Creating package script '/home/vdt_2026/VDT_project/install/fsm_state_machine/share/fsm_state_machine/package.ps1'
[21.432s] INFO:colcon.colcon_core.shell:Creating package descriptor '/home/vdt_2026/VDT_project/install/fsm_state_machine/share/fsm_state_machine/package.dsv'
[21.433s] INFO:colcon.colcon_core.shell:Creating package script '/home/vdt_2026/VDT_project/install/fsm_state_machine/share/fsm_state_machine/package.sh'
[21.434s] INFO:colcon.colcon_core.shell:Creating package script '/home/vdt_2026/VDT_project/install/fsm_state_machine/share/fsm_state_machine/package.bash'
[21.435s] INFO:colcon.colcon_core.shell:Creating package script '/home/vdt_2026/VDT_project/install/fsm_state_machine/share/fsm_state_machine/package.zsh'
[21.435s] Level 1:colcon.colcon_core.environment:create_file_with_runtime_dependencies(/home/vdt_2026/VDT_project/install/fsm_state_machine/share/colcon-core/packages/fsm_state_machine)
[21.436s] DEBUG:colcon.colcon_core.executor.sequential:run_until_complete 'fsm_state_machine' finished with '0'
[21.437s] DEBUG:colcon.colcon_core.executor.sequential:run_until_complete 'input_state_cache'
[21.437s] INFO:colcon.colcon_ros.task.ament_cmake.build:Building ROS package in '/home/vdt_2026/VDT_project/ros2_ws/src/input_state_cache' with build type 'ament_cmake'
[21.437s] INFO:colcon.colcon_cmake.task.cmake.build:Building CMake package in '/home/vdt_2026/VDT_project/ros2_ws/src/input_state_cache'
[21.437s] INFO:colcon.colcon_core.shell:Skip shell extension 'powershell' for command environment: Not usable outside of PowerShell
[21.437s] DEBUG:colcon.colcon_core.shell:Skip shell extension 'dsv' for command environment
[21.456s] DEBUG:colcon.colcon_core.event_handler.log_command:Invoking command in '/home/vdt_2026/VDT_project/build/input_state_cache': AMENT_PREFIX_PATH=/home/vdt_2026/VDT_project/install/vdt_msgs:${AMENT_PREFIX_PATH} CMAKE_PREFIX_PATH=/home/vdt_2026/VDT_project/install/vdt_msgs:/home/vdt_2026/ros2_ws/install/px4_msgs:/opt/ros/jazzy LD_LIBRARY_PATH=/home/vdt_2026/VDT_project/install/vdt_msgs/lib:${LD_LIBRARY_PATH} PYTHONPATH=/home/vdt_2026/VDT_project/install/vdt_msgs/lib/python3.12/site-packages:${PYTHONPATH} /usr/bin/cmake /home/vdt_2026/VDT_project/ros2_ws/src/input_state_cache -DCMAKE_VERBOSE_MAKEFILE=ON -DCMAKE_INSTALL_PREFIX=/home/vdt_2026/VDT_project/install/input_state_cache
[22.775s] DEBUG:colcon.colcon_core.event_handler.log_command:Invoked command in '/home/vdt_2026/VDT_project/build/input_state_cache' returned '0': AMENT_PREFIX_PATH=/home/vdt_2026/VDT_project/install/vdt_msgs:${AMENT_PREFIX_PATH} CMAKE_PREFIX_PATH=/home/vdt_2026/VDT_project/install/vdt_msgs:/home/vdt_2026/ros2_ws/install/px4_msgs:/opt/ros/jazzy LD_LIBRARY_PATH=/home/vdt_2026/VDT_project/install/vdt_msgs/lib:${LD_LIBRARY_PATH} PYTHONPATH=/home/vdt_2026/VDT_project/install/vdt_msgs/lib/python3.12/site-packages:${PYTHONPATH} /usr/bin/cmake /home/vdt_2026/VDT_project/ros2_ws/src/input_state_cache -DCMAKE_VERBOSE_MAKEFILE=ON -DCMAKE_INSTALL_PREFIX=/home/vdt_2026/VDT_project/install/input_state_cache
[22.776s] DEBUG:colcon.colcon_core.event_handler.log_command:Invoking command in '/home/vdt_2026/VDT_project/build/input_state_cache': AMENT_PREFIX_PATH=/home/vdt_2026/VDT_project/install/vdt_msgs:${AMENT_PREFIX_PATH} CMAKE_PREFIX_PATH=/home/vdt_2026/VDT_project/install/vdt_msgs:/home/vdt_2026/ros2_ws/install/px4_msgs:/opt/ros/jazzy LD_LIBRARY_PATH=/home/vdt_2026/VDT_project/install/vdt_msgs/lib:${LD_LIBRARY_PATH} PYTHONPATH=/home/vdt_2026/VDT_project/install/vdt_msgs/lib/python3.12/site-packages:${PYTHONPATH} /usr/bin/cmake --build /home/vdt_2026/VDT_project/build/input_state_cache -- -j4 -l4
[23.715s] DEBUG:colcon.colcon_core.event_handler.log_command:Invoked command in '/home/vdt_2026/VDT_project/build/input_state_cache' returned '0': AMENT_PREFIX_PATH=/home/vdt_2026/VDT_project/install/vdt_msgs:${AMENT_PREFIX_PATH} CMAKE_PREFIX_PATH=/home/vdt_2026/VDT_project/install/vdt_msgs:/home/vdt_2026/ros2_ws/install/px4_msgs:/opt/ros/jazzy LD_LIBRARY_PATH=/home/vdt_2026/VDT_project/install/vdt_msgs/lib:${LD_LIBRARY_PATH} PYTHONPATH=/home/vdt_2026/VDT_project/install/vdt_msgs/lib/python3.12/site-packages:${PYTHONPATH} /usr/bin/cmake --build /home/vdt_2026/VDT_project/build/input_state_cache -- -j4 -l4
[23.718s] DEBUG:colcon.colcon_core.event_handler.log_command:Invoking command in '/home/vdt_2026/VDT_project/build/input_state_cache': AMENT_PREFIX_PATH=/home/vdt_2026/VDT_project/install/vdt_msgs:${AMENT_PREFIX_PATH} CMAKE_PREFIX_PATH=/home/vdt_2026/VDT_project/install/vdt_msgs:/home/vdt_2026/ros2_ws/install/px4_msgs:/opt/ros/jazzy LD_LIBRARY_PATH=/home/vdt_2026/VDT_project/install/vdt_msgs/lib:${LD_LIBRARY_PATH} PYTHONPATH=/home/vdt_2026/VDT_project/install/vdt_msgs/lib/python3.12/site-packages:${PYTHONPATH} /usr/bin/cmake --install /home/vdt_2026/VDT_project/build/input_state_cache
[23.743s] Level 1:colcon.colcon_core.environment:create_environment_scripts_only(input_state_cache)
[23.744s] Level 1:colcon.colcon_core.environment:checking '/home/vdt_2026/VDT_project/install/input_state_cache' for CMake module files
[23.744s] DEBUG:colcon.colcon_core.event_handler.log_command:Invoked command in '/home/vdt_2026/VDT_project/build/input_state_cache' returned '0': AMENT_PREFIX_PATH=/home/vdt_2026/VDT_project/install/vdt_msgs:${AMENT_PREFIX_PATH} CMAKE_PREFIX_PATH=/home/vdt_2026/VDT_project/install/vdt_msgs:/home/vdt_2026/ros2_ws/install/px4_msgs:/opt/ros/jazzy LD_LIBRARY_PATH=/home/vdt_2026/VDT_project/install/vdt_msgs/lib:${LD_LIBRARY_PATH} PYTHONPATH=/home/vdt_2026/VDT_project/install/vdt_msgs/lib/python3.12/site-packages:${PYTHONPATH} /usr/bin/cmake --install /home/vdt_2026/VDT_project/build/input_state_cache
[23.745s] Level 1:colcon.colcon_core.environment:checking '/home/vdt_2026/VDT_project/install/input_state_cache' for CMake config files
[23.745s] Level 1:colcon.colcon_core.shell:create_environment_hook('input_state_cache', 'cmake_prefix_path')
[23.745s] INFO:colcon.colcon_core.shell:Creating environment hook '/home/vdt_2026/VDT_project/install/input_state_cache/share/input_state_cache/hook/cmake_prefix_path.ps1'
[23.746s] INFO:colcon.colcon_core.shell:Creating environment descriptor '/home/vdt_2026/VDT_project/install/input_state_cache/share/input_state_cache/hook/cmake_prefix_path.dsv'
[23.746s] INFO:colcon.colcon_core.shell:Creating environment hook '/home/vdt_2026/VDT_project/install/input_state_cache/share/input_state_cache/hook/cmake_prefix_path.sh'
[23.747s] Level 1:colcon.colcon_core.environment:checking '/home/vdt_2026/VDT_project/install/input_state_cache/lib'
[23.747s] Level 1:colcon.colcon_core.environment:checking '/home/vdt_2026/VDT_project/install/input_state_cache/bin'
[23.747s] Level 1:colcon.colcon_core.environment:checking '/home/vdt_2026/VDT_project/install/input_state_cache/lib/pkgconfig/input_state_cache.pc'
[23.747s] Level 1:colcon.colcon_core.environment:checking '/home/vdt_2026/VDT_project/install/input_state_cache/lib/python3.12/site-packages'
[23.747s] Level 1:colcon.colcon_core.environment:checking '/home/vdt_2026/VDT_project/install/input_state_cache/bin'
[23.748s] INFO:colcon.colcon_core.shell:Creating package script '/home/vdt_2026/VDT_project/install/input_state_cache/share/input_state_cache/package.ps1'
[23.748s] INFO:colcon.colcon_core.shell:Creating package descriptor '/home/vdt_2026/VDT_project/install/input_state_cache/share/input_state_cache/package.dsv'
[23.749s] INFO:colcon.colcon_core.shell:Creating package script '/home/vdt_2026/VDT_project/install/input_state_cache/share/input_state_cache/package.sh'
[23.749s] INFO:colcon.colcon_core.shell:Creating package script '/home/vdt_2026/VDT_project/install/input_state_cache/share/input_state_cache/package.bash'
[23.750s] INFO:colcon.colcon_core.shell:Creating package script '/home/vdt_2026/VDT_project/install/input_state_cache/share/input_state_cache/package.zsh'
[23.750s] Level 1:colcon.colcon_core.environment:create_file_with_runtime_dependencies(/home/vdt_2026/VDT_project/install/input_state_cache/share/colcon-core/packages/input_state_cache)
[23.751s] Level 1:colcon.colcon_core.environment:create_environment_scripts_only(input_state_cache)
[23.751s] Level 1:colcon.colcon_core.environment:checking '/home/vdt_2026/VDT_project/install/input_state_cache' for CMake module files
[23.752s] Level 1:colcon.colcon_core.environment:checking '/home/vdt_2026/VDT_project/install/input_state_cache' for CMake config files
[23.752s] Level 1:colcon.colcon_core.shell:create_environment_hook('input_state_cache', 'cmake_prefix_path')
[23.752s] INFO:colcon.colcon_core.shell:Creating environment hook '/home/vdt_2026/VDT_project/install/input_state_cache/share/input_state_cache/hook/cmake_prefix_path.ps1'
[23.753s] INFO:colcon.colcon_core.shell:Creating environment descriptor '/home/vdt_2026/VDT_project/install/input_state_cache/share/input_state_cache/hook/cmake_prefix_path.dsv'
[23.754s] INFO:colcon.colcon_core.shell:Creating environment hook '/home/vdt_2026/VDT_project/install/input_state_cache/share/input_state_cache/hook/cmake_prefix_path.sh'
[23.755s] Level 1:colcon.colcon_core.environment:checking '/home/vdt_2026/VDT_project/install/input_state_cache/lib'
[23.755s] Level 1:colcon.colcon_core.environment:checking '/home/vdt_2026/VDT_project/install/input_state_cache/bin'
[23.755s] Level 1:colcon.colcon_core.environment:checking '/home/vdt_2026/VDT_project/install/input_state_cache/lib/pkgconfig/input_state_cache.pc'
[23.755s] Level 1:colcon.colcon_core.environment:checking '/home/vdt_2026/VDT_project/install/input_state_cache/lib/python3.12/site-packages'
[23.756s] Level 1:colcon.colcon_core.environment:checking '/home/vdt_2026/VDT_project/install/input_state_cache/bin'
[23.756s] INFO:colcon.colcon_core.shell:Creating package script '/home/vdt_2026/VDT_project/install/input_state_cache/share/input_state_cache/package.ps1'
[23.757s] INFO:colcon.colcon_core.shell:Creating package descriptor '/home/vdt_2026/VDT_project/install/input_state_cache/share/input_state_cache/package.dsv'
[23.758s] INFO:colcon.colcon_core.shell:Creating package script '/home/vdt_2026/VDT_project/install/input_state_cache/share/input_state_cache/package.sh'
[23.759s] INFO:colcon.colcon_core.shell:Creating package script '/home/vdt_2026/VDT_project/install/input_state_cache/share/input_state_cache/package.bash'
[23.760s] INFO:colcon.colcon_core.shell:Creating package script '/home/vdt_2026/VDT_project/install/input_state_cache/share/input_state_cache/package.zsh'
[23.761s] Level 1:colcon.colcon_core.environment:create_file_with_runtime_dependencies(/home/vdt_2026/VDT_project/install/input_state_cache/share/colcon-core/packages/input_state_cache)
[23.762s] DEBUG:colcon.colcon_core.executor.sequential:run_until_complete 'input_state_cache' finished with '0'
[23.762s] DEBUG:colcon.colcon_core.executor.sequential:run_until_complete 'offboard_manager'
[23.762s] INFO:colcon.colcon_ros.task.ament_cmake.build:Building ROS package in '/home/vdt_2026/VDT_project/ros2_ws/src/offboard_manager' with build type 'ament_cmake'
[23.762s] INFO:colcon.colcon_cmake.task.cmake.build:Building CMake package in '/home/vdt_2026/VDT_project/ros2_ws/src/offboard_manager'
[23.762s] INFO:colcon.colcon_core.shell:Skip shell extension 'powershell' for command environment: Not usable outside of PowerShell
[23.762s] DEBUG:colcon.colcon_core.shell:Skip shell extension 'dsv' for command environment
[23.785s] DEBUG:colcon.colcon_core.event_handler.log_command:Invoking command in '/home/vdt_2026/VDT_project/build/offboard_manager': AMENT_PREFIX_PATH=/home/vdt_2026/VDT_project/install/vdt_msgs:${AMENT_PREFIX_PATH} CMAKE_PREFIX_PATH=/home/vdt_2026/VDT_project/install/vdt_msgs:/home/vdt_2026/ros2_ws/install/px4_msgs:/opt/ros/jazzy LD_LIBRARY_PATH=/home/vdt_2026/VDT_project/install/vdt_msgs/lib:${LD_LIBRARY_PATH} PYTHONPATH=/home/vdt_2026/VDT_project/install/vdt_msgs/lib/python3.12/site-packages:${PYTHONPATH} /usr/bin/cmake /home/vdt_2026/VDT_project/ros2_ws/src/offboard_manager -DCMAKE_VERBOSE_MAKEFILE=ON -DCMAKE_INSTALL_PREFIX=/home/vdt_2026/VDT_project/install/offboard_manager
[24.833s] DEBUG:colcon.colcon_core.event_handler.log_command:Invoked command in '/home/vdt_2026/VDT_project/build/offboard_manager' returned '0': AMENT_PREFIX_PATH=/home/vdt_2026/VDT_project/install/vdt_msgs:${AMENT_PREFIX_PATH} CMAKE_PREFIX_PATH=/home/vdt_2026/VDT_project/install/vdt_msgs:/home/vdt_2026/ros2_ws/install/px4_msgs:/opt/ros/jazzy LD_LIBRARY_PATH=/home/vdt_2026/VDT_project/install/vdt_msgs/lib:${LD_LIBRARY_PATH} PYTHONPATH=/home/vdt_2026/VDT_project/install/vdt_msgs/lib/python3.12/site-packages:${PYTHONPATH} /usr/bin/cmake /home/vdt_2026/VDT_project/ros2_ws/src/offboard_manager -DCMAKE_VERBOSE_MAKEFILE=ON -DCMAKE_INSTALL_PREFIX=/home/vdt_2026/VDT_project/install/offboard_manager
[24.834s] DEBUG:colcon.colcon_core.event_handler.log_command:Invoking command in '/home/vdt_2026/VDT_project/build/offboard_manager': AMENT_PREFIX_PATH=/home/vdt_2026/VDT_project/install/vdt_msgs:${AMENT_PREFIX_PATH} CMAKE_PREFIX_PATH=/home/vdt_2026/VDT_project/install/vdt_msgs:/home/vdt_2026/ros2_ws/install/px4_msgs:/opt/ros/jazzy LD_LIBRARY_PATH=/home/vdt_2026/VDT_project/install/vdt_msgs/lib:${LD_LIBRARY_PATH} PYTHONPATH=/home/vdt_2026/VDT_project/install/vdt_msgs/lib/python3.12/site-packages:${PYTHONPATH} /usr/bin/cmake --build /home/vdt_2026/VDT_project/build/offboard_manager -- -j4 -l4
[25.816s] DEBUG:colcon.colcon_core.event_handler.log_command:Invoked command in '/home/vdt_2026/VDT_project/build/offboard_manager' returned '0': AMENT_PREFIX_PATH=/home/vdt_2026/VDT_project/install/vdt_msgs:${AMENT_PREFIX_PATH} CMAKE_PREFIX_PATH=/home/vdt_2026/VDT_project/install/vdt_msgs:/home/vdt_2026/ros2_ws/install/px4_msgs:/opt/ros/jazzy LD_LIBRARY_PATH=/home/vdt_2026/VDT_project/install/vdt_msgs/lib:${LD_LIBRARY_PATH} PYTHONPATH=/home/vdt_2026/VDT_project/install/vdt_msgs/lib/python3.12/site-packages:${PYTHONPATH} /usr/bin/cmake --build /home/vdt_2026/VDT_project/build/offboard_manager -- -j4 -l4
[25.818s] DEBUG:colcon.colcon_core.event_handler.log_command:Invoking command in '/home/vdt_2026/VDT_project/build/offboard_manager': AMENT_PREFIX_PATH=/home/vdt_2026/VDT_project/install/vdt_msgs:${AMENT_PREFIX_PATH} CMAKE_PREFIX_PATH=/home/vdt_2026/VDT_project/install/vdt_msgs:/home/vdt_2026/ros2_ws/install/px4_msgs:/opt/ros/jazzy LD_LIBRARY_PATH=/home/vdt_2026/VDT_project/install/vdt_msgs/lib:${LD_LIBRARY_PATH} PYTHONPATH=/home/vdt_2026/VDT_project/install/vdt_msgs/lib/python3.12/site-packages:${PYTHONPATH} /usr/bin/cmake --install /home/vdt_2026/VDT_project/build/offboard_manager
[25.845s] Level 1:colcon.colcon_core.environment:create_environment_scripts_only(offboard_manager)
[25.846s] Level 1:colcon.colcon_core.environment:checking '/home/vdt_2026/VDT_project/install/offboard_manager' for CMake module files
[25.846s] DEBUG:colcon.colcon_core.event_handler.log_command:Invoked command in '/home/vdt_2026/VDT_project/build/offboard_manager' returned '0': AMENT_PREFIX_PATH=/home/vdt_2026/VDT_project/install/vdt_msgs:${AMENT_PREFIX_PATH} CMAKE_PREFIX_PATH=/home/vdt_2026/VDT_project/install/vdt_msgs:/home/vdt_2026/ros2_ws/install/px4_msgs:/opt/ros/jazzy LD_LIBRARY_PATH=/home/vdt_2026/VDT_project/install/vdt_msgs/lib:${LD_LIBRARY_PATH} PYTHONPATH=/home/vdt_2026/VDT_project/install/vdt_msgs/lib/python3.12/site-packages:${PYTHONPATH} /usr/bin/cmake --install /home/vdt_2026/VDT_project/build/offboard_manager
[25.847s] Level 1:colcon.colcon_core.environment:checking '/home/vdt_2026/VDT_project/install/offboard_manager' for CMake config files
[25.847s] Level 1:colcon.colcon_core.shell:create_environment_hook('offboard_manager', 'cmake_prefix_path')
[25.847s] INFO:colcon.colcon_core.shell:Creating environment hook '/home/vdt_2026/VDT_project/install/offboard_manager/share/offboard_manager/hook/cmake_prefix_path.ps1'
[25.848s] INFO:colcon.colcon_core.shell:Creating environment descriptor '/home/vdt_2026/VDT_project/install/offboard_manager/share/offboard_manager/hook/cmake_prefix_path.dsv'
[25.848s] INFO:colcon.colcon_core.shell:Creating environment hook '/home/vdt_2026/VDT_project/install/offboard_manager/share/offboard_manager/hook/cmake_prefix_path.sh'
[25.849s] Level 1:colcon.colcon_core.environment:checking '/home/vdt_2026/VDT_project/install/offboard_manager/lib'
[25.849s] Level 1:colcon.colcon_core.environment:checking '/home/vdt_2026/VDT_project/install/offboard_manager/bin'
[25.849s] Level 1:colcon.colcon_core.environment:checking '/home/vdt_2026/VDT_project/install/offboard_manager/lib/pkgconfig/offboard_manager.pc'
[25.849s] Level 1:colcon.colcon_core.environment:checking '/home/vdt_2026/VDT_project/install/offboard_manager/lib/python3.12/site-packages'
[25.850s] Level 1:colcon.colcon_core.environment:checking '/home/vdt_2026/VDT_project/install/offboard_manager/bin'
[25.850s] INFO:colcon.colcon_core.shell:Creating package script '/home/vdt_2026/VDT_project/install/offboard_manager/share/offboard_manager/package.ps1'
[25.851s] INFO:colcon.colcon_core.shell:Creating package descriptor '/home/vdt_2026/VDT_project/install/offboard_manager/share/offboard_manager/package.dsv'
[25.851s] INFO:colcon.colcon_core.shell:Creating package script '/home/vdt_2026/VDT_project/install/offboard_manager/share/offboard_manager/package.sh'
[25.852s] INFO:colcon.colcon_core.shell:Creating package script '/home/vdt_2026/VDT_project/install/offboard_manager/share/offboard_manager/package.bash'
[25.852s] INFO:colcon.colcon_core.shell:Creating package script '/home/vdt_2026/VDT_project/install/offboard_manager/share/offboard_manager/package.zsh'
[25.853s] Level 1:colcon.colcon_core.environment:create_file_with_runtime_dependencies(/home/vdt_2026/VDT_project/install/offboard_manager/share/colcon-core/packages/offboard_manager)
[25.854s] Level 1:colcon.colcon_core.environment:create_environment_scripts_only(offboard_manager)
[25.854s] Level 1:colcon.colcon_core.environment:checking '/home/vdt_2026/VDT_project/install/offboard_manager' for CMake module files
[25.854s] Level 1:colcon.colcon_core.environment:checking '/home/vdt_2026/VDT_project/install/offboard_manager' for CMake config files
[25.855s] Level 1:colcon.colcon_core.shell:create_environment_hook('offboard_manager', 'cmake_prefix_path')
[25.855s] INFO:colcon.colcon_core.shell:Creating environment hook '/home/vdt_2026/VDT_project/install/offboard_manager/share/offboard_manager/hook/cmake_prefix_path.ps1'
[25.855s] INFO:colcon.colcon_core.shell:Creating environment descriptor '/home/vdt_2026/VDT_project/install/offboard_manager/share/offboard_manager/hook/cmake_prefix_path.dsv'
[25.856s] INFO:colcon.colcon_core.shell:Creating environment hook '/home/vdt_2026/VDT_project/install/offboard_manager/share/offboard_manager/hook/cmake_prefix_path.sh'
[25.857s] Level 1:colcon.colcon_core.environment:checking '/home/vdt_2026/VDT_project/install/offboard_manager/lib'
[25.857s] Level 1:colcon.colcon_core.environment:checking '/home/vdt_2026/VDT_project/install/offboard_manager/bin'
[25.857s] Level 1:colcon.colcon_core.environment:checking '/home/vdt_2026/VDT_project/install/offboard_manager/lib/pkgconfig/offboard_manager.pc'
[25.858s] Level 1:colcon.colcon_core.environment:checking '/home/vdt_2026/VDT_project/install/offboard_manager/lib/python3.12/site-packages'
[25.858s] Level 1:colcon.colcon_core.environment:checking '/home/vdt_2026/VDT_project/install/offboard_manager/bin'
[25.858s] INFO:colcon.colcon_core.shell:Creating package script '/home/vdt_2026/VDT_project/install/offboard_manager/share/offboard_manager/package.ps1'
[25.859s] INFO:colcon.colcon_core.shell:Creating package descriptor '/home/vdt_2026/VDT_project/install/offboard_manager/share/offboard_manager/package.dsv'
[25.860s] INFO:colcon.colcon_core.shell:Creating package script '/home/vdt_2026/VDT_project/install/offboard_manager/share/offboard_manager/package.sh'
[25.861s] INFO:colcon.colcon_core.shell:Creating package script '/home/vdt_2026/VDT_project/install/offboard_manager/share/offboard_manager/package.bash'
[25.861s] INFO:colcon.colcon_core.shell:Creating package script '/home/vdt_2026/VDT_project/install/offboard_manager/share/offboard_manager/package.zsh'
[25.862s] Level 1:colcon.colcon_core.environment:create_file_with_runtime_dependencies(/home/vdt_2026/VDT_project/install/offboard_manager/share/colcon-core/packages/offboard_manager)
[25.863s] DEBUG:colcon.colcon_core.executor.sequential:run_until_complete 'offboard_manager' finished with '0'
[25.863s] DEBUG:colcon.colcon_core.executor.sequential:run_until_complete 'rc_parser'
[25.863s] INFO:colcon.colcon_ros.task.ament_cmake.build:Building ROS package in '/home/vdt_2026/VDT_project/ros2_ws/src/rc_parser' with build type 'ament_cmake'
[25.863s] INFO:colcon.colcon_cmake.task.cmake.build:Building CMake package in '/home/vdt_2026/VDT_project/ros2_ws/src/rc_parser'
[25.863s] INFO:colcon.colcon_core.shell:Skip shell extension 'powershell' for command environment: Not usable outside of PowerShell
[25.863s] DEBUG:colcon.colcon_core.shell:Skip shell extension 'dsv' for command environment
[25.881s] DEBUG:colcon.colcon_core.event_handler.log_command:Invoking command in '/home/vdt_2026/VDT_project/build/rc_parser': AMENT_PREFIX_PATH=/home/vdt_2026/VDT_project/install/vdt_msgs:${AMENT_PREFIX_PATH} CMAKE_PREFIX_PATH=/home/vdt_2026/VDT_project/install/vdt_msgs:/home/vdt_2026/ros2_ws/install/px4_msgs:/opt/ros/jazzy LD_LIBRARY_PATH=/home/vdt_2026/VDT_project/install/vdt_msgs/lib:${LD_LIBRARY_PATH} PYTHONPATH=/home/vdt_2026/VDT_project/install/vdt_msgs/lib/python3.12/site-packages:${PYTHONPATH} /usr/bin/cmake /home/vdt_2026/VDT_project/ros2_ws/src/rc_parser -DCMAKE_VERBOSE_MAKEFILE=ON -DCMAKE_INSTALL_PREFIX=/home/vdt_2026/VDT_project/install/rc_parser
[26.885s] DEBUG:colcon.colcon_core.event_handler.log_command:Invoked command in '/home/vdt_2026/VDT_project/build/rc_parser' returned '0': AMENT_PREFIX_PATH=/home/vdt_2026/VDT_project/install/vdt_msgs:${AMENT_PREFIX_PATH} CMAKE_PREFIX_PATH=/home/vdt_2026/VDT_project/install/vdt_msgs:/home/vdt_2026/ros2_ws/install/px4_msgs:/opt/ros/jazzy LD_LIBRARY_PATH=/home/vdt_2026/VDT_project/install/vdt_msgs/lib:${LD_LIBRARY_PATH} PYTHONPATH=/home/vdt_2026/VDT_project/install/vdt_msgs/lib/python3.12/site-packages:${PYTHONPATH} /usr/bin/cmake /home/vdt_2026/VDT_project/ros2_ws/src/rc_parser -DCMAKE_VERBOSE_MAKEFILE=ON -DCMAKE_INSTALL_PREFIX=/home/vdt_2026/VDT_project/install/rc_parser
[26.887s] DEBUG:colcon.colcon_core.event_handler.log_command:Invoking command in '/home/vdt_2026/VDT_project/build/rc_parser': AMENT_PREFIX_PATH=/home/vdt_2026/VDT_project/install/vdt_msgs:${AMENT_PREFIX_PATH} CMAKE_PREFIX_PATH=/home/vdt_2026/VDT_project/install/vdt_msgs:/home/vdt_2026/ros2_ws/install/px4_msgs:/opt/ros/jazzy LD_LIBRARY_PATH=/home/vdt_2026/VDT_project/install/vdt_msgs/lib:${LD_LIBRARY_PATH} PYTHONPATH=/home/vdt_2026/VDT_project/install/vdt_msgs/lib/python3.12/site-packages:${PYTHONPATH} /usr/bin/cmake --build /home/vdt_2026/VDT_project/build/rc_parser -- -j4 -l4
[28.019s] DEBUG:colcon.colcon_core.event_handler.log_command:Invoked command in '/home/vdt_2026/VDT_project/build/rc_parser' returned '0': AMENT_PREFIX_PATH=/home/vdt_2026/VDT_project/install/vdt_msgs:${AMENT_PREFIX_PATH} CMAKE_PREFIX_PATH=/home/vdt_2026/VDT_project/install/vdt_msgs:/home/vdt_2026/ros2_ws/install/px4_msgs:/opt/ros/jazzy LD_LIBRARY_PATH=/home/vdt_2026/VDT_project/install/vdt_msgs/lib:${LD_LIBRARY_PATH} PYTHONPATH=/home/vdt_2026/VDT_project/install/vdt_msgs/lib/python3.12/site-packages:${PYTHONPATH} /usr/bin/cmake --build /home/vdt_2026/VDT_project/build/rc_parser -- -j4 -l4
[28.020s] DEBUG:colcon.colcon_core.event_handler.log_command:Invoking command in '/home/vdt_2026/VDT_project/build/rc_parser': AMENT_PREFIX_PATH=/home/vdt_2026/VDT_project/install/vdt_msgs:${AMENT_PREFIX_PATH} CMAKE_PREFIX_PATH=/home/vdt_2026/VDT_project/install/vdt_msgs:/home/vdt_2026/ros2_ws/install/px4_msgs:/opt/ros/jazzy LD_LIBRARY_PATH=/home/vdt_2026/VDT_project/install/vdt_msgs/lib:${LD_LIBRARY_PATH} PYTHONPATH=/home/vdt_2026/VDT_project/install/vdt_msgs/lib/python3.12/site-packages:${PYTHONPATH} /usr/bin/cmake --install /home/vdt_2026/VDT_project/build/rc_parser
[28.050s] Level 1:colcon.colcon_core.environment:create_environment_scripts_only(rc_parser)
[28.050s] Level 1:colcon.colcon_core.environment:checking '/home/vdt_2026/VDT_project/install/rc_parser' for CMake module files
[28.051s] DEBUG:colcon.colcon_core.event_handler.log_command:Invoked command in '/home/vdt_2026/VDT_project/build/rc_parser' returned '0': AMENT_PREFIX_PATH=/home/vdt_2026/VDT_project/install/vdt_msgs:${AMENT_PREFIX_PATH} CMAKE_PREFIX_PATH=/home/vdt_2026/VDT_project/install/vdt_msgs:/home/vdt_2026/ros2_ws/install/px4_msgs:/opt/ros/jazzy LD_LIBRARY_PATH=/home/vdt_2026/VDT_project/install/vdt_msgs/lib:${LD_LIBRARY_PATH} PYTHONPATH=/home/vdt_2026/VDT_project/install/vdt_msgs/lib/python3.12/site-packages:${PYTHONPATH} /usr/bin/cmake --install /home/vdt_2026/VDT_project/build/rc_parser
[28.052s] Level 1:colcon.colcon_core.environment:checking '/home/vdt_2026/VDT_project/install/rc_parser' for CMake config files
[28.053s] Level 1:colcon.colcon_core.shell:create_environment_hook('rc_parser', 'cmake_prefix_path')
[28.053s] INFO:colcon.colcon_core.shell:Creating environment hook '/home/vdt_2026/VDT_project/install/rc_parser/share/rc_parser/hook/cmake_prefix_path.ps1'
[28.054s] INFO:colcon.colcon_core.shell:Creating environment descriptor '/home/vdt_2026/VDT_project/install/rc_parser/share/rc_parser/hook/cmake_prefix_path.dsv'
[28.055s] INFO:colcon.colcon_core.shell:Creating environment hook '/home/vdt_2026/VDT_project/install/rc_parser/share/rc_parser/hook/cmake_prefix_path.sh'
[28.056s] Level 1:colcon.colcon_core.environment:checking '/home/vdt_2026/VDT_project/install/rc_parser/lib'
[28.056s] Level 1:colcon.colcon_core.environment:checking '/home/vdt_2026/VDT_project/install/rc_parser/bin'
[28.057s] Level 1:colcon.colcon_core.environment:checking '/home/vdt_2026/VDT_project/install/rc_parser/lib/pkgconfig/rc_parser.pc'
[28.057s] Level 1:colcon.colcon_core.environment:checking '/home/vdt_2026/VDT_project/install/rc_parser/lib/python3.12/site-packages'
[28.057s] Level 1:colcon.colcon_core.environment:checking '/home/vdt_2026/VDT_project/install/rc_parser/bin'
[28.058s] INFO:colcon.colcon_core.shell:Creating package script '/home/vdt_2026/VDT_project/install/rc_parser/share/rc_parser/package.ps1'
[28.058s] INFO:colcon.colcon_core.shell:Creating package descriptor '/home/vdt_2026/VDT_project/install/rc_parser/share/rc_parser/package.dsv'
[28.059s] INFO:colcon.colcon_core.shell:Creating package script '/home/vdt_2026/VDT_project/install/rc_parser/share/rc_parser/package.sh'
[28.060s] INFO:colcon.colcon_core.shell:Creating package script '/home/vdt_2026/VDT_project/install/rc_parser/share/rc_parser/package.bash'
[28.061s] INFO:colcon.colcon_core.shell:Creating package script '/home/vdt_2026/VDT_project/install/rc_parser/share/rc_parser/package.zsh'
[28.061s] Level 1:colcon.colcon_core.environment:create_file_with_runtime_dependencies(/home/vdt_2026/VDT_project/install/rc_parser/share/colcon-core/packages/rc_parser)
[28.063s] Level 1:colcon.colcon_core.environment:create_environment_scripts_only(rc_parser)
[28.063s] Level 1:colcon.colcon_core.environment:checking '/home/vdt_2026/VDT_project/install/rc_parser' for CMake module files
[28.064s] Level 1:colcon.colcon_core.environment:checking '/home/vdt_2026/VDT_project/install/rc_parser' for CMake config files
[28.064s] Level 1:colcon.colcon_core.shell:create_environment_hook('rc_parser', 'cmake_prefix_path')
[28.064s] INFO:colcon.colcon_core.shell:Creating environment hook '/home/vdt_2026/VDT_project/install/rc_parser/share/rc_parser/hook/cmake_prefix_path.ps1'
[28.065s] INFO:colcon.colcon_core.shell:Creating environment descriptor '/home/vdt_2026/VDT_project/install/rc_parser/share/rc_parser/hook/cmake_prefix_path.dsv'
[28.065s] INFO:colcon.colcon_core.shell:Creating environment hook '/home/vdt_2026/VDT_project/install/rc_parser/share/rc_parser/hook/cmake_prefix_path.sh'
[28.066s] Level 1:colcon.colcon_core.environment:checking '/home/vdt_2026/VDT_project/install/rc_parser/lib'
[28.067s] Level 1:colcon.colcon_core.environment:checking '/home/vdt_2026/VDT_project/install/rc_parser/bin'
[28.067s] Level 1:colcon.colcon_core.environment:checking '/home/vdt_2026/VDT_project/install/rc_parser/lib/pkgconfig/rc_parser.pc'
[28.067s] Level 1:colcon.colcon_core.environment:checking '/home/vdt_2026/VDT_project/install/rc_parser/lib/python3.12/site-packages'
[28.067s] Level 1:colcon.colcon_core.environment:checking '/home/vdt_2026/VDT_project/install/rc_parser/bin'
[28.068s] INFO:colcon.colcon_core.shell:Creating package script '/home/vdt_2026/VDT_project/install/rc_parser/share/rc_parser/package.ps1'
[28.069s] INFO:colcon.colcon_core.shell:Creating package descriptor '/home/vdt_2026/VDT_project/install/rc_parser/share/rc_parser/package.dsv'
[28.069s] INFO:colcon.colcon_core.shell:Creating package script '/home/vdt_2026/VDT_project/install/rc_parser/share/rc_parser/package.sh'
[28.070s] INFO:colcon.colcon_core.shell:Creating package script '/home/vdt_2026/VDT_project/install/rc_parser/share/rc_parser/package.bash'
[28.072s] INFO:colcon.colcon_core.shell:Creating package script '/home/vdt_2026/VDT_project/install/rc_parser/share/rc_parser/package.zsh'
[28.073s] Level 1:colcon.colcon_core.environment:create_file_with_runtime_dependencies(/home/vdt_2026/VDT_project/install/rc_parser/share/colcon-core/packages/rc_parser)
[28.074s] DEBUG:colcon.colcon_core.executor.sequential:run_until_complete 'rc_parser' finished with '0'
[28.074s] DEBUG:colcon.colcon_core.executor.sequential:run_until_complete 'vision_interface_bridge'
[28.074s] INFO:colcon.colcon_ros.task.ament_cmake.build:Building ROS package in '/home/vdt_2026/VDT_project/ros2_ws/src/vision_interface_bridge' with build type 'ament_cmake'
[28.074s] INFO:colcon.colcon_cmake.task.cmake.build:Building CMake package in '/home/vdt_2026/VDT_project/ros2_ws/src/vision_interface_bridge'
[28.075s] INFO:colcon.colcon_core.shell:Skip shell extension 'powershell' for command environment: Not usable outside of PowerShell
[28.075s] DEBUG:colcon.colcon_core.shell:Skip shell extension 'dsv' for command environment
[28.087s] DEBUG:colcon.colcon_core.event_handler.log_command:Invoking command in '/home/vdt_2026/VDT_project/build/vision_interface_bridge': AMENT_PREFIX_PATH=/home/vdt_2026/VDT_project/install/vdt_msgs:${AMENT_PREFIX_PATH} CMAKE_PREFIX_PATH=/home/vdt_2026/VDT_project/install/vdt_msgs:/home/vdt_2026/ros2_ws/install/px4_msgs:/opt/ros/jazzy LD_LIBRARY_PATH=/home/vdt_2026/VDT_project/install/vdt_msgs/lib:${LD_LIBRARY_PATH} PYTHONPATH=/home/vdt_2026/VDT_project/install/vdt_msgs/lib/python3.12/site-packages:${PYTHONPATH} /usr/bin/cmake /home/vdt_2026/VDT_project/ros2_ws/src/vision_interface_bridge -DCMAKE_VERBOSE_MAKEFILE=ON -DCMAKE_INSTALL_PREFIX=/home/vdt_2026/VDT_project/install/vision_interface_bridge
[30.244s] DEBUG:colcon.colcon_core.event_handler.log_command:Invoked command in '/home/vdt_2026/VDT_project/build/vision_interface_bridge' returned '0': AMENT_PREFIX_PATH=/home/vdt_2026/VDT_project/install/vdt_msgs:${AMENT_PREFIX_PATH} CMAKE_PREFIX_PATH=/home/vdt_2026/VDT_project/install/vdt_msgs:/home/vdt_2026/ros2_ws/install/px4_msgs:/opt/ros/jazzy LD_LIBRARY_PATH=/home/vdt_2026/VDT_project/install/vdt_msgs/lib:${LD_LIBRARY_PATH} PYTHONPATH=/home/vdt_2026/VDT_project/install/vdt_msgs/lib/python3.12/site-packages:${PYTHONPATH} /usr/bin/cmake /home/vdt_2026/VDT_project/ros2_ws/src/vision_interface_bridge -DCMAKE_VERBOSE_MAKEFILE=ON -DCMAKE_INSTALL_PREFIX=/home/vdt_2026/VDT_project/install/vision_interface_bridge
[30.245s] DEBUG:colcon.colcon_core.event_handler.log_command:Invoking command in '/home/vdt_2026/VDT_project/build/vision_interface_bridge': AMENT_PREFIX_PATH=/home/vdt_2026/VDT_project/install/vdt_msgs:${AMENT_PREFIX_PATH} CMAKE_PREFIX_PATH=/home/vdt_2026/VDT_project/install/vdt_msgs:/home/vdt_2026/ros2_ws/install/px4_msgs:/opt/ros/jazzy LD_LIBRARY_PATH=/home/vdt_2026/VDT_project/install/vdt_msgs/lib:${LD_LIBRARY_PATH} PYTHONPATH=/home/vdt_2026/VDT_project/install/vdt_msgs/lib/python3.12/site-packages:${PYTHONPATH} /usr/bin/cmake --build /home/vdt_2026/VDT_project/build/vision_interface_bridge -- -j4 -l4
[59.103s] DEBUG:colcon.colcon_core.event_handler.log_command:Invoked command in '/home/vdt_2026/VDT_project/build/vision_interface_bridge' returned '0': AMENT_PREFIX_PATH=/home/vdt_2026/VDT_project/install/vdt_msgs:${AMENT_PREFIX_PATH} CMAKE_PREFIX_PATH=/home/vdt_2026/VDT_project/install/vdt_msgs:/home/vdt_2026/ros2_ws/install/px4_msgs:/opt/ros/jazzy LD_LIBRARY_PATH=/home/vdt_2026/VDT_project/install/vdt_msgs/lib:${LD_LIBRARY_PATH} PYTHONPATH=/home/vdt_2026/VDT_project/install/vdt_msgs/lib/python3.12/site-packages:${PYTHONPATH} /usr/bin/cmake --build /home/vdt_2026/VDT_project/build/vision_interface_bridge -- -j4 -l4
[59.105s] DEBUG:colcon.colcon_core.event_handler.log_command:Invoking command in '/home/vdt_2026/VDT_project/build/vision_interface_bridge': AMENT_PREFIX_PATH=/home/vdt_2026/VDT_project/install/vdt_msgs:${AMENT_PREFIX_PATH} CMAKE_PREFIX_PATH=/home/vdt_2026/VDT_project/install/vdt_msgs:/home/vdt_2026/ros2_ws/install/px4_msgs:/opt/ros/jazzy LD_LIBRARY_PATH=/home/vdt_2026/VDT_project/install/vdt_msgs/lib:${LD_LIBRARY_PATH} PYTHONPATH=/home/vdt_2026/VDT_project/install/vdt_msgs/lib/python3.12/site-packages:${PYTHONPATH} /usr/bin/cmake --install /home/vdt_2026/VDT_project/build/vision_interface_bridge
[59.151s] Level 1:colcon.colcon_core.environment:create_environment_scripts_only(vision_interface_bridge)
[59.151s] Level 1:colcon.colcon_core.environment:checking '/home/vdt_2026/VDT_project/install/vision_interface_bridge' for CMake module files
[59.151s] DEBUG:colcon.colcon_core.event_handler.log_command:Invoked command in '/home/vdt_2026/VDT_project/build/vision_interface_bridge' returned '0': AMENT_PREFIX_PATH=/home/vdt_2026/VDT_project/install/vdt_msgs:${AMENT_PREFIX_PATH} CMAKE_PREFIX_PATH=/home/vdt_2026/VDT_project/install/vdt_msgs:/home/vdt_2026/ros2_ws/install/px4_msgs:/opt/ros/jazzy LD_LIBRARY_PATH=/home/vdt_2026/VDT_project/install/vdt_msgs/lib:${LD_LIBRARY_PATH} PYTHONPATH=/home/vdt_2026/VDT_project/install/vdt_msgs/lib/python3.12/site-packages:${PYTHONPATH} /usr/bin/cmake --install /home/vdt_2026/VDT_project/build/vision_interface_bridge
[59.152s] Level 1:colcon.colcon_core.environment:checking '/home/vdt_2026/VDT_project/install/vision_interface_bridge' for CMake config files
[59.152s] Level 1:colcon.colcon_core.shell:create_environment_hook('vision_interface_bridge', 'cmake_prefix_path')
[59.152s] INFO:colcon.colcon_core.shell:Creating environment hook '/home/vdt_2026/VDT_project/install/vision_interface_bridge/share/vision_interface_bridge/hook/cmake_prefix_path.ps1'
[59.153s] INFO:colcon.colcon_core.shell:Creating environment descriptor '/home/vdt_2026/VDT_project/install/vision_interface_bridge/share/vision_interface_bridge/hook/cmake_prefix_path.dsv'
[59.153s] INFO:colcon.colcon_core.shell:Creating environment hook '/home/vdt_2026/VDT_project/install/vision_interface_bridge/share/vision_interface_bridge/hook/cmake_prefix_path.sh'
[59.154s] Level 1:colcon.colcon_core.environment:checking '/home/vdt_2026/VDT_project/install/vision_interface_bridge/lib'
[59.154s] Level 1:colcon.colcon_core.environment:checking '/home/vdt_2026/VDT_project/install/vision_interface_bridge/bin'
[59.154s] Level 1:colcon.colcon_core.environment:checking '/home/vdt_2026/VDT_project/install/vision_interface_bridge/lib/pkgconfig/vision_interface_bridge.pc'
[59.155s] Level 1:colcon.colcon_core.environment:checking '/home/vdt_2026/VDT_project/install/vision_interface_bridge/lib/python3.12/site-packages'
[59.155s] Level 1:colcon.colcon_core.environment:checking '/home/vdt_2026/VDT_project/install/vision_interface_bridge/bin'
[59.155s] INFO:colcon.colcon_core.shell:Creating package script '/home/vdt_2026/VDT_project/install/vision_interface_bridge/share/vision_interface_bridge/package.ps1'
[59.156s] INFO:colcon.colcon_core.shell:Creating package descriptor '/home/vdt_2026/VDT_project/install/vision_interface_bridge/share/vision_interface_bridge/package.dsv'
[59.156s] INFO:colcon.colcon_core.shell:Creating package script '/home/vdt_2026/VDT_project/install/vision_interface_bridge/share/vision_interface_bridge/package.sh'
[59.157s] INFO:colcon.colcon_core.shell:Creating package script '/home/vdt_2026/VDT_project/install/vision_interface_bridge/share/vision_interface_bridge/package.bash'
[59.157s] INFO:colcon.colcon_core.shell:Creating package script '/home/vdt_2026/VDT_project/install/vision_interface_bridge/share/vision_interface_bridge/package.zsh'
[59.158s] Level 1:colcon.colcon_core.environment:create_file_with_runtime_dependencies(/home/vdt_2026/VDT_project/install/vision_interface_bridge/share/colcon-core/packages/vision_interface_bridge)
[59.159s] Level 1:colcon.colcon_core.environment:create_environment_scripts_only(vision_interface_bridge)
[59.159s] Level 1:colcon.colcon_core.environment:checking '/home/vdt_2026/VDT_project/install/vision_interface_bridge' for CMake module files
[59.160s] Level 1:colcon.colcon_core.environment:checking '/home/vdt_2026/VDT_project/install/vision_interface_bridge' for CMake config files
[59.160s] Level 1:colcon.colcon_core.shell:create_environment_hook('vision_interface_bridge', 'cmake_prefix_path')
[59.160s] INFO:colcon.colcon_core.shell:Creating environment hook '/home/vdt_2026/VDT_project/install/vision_interface_bridge/share/vision_interface_bridge/hook/cmake_prefix_path.ps1'
[59.161s] INFO:colcon.colcon_core.shell:Creating environment descriptor '/home/vdt_2026/VDT_project/install/vision_interface_bridge/share/vision_interface_bridge/hook/cmake_prefix_path.dsv'
[59.161s] INFO:colcon.colcon_core.shell:Creating environment hook '/home/vdt_2026/VDT_project/install/vision_interface_bridge/share/vision_interface_bridge/hook/cmake_prefix_path.sh'
[59.162s] Level 1:colcon.colcon_core.environment:checking '/home/vdt_2026/VDT_project/install/vision_interface_bridge/lib'
[59.162s] Level 1:colcon.colcon_core.environment:checking '/home/vdt_2026/VDT_project/install/vision_interface_bridge/bin'
[59.162s] Level 1:colcon.colcon_core.environment:checking '/home/vdt_2026/VDT_project/install/vision_interface_bridge/lib/pkgconfig/vision_interface_bridge.pc'
[59.163s] Level 1:colcon.colcon_core.environment:checking '/home/vdt_2026/VDT_project/install/vision_interface_bridge/lib/python3.12/site-packages'
[59.163s] Level 1:colcon.colcon_core.environment:checking '/home/vdt_2026/VDT_project/install/vision_interface_bridge/bin'
[59.164s] INFO:colcon.colcon_core.shell:Creating package script '/home/vdt_2026/VDT_project/install/vision_interface_bridge/share/vision_interface_bridge/package.ps1'
[59.165s] INFO:colcon.colcon_core.shell:Creating package descriptor '/home/vdt_2026/VDT_project/install/vision_interface_bridge/share/vision_interface_bridge/package.dsv'
[59.165s] INFO:colcon.colcon_core.shell:Creating package script '/home/vdt_2026/VDT_project/install/vision_interface_bridge/share/vision_interface_bridge/package.sh'
[59.166s] INFO:colcon.colcon_core.shell:Creating package script '/home/vdt_2026/VDT_project/install/vision_interface_bridge/share/vision_interface_bridge/package.bash'
[59.167s] INFO:colcon.colcon_core.shell:Creating package script '/home/vdt_2026/VDT_project/install/vision_interface_bridge/share/vision_interface_bridge/package.zsh'
[59.167s] Level 1:colcon.colcon_core.environment:create_file_with_runtime_dependencies(/home/vdt_2026/VDT_project/install/vision_interface_bridge/share/colcon-core/packages/vision_interface_bridge)
[59.168s] DEBUG:colcon.colcon_core.executor.sequential:run_until_complete 'vision_interface_bridge' finished with '0'
[59.168s] DEBUG:colcon.colcon_core.executor.sequential:run_until_complete 'apf_planner'
[59.168s] INFO:colcon.colcon_ros.task.ament_python.build:Building ROS package in '/home/vdt_2026/VDT_project/ros2_ws/src/apf_planner' with build type 'ament_python'
[59.168s] Level 1:colcon.colcon_core.shell:create_environment_hook('apf_planner', 'ament_prefix_path')
[59.169s] INFO:colcon.colcon_core.shell:Creating environment hook '/home/vdt_2026/VDT_project/install/apf_planner/share/apf_planner/hook/ament_prefix_path.ps1'
[59.170s] INFO:colcon.colcon_core.shell:Creating environment descriptor '/home/vdt_2026/VDT_project/install/apf_planner/share/apf_planner/hook/ament_prefix_path.dsv'
[59.170s] INFO:colcon.colcon_core.shell:Creating environment hook '/home/vdt_2026/VDT_project/install/apf_planner/share/apf_planner/hook/ament_prefix_path.sh'
[59.171s] INFO:colcon.colcon_core.shell:Skip shell extension 'powershell' for command environment: Not usable outside of PowerShell
[59.171s] DEBUG:colcon.colcon_core.shell:Skip shell extension 'dsv' for command environment
[59.480s] INFO:colcon.colcon_core.task.python.build:Building Python package in '/home/vdt_2026/VDT_project/ros2_ws/src/apf_planner'
[59.480s] INFO:colcon.colcon_core.shell:Skip shell extension 'powershell' for command environment: Not usable outside of PowerShell
[59.480s] DEBUG:colcon.colcon_core.shell:Skip shell extension 'dsv' for command environment
[60.220s] DEBUG:colcon.colcon_core.task.python.build:Available setuptools commands: upload, editable_wheel, clean, egg_info, build, install, sdist, install_lib, develop, bdist_dumb, upload_docs, saveopts, compile_catalog, bdist, install_data, bdist_egg, update_catalog, register, build_clib, bdist_rpm, init_catalog, extract_messages, rotate, check, setopt, build_ext, build_py, dist_info, test, easy_install, symlink_data, bdist_wheel, install_headers, install_scripts, install_egg_info, build_scripts, alias
[60.222s] DEBUG:colcon.colcon_core.event_handler.log_command:Invoking command in '/home/vdt_2026/VDT_project/ros2_ws/src/apf_planner': AMENT_PREFIX_PATH=/home/vdt_2026/VDT_project/install/offboard_manager:/home/vdt_2026/VDT_project/install/vdt_msgs:${AMENT_PREFIX_PATH} CMAKE_PREFIX_PATH=/home/vdt_2026/VDT_project/install/offboard_manager:/home/vdt_2026/VDT_project/install/vdt_msgs:${CMAKE_PREFIX_PATH} LD_LIBRARY_PATH=/home/vdt_2026/VDT_project/install/vdt_msgs/lib:${LD_LIBRARY_PATH} PYTHONPATH=/home/vdt_2026/VDT_project/build/apf_planner/prefix_override:/usr/lib/python3/dist-packages/colcon_core/task/python/colcon_distutils_commands:/home/vdt_2026/VDT_project/install/apf_planner/lib/python3.12/site-packages:/home/vdt_2026/VDT_project/install/vdt_msgs/lib/python3.12/site-packages:${PYTHONPATH} /usr/bin/python3 -W ignore:setup.py install is deprecated -W ignore:easy_install command is deprecated setup.py egg_info --egg-base ../../../build/apf_planner build --build-base /home/vdt_2026/VDT_project/build/apf_planner/build install --record /home/vdt_2026/VDT_project/build/apf_planner/install.log --install-scripts $base/lib/apf_planner --single-version-externally-managed install_data
[60.888s] Level 1:colcon.colcon_core.environment:checking '/home/vdt_2026/VDT_project/install/apf_planner' for CMake module files
[60.889s] DEBUG:colcon.colcon_core.event_handler.log_command:Invoked command in '/home/vdt_2026/VDT_project/ros2_ws/src/apf_planner' returned '0': AMENT_PREFIX_PATH=/home/vdt_2026/VDT_project/install/offboard_manager:/home/vdt_2026/VDT_project/install/vdt_msgs:${AMENT_PREFIX_PATH} CMAKE_PREFIX_PATH=/home/vdt_2026/VDT_project/install/offboard_manager:/home/vdt_2026/VDT_project/install/vdt_msgs:${CMAKE_PREFIX_PATH} LD_LIBRARY_PATH=/home/vdt_2026/VDT_project/install/vdt_msgs/lib:${LD_LIBRARY_PATH} PYTHONPATH=/home/vdt_2026/VDT_project/build/apf_planner/prefix_override:/usr/lib/python3/dist-packages/colcon_core/task/python/colcon_distutils_commands:/home/vdt_2026/VDT_project/install/apf_planner/lib/python3.12/site-packages:/home/vdt_2026/VDT_project/install/vdt_msgs/lib/python3.12/site-packages:${PYTHONPATH} /usr/bin/python3 -W ignore:setup.py install is deprecated -W ignore:easy_install command is deprecated setup.py egg_info --egg-base ../../../build/apf_planner build --build-base /home/vdt_2026/VDT_project/build/apf_planner/build install --record /home/vdt_2026/VDT_project/build/apf_planner/install.log --install-scripts $base/lib/apf_planner --single-version-externally-managed install_data
[60.889s] Level 1:colcon.colcon_core.environment:checking '/home/vdt_2026/VDT_project/install/apf_planner' for CMake config files
[60.890s] Level 1:colcon.colcon_core.environment:checking '/home/vdt_2026/VDT_project/install/apf_planner/lib'
[60.890s] Level 1:colcon.colcon_core.environment:checking '/home/vdt_2026/VDT_project/install/apf_planner/bin'
[60.890s] Level 1:colcon.colcon_core.environment:checking '/home/vdt_2026/VDT_project/install/apf_planner/lib/pkgconfig/apf_planner.pc'
[60.890s] Level 1:colcon.colcon_core.environment:checking '/home/vdt_2026/VDT_project/install/apf_planner/lib/python3.12/site-packages'
[60.890s] Level 1:colcon.colcon_core.shell:create_environment_hook('apf_planner', 'pythonpath')
[60.891s] INFO:colcon.colcon_core.shell:Creating environment hook '/home/vdt_2026/VDT_project/install/apf_planner/share/apf_planner/hook/pythonpath.ps1'
[60.891s] INFO:colcon.colcon_core.shell:Creating environment descriptor '/home/vdt_2026/VDT_project/install/apf_planner/share/apf_planner/hook/pythonpath.dsv'
[60.891s] INFO:colcon.colcon_core.shell:Creating environment hook '/home/vdt_2026/VDT_project/install/apf_planner/share/apf_planner/hook/pythonpath.sh'
[60.892s] Level 1:colcon.colcon_core.environment:checking '/home/vdt_2026/VDT_project/install/apf_planner/bin'
[60.892s] Level 1:colcon.colcon_core.environment:create_environment_scripts_only(apf_planner)
[60.893s] INFO:colcon.colcon_core.shell:Creating package script '/home/vdt_2026/VDT_project/install/apf_planner/share/apf_planner/package.ps1'
[60.893s] INFO:colcon.colcon_core.shell:Creating package descriptor '/home/vdt_2026/VDT_project/install/apf_planner/share/apf_planner/package.dsv'
[60.894s] INFO:colcon.colcon_core.shell:Creating package script '/home/vdt_2026/VDT_project/install/apf_planner/share/apf_planner/package.sh'
[60.894s] INFO:colcon.colcon_core.shell:Creating package script '/home/vdt_2026/VDT_project/install/apf_planner/share/apf_planner/package.bash'
[60.894s] INFO:colcon.colcon_core.shell:Creating package script '/home/vdt_2026/VDT_project/install/apf_planner/share/apf_planner/package.zsh'
[60.895s] Level 1:colcon.colcon_core.environment:create_file_with_runtime_dependencies(/home/vdt_2026/VDT_project/install/apf_planner/share/colcon-core/packages/apf_planner)
[60.895s] DEBUG:colcon.colcon_core.executor.sequential:run_until_complete 'apf_planner' finished with '0'
[60.895s] DEBUG:colcon.colcon_core.executor.sequential:run_until_complete 'gimbal_control'
[60.895s] INFO:colcon.colcon_ros.task.ament_cmake.build:Building ROS package in '/home/vdt_2026/VDT_project/ros2_ws/src/gimbal_control' with build type 'ament_cmake'
[60.896s] INFO:colcon.colcon_cmake.task.cmake.build:Building CMake package in '/home/vdt_2026/VDT_project/ros2_ws/src/gimbal_control'
[60.896s] INFO:colcon.colcon_core.shell:Skip shell extension 'powershell' for command environment: Not usable outside of PowerShell
[60.896s] DEBUG:colcon.colcon_core.shell:Skip shell extension 'dsv' for command environment
[60.910s] DEBUG:colcon.colcon_core.event_handler.log_command:Invoking command in '/home/vdt_2026/VDT_project/build/gimbal_control': AMENT_PREFIX_PATH=/home/vdt_2026/VDT_project/install/input_state_cache:/home/vdt_2026/VDT_project/install/fsm_state_machine:/home/vdt_2026/VDT_project/install/vdt_msgs:${AMENT_PREFIX_PATH} CMAKE_PREFIX_PATH=/home/vdt_2026/VDT_project/install/input_state_cache:/home/vdt_2026/VDT_project/install/fsm_state_machine:/home/vdt_2026/VDT_project/install/vdt_msgs:/home/vdt_2026/ros2_ws/install/px4_msgs:/opt/ros/jazzy LD_LIBRARY_PATH=/home/vdt_2026/VDT_project/install/vdt_msgs/lib:${LD_LIBRARY_PATH} PYTHONPATH=/home/vdt_2026/VDT_project/install/vdt_msgs/lib/python3.12/site-packages:${PYTHONPATH} /usr/bin/cmake /home/vdt_2026/VDT_project/ros2_ws/src/gimbal_control -DCMAKE_VERBOSE_MAKEFILE=ON -DCMAKE_INSTALL_PREFIX=/home/vdt_2026/VDT_project/install/gimbal_control
[62.720s] DEBUG:colcon.colcon_core.event_handler.log_command:Invoked command in '/home/vdt_2026/VDT_project/build/gimbal_control' returned '0': AMENT_PREFIX_PATH=/home/vdt_2026/VDT_project/install/input_state_cache:/home/vdt_2026/VDT_project/install/fsm_state_machine:/home/vdt_2026/VDT_project/install/vdt_msgs:${AMENT_PREFIX_PATH} CMAKE_PREFIX_PATH=/home/vdt_2026/VDT_project/install/input_state_cache:/home/vdt_2026/VDT_project/install/fsm_state_machine:/home/vdt_2026/VDT_project/install/vdt_msgs:/home/vdt_2026/ros2_ws/install/px4_msgs:/opt/ros/jazzy LD_LIBRARY_PATH=/home/vdt_2026/VDT_project/install/vdt_msgs/lib:${LD_LIBRARY_PATH} PYTHONPATH=/home/vdt_2026/VDT_project/install/vdt_msgs/lib/python3.12/site-packages:${PYTHONPATH} /usr/bin/cmake /home/vdt_2026/VDT_project/ros2_ws/src/gimbal_control -DCMAKE_VERBOSE_MAKEFILE=ON -DCMAKE_INSTALL_PREFIX=/home/vdt_2026/VDT_project/install/gimbal_control
[62.721s] DEBUG:colcon.colcon_core.event_handler.log_command:Invoking command in '/home/vdt_2026/VDT_project/build/gimbal_control': AMENT_PREFIX_PATH=/home/vdt_2026/VDT_project/install/input_state_cache:/home/vdt_2026/VDT_project/install/fsm_state_machine:/home/vdt_2026/VDT_project/install/vdt_msgs:${AMENT_PREFIX_PATH} CMAKE_PREFIX_PATH=/home/vdt_2026/VDT_project/install/input_state_cache:/home/vdt_2026/VDT_project/install/fsm_state_machine:/home/vdt_2026/VDT_project/install/vdt_msgs:/home/vdt_2026/ros2_ws/install/px4_msgs:/opt/ros/jazzy LD_LIBRARY_PATH=/home/vdt_2026/VDT_project/install/vdt_msgs/lib:${LD_LIBRARY_PATH} PYTHONPATH=/home/vdt_2026/VDT_project/install/vdt_msgs/lib/python3.12/site-packages:${PYTHONPATH} /usr/bin/cmake --build /home/vdt_2026/VDT_project/build/gimbal_control -- -j4 -l4
[98.015s] DEBUG:colcon.colcon_core.event_handler.log_command:Invoked command in '/home/vdt_2026/VDT_project/build/gimbal_control' returned '0': AMENT_PREFIX_PATH=/home/vdt_2026/VDT_project/install/input_state_cache:/home/vdt_2026/VDT_project/install/fsm_state_machine:/home/vdt_2026/VDT_project/install/vdt_msgs:${AMENT_PREFIX_PATH} CMAKE_PREFIX_PATH=/home/vdt_2026/VDT_project/install/input_state_cache:/home/vdt_2026/VDT_project/install/fsm_state_machine:/home/vdt_2026/VDT_project/install/vdt_msgs:/home/vdt_2026/ros2_ws/install/px4_msgs:/opt/ros/jazzy LD_LIBRARY_PATH=/home/vdt_2026/VDT_project/install/vdt_msgs/lib:${LD_LIBRARY_PATH} PYTHONPATH=/home/vdt_2026/VDT_project/install/vdt_msgs/lib/python3.12/site-packages:${PYTHONPATH} /usr/bin/cmake --build /home/vdt_2026/VDT_project/build/gimbal_control -- -j4 -l4
[98.017s] DEBUG:colcon.colcon_core.event_handler.log_command:Invoking command in '/home/vdt_2026/VDT_project/build/gimbal_control': AMENT_PREFIX_PATH=/home/vdt_2026/VDT_project/install/input_state_cache:/home/vdt_2026/VDT_project/install/fsm_state_machine:/home/vdt_2026/VDT_project/install/vdt_msgs:${AMENT_PREFIX_PATH} CMAKE_PREFIX_PATH=/home/vdt_2026/VDT_project/install/input_state_cache:/home/vdt_2026/VDT_project/install/fsm_state_machine:/home/vdt_2026/VDT_project/install/vdt_msgs:/home/vdt_2026/ros2_ws/install/px4_msgs:/opt/ros/jazzy LD_LIBRARY_PATH=/home/vdt_2026/VDT_project/install/vdt_msgs/lib:${LD_LIBRARY_PATH} PYTHONPATH=/home/vdt_2026/VDT_project/install/vdt_msgs/lib/python3.12/site-packages:${PYTHONPATH} /usr/bin/cmake --install /home/vdt_2026/VDT_project/build/gimbal_control
[98.043s] Level 1:colcon.colcon_core.environment:create_environment_scripts_only(gimbal_control)
[98.043s] Level 1:colcon.colcon_core.environment:checking '/home/vdt_2026/VDT_project/install/gimbal_control' for CMake module files
[98.043s] DEBUG:colcon.colcon_core.event_handler.log_command:Invoked command in '/home/vdt_2026/VDT_project/build/gimbal_control' returned '0': AMENT_PREFIX_PATH=/home/vdt_2026/VDT_project/install/input_state_cache:/home/vdt_2026/VDT_project/install/fsm_state_machine:/home/vdt_2026/VDT_project/install/vdt_msgs:${AMENT_PREFIX_PATH} CMAKE_PREFIX_PATH=/home/vdt_2026/VDT_project/install/input_state_cache:/home/vdt_2026/VDT_project/install/fsm_state_machine:/home/vdt_2026/VDT_project/install/vdt_msgs:/home/vdt_2026/ros2_ws/install/px4_msgs:/opt/ros/jazzy LD_LIBRARY_PATH=/home/vdt_2026/VDT_project/install/vdt_msgs/lib:${LD_LIBRARY_PATH} PYTHONPATH=/home/vdt_2026/VDT_project/install/vdt_msgs/lib/python3.12/site-packages:${PYTHONPATH} /usr/bin/cmake --install /home/vdt_2026/VDT_project/build/gimbal_control
[98.044s] Level 1:colcon.colcon_core.environment:checking '/home/vdt_2026/VDT_project/install/gimbal_control' for CMake config files
[98.044s] Level 1:colcon.colcon_core.shell:create_environment_hook('gimbal_control', 'cmake_prefix_path')
[98.044s] INFO:colcon.colcon_core.shell:Creating environment hook '/home/vdt_2026/VDT_project/install/gimbal_control/share/gimbal_control/hook/cmake_prefix_path.ps1'
[98.045s] INFO:colcon.colcon_core.shell:Creating environment descriptor '/home/vdt_2026/VDT_project/install/gimbal_control/share/gimbal_control/hook/cmake_prefix_path.dsv'
[98.045s] INFO:colcon.colcon_core.shell:Creating environment hook '/home/vdt_2026/VDT_project/install/gimbal_control/share/gimbal_control/hook/cmake_prefix_path.sh'
[98.046s] Level 1:colcon.colcon_core.environment:checking '/home/vdt_2026/VDT_project/install/gimbal_control/lib'
[98.046s] Level 1:colcon.colcon_core.environment:checking '/home/vdt_2026/VDT_project/install/gimbal_control/bin'
[98.046s] Level 1:colcon.colcon_core.environment:checking '/home/vdt_2026/VDT_project/install/gimbal_control/lib/pkgconfig/gimbal_control.pc'
[98.046s] Level 1:colcon.colcon_core.environment:checking '/home/vdt_2026/VDT_project/install/gimbal_control/lib/python3.12/site-packages'
[98.047s] Level 1:colcon.colcon_core.environment:checking '/home/vdt_2026/VDT_project/install/gimbal_control/bin'
[98.047s] INFO:colcon.colcon_core.shell:Creating package script '/home/vdt_2026/VDT_project/install/gimbal_control/share/gimbal_control/package.ps1'
[98.048s] INFO:colcon.colcon_core.shell:Creating package descriptor '/home/vdt_2026/VDT_project/install/gimbal_control/share/gimbal_control/package.dsv'
[98.048s] INFO:colcon.colcon_core.shell:Creating package script '/home/vdt_2026/VDT_project/install/gimbal_control/share/gimbal_control/package.sh'
[98.049s] INFO:colcon.colcon_core.shell:Creating package script '/home/vdt_2026/VDT_project/install/gimbal_control/share/gimbal_control/package.bash'
[98.049s] INFO:colcon.colcon_core.shell:Creating package script '/home/vdt_2026/VDT_project/install/gimbal_control/share/gimbal_control/package.zsh'
[98.049s] Level 1:colcon.colcon_core.environment:create_file_with_runtime_dependencies(/home/vdt_2026/VDT_project/install/gimbal_control/share/colcon-core/packages/gimbal_control)
[98.050s] Level 1:colcon.colcon_core.environment:create_environment_scripts_only(gimbal_control)
[98.050s] Level 1:colcon.colcon_core.environment:checking '/home/vdt_2026/VDT_project/install/gimbal_control' for CMake module files
[98.051s] Level 1:colcon.colcon_core.environment:checking '/home/vdt_2026/VDT_project/install/gimbal_control' for CMake config files
[98.051s] Level 1:colcon.colcon_core.shell:create_environment_hook('gimbal_control', 'cmake_prefix_path')
[98.051s] INFO:colcon.colcon_core.shell:Creating environment hook '/home/vdt_2026/VDT_project/install/gimbal_control/share/gimbal_control/hook/cmake_prefix_path.ps1'
[98.053s] INFO:colcon.colcon_core.shell:Creating environment descriptor '/home/vdt_2026/VDT_project/install/gimbal_control/share/gimbal_control/hook/cmake_prefix_path.dsv'
[98.058s] INFO:colcon.colcon_core.shell:Creating environment hook '/home/vdt_2026/VDT_project/install/gimbal_control/share/gimbal_control/hook/cmake_prefix_path.sh'
[98.061s] Level 1:colcon.colcon_core.environment:checking '/home/vdt_2026/VDT_project/install/gimbal_control/lib'
[98.062s] Level 1:colcon.colcon_core.environment:checking '/home/vdt_2026/VDT_project/install/gimbal_control/bin'
[98.062s] Level 1:colcon.colcon_core.environment:checking '/home/vdt_2026/VDT_project/install/gimbal_control/lib/pkgconfig/gimbal_control.pc'
[98.062s] Level 1:colcon.colcon_core.environment:checking '/home/vdt_2026/VDT_project/install/gimbal_control/lib/python3.12/site-packages'
[98.062s] Level 1:colcon.colcon_core.environment:checking '/home/vdt_2026/VDT_project/install/gimbal_control/bin'
[98.063s] INFO:colcon.colcon_core.shell:Creating package script '/home/vdt_2026/VDT_project/install/gimbal_control/share/gimbal_control/package.ps1'
[98.064s] INFO:colcon.colcon_core.shell:Creating package descriptor '/home/vdt_2026/VDT_project/install/gimbal_control/share/gimbal_control/package.dsv'
[98.067s] INFO:colcon.colcon_core.shell:Creating package script '/home/vdt_2026/VDT_project/install/gimbal_control/share/gimbal_control/package.sh'
[98.073s] INFO:colcon.colcon_core.shell:Creating package script '/home/vdt_2026/VDT_project/install/gimbal_control/share/gimbal_control/package.bash'
[98.076s] INFO:colcon.colcon_core.shell:Creating package script '/home/vdt_2026/VDT_project/install/gimbal_control/share/gimbal_control/package.zsh'
[98.079s] Level 1:colcon.colcon_core.environment:create_file_with_runtime_dependencies(/home/vdt_2026/VDT_project/install/gimbal_control/share/colcon-core/packages/gimbal_control)
[98.082s] DEBUG:colcon.colcon_core.executor.sequential:run_until_complete 'gimbal_control' finished with '0'
[98.082s] DEBUG:colcon.colcon_core.executor.sequential:run_until_complete 'kill_switch'
[98.082s] INFO:colcon.colcon_ros.task.ament_cmake.build:Building ROS package in '/home/vdt_2026/VDT_project/ros2_ws/src/kill_switch' with build type 'ament_cmake'
[98.082s] INFO:colcon.colcon_cmake.task.cmake.build:Building CMake package in '/home/vdt_2026/VDT_project/ros2_ws/src/kill_switch'
[98.083s] INFO:colcon.colcon_core.shell:Skip shell extension 'powershell' for command environment: Not usable outside of PowerShell
[98.083s] DEBUG:colcon.colcon_core.shell:Skip shell extension 'dsv' for command environment
[98.149s] DEBUG:colcon.colcon_core.event_handler.log_command:Invoking command in '/home/vdt_2026/VDT_project/build/kill_switch': AMENT_PREFIX_PATH=/home/vdt_2026/VDT_project/install/rc_parser:/home/vdt_2026/VDT_project/install/vdt_msgs:${AMENT_PREFIX_PATH} CMAKE_PREFIX_PATH=/home/vdt_2026/VDT_project/install/rc_parser:/home/vdt_2026/VDT_project/install/vdt_msgs:/home/vdt_2026/ros2_ws/install/px4_msgs:/opt/ros/jazzy LD_LIBRARY_PATH=/home/vdt_2026/VDT_project/install/rc_parser/lib:/home/vdt_2026/VDT_project/install/vdt_msgs/lib:${LD_LIBRARY_PATH} PYTHONPATH=/home/vdt_2026/VDT_project/install/vdt_msgs/lib/python3.12/site-packages:${PYTHONPATH} /usr/bin/cmake /home/vdt_2026/VDT_project/ros2_ws/src/kill_switch -DCMAKE_VERBOSE_MAKEFILE=ON -DCMAKE_INSTALL_PREFIX=/home/vdt_2026/VDT_project/install/kill_switch
[99.303s] DEBUG:colcon.colcon_core.event_handler.log_command:Invoked command in '/home/vdt_2026/VDT_project/build/kill_switch' returned '0': AMENT_PREFIX_PATH=/home/vdt_2026/VDT_project/install/rc_parser:/home/vdt_2026/VDT_project/install/vdt_msgs:${AMENT_PREFIX_PATH} CMAKE_PREFIX_PATH=/home/vdt_2026/VDT_project/install/rc_parser:/home/vdt_2026/VDT_project/install/vdt_msgs:/home/vdt_2026/ros2_ws/install/px4_msgs:/opt/ros/jazzy LD_LIBRARY_PATH=/home/vdt_2026/VDT_project/install/rc_parser/lib:/home/vdt_2026/VDT_project/install/vdt_msgs/lib:${LD_LIBRARY_PATH} PYTHONPATH=/home/vdt_2026/VDT_project/install/vdt_msgs/lib/python3.12/site-packages:${PYTHONPATH} /usr/bin/cmake /home/vdt_2026/VDT_project/ros2_ws/src/kill_switch -DCMAKE_VERBOSE_MAKEFILE=ON -DCMAKE_INSTALL_PREFIX=/home/vdt_2026/VDT_project/install/kill_switch
[99.304s] DEBUG:colcon.colcon_core.event_handler.log_command:Invoking command in '/home/vdt_2026/VDT_project/build/kill_switch': AMENT_PREFIX_PATH=/home/vdt_2026/VDT_project/install/rc_parser:/home/vdt_2026/VDT_project/install/vdt_msgs:${AMENT_PREFIX_PATH} CMAKE_PREFIX_PATH=/home/vdt_2026/VDT_project/install/rc_parser:/home/vdt_2026/VDT_project/install/vdt_msgs:/home/vdt_2026/ros2_ws/install/px4_msgs:/opt/ros/jazzy LD_LIBRARY_PATH=/home/vdt_2026/VDT_project/install/rc_parser/lib:/home/vdt_2026/VDT_project/install/vdt_msgs/lib:${LD_LIBRARY_PATH} PYTHONPATH=/home/vdt_2026/VDT_project/install/vdt_msgs/lib/python3.12/site-packages:${PYTHONPATH} /usr/bin/cmake --build /home/vdt_2026/VDT_project/build/kill_switch -- -j4 -l4
[119.853s] DEBUG:colcon.colcon_core.event_handler.log_command:Invoked command in '/home/vdt_2026/VDT_project/build/kill_switch' returned '0': AMENT_PREFIX_PATH=/home/vdt_2026/VDT_project/install/rc_parser:/home/vdt_2026/VDT_project/install/vdt_msgs:${AMENT_PREFIX_PATH} CMAKE_PREFIX_PATH=/home/vdt_2026/VDT_project/install/rc_parser:/home/vdt_2026/VDT_project/install/vdt_msgs:/home/vdt_2026/ros2_ws/install/px4_msgs:/opt/ros/jazzy LD_LIBRARY_PATH=/home/vdt_2026/VDT_project/install/rc_parser/lib:/home/vdt_2026/VDT_project/install/vdt_msgs/lib:${LD_LIBRARY_PATH} PYTHONPATH=/home/vdt_2026/VDT_project/install/vdt_msgs/lib/python3.12/site-packages:${PYTHONPATH} /usr/bin/cmake --build /home/vdt_2026/VDT_project/build/kill_switch -- -j4 -l4
[119.854s] DEBUG:colcon.colcon_core.event_handler.log_command:Invoking command in '/home/vdt_2026/VDT_project/build/kill_switch': AMENT_PREFIX_PATH=/home/vdt_2026/VDT_project/install/rc_parser:/home/vdt_2026/VDT_project/install/vdt_msgs:${AMENT_PREFIX_PATH} CMAKE_PREFIX_PATH=/home/vdt_2026/VDT_project/install/rc_parser:/home/vdt_2026/VDT_project/install/vdt_msgs:/home/vdt_2026/ros2_ws/install/px4_msgs:/opt/ros/jazzy LD_LIBRARY_PATH=/home/vdt_2026/VDT_project/install/rc_parser/lib:/home/vdt_2026/VDT_project/install/vdt_msgs/lib:${LD_LIBRARY_PATH} PYTHONPATH=/home/vdt_2026/VDT_project/install/vdt_msgs/lib/python3.12/site-packages:${PYTHONPATH} /usr/bin/cmake --install /home/vdt_2026/VDT_project/build/kill_switch
[119.879s] Level 1:colcon.colcon_core.environment:create_environment_scripts_only(kill_switch)
[119.880s] Level 1:colcon.colcon_core.environment:checking '/home/vdt_2026/VDT_project/install/kill_switch' for CMake module files
[119.880s] DEBUG:colcon.colcon_core.event_handler.log_command:Invoked command in '/home/vdt_2026/VDT_project/build/kill_switch' returned '0': AMENT_PREFIX_PATH=/home/vdt_2026/VDT_project/install/rc_parser:/home/vdt_2026/VDT_project/install/vdt_msgs:${AMENT_PREFIX_PATH} CMAKE_PREFIX_PATH=/home/vdt_2026/VDT_project/install/rc_parser:/home/vdt_2026/VDT_project/install/vdt_msgs:/home/vdt_2026/ros2_ws/install/px4_msgs:/opt/ros/jazzy LD_LIBRARY_PATH=/home/vdt_2026/VDT_project/install/rc_parser/lib:/home/vdt_2026/VDT_project/install/vdt_msgs/lib:${LD_LIBRARY_PATH} PYTHONPATH=/home/vdt_2026/VDT_project/install/vdt_msgs/lib/python3.12/site-packages:${PYTHONPATH} /usr/bin/cmake --install /home/vdt_2026/VDT_project/build/kill_switch
[119.881s] Level 1:colcon.colcon_core.environment:checking '/home/vdt_2026/VDT_project/install/kill_switch' for CMake config files
[119.881s] Level 1:colcon.colcon_core.shell:create_environment_hook('kill_switch', 'cmake_prefix_path')
[119.881s] INFO:colcon.colcon_core.shell:Creating environment hook '/home/vdt_2026/VDT_project/install/kill_switch/share/kill_switch/hook/cmake_prefix_path.ps1'
[119.882s] INFO:colcon.colcon_core.shell:Creating environment descriptor '/home/vdt_2026/VDT_project/install/kill_switch/share/kill_switch/hook/cmake_prefix_path.dsv'
[119.882s] INFO:colcon.colcon_core.shell:Creating environment hook '/home/vdt_2026/VDT_project/install/kill_switch/share/kill_switch/hook/cmake_prefix_path.sh'
[119.883s] Level 1:colcon.colcon_core.environment:checking '/home/vdt_2026/VDT_project/install/kill_switch/lib'
[119.883s] Level 1:colcon.colcon_core.environment:checking '/home/vdt_2026/VDT_project/install/kill_switch/bin'
[119.883s] Level 1:colcon.colcon_core.environment:checking '/home/vdt_2026/VDT_project/install/kill_switch/lib/pkgconfig/kill_switch.pc'
[119.883s] Level 1:colcon.colcon_core.environment:checking '/home/vdt_2026/VDT_project/install/kill_switch/lib/python3.12/site-packages'
[119.884s] Level 1:colcon.colcon_core.environment:checking '/home/vdt_2026/VDT_project/install/kill_switch/bin'
[119.884s] INFO:colcon.colcon_core.shell:Creating package script '/home/vdt_2026/VDT_project/install/kill_switch/share/kill_switch/package.ps1'
[119.885s] INFO:colcon.colcon_core.shell:Creating package descriptor '/home/vdt_2026/VDT_project/install/kill_switch/share/kill_switch/package.dsv'
[119.918s] INFO:colcon.colcon_core.shell:Creating package script '/home/vdt_2026/VDT_project/install/kill_switch/share/kill_switch/package.sh'
[119.950s] INFO:colcon.colcon_core.shell:Creating package script '/home/vdt_2026/VDT_project/install/kill_switch/share/kill_switch/package.bash'
[120.012s] INFO:colcon.colcon_core.shell:Creating package script '/home/vdt_2026/VDT_project/install/kill_switch/share/kill_switch/package.zsh'
[120.045s] Level 1:colcon.colcon_core.environment:create_file_with_runtime_dependencies(/home/vdt_2026/VDT_project/install/kill_switch/share/colcon-core/packages/kill_switch)
[120.077s] Level 1:colcon.colcon_core.environment:create_environment_scripts_only(kill_switch)
[120.077s] Level 1:colcon.colcon_core.environment:checking '/home/vdt_2026/VDT_project/install/kill_switch' for CMake module files
[120.078s] Level 1:colcon.colcon_core.environment:checking '/home/vdt_2026/VDT_project/install/kill_switch' for CMake config files
[120.079s] Level 1:colcon.colcon_core.shell:create_environment_hook('kill_switch', 'cmake_prefix_path')
[120.079s] INFO:colcon.colcon_core.shell:Creating environment hook '/home/vdt_2026/VDT_project/install/kill_switch/share/kill_switch/hook/cmake_prefix_path.ps1'
[120.107s] INFO:colcon.colcon_core.shell:Creating environment descriptor '/home/vdt_2026/VDT_project/install/kill_switch/share/kill_switch/hook/cmake_prefix_path.dsv'
[120.138s] INFO:colcon.colcon_core.shell:Creating environment hook '/home/vdt_2026/VDT_project/install/kill_switch/share/kill_switch/hook/cmake_prefix_path.sh'
[120.169s] Level 1:colcon.colcon_core.environment:checking '/home/vdt_2026/VDT_project/install/kill_switch/lib'
[120.169s] Level 1:colcon.colcon_core.environment:checking '/home/vdt_2026/VDT_project/install/kill_switch/bin'
[120.169s] Level 1:colcon.colcon_core.environment:checking '/home/vdt_2026/VDT_project/install/kill_switch/lib/pkgconfig/kill_switch.pc'
[120.170s] Level 1:colcon.colcon_core.environment:checking '/home/vdt_2026/VDT_project/install/kill_switch/lib/python3.12/site-packages'
[120.170s] Level 1:colcon.colcon_core.environment:checking '/home/vdt_2026/VDT_project/install/kill_switch/bin'
[120.171s] INFO:colcon.colcon_core.shell:Creating package script '/home/vdt_2026/VDT_project/install/kill_switch/share/kill_switch/package.ps1'
[120.200s] INFO:colcon.colcon_core.shell:Creating package descriptor '/home/vdt_2026/VDT_project/install/kill_switch/share/kill_switch/package.dsv'
[120.232s] INFO:colcon.colcon_core.shell:Creating package script '/home/vdt_2026/VDT_project/install/kill_switch/share/kill_switch/package.sh'
[120.267s] INFO:colcon.colcon_core.shell:Creating package script '/home/vdt_2026/VDT_project/install/kill_switch/share/kill_switch/package.bash'
[120.302s] INFO:colcon.colcon_core.shell:Creating package script '/home/vdt_2026/VDT_project/install/kill_switch/share/kill_switch/package.zsh'
[120.333s] Level 1:colcon.colcon_core.environment:create_file_with_runtime_dependencies(/home/vdt_2026/VDT_project/install/kill_switch/share/colcon-core/packages/kill_switch)
[120.364s] DEBUG:colcon.colcon_core.executor.sequential:run_until_complete 'kill_switch' finished with '0'
[120.364s] DEBUG:colcon.colcon_core.executor.sequential:run_until_complete 'offboard_safety_monitor'
[120.364s] INFO:colcon.colcon_ros.task.ament_cmake.build:Building ROS package in '/home/vdt_2026/VDT_project/ros2_ws/src/offboard_safety_monitor' with build type 'ament_cmake'
[120.364s] INFO:colcon.colcon_cmake.task.cmake.build:Building CMake package in '/home/vdt_2026/VDT_project/ros2_ws/src/offboard_safety_monitor'
[120.365s] INFO:colcon.colcon_core.shell:Skip shell extension 'powershell' for command environment: Not usable outside of PowerShell
[120.365s] DEBUG:colcon.colcon_core.shell:Skip shell extension 'dsv' for command environment
[120.428s] DEBUG:colcon.colcon_core.event_handler.log_command:Invoking command in '/home/vdt_2026/VDT_project/build/offboard_safety_monitor': AMENT_PREFIX_PATH=/home/vdt_2026/VDT_project/install/offboard_manager:/home/vdt_2026/VDT_project/install/vdt_msgs:${AMENT_PREFIX_PATH} CMAKE_PREFIX_PATH=/home/vdt_2026/VDT_project/install/offboard_manager:/home/vdt_2026/VDT_project/install/vdt_msgs:/home/vdt_2026/ros2_ws/install/px4_msgs:/opt/ros/jazzy LD_LIBRARY_PATH=/home/vdt_2026/VDT_project/install/vdt_msgs/lib:${LD_LIBRARY_PATH} PYTHONPATH=/home/vdt_2026/VDT_project/install/vdt_msgs/lib/python3.12/site-packages:${PYTHONPATH} /usr/bin/cmake /home/vdt_2026/VDT_project/ros2_ws/src/offboard_safety_monitor -DCMAKE_VERBOSE_MAKEFILE=ON -DCMAKE_INSTALL_PREFIX=/home/vdt_2026/VDT_project/install/offboard_safety_monitor
[122.329s] DEBUG:colcon.colcon_core.event_handler.log_command:Invoked command in '/home/vdt_2026/VDT_project/build/offboard_safety_monitor' returned '0': AMENT_PREFIX_PATH=/home/vdt_2026/VDT_project/install/offboard_manager:/home/vdt_2026/VDT_project/install/vdt_msgs:${AMENT_PREFIX_PATH} CMAKE_PREFIX_PATH=/home/vdt_2026/VDT_project/install/offboard_manager:/home/vdt_2026/VDT_project/install/vdt_msgs:/home/vdt_2026/ros2_ws/install/px4_msgs:/opt/ros/jazzy LD_LIBRARY_PATH=/home/vdt_2026/VDT_project/install/vdt_msgs/lib:${LD_LIBRARY_PATH} PYTHONPATH=/home/vdt_2026/VDT_project/install/vdt_msgs/lib/python3.12/site-packages:${PYTHONPATH} /usr/bin/cmake /home/vdt_2026/VDT_project/ros2_ws/src/offboard_safety_monitor -DCMAKE_VERBOSE_MAKEFILE=ON -DCMAKE_INSTALL_PREFIX=/home/vdt_2026/VDT_project/install/offboard_safety_monitor
[122.330s] DEBUG:colcon.colcon_core.event_handler.log_command:Invoking command in '/home/vdt_2026/VDT_project/build/offboard_safety_monitor': AMENT_PREFIX_PATH=/home/vdt_2026/VDT_project/install/offboard_manager:/home/vdt_2026/VDT_project/install/vdt_msgs:${AMENT_PREFIX_PATH} CMAKE_PREFIX_PATH=/home/vdt_2026/VDT_project/install/offboard_manager:/home/vdt_2026/VDT_project/install/vdt_msgs:/home/vdt_2026/ros2_ws/install/px4_msgs:/opt/ros/jazzy LD_LIBRARY_PATH=/home/vdt_2026/VDT_project/install/vdt_msgs/lib:${LD_LIBRARY_PATH} PYTHONPATH=/home/vdt_2026/VDT_project/install/vdt_msgs/lib/python3.12/site-packages:${PYTHONPATH} /usr/bin/cmake --build /home/vdt_2026/VDT_project/build/offboard_safety_monitor -- -j4 -l4
[157.099s] DEBUG:colcon.colcon_core.event_handler.log_command:Invoked command in '/home/vdt_2026/VDT_project/build/offboard_safety_monitor' returned '0': AMENT_PREFIX_PATH=/home/vdt_2026/VDT_project/install/offboard_manager:/home/vdt_2026/VDT_project/install/vdt_msgs:${AMENT_PREFIX_PATH} CMAKE_PREFIX_PATH=/home/vdt_2026/VDT_project/install/offboard_manager:/home/vdt_2026/VDT_project/install/vdt_msgs:/home/vdt_2026/ros2_ws/install/px4_msgs:/opt/ros/jazzy LD_LIBRARY_PATH=/home/vdt_2026/VDT_project/install/vdt_msgs/lib:${LD_LIBRARY_PATH} PYTHONPATH=/home/vdt_2026/VDT_project/install/vdt_msgs/lib/python3.12/site-packages:${PYTHONPATH} /usr/bin/cmake --build /home/vdt_2026/VDT_project/build/offboard_safety_monitor -- -j4 -l4
[157.100s] DEBUG:colcon.colcon_core.event_handler.log_command:Invoking command in '/home/vdt_2026/VDT_project/build/offboard_safety_monitor': AMENT_PREFIX_PATH=/home/vdt_2026/VDT_project/install/offboard_manager:/home/vdt_2026/VDT_project/install/vdt_msgs:${AMENT_PREFIX_PATH} CMAKE_PREFIX_PATH=/home/vdt_2026/VDT_project/install/offboard_manager:/home/vdt_2026/VDT_project/install/vdt_msgs:/home/vdt_2026/ros2_ws/install/px4_msgs:/opt/ros/jazzy LD_LIBRARY_PATH=/home/vdt_2026/VDT_project/install/vdt_msgs/lib:${LD_LIBRARY_PATH} PYTHONPATH=/home/vdt_2026/VDT_project/install/vdt_msgs/lib/python3.12/site-packages:${PYTHONPATH} /usr/bin/cmake --install /home/vdt_2026/VDT_project/build/offboard_safety_monitor
[157.126s] Level 1:colcon.colcon_core.environment:create_environment_scripts_only(offboard_safety_monitor)
[157.127s] Level 1:colcon.colcon_core.environment:checking '/home/vdt_2026/VDT_project/install/offboard_safety_monitor' for CMake module files
[157.127s] DEBUG:colcon.colcon_core.event_handler.log_command:Invoked command in '/home/vdt_2026/VDT_project/build/offboard_safety_monitor' returned '0': AMENT_PREFIX_PATH=/home/vdt_2026/VDT_project/install/offboard_manager:/home/vdt_2026/VDT_project/install/vdt_msgs:${AMENT_PREFIX_PATH} CMAKE_PREFIX_PATH=/home/vdt_2026/VDT_project/install/offboard_manager:/home/vdt_2026/VDT_project/install/vdt_msgs:/home/vdt_2026/ros2_ws/install/px4_msgs:/opt/ros/jazzy LD_LIBRARY_PATH=/home/vdt_2026/VDT_project/install/vdt_msgs/lib:${LD_LIBRARY_PATH} PYTHONPATH=/home/vdt_2026/VDT_project/install/vdt_msgs/lib/python3.12/site-packages:${PYTHONPATH} /usr/bin/cmake --install /home/vdt_2026/VDT_project/build/offboard_safety_monitor
[157.128s] Level 1:colcon.colcon_core.environment:checking '/home/vdt_2026/VDT_project/install/offboard_safety_monitor' for CMake config files
[157.128s] Level 1:colcon.colcon_core.shell:create_environment_hook('offboard_safety_monitor', 'cmake_prefix_path')
[157.128s] INFO:colcon.colcon_core.shell:Creating environment hook '/home/vdt_2026/VDT_project/install/offboard_safety_monitor/share/offboard_safety_monitor/hook/cmake_prefix_path.ps1'
[157.129s] INFO:colcon.colcon_core.shell:Creating environment descriptor '/home/vdt_2026/VDT_project/install/offboard_safety_monitor/share/offboard_safety_monitor/hook/cmake_prefix_path.dsv'
[157.129s] INFO:colcon.colcon_core.shell:Creating environment hook '/home/vdt_2026/VDT_project/install/offboard_safety_monitor/share/offboard_safety_monitor/hook/cmake_prefix_path.sh'
[157.130s] Level 1:colcon.colcon_core.environment:checking '/home/vdt_2026/VDT_project/install/offboard_safety_monitor/lib'
[157.130s] Level 1:colcon.colcon_core.environment:checking '/home/vdt_2026/VDT_project/install/offboard_safety_monitor/bin'
[157.130s] Level 1:colcon.colcon_core.environment:checking '/home/vdt_2026/VDT_project/install/offboard_safety_monitor/lib/pkgconfig/offboard_safety_monitor.pc'
[157.130s] Level 1:colcon.colcon_core.environment:checking '/home/vdt_2026/VDT_project/install/offboard_safety_monitor/lib/python3.12/site-packages'
[157.131s] Level 1:colcon.colcon_core.environment:checking '/home/vdt_2026/VDT_project/install/offboard_safety_monitor/bin'
[157.131s] INFO:colcon.colcon_core.shell:Creating package script '/home/vdt_2026/VDT_project/install/offboard_safety_monitor/share/offboard_safety_monitor/package.ps1'
[157.132s] INFO:colcon.colcon_core.shell:Creating package descriptor '/home/vdt_2026/VDT_project/install/offboard_safety_monitor/share/offboard_safety_monitor/package.dsv'
[157.132s] INFO:colcon.colcon_core.shell:Creating package script '/home/vdt_2026/VDT_project/install/offboard_safety_monitor/share/offboard_safety_monitor/package.sh'
[157.133s] INFO:colcon.colcon_core.shell:Creating package script '/home/vdt_2026/VDT_project/install/offboard_safety_monitor/share/offboard_safety_monitor/package.bash'
[157.133s] INFO:colcon.colcon_core.shell:Creating package script '/home/vdt_2026/VDT_project/install/offboard_safety_monitor/share/offboard_safety_monitor/package.zsh'
[157.134s] Level 1:colcon.colcon_core.environment:create_file_with_runtime_dependencies(/home/vdt_2026/VDT_project/install/offboard_safety_monitor/share/colcon-core/packages/offboard_safety_monitor)
[157.135s] Level 1:colcon.colcon_core.environment:create_environment_scripts_only(offboard_safety_monitor)
[157.135s] Level 1:colcon.colcon_core.environment:checking '/home/vdt_2026/VDT_project/install/offboard_safety_monitor' for CMake module files
[157.135s] Level 1:colcon.colcon_core.environment:checking '/home/vdt_2026/VDT_project/install/offboard_safety_monitor' for CMake config files
[157.136s] Level 1:colcon.colcon_core.shell:create_environment_hook('offboard_safety_monitor', 'cmake_prefix_path')
[157.136s] INFO:colcon.colcon_core.shell:Creating environment hook '/home/vdt_2026/VDT_project/install/offboard_safety_monitor/share/offboard_safety_monitor/hook/cmake_prefix_path.ps1'
[157.137s] INFO:colcon.colcon_core.shell:Creating environment descriptor '/home/vdt_2026/VDT_project/install/offboard_safety_monitor/share/offboard_safety_monitor/hook/cmake_prefix_path.dsv'
[157.137s] INFO:colcon.colcon_core.shell:Creating environment hook '/home/vdt_2026/VDT_project/install/offboard_safety_monitor/share/offboard_safety_monitor/hook/cmake_prefix_path.sh'
[157.138s] Level 1:colcon.colcon_core.environment:checking '/home/vdt_2026/VDT_project/install/offboard_safety_monitor/lib'
[157.138s] Level 1:colcon.colcon_core.environment:checking '/home/vdt_2026/VDT_project/install/offboard_safety_monitor/bin'
[157.138s] Level 1:colcon.colcon_core.environment:checking '/home/vdt_2026/VDT_project/install/offboard_safety_monitor/lib/pkgconfig/offboard_safety_monitor.pc'
[157.139s] Level 1:colcon.colcon_core.environment:checking '/home/vdt_2026/VDT_project/install/offboard_safety_monitor/lib/python3.12/site-packages'
[157.139s] Level 1:colcon.colcon_core.environment:checking '/home/vdt_2026/VDT_project/install/offboard_safety_monitor/bin'
[157.140s] INFO:colcon.colcon_core.shell:Creating package script '/home/vdt_2026/VDT_project/install/offboard_safety_monitor/share/offboard_safety_monitor/package.ps1'
[157.141s] INFO:colcon.colcon_core.shell:Creating package descriptor '/home/vdt_2026/VDT_project/install/offboard_safety_monitor/share/offboard_safety_monitor/package.dsv'
[157.141s] INFO:colcon.colcon_core.shell:Creating package script '/home/vdt_2026/VDT_project/install/offboard_safety_monitor/share/offboard_safety_monitor/package.sh'
[157.142s] INFO:colcon.colcon_core.shell:Creating package script '/home/vdt_2026/VDT_project/install/offboard_safety_monitor/share/offboard_safety_monitor/package.bash'
[157.143s] INFO:colcon.colcon_core.shell:Creating package script '/home/vdt_2026/VDT_project/install/offboard_safety_monitor/share/offboard_safety_monitor/package.zsh'
[157.143s] Level 1:colcon.colcon_core.environment:create_file_with_runtime_dependencies(/home/vdt_2026/VDT_project/install/offboard_safety_monitor/share/colcon-core/packages/offboard_safety_monitor)
[157.144s] DEBUG:colcon.colcon_core.executor.sequential:run_until_complete 'offboard_safety_monitor' finished with '0'
[157.144s] DEBUG:colcon.colcon_core.executor.sequential:run_until_complete 'px4_state_bridge'
[157.144s] INFO:colcon.colcon_ros.task.ament_cmake.build:Building ROS package in '/home/vdt_2026/VDT_project/ros2_ws/src/px4_state_bridge' with build type 'ament_cmake'
[157.145s] INFO:colcon.colcon_cmake.task.cmake.build:Building CMake package in '/home/vdt_2026/VDT_project/ros2_ws/src/px4_state_bridge'
[157.145s] INFO:colcon.colcon_core.shell:Skip shell extension 'powershell' for command environment: Not usable outside of PowerShell
[157.145s] DEBUG:colcon.colcon_core.shell:Skip shell extension 'dsv' for command environment
[157.159s] DEBUG:colcon.colcon_core.event_handler.log_command:Invoking command in '/home/vdt_2026/VDT_project/build/px4_state_bridge': AMENT_PREFIX_PATH=/home/vdt_2026/VDT_project/install/fsm_state_machine:/home/vdt_2026/VDT_project/install/vdt_msgs:${AMENT_PREFIX_PATH} CMAKE_PREFIX_PATH=/home/vdt_2026/VDT_project/install/fsm_state_machine:/home/vdt_2026/VDT_project/install/vdt_msgs:/home/vdt_2026/ros2_ws/install/px4_msgs:/opt/ros/jazzy LD_LIBRARY_PATH=/home/vdt_2026/VDT_project/install/vdt_msgs/lib:${LD_LIBRARY_PATH} PYTHONPATH=/home/vdt_2026/VDT_project/install/vdt_msgs/lib/python3.12/site-packages:${PYTHONPATH} /usr/bin/cmake /home/vdt_2026/VDT_project/ros2_ws/src/px4_state_bridge -DCMAKE_VERBOSE_MAKEFILE=ON -DCMAKE_INSTALL_PREFIX=/home/vdt_2026/VDT_project/install/px4_state_bridge
[159.204s] DEBUG:colcon.colcon_core.event_handler.log_command:Invoked command in '/home/vdt_2026/VDT_project/build/px4_state_bridge' returned '0': AMENT_PREFIX_PATH=/home/vdt_2026/VDT_project/install/fsm_state_machine:/home/vdt_2026/VDT_project/install/vdt_msgs:${AMENT_PREFIX_PATH} CMAKE_PREFIX_PATH=/home/vdt_2026/VDT_project/install/fsm_state_machine:/home/vdt_2026/VDT_project/install/vdt_msgs:/home/vdt_2026/ros2_ws/install/px4_msgs:/opt/ros/jazzy LD_LIBRARY_PATH=/home/vdt_2026/VDT_project/install/vdt_msgs/lib:${LD_LIBRARY_PATH} PYTHONPATH=/home/vdt_2026/VDT_project/install/vdt_msgs/lib/python3.12/site-packages:${PYTHONPATH} /usr/bin/cmake /home/vdt_2026/VDT_project/ros2_ws/src/px4_state_bridge -DCMAKE_VERBOSE_MAKEFILE=ON -DCMAKE_INSTALL_PREFIX=/home/vdt_2026/VDT_project/install/px4_state_bridge
[159.205s] DEBUG:colcon.colcon_core.event_handler.log_command:Invoking command in '/home/vdt_2026/VDT_project/build/px4_state_bridge': AMENT_PREFIX_PATH=/home/vdt_2026/VDT_project/install/fsm_state_machine:/home/vdt_2026/VDT_project/install/vdt_msgs:${AMENT_PREFIX_PATH} CMAKE_PREFIX_PATH=/home/vdt_2026/VDT_project/install/fsm_state_machine:/home/vdt_2026/VDT_project/install/vdt_msgs:/home/vdt_2026/ros2_ws/install/px4_msgs:/opt/ros/jazzy LD_LIBRARY_PATH=/home/vdt_2026/VDT_project/install/vdt_msgs/lib:${LD_LIBRARY_PATH} PYTHONPATH=/home/vdt_2026/VDT_project/install/vdt_msgs/lib/python3.12/site-packages:${PYTHONPATH} /usr/bin/cmake --build /home/vdt_2026/VDT_project/build/px4_state_bridge -- -j4 -l4
[182.451s] DEBUG:colcon.colcon_core.event_handler.log_command:Invoked command in '/home/vdt_2026/VDT_project/build/px4_state_bridge' returned '0': AMENT_PREFIX_PATH=/home/vdt_2026/VDT_project/install/fsm_state_machine:/home/vdt_2026/VDT_project/install/vdt_msgs:${AMENT_PREFIX_PATH} CMAKE_PREFIX_PATH=/home/vdt_2026/VDT_project/install/fsm_state_machine:/home/vdt_2026/VDT_project/install/vdt_msgs:/home/vdt_2026/ros2_ws/install/px4_msgs:/opt/ros/jazzy LD_LIBRARY_PATH=/home/vdt_2026/VDT_project/install/vdt_msgs/lib:${LD_LIBRARY_PATH} PYTHONPATH=/home/vdt_2026/VDT_project/install/vdt_msgs/lib/python3.12/site-packages:${PYTHONPATH} /usr/bin/cmake --build /home/vdt_2026/VDT_project/build/px4_state_bridge -- -j4 -l4
[182.452s] DEBUG:colcon.colcon_core.event_handler.log_command:Invoking command in '/home/vdt_2026/VDT_project/build/px4_state_bridge': AMENT_PREFIX_PATH=/home/vdt_2026/VDT_project/install/fsm_state_machine:/home/vdt_2026/VDT_project/install/vdt_msgs:${AMENT_PREFIX_PATH} CMAKE_PREFIX_PATH=/home/vdt_2026/VDT_project/install/fsm_state_machine:/home/vdt_2026/VDT_project/install/vdt_msgs:/home/vdt_2026/ros2_ws/install/px4_msgs:/opt/ros/jazzy LD_LIBRARY_PATH=/home/vdt_2026/VDT_project/install/vdt_msgs/lib:${LD_LIBRARY_PATH} PYTHONPATH=/home/vdt_2026/VDT_project/install/vdt_msgs/lib/python3.12/site-packages:${PYTHONPATH} /usr/bin/cmake --install /home/vdt_2026/VDT_project/build/px4_state_bridge
[182.494s] Level 1:colcon.colcon_core.environment:create_environment_scripts_only(px4_state_bridge)
[182.495s] Level 1:colcon.colcon_core.environment:checking '/home/vdt_2026/VDT_project/install/px4_state_bridge' for CMake module files
[182.495s] DEBUG:colcon.colcon_core.event_handler.log_command:Invoked command in '/home/vdt_2026/VDT_project/build/px4_state_bridge' returned '0': AMENT_PREFIX_PATH=/home/vdt_2026/VDT_project/install/fsm_state_machine:/home/vdt_2026/VDT_project/install/vdt_msgs:${AMENT_PREFIX_PATH} CMAKE_PREFIX_PATH=/home/vdt_2026/VDT_project/install/fsm_state_machine:/home/vdt_2026/VDT_project/install/vdt_msgs:/home/vdt_2026/ros2_ws/install/px4_msgs:/opt/ros/jazzy LD_LIBRARY_PATH=/home/vdt_2026/VDT_project/install/vdt_msgs/lib:${LD_LIBRARY_PATH} PYTHONPATH=/home/vdt_2026/VDT_project/install/vdt_msgs/lib/python3.12/site-packages:${PYTHONPATH} /usr/bin/cmake --install /home/vdt_2026/VDT_project/build/px4_state_bridge
[182.496s] Level 1:colcon.colcon_core.environment:checking '/home/vdt_2026/VDT_project/install/px4_state_bridge' for CMake config files
[182.496s] Level 1:colcon.colcon_core.shell:create_environment_hook('px4_state_bridge', 'cmake_prefix_path')
[182.496s] INFO:colcon.colcon_core.shell:Creating environment hook '/home/vdt_2026/VDT_project/install/px4_state_bridge/share/px4_state_bridge/hook/cmake_prefix_path.ps1'
[182.497s] INFO:colcon.colcon_core.shell:Creating environment descriptor '/home/vdt_2026/VDT_project/install/px4_state_bridge/share/px4_state_bridge/hook/cmake_prefix_path.dsv'
[182.497s] INFO:colcon.colcon_core.shell:Creating environment hook '/home/vdt_2026/VDT_project/install/px4_state_bridge/share/px4_state_bridge/hook/cmake_prefix_path.sh'
[182.498s] Level 1:colcon.colcon_core.environment:checking '/home/vdt_2026/VDT_project/install/px4_state_bridge/lib'
[182.498s] Level 1:colcon.colcon_core.environment:checking '/home/vdt_2026/VDT_project/install/px4_state_bridge/bin'
[182.498s] Level 1:colcon.colcon_core.environment:checking '/home/vdt_2026/VDT_project/install/px4_state_bridge/lib/pkgconfig/px4_state_bridge.pc'
[182.499s] Level 1:colcon.colcon_core.environment:checking '/home/vdt_2026/VDT_project/install/px4_state_bridge/lib/python3.12/site-packages'
[182.499s] Level 1:colcon.colcon_core.environment:checking '/home/vdt_2026/VDT_project/install/px4_state_bridge/bin'
[182.499s] INFO:colcon.colcon_core.shell:Creating package script '/home/vdt_2026/VDT_project/install/px4_state_bridge/share/px4_state_bridge/package.ps1'
[182.500s] INFO:colcon.colcon_core.shell:Creating package descriptor '/home/vdt_2026/VDT_project/install/px4_state_bridge/share/px4_state_bridge/package.dsv'
[182.501s] INFO:colcon.colcon_core.shell:Creating package script '/home/vdt_2026/VDT_project/install/px4_state_bridge/share/px4_state_bridge/package.sh'
[182.501s] INFO:colcon.colcon_core.shell:Creating package script '/home/vdt_2026/VDT_project/install/px4_state_bridge/share/px4_state_bridge/package.bash'
[182.501s] INFO:colcon.colcon_core.shell:Creating package script '/home/vdt_2026/VDT_project/install/px4_state_bridge/share/px4_state_bridge/package.zsh'
[182.502s] Level 1:colcon.colcon_core.environment:create_file_with_runtime_dependencies(/home/vdt_2026/VDT_project/install/px4_state_bridge/share/colcon-core/packages/px4_state_bridge)
[182.502s] Level 1:colcon.colcon_core.environment:create_environment_scripts_only(px4_state_bridge)
[182.503s] Level 1:colcon.colcon_core.environment:checking '/home/vdt_2026/VDT_project/install/px4_state_bridge' for CMake module files
[182.503s] Level 1:colcon.colcon_core.environment:checking '/home/vdt_2026/VDT_project/install/px4_state_bridge' for CMake config files
[182.504s] Level 1:colcon.colcon_core.shell:create_environment_hook('px4_state_bridge', 'cmake_prefix_path')
[182.504s] INFO:colcon.colcon_core.shell:Creating environment hook '/home/vdt_2026/VDT_project/install/px4_state_bridge/share/px4_state_bridge/hook/cmake_prefix_path.ps1'
[182.504s] INFO:colcon.colcon_core.shell:Creating environment descriptor '/home/vdt_2026/VDT_project/install/px4_state_bridge/share/px4_state_bridge/hook/cmake_prefix_path.dsv'
[182.505s] INFO:colcon.colcon_core.shell:Creating environment hook '/home/vdt_2026/VDT_project/install/px4_state_bridge/share/px4_state_bridge/hook/cmake_prefix_path.sh'
[182.506s] Level 1:colcon.colcon_core.environment:checking '/home/vdt_2026/VDT_project/install/px4_state_bridge/lib'
[182.507s] Level 1:colcon.colcon_core.environment:checking '/home/vdt_2026/VDT_project/install/px4_state_bridge/bin'
[182.507s] Level 1:colcon.colcon_core.environment:checking '/home/vdt_2026/VDT_project/install/px4_state_bridge/lib/pkgconfig/px4_state_bridge.pc'
[182.507s] Level 1:colcon.colcon_core.environment:checking '/home/vdt_2026/VDT_project/install/px4_state_bridge/lib/python3.12/site-packages'
[182.508s] Level 1:colcon.colcon_core.environment:checking '/home/vdt_2026/VDT_project/install/px4_state_bridge/bin'
[182.508s] INFO:colcon.colcon_core.shell:Creating package script '/home/vdt_2026/VDT_project/install/px4_state_bridge/share/px4_state_bridge/package.ps1'
[182.509s] INFO:colcon.colcon_core.shell:Creating package descriptor '/home/vdt_2026/VDT_project/install/px4_state_bridge/share/px4_state_bridge/package.dsv'
[182.510s] INFO:colcon.colcon_core.shell:Creating package script '/home/vdt_2026/VDT_project/install/px4_state_bridge/share/px4_state_bridge/package.sh'
[182.511s] INFO:colcon.colcon_core.shell:Creating package script '/home/vdt_2026/VDT_project/install/px4_state_bridge/share/px4_state_bridge/package.bash'
[182.511s] INFO:colcon.colcon_core.shell:Creating package script '/home/vdt_2026/VDT_project/install/px4_state_bridge/share/px4_state_bridge/package.zsh'
[182.512s] Level 1:colcon.colcon_core.environment:create_file_with_runtime_dependencies(/home/vdt_2026/VDT_project/install/px4_state_bridge/share/colcon-core/packages/px4_state_bridge)
[182.513s] DEBUG:colcon.colcon_core.executor.sequential:run_until_complete 'px4_state_bridge' finished with '0'
[182.513s] DEBUG:colcon.colcon_core.executor.sequential:run_until_complete 'vdt_bringup'
[182.514s] INFO:colcon.colcon_ros.task.ament_cmake.build:Building ROS package in '/home/vdt_2026/VDT_project/ros2_ws/src/vdt_bringup' with build type 'ament_cmake'
[182.514s] INFO:colcon.colcon_cmake.task.cmake.build:Building CMake package in '/home/vdt_2026/VDT_project/ros2_ws/src/vdt_bringup'
[182.514s] INFO:colcon.colcon_core.shell:Skip shell extension 'powershell' for command environment: Not usable outside of PowerShell
[182.514s] DEBUG:colcon.colcon_core.shell:Skip shell extension 'dsv' for command environment
[182.540s] DEBUG:colcon.colcon_core.event_handler.log_command:Invoking command in '/home/vdt_2026/VDT_project/build/vdt_bringup': AMENT_PREFIX_PATH=/home/vdt_2026/VDT_project/install/offboard_safety_monitor:/home/vdt_2026/VDT_project/install/kill_switch:/home/vdt_2026/VDT_project/install/gimbal_control:/home/vdt_2026/VDT_project/install/rc_parser:/home/vdt_2026/VDT_project/install/offboard_manager:/home/vdt_2026/VDT_project/install/input_state_cache:/home/vdt_2026/VDT_project/install/fsm_state_machine:/home/vdt_2026/VDT_project/install/xrce_bridge_manager:/home/vdt_2026/VDT_project/install/vdt_msgs:/home/vdt_2026/VDT_project/install/servo_control:${AMENT_PREFIX_PATH} CMAKE_PREFIX_PATH=/home/vdt_2026/VDT_project/install/offboard_safety_monitor:/home/vdt_2026/VDT_project/install/kill_switch:/home/vdt_2026/VDT_project/install/gimbal_control:/home/vdt_2026/VDT_project/install/rc_parser:/home/vdt_2026/VDT_project/install/offboard_manager:/home/vdt_2026/VDT_project/install/input_state_cache:/home/vdt_2026/VDT_project/install/fsm_state_machine:/home/vdt_2026/VDT_project/install/vdt_msgs:/home/vdt_2026/ros2_ws/install/px4_msgs:/opt/ros/jazzy LD_LIBRARY_PATH=/home/vdt_2026/VDT_project/install/rc_parser/lib:/home/vdt_2026/VDT_project/install/vdt_msgs/lib:${LD_LIBRARY_PATH} PYTHONPATH=/home/vdt_2026/VDT_project/install/xrce_bridge_manager/lib/python3.12/site-packages:/home/vdt_2026/VDT_project/install/vdt_msgs/lib/python3.12/site-packages:/home/vdt_2026/VDT_project/install/servo_control/lib/python3.12/site-packages:${PYTHONPATH} /usr/bin/cmake /home/vdt_2026/VDT_project/ros2_ws/src/vdt_bringup -DCMAKE_VERBOSE_MAKEFILE=ON -DCMAKE_INSTALL_PREFIX=/home/vdt_2026/VDT_project/install/vdt_bringup
[183.691s] DEBUG:colcon.colcon_core.event_handler.log_command:Invoked command in '/home/vdt_2026/VDT_project/build/vdt_bringup' returned '0': AMENT_PREFIX_PATH=/home/vdt_2026/VDT_project/install/offboard_safety_monitor:/home/vdt_2026/VDT_project/install/kill_switch:/home/vdt_2026/VDT_project/install/gimbal_control:/home/vdt_2026/VDT_project/install/rc_parser:/home/vdt_2026/VDT_project/install/offboard_manager:/home/vdt_2026/VDT_project/install/input_state_cache:/home/vdt_2026/VDT_project/install/fsm_state_machine:/home/vdt_2026/VDT_project/install/xrce_bridge_manager:/home/vdt_2026/VDT_project/install/vdt_msgs:/home/vdt_2026/VDT_project/install/servo_control:${AMENT_PREFIX_PATH} CMAKE_PREFIX_PATH=/home/vdt_2026/VDT_project/install/offboard_safety_monitor:/home/vdt_2026/VDT_project/install/kill_switch:/home/vdt_2026/VDT_project/install/gimbal_control:/home/vdt_2026/VDT_project/install/rc_parser:/home/vdt_2026/VDT_project/install/offboard_manager:/home/vdt_2026/VDT_project/install/input_state_cache:/home/vdt_2026/VDT_project/install/fsm_state_machine:/home/vdt_2026/VDT_project/install/vdt_msgs:/home/vdt_2026/ros2_ws/install/px4_msgs:/opt/ros/jazzy LD_LIBRARY_PATH=/home/vdt_2026/VDT_project/install/rc_parser/lib:/home/vdt_2026/VDT_project/install/vdt_msgs/lib:${LD_LIBRARY_PATH} PYTHONPATH=/home/vdt_2026/VDT_project/install/xrce_bridge_manager/lib/python3.12/site-packages:/home/vdt_2026/VDT_project/install/vdt_msgs/lib/python3.12/site-packages:/home/vdt_2026/VDT_project/install/servo_control/lib/python3.12/site-packages:${PYTHONPATH} /usr/bin/cmake /home/vdt_2026/VDT_project/ros2_ws/src/vdt_bringup -DCMAKE_VERBOSE_MAKEFILE=ON -DCMAKE_INSTALL_PREFIX=/home/vdt_2026/VDT_project/install/vdt_bringup
[183.692s] DEBUG:colcon.colcon_core.event_handler.log_command:Invoking command in '/home/vdt_2026/VDT_project/build/vdt_bringup': AMENT_PREFIX_PATH=/home/vdt_2026/VDT_project/install/offboard_safety_monitor:/home/vdt_2026/VDT_project/install/kill_switch:/home/vdt_2026/VDT_project/install/gimbal_control:/home/vdt_2026/VDT_project/install/rc_parser:/home/vdt_2026/VDT_project/install/offboard_manager:/home/vdt_2026/VDT_project/install/input_state_cache:/home/vdt_2026/VDT_project/install/fsm_state_machine:/home/vdt_2026/VDT_project/install/xrce_bridge_manager:/home/vdt_2026/VDT_project/install/vdt_msgs:/home/vdt_2026/VDT_project/install/servo_control:${AMENT_PREFIX_PATH} CMAKE_PREFIX_PATH=/home/vdt_2026/VDT_project/install/offboard_safety_monitor:/home/vdt_2026/VDT_project/install/kill_switch:/home/vdt_2026/VDT_project/install/gimbal_control:/home/vdt_2026/VDT_project/install/rc_parser:/home/vdt_2026/VDT_project/install/offboard_manager:/home/vdt_2026/VDT_project/install/input_state_cache:/home/vdt_2026/VDT_project/install/fsm_state_machine:/home/vdt_2026/VDT_project/install/vdt_msgs:/home/vdt_2026/ros2_ws/install/px4_msgs:/opt/ros/jazzy LD_LIBRARY_PATH=/home/vdt_2026/VDT_project/install/rc_parser/lib:/home/vdt_2026/VDT_project/install/vdt_msgs/lib:${LD_LIBRARY_PATH} PYTHONPATH=/home/vdt_2026/VDT_project/install/xrce_bridge_manager/lib/python3.12/site-packages:/home/vdt_2026/VDT_project/install/vdt_msgs/lib/python3.12/site-packages:/home/vdt_2026/VDT_project/install/servo_control/lib/python3.12/site-packages:${PYTHONPATH} /usr/bin/cmake --build /home/vdt_2026/VDT_project/build/vdt_bringup -- -j4 -l4
[183.776s] DEBUG:colcon.colcon_core.event_handler.log_command:Invoked command in '/home/vdt_2026/VDT_project/build/vdt_bringup' returned '0': AMENT_PREFIX_PATH=/home/vdt_2026/VDT_project/install/offboard_safety_monitor:/home/vdt_2026/VDT_project/install/kill_switch:/home/vdt_2026/VDT_project/install/gimbal_control:/home/vdt_2026/VDT_project/install/rc_parser:/home/vdt_2026/VDT_project/install/offboard_manager:/home/vdt_2026/VDT_project/install/input_state_cache:/home/vdt_2026/VDT_project/install/fsm_state_machine:/home/vdt_2026/VDT_project/install/xrce_bridge_manager:/home/vdt_2026/VDT_project/install/vdt_msgs:/home/vdt_2026/VDT_project/install/servo_control:${AMENT_PREFIX_PATH} CMAKE_PREFIX_PATH=/home/vdt_2026/VDT_project/install/offboard_safety_monitor:/home/vdt_2026/VDT_project/install/kill_switch:/home/vdt_2026/VDT_project/install/gimbal_control:/home/vdt_2026/VDT_project/install/rc_parser:/home/vdt_2026/VDT_project/install/offboard_manager:/home/vdt_2026/VDT_project/install/input_state_cache:/home/vdt_2026/VDT_project/install/fsm_state_machine:/home/vdt_2026/VDT_project/install/vdt_msgs:/home/vdt_2026/ros2_ws/install/px4_msgs:/opt/ros/jazzy LD_LIBRARY_PATH=/home/vdt_2026/VDT_project/install/rc_parser/lib:/home/vdt_2026/VDT_project/install/vdt_msgs/lib:${LD_LIBRARY_PATH} PYTHONPATH=/home/vdt_2026/VDT_project/install/xrce_bridge_manager/lib/python3.12/site-packages:/home/vdt_2026/VDT_project/install/vdt_msgs/lib/python3.12/site-packages:/home/vdt_2026/VDT_project/install/servo_control/lib/python3.12/site-packages:${PYTHONPATH} /usr/bin/cmake --build /home/vdt_2026/VDT_project/build/vdt_bringup -- -j4 -l4
[183.777s] DEBUG:colcon.colcon_core.event_handler.log_command:Invoking command in '/home/vdt_2026/VDT_project/build/vdt_bringup': AMENT_PREFIX_PATH=/home/vdt_2026/VDT_project/install/offboard_safety_monitor:/home/vdt_2026/VDT_project/install/kill_switch:/home/vdt_2026/VDT_project/install/gimbal_control:/home/vdt_2026/VDT_project/install/rc_parser:/home/vdt_2026/VDT_project/install/offboard_manager:/home/vdt_2026/VDT_project/install/input_state_cache:/home/vdt_2026/VDT_project/install/fsm_state_machine:/home/vdt_2026/VDT_project/install/xrce_bridge_manager:/home/vdt_2026/VDT_project/install/vdt_msgs:/home/vdt_2026/VDT_project/install/servo_control:${AMENT_PREFIX_PATH} CMAKE_PREFIX_PATH=/home/vdt_2026/VDT_project/install/offboard_safety_monitor:/home/vdt_2026/VDT_project/install/kill_switch:/home/vdt_2026/VDT_project/install/gimbal_control:/home/vdt_2026/VDT_project/install/rc_parser:/home/vdt_2026/VDT_project/install/offboard_manager:/home/vdt_2026/VDT_project/install/input_state_cache:/home/vdt_2026/VDT_project/install/fsm_state_machine:/home/vdt_2026/VDT_project/install/vdt_msgs:/home/vdt_2026/ros2_ws/install/px4_msgs:/opt/ros/jazzy LD_LIBRARY_PATH=/home/vdt_2026/VDT_project/install/rc_parser/lib:/home/vdt_2026/VDT_project/install/vdt_msgs/lib:${LD_LIBRARY_PATH} PYTHONPATH=/home/vdt_2026/VDT_project/install/xrce_bridge_manager/lib/python3.12/site-packages:/home/vdt_2026/VDT_project/install/vdt_msgs/lib/python3.12/site-packages:/home/vdt_2026/VDT_project/install/servo_control/lib/python3.12/site-packages:${PYTHONPATH} /usr/bin/cmake --install /home/vdt_2026/VDT_project/build/vdt_bringup
[183.800s] Level 1:colcon.colcon_core.environment:create_environment_scripts_only(vdt_bringup)
[183.801s] Level 1:colcon.colcon_core.environment:checking '/home/vdt_2026/VDT_project/install/vdt_bringup' for CMake module files
[183.801s] DEBUG:colcon.colcon_core.event_handler.log_command:Invoked command in '/home/vdt_2026/VDT_project/build/vdt_bringup' returned '0': AMENT_PREFIX_PATH=/home/vdt_2026/VDT_project/install/offboard_safety_monitor:/home/vdt_2026/VDT_project/install/kill_switch:/home/vdt_2026/VDT_project/install/gimbal_control:/home/vdt_2026/VDT_project/install/rc_parser:/home/vdt_2026/VDT_project/install/offboard_manager:/home/vdt_2026/VDT_project/install/input_state_cache:/home/vdt_2026/VDT_project/install/fsm_state_machine:/home/vdt_2026/VDT_project/install/xrce_bridge_manager:/home/vdt_2026/VDT_project/install/vdt_msgs:/home/vdt_2026/VDT_project/install/servo_control:${AMENT_PREFIX_PATH} CMAKE_PREFIX_PATH=/home/vdt_2026/VDT_project/install/offboard_safety_monitor:/home/vdt_2026/VDT_project/install/kill_switch:/home/vdt_2026/VDT_project/install/gimbal_control:/home/vdt_2026/VDT_project/install/rc_parser:/home/vdt_2026/VDT_project/install/offboard_manager:/home/vdt_2026/VDT_project/install/input_state_cache:/home/vdt_2026/VDT_project/install/fsm_state_machine:/home/vdt_2026/VDT_project/install/vdt_msgs:/home/vdt_2026/ros2_ws/install/px4_msgs:/opt/ros/jazzy LD_LIBRARY_PATH=/home/vdt_2026/VDT_project/install/rc_parser/lib:/home/vdt_2026/VDT_project/install/vdt_msgs/lib:${LD_LIBRARY_PATH} PYTHONPATH=/home/vdt_2026/VDT_project/install/xrce_bridge_manager/lib/python3.12/site-packages:/home/vdt_2026/VDT_project/install/vdt_msgs/lib/python3.12/site-packages:/home/vdt_2026/VDT_project/install/servo_control/lib/python3.12/site-packages:${PYTHONPATH} /usr/bin/cmake --install /home/vdt_2026/VDT_project/build/vdt_bringup
[183.802s] Level 1:colcon.colcon_core.environment:checking '/home/vdt_2026/VDT_project/install/vdt_bringup' for CMake config files
[183.802s] Level 1:colcon.colcon_core.shell:create_environment_hook('vdt_bringup', 'cmake_prefix_path')
[183.802s] INFO:colcon.colcon_core.shell:Creating environment hook '/home/vdt_2026/VDT_project/install/vdt_bringup/share/vdt_bringup/hook/cmake_prefix_path.ps1'
[183.803s] INFO:colcon.colcon_core.shell:Creating environment descriptor '/home/vdt_2026/VDT_project/install/vdt_bringup/share/vdt_bringup/hook/cmake_prefix_path.dsv'
[183.803s] INFO:colcon.colcon_core.shell:Creating environment hook '/home/vdt_2026/VDT_project/install/vdt_bringup/share/vdt_bringup/hook/cmake_prefix_path.sh'
[183.804s] Level 1:colcon.colcon_core.environment:checking '/home/vdt_2026/VDT_project/install/vdt_bringup/bin'
[183.804s] Level 1:colcon.colcon_core.environment:checking '/home/vdt_2026/VDT_project/install/vdt_bringup/lib/pkgconfig/vdt_bringup.pc'
[183.804s] Level 1:colcon.colcon_core.environment:checking '/home/vdt_2026/VDT_project/install/vdt_bringup/lib/python3.12/site-packages'
[183.805s] Level 1:colcon.colcon_core.environment:checking '/home/vdt_2026/VDT_project/install/vdt_bringup/bin'
[183.805s] INFO:colcon.colcon_core.shell:Creating package script '/home/vdt_2026/VDT_project/install/vdt_bringup/share/vdt_bringup/package.ps1'
[183.806s] INFO:colcon.colcon_core.shell:Creating package descriptor '/home/vdt_2026/VDT_project/install/vdt_bringup/share/vdt_bringup/package.dsv'
[183.806s] INFO:colcon.colcon_core.shell:Creating package script '/home/vdt_2026/VDT_project/install/vdt_bringup/share/vdt_bringup/package.sh'
[183.807s] INFO:colcon.colcon_core.shell:Creating package script '/home/vdt_2026/VDT_project/install/vdt_bringup/share/vdt_bringup/package.bash'
[183.807s] INFO:colcon.colcon_core.shell:Creating package script '/home/vdt_2026/VDT_project/install/vdt_bringup/share/vdt_bringup/package.zsh'
[183.808s] Level 1:colcon.colcon_core.environment:create_file_with_runtime_dependencies(/home/vdt_2026/VDT_project/install/vdt_bringup/share/colcon-core/packages/vdt_bringup)
[183.808s] Level 1:colcon.colcon_core.environment:create_environment_scripts_only(vdt_bringup)
[183.809s] Level 1:colcon.colcon_core.environment:checking '/home/vdt_2026/VDT_project/install/vdt_bringup' for CMake module files
[183.809s] Level 1:colcon.colcon_core.environment:checking '/home/vdt_2026/VDT_project/install/vdt_bringup' for CMake config files
[183.810s] Level 1:colcon.colcon_core.shell:create_environment_hook('vdt_bringup', 'cmake_prefix_path')
[183.810s] INFO:colcon.colcon_core.shell:Creating environment hook '/home/vdt_2026/VDT_project/install/vdt_bringup/share/vdt_bringup/hook/cmake_prefix_path.ps1'
[183.810s] INFO:colcon.colcon_core.shell:Creating environment descriptor '/home/vdt_2026/VDT_project/install/vdt_bringup/share/vdt_bringup/hook/cmake_prefix_path.dsv'
[183.811s] INFO:colcon.colcon_core.shell:Creating environment hook '/home/vdt_2026/VDT_project/install/vdt_bringup/share/vdt_bringup/hook/cmake_prefix_path.sh'
[183.812s] Level 1:colcon.colcon_core.environment:checking '/home/vdt_2026/VDT_project/install/vdt_bringup/bin'
[183.813s] Level 1:colcon.colcon_core.environment:checking '/home/vdt_2026/VDT_project/install/vdt_bringup/lib/pkgconfig/vdt_bringup.pc'
[183.813s] Level 1:colcon.colcon_core.environment:checking '/home/vdt_2026/VDT_project/install/vdt_bringup/lib/python3.12/site-packages'
[183.813s] Level 1:colcon.colcon_core.environment:checking '/home/vdt_2026/VDT_project/install/vdt_bringup/bin'
[183.814s] INFO:colcon.colcon_core.shell:Creating package script '/home/vdt_2026/VDT_project/install/vdt_bringup/share/vdt_bringup/package.ps1'
[183.815s] INFO:colcon.colcon_core.shell:Creating package descriptor '/home/vdt_2026/VDT_project/install/vdt_bringup/share/vdt_bringup/package.dsv'
[183.815s] INFO:colcon.colcon_core.shell:Creating package script '/home/vdt_2026/VDT_project/install/vdt_bringup/share/vdt_bringup/package.sh'
[183.816s] INFO:colcon.colcon_core.shell:Creating package script '/home/vdt_2026/VDT_project/install/vdt_bringup/share/vdt_bringup/package.bash'
[183.817s] INFO:colcon.colcon_core.shell:Creating package script '/home/vdt_2026/VDT_project/install/vdt_bringup/share/vdt_bringup/package.zsh'
[183.818s] Level 1:colcon.colcon_core.environment:create_file_with_runtime_dependencies(/home/vdt_2026/VDT_project/install/vdt_bringup/share/colcon-core/packages/vdt_bringup)
[183.819s] DEBUG:colcon.colcon_core.executor.sequential:run_until_complete 'vdt_bringup' finished with '0'
[183.819s] DEBUG:colcon.colcon_core.executor.sequential:closing loop
[183.820s] DEBUG:colcon.colcon_core.executor.sequential:loop closed
[183.820s] DEBUG:colcon.colcon_core.event_reactor:joining thread
[183.821s] DEBUG:colcon.colcon_core.event_reactor:joined thread
[183.821s] INFO:colcon.colcon_core.shell:Creating prefix script '/home/vdt_2026/VDT_project/install/local_setup.ps1'
[183.823s] INFO:colcon.colcon_core.shell:Creating prefix util module '/home/vdt_2026/VDT_project/install/_local_setup_util_ps1.py'
[183.828s] INFO:colcon.colcon_core.shell:Creating prefix chain script '/home/vdt_2026/VDT_project/install/setup.ps1'
[183.832s] INFO:colcon.colcon_core.shell:Creating prefix script '/home/vdt_2026/VDT_project/install/local_setup.sh'
[183.837s] INFO:colcon.colcon_core.shell:Creating prefix util module '/home/vdt_2026/VDT_project/install/_local_setup_util_sh.py'
[183.838s] INFO:colcon.colcon_core.shell:Creating prefix chain script '/home/vdt_2026/VDT_project/install/setup.sh'
[183.840s] INFO:colcon.colcon_core.shell:Creating prefix script '/home/vdt_2026/VDT_project/install/local_setup.bash'
[183.842s] INFO:colcon.colcon_core.shell:Creating prefix chain script '/home/vdt_2026/VDT_project/install/setup.bash'
[183.845s] INFO:colcon.colcon_core.shell:Creating prefix script '/home/vdt_2026/VDT_project/install/local_setup.zsh'
[183.847s] INFO:colcon.colcon_core.shell:Creating prefix chain script '/home/vdt_2026/VDT_project/install/setup.zsh'
