[0.000000] (-) TimerEvent: {}
[0.000238] (map_generator) JobQueued: {'identifier': 'map_generator', 'dependencies': OrderedDict()}
[0.000266] (px4) JobQueued: {'identifier': 'px4', 'dependencies': OrderedDict()}
[0.000616] (map_generator) JobStarted: {'identifier': 'map_generator'}
[0.005461] (px4) JobStarted: {'identifier': 'px4'}
[0.008358] (map_generator) JobProgress: {'identifier': 'map_generator', 'progress': 'cmake'}
[0.008589] (map_generator) Command: {'cmd': ['/usr/bin/cmake', '/home/duy/VDT_project/simulation_maps/fast_tracker_map_generator', '-DCATKIN_INSTALL_INTO_PREFIX_ROOT=0', '-DCMAKE_INSTALL_PREFIX=/home/duy/VDT_project/install/map_generator'], 'cwd': '/home/duy/VDT_project/build/map_generator', 'env': OrderedDict([('LESSOPEN', '| /usr/bin/lesspipe %s'), ('USER', 'duy'), ('LC_TIME', 'en_US.UTF-8'), ('XDG_SESSION_TYPE', 'wayland'), ('SHLVL', '1'), ('LD_LIBRARY_PATH', '/usr/local/lib/nuitrack:/opt/ros/humble/opt/rviz_ogre_vendor/lib:/opt/ros/humble/lib/x86_64-linux-gnu:/opt/ros/humble/lib:/usr/local/lib/nuitrack'), ('HOME', '/home/duy'), ('OLDPWD', '/home/duy'), ('DESKTOP_SESSION', 'ubuntu'), ('NVM_BIN', '/home/duy/.nvm/versions/node/v20.20.2/bin'), ('NVM_INC', '/home/duy/.nvm/versions/node/v20.20.2/include/node'), ('ROS_PYTHON_VERSION', '3'), ('GNOME_SHELL_SESSION_MODE', 'ubuntu'), ('GTK_MODULES', 'gail:atk-bridge'), ('LC_MONETARY', 'en_US.UTF-8'), ('SYSTEMD_EXEC_PID', '1238'), ('DBUS_SESSION_BUS_ADDRESS', 'unix:path=/run/user/1000/bus'), ('COLORTERM', 'truecolor'), ('NVM_DIR', '/home/duy/.nvm'), ('IM_CONFIG_PHASE', '1'), ('WAYLAND_DISPLAY', 'wayland-0'), ('ROS_DISTRO', 'humble'), ('GTK_IM_MODULE', 'ibus'), ('LOGNAME', 'duy'), ('_', '/usr/bin/colcon'), ('ROS_VERSION', '2'), ('XDG_SESSION_CLASS', 'user'), ('USERNAME', 'duy'), ('TERM', 'xterm-256color'), ('GNOME_DESKTOP_SESSION_ID', 'this-is-deprecated'), ('ROS_LOCALHOST_ONLY', '0'), ('PATH', '/home/duy/.nvm/versions/node/v20.20.2/bin:/opt/ros/humble/bin:/home/duy/.local/bin:/usr/local/sbin:/usr/local/bin:/usr/sbin:/usr/bin:/sbin:/bin:/usr/games:/usr/local/games:/snap/bin:/snap/bin:/home/duy/libfreenect2/build/bin:/opt/xtensa-esp-elf/bin/'), ('SESSION_MANAGER', 'local/duy-Vivobook-ASUSLaptop-X1503ZA-A1503ZA:@/tmp/.ICE-unix/1209,unix/duy-Vivobook-ASUSLaptop-X1503ZA-A1503ZA:/tmp/.ICE-unix/1209'), ('PAPERSIZE', 'letter'), ('XDG_MENU_PREFIX', 'gnome-'), ('LC_ADDRESS', 'en_US.UTF-8'), ('GNOME_TERMINAL_SCREEN', '/org/gnome/Terminal/screen/7227f3b8_4484_4db2_86b2_d8d4e0e7b7ea'), ('GNOME_SETUP_DISPLAY', ':1'), ('XDG_RUNTIME_DIR', '/run/user/1000'), ('DISPLAY', ':0'), ('LANG', 'en_US.UTF-8'), ('XDG_CURRENT_DESKTOP', 'ubuntu:GNOME'), ('LC_TELEPHONE', 'en_US.UTF-8'), ('RMW_IMPLEMENTATION', 'rmw_fastrtps_cpp'), ('XMODIFIERS', '@im=ibus'), ('XDG_SESSION_DESKTOP', 'ubuntu'), ('XAUTHORITY', '/run/user/1000/.mutter-Xwaylandauth.TV46V3'), ('LS_COLORS', 'rs=0:di=01;34:ln=01;36:mh=00:pi=40;33:so=01;35:do=01;35:bd=40;33;01:cd=40;33;01:or=40;31;01:mi=00:su=37;41:sg=30;43:ca=30;41:tw=30;42:ow=34;42:st=37;44:ex=01;32:*.tar=01;31:*.tgz=01;31:*.arc=01;31:*.arj=01;31:*.taz=01;31:*.lha=01;31:*.lz4=01;31:*.lzh=01;31:*.lzma=01;31:*.tlz=01;31:*.txz=01;31:*.tzo=01;31:*.t7z=01;31:*.zip=01;31:*.z=01;31:*.dz=01;31:*.gz=01;31:*.lrz=01;31:*.lz=01;31:*.lzo=01;31:*.xz=01;31:*.zst=01;31:*.tzst=01;31:*.bz2=01;31:*.bz=01;31:*.tbz=01;31:*.tbz2=01;31:*.tz=01;31:*.deb=01;31:*.rpm=01;31:*.jar=01;31:*.war=01;31:*.ear=01;31:*.sar=01;31:*.rar=01;31:*.alz=01;31:*.ace=01;31:*.zoo=01;31:*.cpio=01;31:*.7z=01;31:*.rz=01;31:*.cab=01;31:*.wim=01;31:*.swm=01;31:*.dwm=01;31:*.esd=01;31:*.jpg=01;35:*.jpeg=01;35:*.mjpg=01;35:*.mjpeg=01;35:*.gif=01;35:*.bmp=01;35:*.pbm=01;35:*.pgm=01;35:*.ppm=01;35:*.tga=01;35:*.xbm=01;35:*.xpm=01;35:*.tif=01;35:*.tiff=01;35:*.png=01;35:*.svg=01;35:*.svgz=01;35:*.mng=01;35:*.pcx=01;35:*.mov=01;35:*.mpg=01;35:*.mpeg=01;35:*.m2v=01;35:*.mkv=01;35:*.webm=01;35:*.webp=01;35:*.ogm=01;35:*.mp4=01;35:*.m4v=01;35:*.mp4v=01;35:*.vob=01;35:*.qt=01;35:*.nuv=01;35:*.wmv=01;35:*.asf=01;35:*.rm=01;35:*.rmvb=01;35:*.flc=01;35:*.avi=01;35:*.fli=01;35:*.flv=01;35:*.gl=01;35:*.dl=01;35:*.xcf=01;35:*.xwd=01;35:*.yuv=01;35:*.cgm=01;35:*.emf=01;35:*.ogv=01;35:*.ogx=01;35:*.aac=00;36:*.au=00;36:*.flac=00;36:*.m4a=00;36:*.mid=00;36:*.midi=00;36:*.mka=00;36:*.mp3=00;36:*.mpc=00;36:*.ogg=00;36:*.ra=00;36:*.wav=00;36:*.oga=00;36:*.opus=00;36:*.spx=00;36:*.xspf=00;36:'), ('GNOME_TERMINAL_SERVICE', ':1.118'), ('SSH_AGENT_LAUNCHER', 'gnome-keyring'), ('SSH_AUTH_SOCK', '/run/user/1000/keyring/ssh'), ('ROS_DOMAIN_ID', '69'), ('AMENT_PREFIX_PATH', '/opt/ros/humble'), ('NUITRACK_HOME', '/usr/etc/nuitrack'), ('SHELL', '/bin/bash'), ('LC_NAME', 'en_US.UTF-8'), ('QT_ACCESSIBILITY', '1'), ('GDMSESSION', 'ubuntu'), ('LESSCLOSE', '/usr/bin/lesspipe %s %s'), ('LC_MEASUREMENT', 'en_US.UTF-8'), ('LC_IDENTIFICATION', 'en_US.UTF-8'), ('QT_IM_MODULE', 'ibus'), ('PWD', '/home/duy/VDT_project/build/map_generator'), ('LC_ALL', 'en_US.UTF-8'), ('XDG_CONFIG_DIRS', '/etc/xdg/xdg-ubuntu:/etc/xdg'), ('NVM_CD_FLAGS', ''), ('XDG_DATA_DIRS', '/usr/share/ubuntu:/usr/local/share/:/usr/share/:/var/lib/snapd/desktop'), ('PYTHONPATH', '/opt/ros/humble/lib/python3.10/site-packages:/opt/ros/humble/local/lib/python3.10/dist-packages'), ('LC_NUMERIC', 'en_US.UTF-8'), ('LC_PAPER', 'en_US.UTF-8'), ('COLCON', '1'), ('VTE_VERSION', '6800')]), 'shell': False}
[0.010503] (px4) JobProgress: {'identifier': 'px4', 'progress': 'cmake'}
[0.011272] (px4) Command: {'cmd': ['/usr/bin/cmake', '/home/duy/VDT_project/PX4-Autopilot', '-DCMAKE_INSTALL_PREFIX=/home/duy/VDT_project/install/px4'], 'cwd': '/home/duy/VDT_project/build/px4', 'env': OrderedDict([('LESSOPEN', '| /usr/bin/lesspipe %s'), ('USER', 'duy'), ('LC_TIME', 'en_US.UTF-8'), ('XDG_SESSION_TYPE', 'wayland'), ('SHLVL', '1'), ('LD_LIBRARY_PATH', '/usr/local/lib/nuitrack:/opt/ros/humble/opt/rviz_ogre_vendor/lib:/opt/ros/humble/lib/x86_64-linux-gnu:/opt/ros/humble/lib:/usr/local/lib/nuitrack'), ('HOME', '/home/duy'), ('OLDPWD', '/home/duy'), ('DESKTOP_SESSION', 'ubuntu'), ('NVM_BIN', '/home/duy/.nvm/versions/node/v20.20.2/bin'), ('NVM_INC', '/home/duy/.nvm/versions/node/v20.20.2/include/node'), ('ROS_PYTHON_VERSION', '3'), ('GNOME_SHELL_SESSION_MODE', 'ubuntu'), ('GTK_MODULES', 'gail:atk-bridge'), ('LC_MONETARY', 'en_US.UTF-8'), ('SYSTEMD_EXEC_PID', '1238'), ('DBUS_SESSION_BUS_ADDRESS', 'unix:path=/run/user/1000/bus'), ('COLORTERM', 'truecolor'), ('NVM_DIR', '/home/duy/.nvm'), ('IM_CONFIG_PHASE', '1'), ('WAYLAND_DISPLAY', 'wayland-0'), ('ROS_DISTRO', 'humble'), ('GTK_IM_MODULE', 'ibus'), ('LOGNAME', 'duy'), ('_', '/usr/bin/colcon'), ('ROS_VERSION', '2'), ('XDG_SESSION_CLASS', 'user'), ('USERNAME', 'duy'), ('TERM', 'xterm-256color'), ('GNOME_DESKTOP_SESSION_ID', 'this-is-deprecated'), ('ROS_LOCALHOST_ONLY', '0'), ('PATH', '/home/duy/.nvm/versions/node/v20.20.2/bin:/opt/ros/humble/bin:/home/duy/.local/bin:/usr/local/sbin:/usr/local/bin:/usr/sbin:/usr/bin:/sbin:/bin:/usr/games:/usr/local/games:/snap/bin:/snap/bin:/home/duy/libfreenect2/build/bin:/opt/xtensa-esp-elf/bin/'), ('SESSION_MANAGER', 'local/duy-Vivobook-ASUSLaptop-X1503ZA-A1503ZA:@/tmp/.ICE-unix/1209,unix/duy-Vivobook-ASUSLaptop-X1503ZA-A1503ZA:/tmp/.ICE-unix/1209'), ('PAPERSIZE', 'letter'), ('XDG_MENU_PREFIX', 'gnome-'), ('LC_ADDRESS', 'en_US.UTF-8'), ('GNOME_TERMINAL_SCREEN', '/org/gnome/Terminal/screen/7227f3b8_4484_4db2_86b2_d8d4e0e7b7ea'), ('GNOME_SETUP_DISPLAY', ':1'), ('XDG_RUNTIME_DIR', '/run/user/1000'), ('DISPLAY', ':0'), ('LANG', 'en_US.UTF-8'), ('XDG_CURRENT_DESKTOP', 'ubuntu:GNOME'), ('LC_TELEPHONE', 'en_US.UTF-8'), ('RMW_IMPLEMENTATION', 'rmw_fastrtps_cpp'), ('XMODIFIERS', '@im=ibus'), ('XDG_SESSION_DESKTOP', 'ubuntu'), ('XAUTHORITY', '/run/user/1000/.mutter-Xwaylandauth.TV46V3'), ('LS_COLORS', 'rs=0:di=01;34:ln=01;36:mh=00:pi=40;33:so=01;35:do=01;35:bd=40;33;01:cd=40;33;01:or=40;31;01:mi=00:su=37;41:sg=30;43:ca=30;41:tw=30;42:ow=34;42:st=37;44:ex=01;32:*.tar=01;31:*.tgz=01;31:*.arc=01;31:*.arj=01;31:*.taz=01;31:*.lha=01;31:*.lz4=01;31:*.lzh=01;31:*.lzma=01;31:*.tlz=01;31:*.txz=01;31:*.tzo=01;31:*.t7z=01;31:*.zip=01;31:*.z=01;31:*.dz=01;31:*.gz=01;31:*.lrz=01;31:*.lz=01;31:*.lzo=01;31:*.xz=01;31:*.zst=01;31:*.tzst=01;31:*.bz2=01;31:*.bz=01;31:*.tbz=01;31:*.tbz2=01;31:*.tz=01;31:*.deb=01;31:*.rpm=01;31:*.jar=01;31:*.war=01;31:*.ear=01;31:*.sar=01;31:*.rar=01;31:*.alz=01;31:*.ace=01;31:*.zoo=01;31:*.cpio=01;31:*.7z=01;31:*.rz=01;31:*.cab=01;31:*.wim=01;31:*.swm=01;31:*.dwm=01;31:*.esd=01;31:*.jpg=01;35:*.jpeg=01;35:*.mjpg=01;35:*.mjpeg=01;35:*.gif=01;35:*.bmp=01;35:*.pbm=01;35:*.pgm=01;35:*.ppm=01;35:*.tga=01;35:*.xbm=01;35:*.xpm=01;35:*.tif=01;35:*.tiff=01;35:*.png=01;35:*.svg=01;35:*.svgz=01;35:*.mng=01;35:*.pcx=01;35:*.mov=01;35:*.mpg=01;35:*.mpeg=01;35:*.m2v=01;35:*.mkv=01;35:*.webm=01;35:*.webp=01;35:*.ogm=01;35:*.mp4=01;35:*.m4v=01;35:*.mp4v=01;35:*.vob=01;35:*.qt=01;35:*.nuv=01;35:*.wmv=01;35:*.asf=01;35:*.rm=01;35:*.rmvb=01;35:*.flc=01;35:*.avi=01;35:*.fli=01;35:*.flv=01;35:*.gl=01;35:*.dl=01;35:*.xcf=01;35:*.xwd=01;35:*.yuv=01;35:*.cgm=01;35:*.emf=01;35:*.ogv=01;35:*.ogx=01;35:*.aac=00;36:*.au=00;36:*.flac=00;36:*.m4a=00;36:*.mid=00;36:*.midi=00;36:*.mka=00;36:*.mp3=00;36:*.mpc=00;36:*.ogg=00;36:*.ra=00;36:*.wav=00;36:*.oga=00;36:*.opus=00;36:*.spx=00;36:*.xspf=00;36:'), ('GNOME_TERMINAL_SERVICE', ':1.118'), ('SSH_AGENT_LAUNCHER', 'gnome-keyring'), ('SSH_AUTH_SOCK', '/run/user/1000/keyring/ssh'), ('ROS_DOMAIN_ID', '69'), ('AMENT_PREFIX_PATH', '/opt/ros/humble'), ('NUITRACK_HOME', '/usr/etc/nuitrack'), ('SHELL', '/bin/bash'), ('LC_NAME', 'en_US.UTF-8'), ('QT_ACCESSIBILITY', '1'), ('GDMSESSION', 'ubuntu'), ('LESSCLOSE', '/usr/bin/lesspipe %s %s'), ('LC_MEASUREMENT', 'en_US.UTF-8'), ('LC_IDENTIFICATION', 'en_US.UTF-8'), ('QT_IM_MODULE', 'ibus'), ('PWD', '/home/duy/VDT_project/build/px4'), ('LC_ALL', 'en_US.UTF-8'), ('XDG_CONFIG_DIRS', '/etc/xdg/xdg-ubuntu:/etc/xdg'), ('NVM_CD_FLAGS', ''), ('XDG_DATA_DIRS', '/usr/share/ubuntu:/usr/local/share/:/usr/share/:/var/lib/snapd/desktop'), ('PYTHONPATH', '/opt/ros/humble/lib/python3.10/site-packages:/opt/ros/humble/local/lib/python3.10/dist-packages'), ('LC_NUMERIC', 'en_US.UTF-8'), ('LC_PAPER', 'en_US.UTF-8'), ('COLCON', '1'), ('VTE_VERSION', '6800'), ('CMAKE_PREFIX_PATH', '/opt/ros/humble')]), 'shell': False}
[0.030649] (px4) StdoutLine: {'line': b'-- PX4_GIT_TAG: v1.18.0-beta1-445-g344d3adc9a\n'}
[0.099926] (-) TimerEvent: {}
[0.100229] (map_generator) StdoutLine: {'line': b'-- The C compiler identification is GNU 11.4.0\n'}
[0.168070] (px4) StdoutLine: {'line': b'-- Found Python3: /usr/bin/python3.10 (found version "3.10.12") found components: Interpreter \n'}
[0.194486] (map_generator) StdoutLine: {'line': b'-- The CXX compiler identification is GNU 11.4.0\n'}
[0.195632] (px4) StdoutLine: {'line': b'-- PX4 config file: /home/duy/VDT_project/PX4-Autopilot/boards/px4/ros2/default.px4board\n'}
[0.199998] (-) TimerEvent: {}
[0.203511] (map_generator) StdoutLine: {'line': b'-- Detecting C compiler ABI info\n'}
[0.264490] (map_generator) StdoutLine: {'line': b'-- Detecting C compiler ABI info - done\n'}
[0.273794] (map_generator) StdoutLine: {'line': b'-- Check for working C compiler: /usr/bin/cc - skipped\n'}
[0.274496] (map_generator) StdoutLine: {'line': b'-- Detecting C compile features\n'}
[0.275595] (map_generator) StdoutLine: {'line': b'-- Detecting C compile features - done\n'}
[0.280025] (map_generator) StdoutLine: {'line': b'-- Detecting CXX compiler ABI info\n'}
[0.300111] (-) TimerEvent: {}
[0.351494] (map_generator) StdoutLine: {'line': b'-- Detecting CXX compiler ABI info - done\n'}
[0.356996] (map_generator) StdoutLine: {'line': b'-- Check for working CXX compiler: /usr/bin/c++ - skipped\n'}
[0.357167] (map_generator) StdoutLine: {'line': b'-- Detecting CXX compile features\n'}
[0.357472] (map_generator) StdoutLine: {'line': b'-- Detecting CXX compile features - done\n'}
[0.366795] (map_generator) StdoutLine: {'line': b'-- Configuring incomplete, errors occurred!\n'}
[0.366942] (map_generator) StdoutLine: {'line': b'See also "/home/duy/VDT_project/build/map_generator/CMakeFiles/CMakeOutput.log".\n'}
[0.367017] (map_generator) StderrLine: {'line': b'\x1b[31mCMake Error at CMakeLists.txt:4 (find_package):\n'}
[0.367101] (map_generator) StderrLine: {'line': b'  By not providing "Findcatkin.cmake" in CMAKE_MODULE_PATH this project has\n'}
[0.367173] (map_generator) StderrLine: {'line': b'  asked CMake to find a package configuration file provided by "catkin", but\n'}
[0.367235] (map_generator) StderrLine: {'line': b'  CMake did not find one.\n'}
[0.367297] (map_generator) StderrLine: {'line': b'\n'}
[0.367357] (map_generator) StderrLine: {'line': b'  Could not find a package configuration file provided by "catkin" with any\n'}
[0.367418] (map_generator) StderrLine: {'line': b'  of the following names:\n'}
[0.367478] (map_generator) StderrLine: {'line': b'\n'}
[0.367537] (map_generator) StderrLine: {'line': b'    catkinConfig.cmake\n'}
[0.367597] (map_generator) StderrLine: {'line': b'    catkin-config.cmake\n'}
[0.367656] (map_generator) StderrLine: {'line': b'\n'}
[0.367729] (map_generator) StderrLine: {'line': b'  Add the installation prefix of "catkin" to CMAKE_PREFIX_PATH or set\n'}
[0.367792] (map_generator) StderrLine: {'line': b'  "catkin_DIR" to a directory containing one of the above files.  If "catkin"\n'}
[0.367853] (map_generator) StderrLine: {'line': b'  provides a separate development package or SDK, be sure it has been\n'}
[0.367913] (map_generator) StderrLine: {'line': b'  installed.\n'}
[0.367973] (map_generator) StderrLine: {'line': b'\n'}
[0.368032] (map_generator) StderrLine: {'line': b'\x1b[0m\n'}
[0.369032] (map_generator) CommandEnded: {'returncode': 1}
[0.391602] (map_generator) JobEnded: {'identifier': 'map_generator', 'rc': 1}
[0.400278] (-) TimerEvent: {}
[0.479789] (px4) StdoutLine: {'line': b'-- PLATFORM ros2\n'}
[0.479978] (px4) StdoutLine: {'line': b'-- ROMFSROOT px4fmu_common\n'}
[0.480837] (px4) StdoutLine: {'line': b'-- ROOT_PATH /fs/microsd\n'}
[0.481004] (px4) StdoutLine: {'line': b'-- PARAM_FILE /fs/mtd_params\n'}
[0.489872] (px4) StdoutLine: {'line': b'-- PX4 config: px4_ros2_default\n'}
[0.490020] (px4) StdoutLine: {'line': b'-- PX4 platform: ros2\n'}
[0.500387] (-) TimerEvent: {}
[0.533129] (px4) StdoutLine: {'line': b'-- The CXX compiler identification is GNU 11.4.0\n'}
[0.538585] (px4) StdoutLine: {'line': b'-- Detecting CXX compiler ABI info\n'}
[0.599773] (px4) StdoutLine: {'line': b'-- Detecting CXX compiler ABI info - done\n'}
[0.600480] (-) TimerEvent: {}
[0.607264] (px4) StdoutLine: {'line': b'-- Check for working CXX compiler: /usr/bin/c++ - skipped\n'}
[0.607531] (px4) StdoutLine: {'line': b'-- Detecting CXX compile features\n'}
[0.607923] (px4) StdoutLine: {'line': b'-- Detecting CXX compile features - done\n'}
[0.612902] (px4) StdoutLine: {'line': b'-- Found ament_cmake: 1.3.14 (/opt/ros/humble/share/ament_cmake/cmake)\n'}
[0.698140] (px4) StdoutLine: {'line': b'-- Found rclcpp: 16.0.19 (/opt/ros/humble/share/rclcpp/cmake)\n'}
[0.700572] (-) TimerEvent: {}
[0.742829] (px4) StdoutLine: {'line': b'-- Found rosidl_generator_c: 3.1.8 (/opt/ros/humble/share/rosidl_generator_c/cmake)\n'}
[0.749418] (px4) StdoutLine: {'line': b'-- Found rosidl_adapter: 3.1.8 (/opt/ros/humble/share/rosidl_adapter/cmake)\n'}
[0.760614] (px4) StdoutLine: {'line': b'-- Found rosidl_generator_cpp: 3.1.8 (/opt/ros/humble/share/rosidl_generator_cpp/cmake)\n'}
[0.772629] (px4) StdoutLine: {'line': b'-- Using all available rosidl_typesupport_c: rosidl_typesupport_fastrtps_c;rosidl_typesupport_introspection_c\n'}
[0.784431] (px4) StdoutLine: {'line': b'-- Using all available rosidl_typesupport_cpp: rosidl_typesupport_fastrtps_cpp;rosidl_typesupport_introspection_cpp\n'}
[0.801116] (-) TimerEvent: {}
[0.821471] (px4) StdoutLine: {'line': b'-- Found rmw_implementation_cmake: 6.1.2 (/opt/ros/humble/share/rmw_implementation_cmake/cmake)\n'}
[0.823849] (px4) StdoutLine: {'line': b'-- Found rmw_fastrtps_cpp: 6.2.10 (/opt/ros/humble/share/rmw_fastrtps_cpp/cmake)\n'}
[0.901279] (-) TimerEvent: {}
[0.914305] (px4) StdoutLine: {'line': b'-- Found OpenSSL: /usr/lib/x86_64-linux-gnu/libcrypto.so (found version "3.0.2")  \n'}
[0.945779] (px4) StdoutLine: {'line': b'-- Found FastRTPS: /opt/ros/humble/include  \n'}
[0.977463] (px4) StdoutLine: {'line': b"-- Using RMW implementation 'rmw_fastrtps_cpp' as default\n"}
[0.985217] (px4) StdoutLine: {'line': b'-- Looking for C++ include pthread.h\n'}
[1.001367] (-) TimerEvent: {}
[1.065877] (px4) StdoutLine: {'line': b'-- Looking for C++ include pthread.h - found\n'}
[1.066057] (px4) StdoutLine: {'line': b'-- Performing Test CMAKE_HAVE_LIBC_PTHREAD\n'}
[1.101503] (-) TimerEvent: {}
[1.130789] (px4) StdoutLine: {'line': b'-- Performing Test CMAKE_HAVE_LIBC_PTHREAD - Success\n'}
[1.131542] (px4) StdoutLine: {'line': b'-- Found Threads: TRUE  \n'}
[1.176973] (px4) StdoutLine: {'line': b'-- Found rosidl_default_generators: 1.2.1 (/opt/ros/humble/share/rosidl_default_generators/cmake)\n'}
[1.201632] (-) TimerEvent: {}
[1.220063] (px4) StdoutLine: {'line': b'-- The C compiler identification is GNU 11.4.0\n'}
[1.229611] (px4) StdoutLine: {'line': b'-- The ASM compiler identification is GNU\n'}
[1.231294] (px4) StdoutLine: {'line': b'-- Found assembler: /usr/bin/cc\n'}
[1.235555] (px4) StdoutLine: {'line': b'-- Detecting C compiler ABI info\n'}
[1.294832] (px4) StdoutLine: {'line': b'-- Detecting C compiler ABI info - done\n'}
[1.301772] (-) TimerEvent: {}
[1.302431] (px4) StdoutLine: {'line': b'-- Check for working C compiler: /usr/bin/cc - skipped\n'}
[1.302625] (px4) StdoutLine: {'line': b'-- Detecting C compile features\n'}
[1.303243] (px4) StdoutLine: {'line': b'-- Detecting C compile features - done\n'}
[1.305590] (px4) StdoutLine: {'line': b'-- cmake build type: RelWithDebInfo\n'}
[1.306286] (px4) StdoutLine: {'line': b'-- ccache enabled (export CCACHE_DISABLE=1 to disable)\n'}
[1.345230] (px4) StdoutLine: {'line': b'-- Adding fuzztest\n'}
[1.401865] (-) TimerEvent: {}
[1.502143] (-) TimerEvent: {}
[1.602510] (-) TimerEvent: {}
[1.703344] (-) TimerEvent: {}
[1.804105] (-) TimerEvent: {}
[1.904608] (-) TimerEvent: {}
[2.005031] (-) TimerEvent: {}
[2.105546] (-) TimerEvent: {}
[2.206099] (-) TimerEvent: {}
[2.306699] (-) TimerEvent: {}
[2.407357] (-) TimerEvent: {}
[2.507954] (-) TimerEvent: {}
[2.608627] (-) TimerEvent: {}
[2.709178] (-) TimerEvent: {}
[2.809740] (-) TimerEvent: {}
[2.910242] (-) TimerEvent: {}
[3.010815] (-) TimerEvent: {}
[3.111284] (-) TimerEvent: {}
[3.211962] (-) TimerEvent: {}
[3.312709] (-) TimerEvent: {}
[3.413215] (-) TimerEvent: {}
[3.513827] (-) TimerEvent: {}
[3.614545] (-) TimerEvent: {}
[3.715368] (-) TimerEvent: {}
[3.816211] (-) TimerEvent: {}
[3.916886] (-) TimerEvent: {}
[4.017481] (-) TimerEvent: {}
[4.118111] (-) TimerEvent: {}
[4.218865] (-) TimerEvent: {}
[4.319435] (-) TimerEvent: {}
[4.420131] (-) TimerEvent: {}
[4.521079] (-) TimerEvent: {}
[4.621825] (-) TimerEvent: {}
[4.722410] (-) TimerEvent: {}
[4.823059] (-) TimerEvent: {}
[4.923799] (-) TimerEvent: {}
[5.024482] (-) TimerEvent: {}
[5.125379] (-) TimerEvent: {}
[5.226160] (-) TimerEvent: {}
[5.326466] (-) TimerEvent: {}
[5.426738] (-) TimerEvent: {}
[5.527091] (-) TimerEvent: {}
[5.627865] (-) TimerEvent: {}
[5.728844] (-) TimerEvent: {}
[5.829392] (-) TimerEvent: {}
[5.929763] (-) TimerEvent: {}
[6.030109] (-) TimerEvent: {}
[6.130647] (-) TimerEvent: {}
[6.231226] (-) TimerEvent: {}
[6.331857] (-) TimerEvent: {}
[6.432521] (-) TimerEvent: {}
[6.533219] (-) TimerEvent: {}
[6.633939] (-) TimerEvent: {}
[6.734731] (-) TimerEvent: {}
[6.835291] (-) TimerEvent: {}
[6.935613] (-) TimerEvent: {}
[7.036241] (-) TimerEvent: {}
[7.136861] (-) TimerEvent: {}
[7.237624] (-) TimerEvent: {}
[7.338167] (-) TimerEvent: {}
[7.438713] (-) TimerEvent: {}
[7.539553] (-) TimerEvent: {}
[7.640896] (-) TimerEvent: {}
[7.741252] (-) TimerEvent: {}
[7.841802] (-) TimerEvent: {}
[7.942242] (-) TimerEvent: {}
[8.042613] (-) TimerEvent: {}
[8.143231] (-) TimerEvent: {}
[8.243939] (-) TimerEvent: {}
[8.344460] (-) TimerEvent: {}
[8.444980] (-) TimerEvent: {}
[8.545396] (-) TimerEvent: {}
[8.645876] (-) TimerEvent: {}
[8.746327] (-) TimerEvent: {}
[8.846814] (-) TimerEvent: {}
[8.947127] (-) TimerEvent: {}
[9.047579] (-) TimerEvent: {}
[9.148034] (-) TimerEvent: {}
[9.248548] (-) TimerEvent: {}
[9.349291] (-) TimerEvent: {}
[9.449979] (-) TimerEvent: {}
[9.550611] (-) TimerEvent: {}
[9.651511] (-) TimerEvent: {}
[9.752457] (-) TimerEvent: {}
[9.853186] (-) TimerEvent: {}
[9.953470] (-) TimerEvent: {}
[10.054022] (-) TimerEvent: {}
[10.154698] (-) TimerEvent: {}
[10.255129] (-) TimerEvent: {}
[10.355756] (-) TimerEvent: {}
[10.456319] (-) TimerEvent: {}
[10.557138] (-) TimerEvent: {}
[10.658023] (-) TimerEvent: {}
[10.758617] (-) TimerEvent: {}
[10.859161] (-) TimerEvent: {}
[10.959442] (-) TimerEvent: {}
[11.060091] (-) TimerEvent: {}
[11.160890] (-) TimerEvent: {}
[11.261457] (-) TimerEvent: {}
[11.361817] (-) TimerEvent: {}
[11.462388] (-) TimerEvent: {}
[11.563022] (-) TimerEvent: {}
[11.663523] (-) TimerEvent: {}
[11.764064] (-) TimerEvent: {}
[11.864632] (-) TimerEvent: {}
[11.964916] (-) TimerEvent: {}
[12.065489] (-) TimerEvent: {}
[12.166411] (-) TimerEvent: {}
[12.267204] (-) TimerEvent: {}
[12.367902] (-) TimerEvent: {}
[12.468920] (-) TimerEvent: {}
[12.569620] (-) TimerEvent: {}
[12.670156] (-) TimerEvent: {}
[12.770497] (-) TimerEvent: {}
[12.871139] (-) TimerEvent: {}
[12.971397] (-) TimerEvent: {}
[13.071936] (-) TimerEvent: {}
[13.172537] (-) TimerEvent: {}
[13.273239] (-) TimerEvent: {}
[13.373788] (-) TimerEvent: {}
[13.474328] (-) TimerEvent: {}
[13.575013] (-) TimerEvent: {}
[13.675726] (-) TimerEvent: {}
[13.776166] (-) TimerEvent: {}
[13.876646] (-) TimerEvent: {}
[13.977131] (-) TimerEvent: {}
[14.077760] (-) TimerEvent: {}
[14.178271] (-) TimerEvent: {}
[14.278850] (-) TimerEvent: {}
[14.379372] (-) TimerEvent: {}
[14.480141] (-) TimerEvent: {}
[14.580715] (-) TimerEvent: {}
[14.681159] (-) TimerEvent: {}
[14.781775] (-) TimerEvent: {}
[14.882389] (-) TimerEvent: {}
[14.982919] (-) TimerEvent: {}
[15.083498] (-) TimerEvent: {}
[15.184321] (-) TimerEvent: {}
[15.285113] (-) TimerEvent: {}
[15.385856] (-) TimerEvent: {}
[15.486574] (-) TimerEvent: {}
[15.587162] (-) TimerEvent: {}
[15.687790] (-) TimerEvent: {}
[15.788374] (-) TimerEvent: {}
[15.888969] (-) TimerEvent: {}
[15.989399] (-) TimerEvent: {}
[16.090043] (-) TimerEvent: {}
[16.190809] (-) TimerEvent: {}
[16.291520] (-) TimerEvent: {}
[16.392219] (-) TimerEvent: {}
[16.493231] (-) TimerEvent: {}
[16.594215] (-) TimerEvent: {}
[16.695104] (-) TimerEvent: {}
[16.796043] (-) TimerEvent: {}
[16.896879] (-) TimerEvent: {}
[16.997629] (-) TimerEvent: {}
[17.098606] (-) TimerEvent: {}
[17.199465] (-) TimerEvent: {}
[17.300437] (-) TimerEvent: {}
[17.401292] (-) TimerEvent: {}
[17.502075] (-) TimerEvent: {}
[17.602963] (-) TimerEvent: {}
[17.703635] (-) TimerEvent: {}
[17.804115] (-) TimerEvent: {}
[17.904948] (-) TimerEvent: {}
[18.005819] (-) TimerEvent: {}
[18.106416] (-) TimerEvent: {}
[18.207251] (-) TimerEvent: {}
[18.307895] (-) TimerEvent: {}
[18.408511] (-) TimerEvent: {}
[18.508840] (-) TimerEvent: {}
[18.609342] (-) TimerEvent: {}
[18.709667] (-) TimerEvent: {}
[18.810236] (-) TimerEvent: {}
[18.910727] (-) TimerEvent: {}
[19.011034] (-) TimerEvent: {}
[19.111644] (-) TimerEvent: {}
[19.212154] (-) TimerEvent: {}
[19.312563] (-) TimerEvent: {}
[19.413078] (-) TimerEvent: {}
[19.513563] (-) TimerEvent: {}
[19.614221] (-) TimerEvent: {}
[19.714952] (-) TimerEvent: {}
[19.815544] (-) TimerEvent: {}
[19.916156] (-) TimerEvent: {}
[20.016635] (-) TimerEvent: {}
[20.117275] (-) TimerEvent: {}
[20.218039] (-) TimerEvent: {}
[20.318799] (-) TimerEvent: {}
[20.419423] (-) TimerEvent: {}
[20.520106] (-) TimerEvent: {}
[20.620747] (-) TimerEvent: {}
[20.721426] (-) TimerEvent: {}
[20.821791] (-) TimerEvent: {}
[20.922296] (-) TimerEvent: {}
[21.022867] (-) TimerEvent: {}
[21.123423] (-) TimerEvent: {}
[21.223838] (-) TimerEvent: {}
[21.324550] (-) TimerEvent: {}
[21.425085] (-) TimerEvent: {}
[21.525730] (-) TimerEvent: {}
[21.626361] (-) TimerEvent: {}
[21.727168] (-) TimerEvent: {}
[21.827821] (-) TimerEvent: {}
[21.928226] (-) TimerEvent: {}
[22.029106] (-) TimerEvent: {}
[22.129774] (-) TimerEvent: {}
[22.230279] (-) TimerEvent: {}
[22.331008] (-) TimerEvent: {}
[22.431999] (-) TimerEvent: {}
[22.533009] (-) TimerEvent: {}
[22.634012] (-) TimerEvent: {}
[22.735131] (-) TimerEvent: {}
[22.835940] (-) TimerEvent: {}
[22.936411] (-) TimerEvent: {}
[23.037214] (-) TimerEvent: {}
[23.137913] (-) TimerEvent: {}
[23.238539] (-) TimerEvent: {}
[23.339296] (-) TimerEvent: {}
[23.440027] (-) TimerEvent: {}
[23.540893] (-) TimerEvent: {}
[23.641864] (-) TimerEvent: {}
[23.742591] (-) TimerEvent: {}
[23.843142] (-) TimerEvent: {}
[23.943437] (-) TimerEvent: {}
[24.043882] (-) TimerEvent: {}
[24.144386] (-) TimerEvent: {}
[24.244883] (-) TimerEvent: {}
[24.345441] (-) TimerEvent: {}
[24.445941] (-) TimerEvent: {}
[24.546468] (-) TimerEvent: {}
[24.647179] (-) TimerEvent: {}
[24.747831] (-) TimerEvent: {}
[24.848484] (-) TimerEvent: {}
[24.948979] (-) TimerEvent: {}
[25.049818] (-) TimerEvent: {}
[25.150509] (-) TimerEvent: {}
[25.251212] (-) TimerEvent: {}
[25.351922] (-) TimerEvent: {}
[25.452690] (-) TimerEvent: {}
[25.553462] (-) TimerEvent: {}
[25.654154] (-) TimerEvent: {}
[25.754834] (-) TimerEvent: {}
[25.855496] (-) TimerEvent: {}
[25.955782] (-) TimerEvent: {}
[26.056292] (-) TimerEvent: {}
[26.156877] (-) TimerEvent: {}
[26.257641] (-) TimerEvent: {}
[26.358535] (-) TimerEvent: {}
[26.459276] (-) TimerEvent: {}
[26.560048] (-) TimerEvent: {}
[26.660952] (-) TimerEvent: {}
[26.761846] (-) TimerEvent: {}
[26.862616] (-) TimerEvent: {}
[26.963104] (-) TimerEvent: {}
[27.064010] (-) TimerEvent: {}
[27.165092] (-) TimerEvent: {}
[27.266038] (-) TimerEvent: {}
[27.366824] (-) TimerEvent: {}
[27.467600] (-) TimerEvent: {}
[27.568547] (-) TimerEvent: {}
[27.669533] (-) TimerEvent: {}
[27.770497] (-) TimerEvent: {}
[27.871463] (-) TimerEvent: {}
[27.972065] (-) TimerEvent: {}
[28.073029] (-) TimerEvent: {}
[28.173888] (-) TimerEvent: {}
[28.274939] (-) TimerEvent: {}
[28.375601] (-) TimerEvent: {}
[28.476231] (-) TimerEvent: {}
[28.576854] (-) TimerEvent: {}
[28.677452] (-) TimerEvent: {}
[28.778093] (-) TimerEvent: {}
[28.878660] (-) TimerEvent: {}
[28.979007] (-) TimerEvent: {}
[29.079604] (-) TimerEvent: {}
[29.180251] (-) TimerEvent: {}
[29.280951] (-) TimerEvent: {}
[29.381757] (-) TimerEvent: {}
[29.482537] (-) TimerEvent: {}
[29.583401] (-) TimerEvent: {}
[29.684150] (-) TimerEvent: {}
[29.784949] (-) TimerEvent: {}
[29.885553] (-) TimerEvent: {}
[29.986476] (-) TimerEvent: {}
[30.087271] (-) TimerEvent: {}
[30.188089] (-) TimerEvent: {}
[30.288928] (-) TimerEvent: {}
[30.389835] (-) TimerEvent: {}
[30.490464] (-) TimerEvent: {}
[30.591240] (-) TimerEvent: {}
[30.692083] (-) TimerEvent: {}
[30.792947] (-) TimerEvent: {}
[30.893726] (-) TimerEvent: {}
[30.994587] (-) TimerEvent: {}
[31.095501] (-) TimerEvent: {}
[31.196539] (-) TimerEvent: {}
[31.297538] (-) TimerEvent: {}
[31.398466] (-) TimerEvent: {}
[31.499457] (-) TimerEvent: {}
[31.600515] (-) TimerEvent: {}
[31.701566] (-) TimerEvent: {}
[31.802662] (-) TimerEvent: {}
[31.903775] (-) TimerEvent: {}
[32.004527] (-) TimerEvent: {}
[32.105394] (-) TimerEvent: {}
[32.206173] (-) TimerEvent: {}
[32.306978] (-) TimerEvent: {}
[32.407827] (-) TimerEvent: {}
[32.508636] (-) TimerEvent: {}
[32.609032] (-) TimerEvent: {}
[32.709647] (-) TimerEvent: {}
[32.810314] (-) TimerEvent: {}
[32.910868] (-) TimerEvent: {}
[33.011343] (-) TimerEvent: {}
[33.111851] (-) TimerEvent: {}
[33.212360] (-) TimerEvent: {}
[33.312825] (-) TimerEvent: {}
[33.413340] (-) TimerEvent: {}
[33.513919] (-) TimerEvent: {}
[33.614496] (-) TimerEvent: {}
[33.715072] (-) TimerEvent: {}
[33.815787] (-) TimerEvent: {}
[33.916493] (-) TimerEvent: {}
[34.017216] (-) TimerEvent: {}
[34.117977] (-) TimerEvent: {}
[34.218719] (-) TimerEvent: {}
[34.319489] (-) TimerEvent: {}
[34.420119] (-) TimerEvent: {}
[34.520859] (-) TimerEvent: {}
[34.621270] (-) TimerEvent: {}
[34.721770] (-) TimerEvent: {}
[34.822284] (-) TimerEvent: {}
[34.922808] (-) TimerEvent: {}
[35.023258] (-) TimerEvent: {}
[35.123864] (-) TimerEvent: {}
[35.224573] (-) TimerEvent: {}
[35.325559] (-) TimerEvent: {}
[35.426505] (-) TimerEvent: {}
[35.527417] (-) TimerEvent: {}
[35.628388] (-) TimerEvent: {}
[35.729422] (-) TimerEvent: {}
[35.830220] (-) TimerEvent: {}
[35.930561] (-) TimerEvent: {}
[36.031294] (-) TimerEvent: {}
[36.132251] (-) TimerEvent: {}
[36.233315] (-) TimerEvent: {}
[36.334366] (-) TimerEvent: {}
[36.435254] (-) TimerEvent: {}
[36.536163] (-) TimerEvent: {}
[36.637105] (-) TimerEvent: {}
[36.737835] (-) TimerEvent: {}
[36.838663] (-) TimerEvent: {}
[36.939107] (-) TimerEvent: {}
[37.039940] (-) TimerEvent: {}
[37.140574] (-) TimerEvent: {}
[37.241561] (-) TimerEvent: {}
[37.342370] (-) TimerEvent: {}
[37.442904] (-) TimerEvent: {}
[37.543414] (-) TimerEvent: {}
[37.643976] (-) TimerEvent: {}
[37.744546] (-) TimerEvent: {}
[37.844962] (-) TimerEvent: {}
[37.945321] (-) TimerEvent: {}
[38.045784] (-) TimerEvent: {}
[38.146289] (-) TimerEvent: {}
[38.246791] (-) TimerEvent: {}
[38.347275] (-) TimerEvent: {}
[38.447872] (-) TimerEvent: {}
[38.548349] (-) TimerEvent: {}
[38.649007] (-) TimerEvent: {}
[38.749593] (-) TimerEvent: {}
[38.850222] (-) TimerEvent: {}
[38.950549] (-) TimerEvent: {}
[39.051060] (-) TimerEvent: {}
[39.151631] (-) TimerEvent: {}
[39.252821] (-) TimerEvent: {}
[39.353572] (-) TimerEvent: {}
[39.454358] (-) TimerEvent: {}
[39.555077] (-) TimerEvent: {}
[39.655808] (-) TimerEvent: {}
[39.756481] (-) TimerEvent: {}
[39.857063] (-) TimerEvent: {}
[39.957450] (-) TimerEvent: {}
[40.058056] (-) TimerEvent: {}
[40.158741] (-) TimerEvent: {}
[40.259485] (-) TimerEvent: {}
[40.360313] (-) TimerEvent: {}
[40.461112] (-) TimerEvent: {}
[40.561957] (-) TimerEvent: {}
[40.662939] (-) TimerEvent: {}
[40.763895] (-) TimerEvent: {}
[40.864647] (-) TimerEvent: {}
[40.964971] (-) TimerEvent: {}
[41.065656] (-) TimerEvent: {}
[41.166556] (-) TimerEvent: {}
[41.267365] (-) TimerEvent: {}
[41.368358] (-) TimerEvent: {}
[41.469317] (-) TimerEvent: {}
[41.570268] (-) TimerEvent: {}
[41.670998] (-) TimerEvent: {}
[41.771947] (-) TimerEvent: {}
[41.872852] (-) TimerEvent: {}
[41.973397] (-) TimerEvent: {}
[42.074241] (-) TimerEvent: {}
[42.175219] (-) TimerEvent: {}
[42.276072] (-) TimerEvent: {}
[42.376664] (-) TimerEvent: {}
[42.477133] (-) TimerEvent: {}
[42.577546] (-) TimerEvent: {}
[42.678161] (-) TimerEvent: {}
[42.778743] (-) TimerEvent: {}
[42.879291] (-) TimerEvent: {}
[42.979717] (-) TimerEvent: {}
[43.080307] (-) TimerEvent: {}
[43.180762] (-) TimerEvent: {}
[43.281065] (-) TimerEvent: {}
[43.381456] (-) TimerEvent: {}
[43.482101] (-) TimerEvent: {}
[43.582666] (-) TimerEvent: {}
[43.683103] (-) TimerEvent: {}
[43.783652] (-) TimerEvent: {}
[43.884270] (-) TimerEvent: {}
[43.984919] (-) TimerEvent: {}
[44.085593] (-) TimerEvent: {}
[44.186248] (-) TimerEvent: {}
[44.286926] (-) TimerEvent: {}
[44.387745] (-) TimerEvent: {}
[44.488408] (-) TimerEvent: {}
[44.589064] (-) TimerEvent: {}
[44.689799] (-) TimerEvent: {}
[44.790360] (-) TimerEvent: {}
[44.891056] (-) TimerEvent: {}
[44.991840] (-) TimerEvent: {}
[45.092539] (-) TimerEvent: {}
[45.193201] (-) TimerEvent: {}
[45.293860] (-) TimerEvent: {}
[45.394753] (-) TimerEvent: {}
[45.495519] (-) TimerEvent: {}
[45.595963] (-) TimerEvent: {}
[45.696632] (-) TimerEvent: {}
[45.797633] (-) TimerEvent: {}
[45.898452] (-) TimerEvent: {}
[45.999008] (-) TimerEvent: {}
[46.099656] (-) TimerEvent: {}
[46.200624] (-) TimerEvent: {}
[46.301654] (-) TimerEvent: {}
[46.402485] (-) TimerEvent: {}
[46.503004] (-) TimerEvent: {}
[46.603766] (-) TimerEvent: {}
[46.704542] (-) TimerEvent: {}
[46.805142] (-) TimerEvent: {}
[46.905605] (-) TimerEvent: {}
[47.006399] (-) TimerEvent: {}
[47.107340] (-) TimerEvent: {}
[47.208160] (-) TimerEvent: {}
[47.309083] (-) TimerEvent: {}
[47.409868] (-) TimerEvent: {}
[47.510598] (-) TimerEvent: {}
[47.611183] (-) TimerEvent: {}
[47.711799] (-) TimerEvent: {}
[47.812439] (-) TimerEvent: {}
[47.913023] (-) TimerEvent: {}
[48.013559] (-) TimerEvent: {}
[48.114200] (-) TimerEvent: {}
[48.214751] (-) TimerEvent: {}
[48.315172] (-) TimerEvent: {}
[48.415840] (-) TimerEvent: {}
[48.516619] (-) TimerEvent: {}
[48.617305] (-) TimerEvent: {}
[48.717877] (-) TimerEvent: {}
[48.818257] (-) TimerEvent: {}
[48.918882] (-) TimerEvent: {}
[49.019613] (-) TimerEvent: {}
[49.120285] (-) TimerEvent: {}
[49.221125] (-) TimerEvent: {}
[49.321841] (-) TimerEvent: {}
[49.422341] (-) TimerEvent: {}
[49.522920] (-) TimerEvent: {}
[49.623528] (-) TimerEvent: {}
[49.723945] (-) TimerEvent: {}
[49.824261] (-) TimerEvent: {}
[49.924610] (-) TimerEvent: {}
[50.025159] (-) TimerEvent: {}
[50.126012] (-) TimerEvent: {}
[50.226965] (-) TimerEvent: {}
[50.327614] (-) TimerEvent: {}
[50.428323] (-) TimerEvent: {}
[50.529278] (-) TimerEvent: {}
[50.630044] (-) TimerEvent: {}
[50.730797] (-) TimerEvent: {}
[50.831198] (-) TimerEvent: {}
[50.931570] (-) TimerEvent: {}
[51.032316] (-) TimerEvent: {}
[51.132917] (-) TimerEvent: {}
[51.233769] (-) TimerEvent: {}
[51.334733] (-) TimerEvent: {}
[51.435256] (-) TimerEvent: {}
[51.535944] (-) TimerEvent: {}
[51.636831] (-) TimerEvent: {}
[51.737730] (-) TimerEvent: {}
[51.838733] (-) TimerEvent: {}
[51.939325] (-) TimerEvent: {}
[52.040586] (-) TimerEvent: {}
[52.141396] (-) TimerEvent: {}
[52.242138] (-) TimerEvent: {}
[52.343273] (-) TimerEvent: {}
[52.443865] (-) TimerEvent: {}
[52.544735] (-) TimerEvent: {}
[52.645301] (-) TimerEvent: {}
[52.745963] (-) TimerEvent: {}
[52.846555] (-) TimerEvent: {}
[52.946909] (-) TimerEvent: {}
[53.047535] (-) TimerEvent: {}
[53.148065] (-) TimerEvent: {}
[53.248854] (-) TimerEvent: {}
[53.349565] (-) TimerEvent: {}
[53.450238] (-) TimerEvent: {}
[53.550650] (-) TimerEvent: {}
[53.651218] (-) TimerEvent: {}
[53.751912] (-) TimerEvent: {}
[53.852754] (-) TimerEvent: {}
[53.953292] (-) TimerEvent: {}
[54.053991] (-) TimerEvent: {}
[54.154753] (-) TimerEvent: {}
[54.255592] (-) TimerEvent: {}
[54.356518] (-) TimerEvent: {}
[54.457513] (-) TimerEvent: {}
[54.558253] (-) TimerEvent: {}
[54.658837] (-) TimerEvent: {}
[54.759412] (-) TimerEvent: {}
[54.860033] (-) TimerEvent: {}
[54.960510] (-) TimerEvent: {}
[55.061051] (-) TimerEvent: {}
[55.161500] (-) TimerEvent: {}
[55.262092] (-) TimerEvent: {}
[55.362611] (-) TimerEvent: {}
[55.463191] (-) TimerEvent: {}
[55.563759] (-) TimerEvent: {}
[55.664222] (-) TimerEvent: {}
[55.764758] (-) TimerEvent: {}
[55.865216] (-) TimerEvent: {}
[55.965511] (-) TimerEvent: {}
[56.065976] (-) TimerEvent: {}
[56.166459] (-) TimerEvent: {}
[56.267066] (-) TimerEvent: {}
[56.367784] (-) TimerEvent: {}
[56.468532] (-) TimerEvent: {}
[56.569266] (-) TimerEvent: {}
[56.669990] (-) TimerEvent: {}
[56.771041] (-) TimerEvent: {}
[56.871706] (-) TimerEvent: {}
[56.972161] (-) TimerEvent: {}
[57.072885] (-) TimerEvent: {}
[57.173528] (-) TimerEvent: {}
[57.274116] (-) TimerEvent: {}
[57.374898] (-) TimerEvent: {}
[57.475751] (-) TimerEvent: {}
[57.576515] (-) TimerEvent: {}
[57.677292] (-) TimerEvent: {}
[57.778013] (-) TimerEvent: {}
[57.878391] (-) TimerEvent: {}
[57.978827] (-) TimerEvent: {}
[58.079302] (-) TimerEvent: {}
[58.179817] (-) TimerEvent: {}
[58.280427] (-) TimerEvent: {}
[58.380861] (-) TimerEvent: {}
[58.481295] (-) TimerEvent: {}
[58.581851] (-) TimerEvent: {}
[58.682248] (-) TimerEvent: {}
[58.782846] (-) TimerEvent: {}
[58.883527] (-) TimerEvent: {}
[58.983979] (-) TimerEvent: {}
[59.084542] (-) TimerEvent: {}
[59.184939] (-) TimerEvent: {}
[59.285502] (-) TimerEvent: {}
[59.386083] (-) TimerEvent: {}
[59.486715] (-) TimerEvent: {}
[59.587235] (-) TimerEvent: {}
[59.687974] (-) TimerEvent: {}
[59.788712] (-) TimerEvent: {}
[59.889285] (-) TimerEvent: {}
[59.989875] (-) TimerEvent: {}
[60.090495] (-) TimerEvent: {}
[60.190952] (-) TimerEvent: {}
[60.291441] (-) TimerEvent: {}
[60.391993] (-) TimerEvent: {}
[60.492644] (-) TimerEvent: {}
[60.593323] (-) TimerEvent: {}
[60.693904] (-) TimerEvent: {}
[60.794219] (-) TimerEvent: {}
[60.894515] (-) TimerEvent: {}
[60.994829] (-) TimerEvent: {}
[61.095081] (-) TimerEvent: {}
[61.195418] (-) TimerEvent: {}
[61.296148] (-) TimerEvent: {}
[61.396841] (-) TimerEvent: {}
[61.497485] (-) TimerEvent: {}
[61.598097] (-) TimerEvent: {}
[61.698878] (-) TimerEvent: {}
[61.799606] (-) TimerEvent: {}
[61.900428] (-) TimerEvent: {}
[62.000919] (-) TimerEvent: {}
[62.101198] (-) TimerEvent: {}
[62.201444] (-) TimerEvent: {}
[62.301875] (-) TimerEvent: {}
[62.402134] (-) TimerEvent: {}
[62.502415] (-) TimerEvent: {}
[62.602656] (-) TimerEvent: {}
[62.702882] (-) TimerEvent: {}
[62.803134] (-) TimerEvent: {}
[62.903392] (-) TimerEvent: {}
[63.003729] (-) TimerEvent: {}
[63.104100] (-) TimerEvent: {}
[63.204413] (-) TimerEvent: {}
[63.304727] (-) TimerEvent: {}
[63.405140] (-) TimerEvent: {}
[63.505509] (-) TimerEvent: {}
[63.605837] (-) TimerEvent: {}
[63.706260] (-) TimerEvent: {}
[63.806667] (-) TimerEvent: {}
[63.907081] (-) TimerEvent: {}
[64.007508] (-) TimerEvent: {}
[64.107714] (-) TimerEvent: {}
[64.208201] (-) TimerEvent: {}
[64.308977] (-) TimerEvent: {}
[64.409622] (-) TimerEvent: {}
[64.510163] (-) TimerEvent: {}
[64.610711] (-) TimerEvent: {}
[64.711201] (-) TimerEvent: {}
[64.811559] (-) TimerEvent: {}
[64.912059] (-) TimerEvent: {}
[65.012482] (-) TimerEvent: {}
[65.113030] (-) TimerEvent: {}
[65.213445] (-) TimerEvent: {}
[65.313845] (-) TimerEvent: {}
[65.414120] (-) TimerEvent: {}
[65.514394] (-) TimerEvent: {}
[65.614727] (-) TimerEvent: {}
[65.715014] (-) TimerEvent: {}
[65.815249] (-) TimerEvent: {}
[65.915640] (-) TimerEvent: {}
[66.016056] (-) TimerEvent: {}
[66.116332] (-) TimerEvent: {}
[66.216849] (-) TimerEvent: {}
[66.317206] (-) TimerEvent: {}
[66.417532] (-) TimerEvent: {}
[66.517827] (-) TimerEvent: {}
[66.618070] (-) TimerEvent: {}
[66.718324] (-) TimerEvent: {}
[66.818646] (-) TimerEvent: {}
[66.918949] (-) TimerEvent: {}
[67.019281] (-) TimerEvent: {}
[67.119686] (-) TimerEvent: {}
[67.219926] (-) TimerEvent: {}
[67.320261] (-) TimerEvent: {}
[67.420566] (-) TimerEvent: {}
[67.520937] (-) TimerEvent: {}
[67.621156] (-) TimerEvent: {}
[67.721487] (-) TimerEvent: {}
[67.822295] (-) TimerEvent: {}
[67.922654] (-) TimerEvent: {}
[68.023296] (-) TimerEvent: {}
[68.123924] (-) TimerEvent: {}
[68.224397] (-) TimerEvent: {}
[68.324645] (-) TimerEvent: {}
[68.425033] (-) TimerEvent: {}
[68.525438] (-) TimerEvent: {}
[68.625727] (-) TimerEvent: {}
[68.726002] (-) TimerEvent: {}
[68.826302] (-) TimerEvent: {}
[68.926524] (-) TimerEvent: {}
[69.026742] (-) TimerEvent: {}
[69.127059] (-) TimerEvent: {}
[69.227331] (-) TimerEvent: {}
[69.327593] (-) TimerEvent: {}
[69.427867] (-) TimerEvent: {}
[69.528147] (-) TimerEvent: {}
[69.628481] (-) TimerEvent: {}
[69.728982] (-) TimerEvent: {}
[69.829370] (-) TimerEvent: {}
[69.929679] (-) TimerEvent: {}
[70.029992] (-) TimerEvent: {}
[70.130429] (-) TimerEvent: {}
[70.230791] (-) TimerEvent: {}
[70.331031] (-) TimerEvent: {}
[70.431341] (-) TimerEvent: {}
[70.531703] (-) TimerEvent: {}
[70.632113] (-) TimerEvent: {}
[70.732704] (-) TimerEvent: {}
[70.833128] (-) TimerEvent: {}
[70.933803] (-) TimerEvent: {}
[71.034527] (-) TimerEvent: {}
[71.135225] (-) TimerEvent: {}
[71.235851] (-) TimerEvent: {}
[71.336303] (-) TimerEvent: {}
[71.436745] (-) TimerEvent: {}
[71.537417] (-) TimerEvent: {}
[71.638222] (-) TimerEvent: {}
[71.738884] (-) TimerEvent: {}
[71.839391] (-) TimerEvent: {}
[71.939786] (-) TimerEvent: {}
[72.040233] (-) TimerEvent: {}
[72.140637] (-) TimerEvent: {}
[72.241135] (-) TimerEvent: {}
[72.341812] (-) TimerEvent: {}
[72.442246] (-) TimerEvent: {}
[72.542809] (-) TimerEvent: {}
[72.643284] (-) TimerEvent: {}
[72.743893] (-) TimerEvent: {}
[72.844423] (-) TimerEvent: {}
[72.944900] (-) TimerEvent: {}
[73.045614] (-) TimerEvent: {}
[73.146353] (-) TimerEvent: {}
[73.247015] (-) TimerEvent: {}
[73.347552] (-) TimerEvent: {}
[73.447812] (-) TimerEvent: {}
[73.548233] (-) TimerEvent: {}
[73.648603] (-) TimerEvent: {}
[73.748857] (-) TimerEvent: {}
[73.849142] (-) TimerEvent: {}
[73.949440] (-) TimerEvent: {}
[74.049934] (-) TimerEvent: {}
[74.150252] (-) TimerEvent: {}
[74.250638] (-) TimerEvent: {}
[74.350915] (-) TimerEvent: {}
[74.451165] (-) TimerEvent: {}
[74.551469] (-) TimerEvent: {}
[74.651760] (-) TimerEvent: {}
[74.752243] (-) TimerEvent: {}
[74.852536] (-) TimerEvent: {}
[74.952856] (-) TimerEvent: {}
[75.053113] (-) TimerEvent: {}
[75.153705] (-) TimerEvent: {}
[75.254125] (-) TimerEvent: {}
[75.354922] (-) TimerEvent: {}
[75.455264] (-) TimerEvent: {}
[75.555691] (-) TimerEvent: {}
[75.655983] (-) TimerEvent: {}
[75.756443] (-) TimerEvent: {}
[75.857017] (-) TimerEvent: {}
[75.957288] (-) TimerEvent: {}
[76.057698] (-) TimerEvent: {}
[76.158072] (-) TimerEvent: {}
[76.258451] (-) TimerEvent: {}
[76.359097] (-) TimerEvent: {}
[76.459653] (-) TimerEvent: {}
[76.560007] (-) TimerEvent: {}
[76.660611] (-) TimerEvent: {}
[76.761220] (-) TimerEvent: {}
[76.861675] (-) TimerEvent: {}
[76.962122] (-) TimerEvent: {}
[77.062578] (-) TimerEvent: {}
[77.162886] (-) TimerEvent: {}
[77.263296] (-) TimerEvent: {}
[77.363775] (-) TimerEvent: {}
[77.464318] (-) TimerEvent: {}
[77.564694] (-) TimerEvent: {}
[77.665054] (-) TimerEvent: {}
[77.765486] (-) TimerEvent: {}
[77.865994] (-) TimerEvent: {}
[77.966295] (-) TimerEvent: {}
[78.066622] (-) TimerEvent: {}
[78.166996] (-) TimerEvent: {}
[78.267554] (-) TimerEvent: {}
[78.367862] (-) TimerEvent: {}
[78.468186] (-) TimerEvent: {}
[78.568523] (-) TimerEvent: {}
[78.668863] (-) TimerEvent: {}
[78.769160] (-) TimerEvent: {}
[78.869516] (-) TimerEvent: {}
[78.969805] (-) TimerEvent: {}
[79.070365] (-) TimerEvent: {}
[79.170967] (-) TimerEvent: {}
[79.271521] (-) TimerEvent: {}
[79.372145] (-) TimerEvent: {}
[79.472846] (-) TimerEvent: {}
[79.573530] (-) TimerEvent: {}
[79.674327] (-) TimerEvent: {}
[79.775080] (-) TimerEvent: {}
[79.875747] (-) TimerEvent: {}
[79.976029] (-) TimerEvent: {}
[80.076464] (-) TimerEvent: {}
[80.177047] (-) TimerEvent: {}
[80.277800] (-) TimerEvent: {}
[80.378183] (-) TimerEvent: {}
[80.478849] (-) TimerEvent: {}
[80.579479] (-) TimerEvent: {}
[80.680215] (-) TimerEvent: {}
[80.781039] (-) TimerEvent: {}
[80.881881] (-) TimerEvent: {}
[80.982341] (-) TimerEvent: {}
[81.082964] (-) TimerEvent: {}
[81.183442] (-) TimerEvent: {}
[81.284109] (-) TimerEvent: {}
[81.384863] (-) TimerEvent: {}
[81.485415] (-) TimerEvent: {}
[81.586251] (-) TimerEvent: {}
[81.686889] (-) TimerEvent: {}
[81.787570] (-) TimerEvent: {}
[81.888310] (-) TimerEvent: {}
[81.988928] (-) TimerEvent: {}
[82.089552] (-) TimerEvent: {}
[82.190096] (-) TimerEvent: {}
[82.290810] (-) TimerEvent: {}
[82.391309] (-) TimerEvent: {}
[82.491804] (-) TimerEvent: {}
[82.592414] (-) TimerEvent: {}
[82.693240] (-) TimerEvent: {}
[82.793856] (-) TimerEvent: {}
[82.894349] (-) TimerEvent: {}
[82.994927] (-) TimerEvent: {}
[83.095594] (-) TimerEvent: {}
[83.196344] (-) TimerEvent: {}
[83.296898] (-) TimerEvent: {}
[83.397386] (-) TimerEvent: {}
[83.498031] (-) TimerEvent: {}
[83.598804] (-) TimerEvent: {}
[83.699411] (-) TimerEvent: {}
[83.799917] (-) TimerEvent: {}
[83.900466] (-) TimerEvent: {}
[84.000902] (-) TimerEvent: {}
[84.101392] (-) TimerEvent: {}
[84.202248] (-) TimerEvent: {}
[84.303024] (-) TimerEvent: {}
[84.403738] (-) TimerEvent: {}
[84.504441] (-) TimerEvent: {}
[84.604996] (-) TimerEvent: {}
[84.705858] (-) TimerEvent: {}
[84.806588] (-) TimerEvent: {}
[84.907278] (-) TimerEvent: {}
[85.007864] (-) TimerEvent: {}
[85.108412] (-) TimerEvent: {}
[85.208912] (-) TimerEvent: {}
[85.309425] (-) TimerEvent: {}
[85.410052] (-) TimerEvent: {}
[85.510617] (-) TimerEvent: {}
[85.611134] (-) TimerEvent: {}
[85.711915] (-) TimerEvent: {}
[85.812426] (-) TimerEvent: {}
[85.913020] (-) TimerEvent: {}
[86.013652] (-) TimerEvent: {}
[86.114260] (-) TimerEvent: {}
[86.214729] (-) TimerEvent: {}
[86.315304] (-) TimerEvent: {}
[86.416140] (-) TimerEvent: {}
[86.517016] (-) TimerEvent: {}
[86.617642] (-) TimerEvent: {}
[86.718331] (-) TimerEvent: {}
[86.818855] (-) TimerEvent: {}
[86.919409] (-) TimerEvent: {}
[87.020507] (-) TimerEvent: {}
[87.121045] (-) TimerEvent: {}
[87.221753] (-) TimerEvent: {}
[87.322250] (-) TimerEvent: {}
[87.422727] (-) TimerEvent: {}
[87.523114] (-) TimerEvent: {}
[87.623799] (-) TimerEvent: {}
[87.724555] (-) TimerEvent: {}
[87.825359] (-) TimerEvent: {}
[87.925976] (-) TimerEvent: {}
[88.026711] (-) TimerEvent: {}
[88.127575] (-) TimerEvent: {}
[88.228323] (-) TimerEvent: {}
[88.329227] (-) TimerEvent: {}
[88.430074] (-) TimerEvent: {}
[88.530622] (-) TimerEvent: {}
[88.631481] (-) TimerEvent: {}
[88.732247] (-) TimerEvent: {}
[88.832930] (-) TimerEvent: {}
[88.933287] (-) TimerEvent: {}
[89.034146] (-) TimerEvent: {}
[89.134828] (-) TimerEvent: {}
[89.235566] (-) TimerEvent: {}
[89.336590] (-) TimerEvent: {}
[89.437413] (-) TimerEvent: {}
[89.538072] (-) TimerEvent: {}
[89.638884] (-) TimerEvent: {}
[89.739459] (-) TimerEvent: {}
[89.840143] (-) TimerEvent: {}
[89.940450] (-) TimerEvent: {}
[90.041074] (-) TimerEvent: {}
[90.141464] (-) TimerEvent: {}
[90.241924] (-) TimerEvent: {}
[90.342538] (-) TimerEvent: {}
[90.443092] (-) TimerEvent: {}
[90.543900] (-) TimerEvent: {}
[90.644479] (-) TimerEvent: {}
[90.745269] (-) TimerEvent: {}
[90.845833] (-) TimerEvent: {}
[90.946269] (-) TimerEvent: {}
[91.047007] (-) TimerEvent: {}
[91.147492] (-) TimerEvent: {}
[91.248369] (-) TimerEvent: {}
[91.348943] (-) TimerEvent: {}
[91.449561] (-) TimerEvent: {}
[91.550370] (-) TimerEvent: {}
[91.650958] (-) TimerEvent: {}
[91.751552] (-) TimerEvent: {}
[91.852335] (-) TimerEvent: {}
[91.952734] (-) TimerEvent: {}
[92.053521] (-) TimerEvent: {}
[92.154042] (-) TimerEvent: {}
[92.254850] (-) TimerEvent: {}
[92.355546] (-) TimerEvent: {}
[92.456182] (-) TimerEvent: {}
[92.556867] (-) TimerEvent: {}
[92.657777] (-) TimerEvent: {}
[92.758504] (-) TimerEvent: {}
[92.859074] (-) TimerEvent: {}
[92.959524] (-) TimerEvent: {}
[93.060455] (-) TimerEvent: {}
[93.161277] (-) TimerEvent: {}
[93.261842] (-) TimerEvent: {}
[93.362394] (-) TimerEvent: {}
[93.463069] (-) TimerEvent: {}
[93.563801] (-) TimerEvent: {}
[93.664574] (-) TimerEvent: {}
[93.765404] (-) TimerEvent: {}
[93.866159] (-) TimerEvent: {}
[93.966552] (-) TimerEvent: {}
[94.067182] (-) TimerEvent: {}
[94.168075] (-) TimerEvent: {}
[94.268853] (-) TimerEvent: {}
[94.369631] (-) TimerEvent: {}
[94.470299] (-) TimerEvent: {}
[94.570917] (-) TimerEvent: {}
[94.671763] (-) TimerEvent: {}
[94.772591] (-) TimerEvent: {}
[94.873436] (-) TimerEvent: {}
[94.974299] (-) TimerEvent: {}
[95.075346] (-) TimerEvent: {}
[95.176104] (-) TimerEvent: {}
[95.276870] (-) TimerEvent: {}
[95.377820] (-) TimerEvent: {}
[95.478417] (-) TimerEvent: {}
[95.579229] (-) TimerEvent: {}
[95.680079] (-) TimerEvent: {}
[95.780733] (-) TimerEvent: {}
[95.881307] (-) TimerEvent: {}
[95.981748] (-) TimerEvent: {}
[96.082567] (-) TimerEvent: {}
[96.183370] (-) TimerEvent: {}
[96.284173] (-) TimerEvent: {}
[96.385085] (-) TimerEvent: {}
[96.485907] (-) TimerEvent: {}
[96.586726] (-) TimerEvent: {}
[96.687437] (-) TimerEvent: {}
[96.788127] (-) TimerEvent: {}
[96.888771] (-) TimerEvent: {}
[96.989230] (-) TimerEvent: {}
[97.089792] (-) TimerEvent: {}
[97.190567] (-) TimerEvent: {}
[97.291415] (-) TimerEvent: {}
[97.392190] (-) TimerEvent: {}
[97.492841] (-) TimerEvent: {}
[97.593549] (-) TimerEvent: {}
[97.694328] (-) TimerEvent: {}
[97.795520] (-) TimerEvent: {}
[97.896093] (-) TimerEvent: {}
[97.996743] (-) TimerEvent: {}
[98.097508] (-) TimerEvent: {}
[98.198356] (-) TimerEvent: {}
[98.299311] (-) TimerEvent: {}
[98.400091] (-) TimerEvent: {}
[98.500887] (-) TimerEvent: {}
[98.601633] (-) TimerEvent: {}
[98.702281] (-) TimerEvent: {}
[98.802978] (-) TimerEvent: {}
[98.903561] (-) TimerEvent: {}
[99.004190] (-) TimerEvent: {}
[99.104856] (-) TimerEvent: {}
[99.205459] (-) TimerEvent: {}
[99.306241] (-) TimerEvent: {}
[99.406822] (-) TimerEvent: {}
[99.507746] (-) TimerEvent: {}
[99.608385] (-) TimerEvent: {}
[99.709085] (-) TimerEvent: {}
[99.809845] (-) TimerEvent: {}
[99.910393] (-) TimerEvent: {}
[100.011023] (-) TimerEvent: {}
[100.111648] (-) TimerEvent: {}
[100.212614] (-) TimerEvent: {}
[100.313350] (-) TimerEvent: {}
[100.414011] (-) TimerEvent: {}
[100.514875] (-) TimerEvent: {}
[100.615486] (-) TimerEvent: {}
[100.716185] (-) TimerEvent: {}
[100.816852] (-) TimerEvent: {}
[100.917757] (-) TimerEvent: {}
[101.018649] (-) TimerEvent: {}
[101.119417] (-) TimerEvent: {}
[101.220084] (-) TimerEvent: {}
[101.320523] (-) TimerEvent: {}
[101.421256] (-) TimerEvent: {}
[101.522281] (-) TimerEvent: {}
[101.623040] (-) TimerEvent: {}
[101.723985] (-) TimerEvent: {}
[101.824776] (-) TimerEvent: {}
[101.925385] (-) TimerEvent: {}
[102.026058] (-) TimerEvent: {}
[102.126782] (-) TimerEvent: {}
[102.227701] (-) TimerEvent: {}
[102.328731] (-) TimerEvent: {}
[102.429369] (-) TimerEvent: {}
[102.529989] (-) TimerEvent: {}
[102.630717] (-) TimerEvent: {}
[102.731325] (-) TimerEvent: {}
[102.832088] (-) TimerEvent: {}
[102.932619] (-) TimerEvent: {}
[103.033246] (-) TimerEvent: {}
[103.133905] (-) TimerEvent: {}
[103.234468] (-) TimerEvent: {}
[103.335155] (-) TimerEvent: {}
[103.435815] (-) TimerEvent: {}
[103.536143] (-) TimerEvent: {}
[103.636636] (-) TimerEvent: {}
[103.737210] (-) TimerEvent: {}
[103.837504] (-) TimerEvent: {}
[103.937800] (-) TimerEvent: {}
[104.038277] (-) TimerEvent: {}
[104.138980] (-) TimerEvent: {}
[104.239511] (-) TimerEvent: {}
[104.340115] (-) TimerEvent: {}
[104.440621] (-) TimerEvent: {}
[104.541280] (-) TimerEvent: {}
[104.641868] (-) TimerEvent: {}
[104.742425] (-) TimerEvent: {}
[104.843259] (-) TimerEvent: {}
[104.943718] (-) TimerEvent: {}
[105.044240] (-) TimerEvent: {}
[105.144930] (-) TimerEvent: {}
[105.245658] (-) TimerEvent: {}
[105.346888] (-) TimerEvent: {}
[105.447738] (-) TimerEvent: {}
[105.548231] (-) TimerEvent: {}
[105.648904] (-) TimerEvent: {}
[105.749238] (-) TimerEvent: {}
[105.849789] (-) TimerEvent: {}
[105.950190] (-) TimerEvent: {}
[106.051004] (-) TimerEvent: {}
[106.151799] (-) TimerEvent: {}
[106.252589] (-) TimerEvent: {}
[106.353427] (-) TimerEvent: {}
[106.454018] (-) TimerEvent: {}
[106.554466] (-) TimerEvent: {}
[106.654738] (-) TimerEvent: {}
[106.755214] (-) TimerEvent: {}
[106.855817] (-) TimerEvent: {}
[106.956249] (-) TimerEvent: {}
[107.056858] (-) TimerEvent: {}
[107.157735] (-) TimerEvent: {}
[107.258348] (-) TimerEvent: {}
[107.358942] (-) TimerEvent: {}
[107.459447] (-) TimerEvent: {}
[107.559938] (-) TimerEvent: {}
[107.660330] (-) TimerEvent: {}
[107.760828] (-) TimerEvent: {}
[107.861446] (-) TimerEvent: {}
[107.961803] (-) TimerEvent: {}
[108.062311] (-) TimerEvent: {}
[108.162954] (-) TimerEvent: {}
[108.263790] (-) TimerEvent: {}
[108.364354] (-) TimerEvent: {}
[108.464986] (-) TimerEvent: {}
[108.565729] (-) TimerEvent: {}
[108.666432] (-) TimerEvent: {}
[108.767317] (-) TimerEvent: {}
[108.867948] (-) TimerEvent: {}
[108.968392] (-) TimerEvent: {}
[109.069277] (-) TimerEvent: {}
[109.170169] (-) TimerEvent: {}
[109.270999] (-) TimerEvent: {}
[109.371791] (-) TimerEvent: {}
[109.472476] (-) TimerEvent: {}
[109.573082] (-) TimerEvent: {}
[109.673751] (-) TimerEvent: {}
[109.774350] (-) TimerEvent: {}
[109.874874] (-) TimerEvent: {}
[109.975256] (-) TimerEvent: {}
[110.075937] (-) TimerEvent: {}
[110.176286] (-) TimerEvent: {}
[110.276804] (-) TimerEvent: {}
[110.377285] (-) TimerEvent: {}
[110.477871] (-) TimerEvent: {}
[110.578507] (-) TimerEvent: {}
[110.679094] (-) TimerEvent: {}
[110.779640] (-) TimerEvent: {}
[110.880187] (-) TimerEvent: {}
[110.980697] (-) TimerEvent: {}
[111.081306] (-) TimerEvent: {}
[111.182041] (-) TimerEvent: {}
[111.282724] (-) TimerEvent: {}
[111.383255] (-) TimerEvent: {}
[111.483841] (-) TimerEvent: {}
[111.584337] (-) TimerEvent: {}
[111.685060] (-) TimerEvent: {}
[111.785849] (-) TimerEvent: {}
[111.886644] (-) TimerEvent: {}
[111.987251] (-) TimerEvent: {}
[112.088159] (-) TimerEvent: {}
[112.188883] (-) TimerEvent: {}
[112.289619] (-) TimerEvent: {}
[112.390512] (-) TimerEvent: {}
[112.491393] (-) TimerEvent: {}
[112.592076] (-) TimerEvent: {}
[112.692725] (-) TimerEvent: {}
[112.793427] (-) TimerEvent: {}
[112.894148] (-) TimerEvent: {}
[112.994767] (-) TimerEvent: {}
[113.095350] (-) TimerEvent: {}
[113.196115] (-) TimerEvent: {}
[113.296814] (-) TimerEvent: {}
[113.397524] (-) TimerEvent: {}
[113.498226] (-) TimerEvent: {}
[113.599025] (-) TimerEvent: {}
[113.699883] (-) TimerEvent: {}
[113.800492] (-) TimerEvent: {}
[113.901151] (-) TimerEvent: {}
[114.001725] (-) TimerEvent: {}
[114.102236] (-) TimerEvent: {}
[114.202958] (-) TimerEvent: {}
[114.303652] (-) TimerEvent: {}
[114.404630] (-) TimerEvent: {}
[114.505343] (-) TimerEvent: {}
[114.605895] (-) TimerEvent: {}
[114.706562] (-) TimerEvent: {}
[114.807252] (-) TimerEvent: {}
[114.907844] (-) TimerEvent: {}
[115.008447] (-) TimerEvent: {}
[115.108976] (-) TimerEvent: {}
[115.209476] (-) TimerEvent: {}
[115.310306] (-) TimerEvent: {}
[115.410882] (-) TimerEvent: {}
[115.511459] (-) TimerEvent: {}
[115.611973] (-) TimerEvent: {}
[115.712709] (-) TimerEvent: {}
[115.813506] (-) TimerEvent: {}
[115.914146] (-) TimerEvent: {}
[116.014783] (-) TimerEvent: {}
[116.115512] (-) TimerEvent: {}
[116.216184] (-) TimerEvent: {}
[116.316856] (-) TimerEvent: {}
[116.417650] (-) TimerEvent: {}
[116.518319] (-) TimerEvent: {}
[116.619092] (-) TimerEvent: {}
[116.719611] (-) TimerEvent: {}
[116.820159] (-) TimerEvent: {}
[116.920703] (-) TimerEvent: {}
[117.021376] (-) TimerEvent: {}
[117.122054] (-) TimerEvent: {}
[117.222755] (-) TimerEvent: {}
[117.324010] (-) TimerEvent: {}
[117.424817] (-) TimerEvent: {}
[117.525622] (-) TimerEvent: {}
[117.626286] (-) TimerEvent: {}
[117.726985] (-) TimerEvent: {}
[117.827668] (-) TimerEvent: {}
[117.928086] (-) TimerEvent: {}
[118.028861] (-) TimerEvent: {}
[118.129622] (-) TimerEvent: {}
[118.230763] (-) TimerEvent: {}
[118.331465] (-) TimerEvent: {}
[118.432578] (-) TimerEvent: {}
[118.533068] (-) TimerEvent: {}
[118.633761] (-) TimerEvent: {}
[118.734180] (-) TimerEvent: {}
[118.834948] (-) TimerEvent: {}
[118.935298] (-) TimerEvent: {}
[119.035833] (-) TimerEvent: {}
[119.136760] (-) TimerEvent: {}
[119.237611] (-) TimerEvent: {}
[119.338409] (-) TimerEvent: {}
[119.439173] (-) TimerEvent: {}
[119.539860] (-) TimerEvent: {}
[119.640427] (-) TimerEvent: {}
[119.741202] (-) TimerEvent: {}
[119.841781] (-) TimerEvent: {}
[119.942069] (-) TimerEvent: {}
[120.042659] (-) TimerEvent: {}
[120.143110] (-) TimerEvent: {}
[120.243465] (-) TimerEvent: {}
[120.344069] (-) TimerEvent: {}
[120.444657] (-) TimerEvent: {}
[120.545323] (-) TimerEvent: {}
[120.646014] (-) TimerEvent: {}
[120.746588] (-) TimerEvent: {}
[120.847027] (-) TimerEvent: {}
[120.947351] (-) TimerEvent: {}
[121.048043] (-) TimerEvent: {}
[121.148869] (-) TimerEvent: {}
[121.249554] (-) TimerEvent: {}
[121.350477] (-) TimerEvent: {}
[121.451467] (-) TimerEvent: {}
[121.552368] (-) TimerEvent: {}
[121.653242] (-) TimerEvent: {}
[121.753879] (-) TimerEvent: {}
[121.854511] (-) TimerEvent: {}
[121.955058] (-) TimerEvent: {}
[122.055896] (-) TimerEvent: {}
[122.156292] (-) TimerEvent: {}
[122.256748] (-) TimerEvent: {}
[122.357391] (-) TimerEvent: {}
[122.458418] (-) TimerEvent: {}
[122.559352] (-) TimerEvent: {}
[122.659980] (-) TimerEvent: {}
[122.760487] (-) TimerEvent: {}
[122.861245] (-) TimerEvent: {}
[122.961512] (-) TimerEvent: {}
[123.062031] (-) TimerEvent: {}
[123.162591] (-) TimerEvent: {}
[123.263217] (-) TimerEvent: {}
[123.363937] (-) TimerEvent: {}
[123.464587] (-) TimerEvent: {}
[123.565132] (-) TimerEvent: {}
[123.665995] (-) TimerEvent: {}
[123.766595] (-) TimerEvent: {}
[123.867322] (-) TimerEvent: {}
[123.967653] (-) TimerEvent: {}
[124.068462] (-) TimerEvent: {}
[124.169327] (-) TimerEvent: {}
[124.270052] (-) TimerEvent: {}
[124.370777] (-) TimerEvent: {}
[124.471433] (-) TimerEvent: {}
[124.572150] (-) TimerEvent: {}
[124.672850] (-) TimerEvent: {}
[124.773474] (-) TimerEvent: {}
[124.874094] (-) TimerEvent: {}
[124.974392] (-) TimerEvent: {}
[125.074866] (-) TimerEvent: {}
[125.175292] (-) TimerEvent: {}
[125.275646] (-) TimerEvent: {}
[125.376282] (-) TimerEvent: {}
[125.476815] (-) TimerEvent: {}
[125.577318] (-) TimerEvent: {}
[125.678011] (-) TimerEvent: {}
[125.778746] (-) TimerEvent: {}
[125.879408] (-) TimerEvent: {}
[125.979910] (-) TimerEvent: {}
[126.080558] (-) TimerEvent: {}
[126.181136] (-) TimerEvent: {}
[126.282113] (-) TimerEvent: {}
[126.382864] (-) TimerEvent: {}
[126.483580] (-) TimerEvent: {}
[126.584380] (-) TimerEvent: {}
[126.685076] (-) TimerEvent: {}
[126.785857] (-) TimerEvent: {}
[126.886575] (-) TimerEvent: {}
[126.987169] (-) TimerEvent: {}
[127.088128] (-) TimerEvent: {}
[127.188877] (-) TimerEvent: {}
[127.289750] (-) TimerEvent: {}
[127.390484] (-) TimerEvent: {}
[127.491192] (-) TimerEvent: {}
[127.591919] (-) TimerEvent: {}
[127.692487] (-) TimerEvent: {}
[127.793262] (-) TimerEvent: {}
[127.893891] (-) TimerEvent: {}
[127.994612] (-) TimerEvent: {}
[128.095183] (-) TimerEvent: {}
[128.196002] (-) TimerEvent: {}
[128.296623] (-) TimerEvent: {}
[128.397114] (-) TimerEvent: {}
[128.497608] (-) TimerEvent: {}
[128.598151] (-) TimerEvent: {}
[128.698960] (-) TimerEvent: {}
[128.799743] (-) TimerEvent: {}
[128.900463] (-) TimerEvent: {}
[129.001215] (-) TimerEvent: {}
[129.101911] (-) TimerEvent: {}
[129.202637] (-) TimerEvent: {}
[129.303534] (-) TimerEvent: {}
[129.404281] (-) TimerEvent: {}
[129.505138] (-) TimerEvent: {}
[129.605899] (-) TimerEvent: {}
[129.706750] (-) TimerEvent: {}
[129.807473] (-) TimerEvent: {}
[129.908110] (-) TimerEvent: {}
[130.008744] (-) TimerEvent: {}
[130.109206] (-) TimerEvent: {}
[130.209743] (-) TimerEvent: {}
[130.310391] (-) TimerEvent: {}
[130.411188] (-) TimerEvent: {}
[130.511867] (-) TimerEvent: {}
[130.612287] (-) TimerEvent: {}
[130.712588] (-) TimerEvent: {}
[130.813202] (-) TimerEvent: {}
[130.913974] (-) TimerEvent: {}
[131.014609] (-) TimerEvent: {}
[131.115056] (-) TimerEvent: {}
[131.215460] (-) TimerEvent: {}
[131.316132] (-) TimerEvent: {}
[131.416897] (-) TimerEvent: {}
[131.517552] (-) TimerEvent: {}
[131.618026] (-) TimerEvent: {}
[131.718307] (-) TimerEvent: {}
[131.818778] (-) TimerEvent: {}
[131.919054] (-) TimerEvent: {}
[132.019588] (-) TimerEvent: {}
[132.120148] (-) TimerEvent: {}
[132.220851] (-) TimerEvent: {}
[132.321516] (-) TimerEvent: {}
[132.421952] (-) TimerEvent: {}
[132.522379] (-) TimerEvent: {}
[132.623008] (-) TimerEvent: {}
[132.723592] (-) TimerEvent: {}
[132.824036] (-) TimerEvent: {}
[132.924468] (-) TimerEvent: {}
[133.025094] (-) TimerEvent: {}
[133.125959] (-) TimerEvent: {}
[133.226888] (-) TimerEvent: {}
[133.327723] (-) TimerEvent: {}
[133.428507] (-) TimerEvent: {}
[133.528842] (-) TimerEvent: {}
[133.629117] (-) TimerEvent: {}
[133.729364] (-) TimerEvent: {}
[133.829763] (-) TimerEvent: {}
[133.930232] (-) TimerEvent: {}
[134.030818] (-) TimerEvent: {}
[134.131647] (-) TimerEvent: {}
[134.232108] (-) TimerEvent: {}
[134.332653] (-) TimerEvent: {}
[134.433342] (-) TimerEvent: {}
[134.534034] (-) TimerEvent: {}
[134.634437] (-) TimerEvent: {}
[134.735121] (-) TimerEvent: {}
[134.835980] (-) TimerEvent: {}
[134.936533] (-) TimerEvent: {}
[135.037372] (-) TimerEvent: {}
[135.138090] (-) TimerEvent: {}
[135.238623] (-) TimerEvent: {}
[135.339243] (-) TimerEvent: {}
[135.439586] (-) TimerEvent: {}
[135.540000] (-) TimerEvent: {}
[135.640295] (-) TimerEvent: {}
[135.740704] (-) TimerEvent: {}
[135.841028] (-) TimerEvent: {}
[135.941322] (-) TimerEvent: {}
[136.042057] (-) TimerEvent: {}
[136.142917] (-) TimerEvent: {}
[136.243643] (-) TimerEvent: {}
[136.344402] (-) TimerEvent: {}
[136.444919] (-) TimerEvent: {}
[136.545614] (-) TimerEvent: {}
[136.645995] (-) TimerEvent: {}
[136.746368] (-) TimerEvent: {}
[136.846806] (-) TimerEvent: {}
[136.947310] (-) TimerEvent: {}
[137.048122] (-) TimerEvent: {}
[137.148492] (-) TimerEvent: {}
[137.248862] (-) TimerEvent: {}
[137.349351] (-) TimerEvent: {}
[137.449807] (-) TimerEvent: {}
[137.550354] (-) TimerEvent: {}
[137.650783] (-) TimerEvent: {}
[137.751261] (-) TimerEvent: {}
[137.851685] (-) TimerEvent: {}
[137.952020] (-) TimerEvent: {}
[138.052413] (-) TimerEvent: {}
[138.153136] (-) TimerEvent: {}
[138.253618] (-) TimerEvent: {}
[138.353930] (-) TimerEvent: {}
[138.454507] (-) TimerEvent: {}
[138.555333] (-) TimerEvent: {}
[138.655890] (-) TimerEvent: {}
[138.756264] (-) TimerEvent: {}
[138.856651] (-) TimerEvent: {}
[138.957075] (-) TimerEvent: {}
[139.057876] (-) TimerEvent: {}
[139.158769] (-) TimerEvent: {}
[139.259721] (-) TimerEvent: {}
[139.360582] (-) TimerEvent: {}
[139.461630] (-) TimerEvent: {}
[139.562095] (-) TimerEvent: {}
[139.662593] (-) TimerEvent: {}
[139.763131] (-) TimerEvent: {}
[139.863546] (-) TimerEvent: {}
[139.963955] (-) TimerEvent: {}
[140.064403] (-) TimerEvent: {}
[140.164643] (-) TimerEvent: {}
[140.265029] (-) TimerEvent: {}
[140.365725] (-) TimerEvent: {}
[140.466455] (-) TimerEvent: {}
[140.566999] (-) TimerEvent: {}
[140.667819] (-) TimerEvent: {}
[140.768465] (-) TimerEvent: {}
[140.869428] (-) TimerEvent: {}
[140.969773] (-) TimerEvent: {}
[141.070460] (-) TimerEvent: {}
[141.171132] (-) TimerEvent: {}
[141.271551] (-) TimerEvent: {}
[141.372186] (-) TimerEvent: {}
[141.473106] (-) TimerEvent: {}
[141.573805] (-) TimerEvent: {}
[141.674327] (-) TimerEvent: {}
[141.775154] (-) TimerEvent: {}
[141.875784] (-) TimerEvent: {}
[141.976458] (-) TimerEvent: {}
[142.077100] (-) TimerEvent: {}
[142.177721] (-) TimerEvent: {}
[142.278265] (-) TimerEvent: {}
[142.378978] (-) TimerEvent: {}
[142.479462] (-) TimerEvent: {}
[142.580010] (-) TimerEvent: {}
[142.680631] (-) TimerEvent: {}
[142.781288] (-) TimerEvent: {}
[142.882016] (-) TimerEvent: {}
[142.982513] (-) TimerEvent: {}
[143.083180] (-) TimerEvent: {}
[143.183963] (-) TimerEvent: {}
[143.284571] (-) TimerEvent: {}
[143.385437] (-) TimerEvent: {}
[143.486293] (-) TimerEvent: {}
[143.587259] (-) TimerEvent: {}
[143.688586] (-) TimerEvent: {}
[143.789126] (-) TimerEvent: {}
[143.889910] (-) TimerEvent: {}
[143.990420] (-) TimerEvent: {}
[144.091004] (-) TimerEvent: {}
[144.191725] (-) TimerEvent: {}
[144.292450] (-) TimerEvent: {}
[144.393261] (-) TimerEvent: {}
[144.494031] (-) TimerEvent: {}
[144.594896] (-) TimerEvent: {}
[144.695628] (-) TimerEvent: {}
[144.796281] (-) TimerEvent: {}
[144.896785] (-) TimerEvent: {}
[144.997438] (-) TimerEvent: {}
[145.098274] (-) TimerEvent: {}
[145.198854] (-) TimerEvent: {}
[145.299645] (-) TimerEvent: {}
[145.400429] (-) TimerEvent: {}
[145.501264] (-) TimerEvent: {}
[145.602154] (-) TimerEvent: {}
[145.702897] (-) TimerEvent: {}
[145.803449] (-) TimerEvent: {}
[145.903872] (-) TimerEvent: {}
[146.004294] (-) TimerEvent: {}
[146.104846] (-) TimerEvent: {}
[146.205479] (-) TimerEvent: {}
[146.306392] (-) TimerEvent: {}
[146.407202] (-) TimerEvent: {}
[146.507862] (-) TimerEvent: {}
[146.608501] (-) TimerEvent: {}
[146.708961] (-) TimerEvent: {}
[146.809391] (-) TimerEvent: {}
[146.910048] (-) TimerEvent: {}
[147.010789] (-) TimerEvent: {}
[147.111379] (-) TimerEvent: {}
[147.212120] (-) TimerEvent: {}
[147.312573] (-) TimerEvent: {}
[147.413112] (-) TimerEvent: {}
[147.513607] (-) TimerEvent: {}
[147.614302] (-) TimerEvent: {}
[147.715084] (-) TimerEvent: {}
[147.815626] (-) TimerEvent: {}
[147.916225] (-) TimerEvent: {}
[148.016772] (-) TimerEvent: {}
[148.117539] (-) TimerEvent: {}
[148.218209] (-) TimerEvent: {}
[148.318811] (-) TimerEvent: {}
[148.420111] (-) TimerEvent: {}
[148.521529] (-) TimerEvent: {}
[148.622350] (-) TimerEvent: {}
[148.723044] (-) TimerEvent: {}
[148.823731] (-) TimerEvent: {}
[148.924188] (-) TimerEvent: {}
[149.024888] (-) TimerEvent: {}
[149.125641] (-) TimerEvent: {}
[149.226329] (-) TimerEvent: {}
[149.327364] (-) TimerEvent: {}
[149.428160] (-) TimerEvent: {}
[149.528973] (-) TimerEvent: {}
[149.629544] (-) TimerEvent: {}
[149.730522] (-) TimerEvent: {}
[149.831162] (-) TimerEvent: {}
[149.931491] (-) TimerEvent: {}
[150.032072] (-) TimerEvent: {}
[150.132650] (-) TimerEvent: {}
[150.233417] (-) TimerEvent: {}
[150.334190] (-) TimerEvent: {}
[150.435064] (-) TimerEvent: {}
[150.535667] (-) TimerEvent: {}
[150.636244] (-) TimerEvent: {}
[150.736842] (-) TimerEvent: {}
[150.837437] (-) TimerEvent: {}
[150.937930] (-) TimerEvent: {}
[151.038787] (-) TimerEvent: {}
[151.139907] (-) TimerEvent: {}
[151.240544] (-) TimerEvent: {}
[151.341144] (-) TimerEvent: {}
[151.441826] (-) TimerEvent: {}
[151.542574] (-) TimerEvent: {}
[151.643394] (-) TimerEvent: {}
[151.744156] (-) TimerEvent: {}
[151.844712] (-) TimerEvent: {}
[151.945079] (-) TimerEvent: {}
[152.045798] (-) TimerEvent: {}
[152.146317] (-) TimerEvent: {}
[152.247037] (-) TimerEvent: {}
[152.347795] (-) TimerEvent: {}
[152.448468] (-) TimerEvent: {}
[152.548880] (-) TimerEvent: {}
[152.649354] (-) TimerEvent: {}
[152.750176] (-) TimerEvent: {}
[152.850850] (-) TimerEvent: {}
[152.951183] (-) TimerEvent: {}
[153.051990] (-) TimerEvent: {}
[153.152836] (-) TimerEvent: {}
[153.253606] (-) TimerEvent: {}
[153.354174] (-) TimerEvent: {}
[153.454937] (-) TimerEvent: {}
[153.555428] (-) TimerEvent: {}
[153.656135] (-) TimerEvent: {}
[153.756900] (-) TimerEvent: {}
[153.857572] (-) TimerEvent: {}
[153.957934] (-) TimerEvent: {}
[154.058548] (-) TimerEvent: {}
[154.159282] (-) TimerEvent: {}
[154.259851] (-) TimerEvent: {}
[154.360533] (-) TimerEvent: {}
[154.461232] (-) TimerEvent: {}
[154.561844] (-) TimerEvent: {}
[154.662438] (-) TimerEvent: {}
[154.763198] (-) TimerEvent: {}
[154.863968] (-) TimerEvent: {}
[154.964386] (-) TimerEvent: {}
[155.065041] (-) TimerEvent: {}
[155.165854] (-) TimerEvent: {}
[155.266563] (-) TimerEvent: {}
[155.367043] (-) TimerEvent: {}
[155.467526] (-) TimerEvent: {}
[155.568025] (-) TimerEvent: {}
[155.668576] (-) TimerEvent: {}
[155.769280] (-) TimerEvent: {}
[155.869835] (-) TimerEvent: {}
[155.970304] (-) TimerEvent: {}
[156.071154] (-) TimerEvent: {}
[156.171968] (-) TimerEvent: {}
[156.272782] (-) TimerEvent: {}
[156.373405] (-) TimerEvent: {}
[156.474050] (-) TimerEvent: {}
[156.574740] (-) TimerEvent: {}
[156.675372] (-) TimerEvent: {}
[156.776245] (-) TimerEvent: {}
[156.877073] (-) TimerEvent: {}
[156.977497] (-) TimerEvent: {}
[157.078438] (-) TimerEvent: {}
[157.179047] (-) TimerEvent: {}
[157.279940] (-) TimerEvent: {}
[157.380537] (-) TimerEvent: {}
[157.481333] (-) TimerEvent: {}
[157.581988] (-) TimerEvent: {}
[157.683149] (-) TimerEvent: {}
[157.784174] (-) TimerEvent: {}
[157.884779] (-) TimerEvent: {}
[157.985400] (-) TimerEvent: {}
[158.086161] (-) TimerEvent: {}
[158.186707] (-) TimerEvent: {}
[158.287203] (-) TimerEvent: {}
[158.388010] (-) TimerEvent: {}
[158.488794] (-) TimerEvent: {}
[158.589434] (-) TimerEvent: {}
[158.690103] (-) TimerEvent: {}
[158.790903] (-) TimerEvent: {}
[158.891558] (-) TimerEvent: {}
[158.992371] (-) TimerEvent: {}
[159.093177] (-) TimerEvent: {}
[159.194047] (-) TimerEvent: {}
[159.294722] (-) TimerEvent: {}
[159.395233] (-) TimerEvent: {}
[159.495776] (-) TimerEvent: {}
[159.596222] (-) TimerEvent: {}
[159.696775] (-) TimerEvent: {}
[159.797382] (-) TimerEvent: {}
[159.897939] (-) TimerEvent: {}
[159.998468] (-) TimerEvent: {}
[160.099111] (-) TimerEvent: {}
[160.199780] (-) TimerEvent: {}
[160.300263] (-) TimerEvent: {}
[160.400638] (-) TimerEvent: {}
[160.501424] (-) TimerEvent: {}
[160.602255] (-) TimerEvent: {}
[160.703572] (-) TimerEvent: {}
[160.804500] (-) TimerEvent: {}
[160.905577] (-) TimerEvent: {}
[161.006631] (-) TimerEvent: {}
[161.107599] (-) TimerEvent: {}
[161.208167] (-) TimerEvent: {}
[161.308822] (-) TimerEvent: {}
[161.409629] (-) TimerEvent: {}
[161.510304] (-) TimerEvent: {}
[161.611158] (-) TimerEvent: {}
[161.711934] (-) TimerEvent: {}
[161.812765] (-) TimerEvent: {}
[161.913474] (-) TimerEvent: {}
[162.014222] (-) TimerEvent: {}
[162.114882] (-) TimerEvent: {}
[162.215533] (-) TimerEvent: {}
[162.316364] (-) TimerEvent: {}
[162.416975] (-) TimerEvent: {}
[162.517540] (-) TimerEvent: {}
[162.618095] (-) TimerEvent: {}
[162.718892] (-) TimerEvent: {}
[162.819756] (-) TimerEvent: {}
[162.920362] (-) TimerEvent: {}
[163.021162] (-) TimerEvent: {}
[163.121878] (-) TimerEvent: {}
[163.222639] (-) TimerEvent: {}
[163.323455] (-) TimerEvent: {}
[163.424127] (-) TimerEvent: {}
[163.524854] (-) TimerEvent: {}
[163.625510] (-) TimerEvent: {}
[163.726125] (-) TimerEvent: {}
[163.826715] (-) TimerEvent: {}
[163.927045] (-) TimerEvent: {}
[164.027643] (-) TimerEvent: {}
[164.128311] (-) TimerEvent: {}
[164.228909] (-) TimerEvent: {}
[164.329730] (-) TimerEvent: {}
[164.430383] (-) TimerEvent: {}
[164.531074] (-) TimerEvent: {}
[164.631749] (-) TimerEvent: {}
[164.732729] (-) TimerEvent: {}
[164.833433] (-) TimerEvent: {}
[164.933943] (-) TimerEvent: {}
[165.034743] (-) TimerEvent: {}
[165.135434] (-) TimerEvent: {}
[165.236218] (-) TimerEvent: {}
[165.337030] (-) TimerEvent: {}
[165.437851] (-) TimerEvent: {}
[165.538523] (-) TimerEvent: {}
[165.638810] (-) TimerEvent: {}
[165.739135] (-) TimerEvent: {}
[165.839409] (-) TimerEvent: {}
[165.939767] (-) TimerEvent: {}
[166.039985] (-) TimerEvent: {}
[166.070665] (px4) StdoutLine: {'line': b'-- Performing Test ABSL_INTERNAL_AT_LEAST_CXX17\n'}
[166.127215] (px4) StdoutLine: {'line': b'-- Performing Test ABSL_INTERNAL_AT_LEAST_CXX17 - Success\n'}
[166.127447] (px4) StdoutLine: {'line': b'-- Performing Test ABSL_INTERNAL_AT_LEAST_CXX20\n'}
[166.140085] (-) TimerEvent: {}
[166.152270] (px4) StdoutLine: {'line': b'-- Performing Test ABSL_INTERNAL_AT_LEAST_CXX20 - Failed\n'}
[166.240189] (-) TimerEvent: {}
[166.340516] (-) TimerEvent: {}
[166.440886] (-) TimerEvent: {}
[166.541608] (-) TimerEvent: {}
[166.641902] (-) TimerEvent: {}
[166.742176] (-) TimerEvent: {}
[166.842455] (-) TimerEvent: {}
[166.942781] (-) TimerEvent: {}
[167.043133] (-) TimerEvent: {}
[167.143498] (-) TimerEvent: {}
[167.244243] (-) TimerEvent: {}
[167.345110] (-) TimerEvent: {}
[167.445855] (-) TimerEvent: {}
[167.546771] (-) TimerEvent: {}
[167.647322] (-) TimerEvent: {}
[167.748440] (-) TimerEvent: {}
[167.848815] (-) TimerEvent: {}
[167.949141] (-) TimerEvent: {}
[168.049745] (-) TimerEvent: {}
[168.150344] (-) TimerEvent: {}
[168.251135] (-) TimerEvent: {}
[168.351814] (-) TimerEvent: {}
[168.452618] (-) TimerEvent: {}
[168.553476] (-) TimerEvent: {}
[168.654113] (-) TimerEvent: {}
[168.754961] (-) TimerEvent: {}
[168.855650] (-) TimerEvent: {}
[168.956128] (-) TimerEvent: {}
[169.056998] (-) TimerEvent: {}
[169.157933] (-) TimerEvent: {}
[169.258702] (-) TimerEvent: {}
[169.359296] (-) TimerEvent: {}
[169.460069] (-) TimerEvent: {}
[169.560809] (-) TimerEvent: {}
[169.661484] (-) TimerEvent: {}
[169.762030] (-) TimerEvent: {}
[169.862777] (-) TimerEvent: {}
[169.963054] (-) TimerEvent: {}
[170.063539] (-) TimerEvent: {}
[170.164106] (-) TimerEvent: {}
[170.264639] (-) TimerEvent: {}
[170.365360] (-) TimerEvent: {}
[170.465910] (-) TimerEvent: {}
[170.566510] (-) TimerEvent: {}
[170.667258] (-) TimerEvent: {}
[170.767886] (-) TimerEvent: {}
[170.868647] (-) TimerEvent: {}
[170.969134] (-) TimerEvent: {}
[171.069739] (-) TimerEvent: {}
[171.170331] (-) TimerEvent: {}
[171.271024] (-) TimerEvent: {}
[171.371805] (-) TimerEvent: {}
[171.472484] (-) TimerEvent: {}
[171.573280] (-) TimerEvent: {}
[171.673948] (-) TimerEvent: {}
[171.774781] (-) TimerEvent: {}
[171.875593] (-) TimerEvent: {}
[171.975961] (-) TimerEvent: {}
[172.076412] (-) TimerEvent: {}
[172.176926] (-) TimerEvent: {}
[172.277662] (-) TimerEvent: {}
[172.378275] (-) TimerEvent: {}
[172.478817] (-) TimerEvent: {}
[172.579491] (-) TimerEvent: {}
[172.680223] (-) TimerEvent: {}
[172.781021] (-) TimerEvent: {}
[172.881512] (-) TimerEvent: {}
[172.981789] (-) TimerEvent: {}
[173.082419] (-) TimerEvent: {}
[173.183133] (-) TimerEvent: {}
[173.284158] (-) TimerEvent: {}
[173.384954] (-) TimerEvent: {}
[173.485580] (-) TimerEvent: {}
[173.586182] (-) TimerEvent: {}
[173.686891] (-) TimerEvent: {}
[173.787817] (-) TimerEvent: {}
[173.888541] (-) TimerEvent: {}
[173.989298] (-) TimerEvent: {}
[174.090157] (-) TimerEvent: {}
[174.190858] (-) TimerEvent: {}
[174.291729] (-) TimerEvent: {}
[174.392423] (-) TimerEvent: {}
[174.493030] (-) TimerEvent: {}
[174.593849] (-) TimerEvent: {}
[174.694513] (-) TimerEvent: {}
[174.795503] (-) TimerEvent: {}
[174.896302] (-) TimerEvent: {}
[174.997224] (-) TimerEvent: {}
[175.098080] (-) TimerEvent: {}
[175.198699] (-) TimerEvent: {}
[175.299449] (-) TimerEvent: {}
[175.400064] (-) TimerEvent: {}
[175.500725] (-) TimerEvent: {}
[175.601380] (-) TimerEvent: {}
[175.701950] (-) TimerEvent: {}
[175.802606] (-) TimerEvent: {}
[175.903152] (-) TimerEvent: {}
[176.003881] (-) TimerEvent: {}
[176.104584] (-) TimerEvent: {}
[176.205391] (-) TimerEvent: {}
[176.306285] (-) TimerEvent: {}
[176.407360] (-) TimerEvent: {}
[176.508313] (-) TimerEvent: {}
[176.609166] (-) TimerEvent: {}
[176.710142] (-) TimerEvent: {}
[176.811058] (-) TimerEvent: {}
[176.911846] (-) TimerEvent: {}
[177.012837] (-) TimerEvent: {}
[177.113961] (-) TimerEvent: {}
[177.215054] (-) TimerEvent: {}
[177.315653] (-) TimerEvent: {}
[177.416734] (-) TimerEvent: {}
[177.517316] (-) TimerEvent: {}
[177.617888] (-) TimerEvent: {}
[177.718525] (-) TimerEvent: {}
[177.819311] (-) TimerEvent: {}
[177.920157] (-) TimerEvent: {}
[178.020808] (-) TimerEvent: {}
[178.121459] (-) TimerEvent: {}
[178.222430] (-) TimerEvent: {}
[178.323152] (-) TimerEvent: {}
[178.423937] (-) TimerEvent: {}
[178.524596] (-) TimerEvent: {}
[178.625419] (-) TimerEvent: {}
[178.725954] (-) TimerEvent: {}
[178.826366] (-) TimerEvent: {}
[178.926816] (-) TimerEvent: {}
[179.027446] (-) TimerEvent: {}
[179.128152] (-) TimerEvent: {}
[179.228866] (-) TimerEvent: {}
[179.329791] (-) TimerEvent: {}
[179.430387] (-) TimerEvent: {}
[179.530994] (-) TimerEvent: {}
[179.631871] (-) TimerEvent: {}
[179.732554] (-) TimerEvent: {}
[179.833270] (-) TimerEvent: {}
[179.933659] (-) TimerEvent: {}
[180.034308] (-) TimerEvent: {}
[180.135007] (-) TimerEvent: {}
[180.235848] (-) TimerEvent: {}
[180.336739] (-) TimerEvent: {}
[180.437504] (-) TimerEvent: {}
[180.538198] (-) TimerEvent: {}
[180.638983] (-) TimerEvent: {}
[180.740105] (-) TimerEvent: {}
[180.840867] (-) TimerEvent: {}
[180.941174] (-) TimerEvent: {}
[181.041893] (-) TimerEvent: {}
[181.142613] (-) TimerEvent: {}
[181.243403] (-) TimerEvent: {}
[181.344150] (-) TimerEvent: {}
[181.444940] (-) TimerEvent: {}
[181.545796] (-) TimerEvent: {}
[181.646454] (-) TimerEvent: {}
[181.747077] (-) TimerEvent: {}
[181.847528] (-) TimerEvent: {}
[181.948052] (-) TimerEvent: {}
[182.048711] (-) TimerEvent: {}
[182.149337] (-) TimerEvent: {}
[182.250013] (-) TimerEvent: {}
[182.350521] (-) TimerEvent: {}
[182.451203] (-) TimerEvent: {}
[182.551937] (-) TimerEvent: {}
[182.652780] (-) TimerEvent: {}
[182.753783] (-) TimerEvent: {}
[182.854430] (-) TimerEvent: {}
[182.954936] (-) TimerEvent: {}
[183.055783] (-) TimerEvent: {}
[183.156665] (-) TimerEvent: {}
[183.257469] (-) TimerEvent: {}
[183.357934] (-) TimerEvent: {}
[183.458646] (-) TimerEvent: {}
[183.559525] (-) TimerEvent: {}
[183.660001] (-) TimerEvent: {}
[183.760904] (-) TimerEvent: {}
[183.861440] (-) TimerEvent: {}
[183.961844] (-) TimerEvent: {}
[184.062421] (-) TimerEvent: {}
[184.163480] (-) TimerEvent: {}
[184.264135] (-) TimerEvent: {}
[184.365113] (-) TimerEvent: {}
[184.466164] (-) TimerEvent: {}
[184.566936] (-) TimerEvent: {}
[184.667433] (-) TimerEvent: {}
[184.768204] (-) TimerEvent: {}
[184.868989] (-) TimerEvent: {}
[184.969769] (-) TimerEvent: {}
[185.070843] (-) TimerEvent: {}
[185.171779] (-) TimerEvent: {}
[185.272625] (-) TimerEvent: {}
[185.373796] (-) TimerEvent: {}
[185.474483] (-) TimerEvent: {}
[185.575295] (-) TimerEvent: {}
[185.675912] (-) TimerEvent: {}
[185.776441] (-) TimerEvent: {}
[185.876927] (-) TimerEvent: {}
[185.977450] (-) TimerEvent: {}
[186.078134] (-) TimerEvent: {}
[186.178804] (-) TimerEvent: {}
[186.279592] (-) TimerEvent: {}
[186.380265] (-) TimerEvent: {}
[186.480962] (-) TimerEvent: {}
[186.581568] (-) TimerEvent: {}
[186.682161] (-) TimerEvent: {}
[186.782634] (-) TimerEvent: {}
[186.883022] (-) TimerEvent: {}
[186.983462] (-) TimerEvent: {}
[187.083968] (-) TimerEvent: {}
[187.184553] (-) TimerEvent: {}
[187.285251] (-) TimerEvent: {}
[187.385992] (-) TimerEvent: {}
[187.486739] (-) TimerEvent: {}
[187.587381] (-) TimerEvent: {}
[187.688161] (-) TimerEvent: {}
[187.788904] (-) TimerEvent: {}
[187.889793] (-) TimerEvent: {}
[187.990389] (-) TimerEvent: {}
[188.091172] (-) TimerEvent: {}
[188.191836] (-) TimerEvent: {}
[188.292574] (-) TimerEvent: {}
[188.393302] (-) TimerEvent: {}
[188.494063] (-) TimerEvent: {}
[188.594620] (-) TimerEvent: {}
[188.695358] (-) TimerEvent: {}
[188.796052] (-) TimerEvent: {}
[188.896712] (-) TimerEvent: {}
[188.997238] (-) TimerEvent: {}
[189.097831] (-) TimerEvent: {}
[189.198503] (-) TimerEvent: {}
[189.299327] (-) TimerEvent: {}
[189.399932] (-) TimerEvent: {}
[189.500439] (-) TimerEvent: {}
[189.601072] (-) TimerEvent: {}
[189.701857] (-) TimerEvent: {}
[189.802759] (-) TimerEvent: {}
[189.903513] (-) TimerEvent: {}
[190.004229] (-) TimerEvent: {}
[190.105123] (-) TimerEvent: {}
[190.205827] (-) TimerEvent: {}
[190.306507] (-) TimerEvent: {}
[190.407071] (-) TimerEvent: {}
[190.507627] (-) TimerEvent: {}
[190.608384] (-) TimerEvent: {}
[190.709086] (-) TimerEvent: {}
[190.809965] (-) TimerEvent: {}
[190.910555] (-) TimerEvent: {}
[191.011120] (-) TimerEvent: {}
[191.111796] (-) TimerEvent: {}
[191.212306] (-) TimerEvent: {}
[191.313151] (-) TimerEvent: {}
[191.413946] (-) TimerEvent: {}
[191.514559] (-) TimerEvent: {}
[191.615221] (-) TimerEvent: {}
[191.716099] (-) TimerEvent: {}
[191.816650] (-) TimerEvent: {}
[191.917345] (-) TimerEvent: {}
[192.018449] (-) TimerEvent: {}
[192.119111] (-) TimerEvent: {}
[192.219869] (-) TimerEvent: {}
[192.320610] (-) TimerEvent: {}
[192.421297] (-) TimerEvent: {}
[192.522035] (-) TimerEvent: {}
[192.622729] (-) TimerEvent: {}
[192.723266] (-) TimerEvent: {}
[192.823767] (-) TimerEvent: {}
[192.924353] (-) TimerEvent: {}
[193.025180] (-) TimerEvent: {}
[193.125892] (-) TimerEvent: {}
[193.226531] (-) TimerEvent: {}
[193.327101] (-) TimerEvent: {}
[193.427837] (-) TimerEvent: {}
[193.528646] (-) TimerEvent: {}
[193.629378] (-) TimerEvent: {}
[193.730054] (-) TimerEvent: {}
[193.830732] (-) TimerEvent: {}
[193.931253] (-) TimerEvent: {}
[194.032063] (-) TimerEvent: {}
[194.132602] (-) TimerEvent: {}
[194.233141] (-) TimerEvent: {}
[194.333902] (-) TimerEvent: {}
[194.434887] (-) TimerEvent: {}
[194.535516] (-) TimerEvent: {}
[194.636238] (-) TimerEvent: {}
[194.736952] (-) TimerEvent: {}
[194.837505] (-) TimerEvent: {}
[194.937991] (-) TimerEvent: {}
[195.038790] (-) TimerEvent: {}
[195.139506] (-) TimerEvent: {}
[195.240391] (-) TimerEvent: {}
[195.341111] (-) TimerEvent: {}
[195.442791] (-) TimerEvent: {}
[195.543364] (-) TimerEvent: {}
[195.643796] (-) TimerEvent: {}
[195.744365] (-) TimerEvent: {}
[195.844827] (-) TimerEvent: {}
[195.945289] (-) TimerEvent: {}
[196.046066] (-) TimerEvent: {}
[196.146848] (-) TimerEvent: {}
[196.247537] (-) TimerEvent: {}
[196.348247] (-) TimerEvent: {}
[196.448802] (-) TimerEvent: {}
[196.549372] (-) TimerEvent: {}
[196.650118] (-) TimerEvent: {}
[196.750796] (-) TimerEvent: {}
[196.851542] (-) TimerEvent: {}
[196.951983] (-) TimerEvent: {}
[197.052592] (-) TimerEvent: {}
[197.153354] (-) TimerEvent: {}
[197.254005] (-) TimerEvent: {}
[197.354812] (-) TimerEvent: {}
[197.455531] (-) TimerEvent: {}
[197.556410] (-) TimerEvent: {}
[197.657253] (-) TimerEvent: {}
[197.758085] (-) TimerEvent: {}
[197.858930] (-) TimerEvent: {}
[197.959248] (-) TimerEvent: {}
[198.059955] (-) TimerEvent: {}
[198.160798] (-) TimerEvent: {}
[198.261444] (-) TimerEvent: {}
[198.362316] (-) TimerEvent: {}
[198.463137] (-) TimerEvent: {}
[198.563897] (-) TimerEvent: {}
[198.664506] (-) TimerEvent: {}
[198.765246] (-) TimerEvent: {}
[198.865898] (-) TimerEvent: {}
[198.966301] (-) TimerEvent: {}
[199.066896] (-) TimerEvent: {}
[199.167577] (-) TimerEvent: {}
[199.268311] (-) TimerEvent: {}
[199.368911] (-) TimerEvent: {}
[199.469737] (-) TimerEvent: {}
[199.570507] (-) TimerEvent: {}
[199.671302] (-) TimerEvent: {}
[199.772309] (-) TimerEvent: {}
[199.873028] (-) TimerEvent: {}
[199.973661] (-) TimerEvent: {}
[200.074516] (-) TimerEvent: {}
[200.175427] (-) TimerEvent: {}
[200.276334] (-) TimerEvent: {}
[200.377162] (-) TimerEvent: {}
[200.477730] (-) TimerEvent: {}
[200.578226] (-) TimerEvent: {}
[200.679052] (-) TimerEvent: {}
[200.779873] (-) TimerEvent: {}
[200.880482] (-) TimerEvent: {}
[200.981227] (-) TimerEvent: {}
[201.081938] (-) TimerEvent: {}
[201.182603] (-) TimerEvent: {}
[201.283488] (-) TimerEvent: {}
[201.384203] (-) TimerEvent: {}
[201.485019] (-) TimerEvent: {}
[201.585661] (-) TimerEvent: {}
[201.686508] (-) TimerEvent: {}
[201.787456] (-) TimerEvent: {}
[201.888073] (-) TimerEvent: {}
[201.988666] (-) TimerEvent: {}
[202.089410] (-) TimerEvent: {}
[202.190185] (-) TimerEvent: {}
[202.291005] (-) TimerEvent: {}
[202.391776] (-) TimerEvent: {}
[202.492492] (-) TimerEvent: {}
[202.593305] (-) TimerEvent: {}
[202.694148] (-) TimerEvent: {}
[202.794820] (-) TimerEvent: {}
[202.895540] (-) TimerEvent: {}
[202.996331] (-) TimerEvent: {}
[203.096868] (-) TimerEvent: {}
[203.198090] (-) TimerEvent: {}
[203.298910] (-) TimerEvent: {}
[203.399713] (-) TimerEvent: {}
[203.500341] (-) TimerEvent: {}
[203.601002] (-) TimerEvent: {}
[203.701787] (-) TimerEvent: {}
[203.802497] (-) TimerEvent: {}
[203.903403] (-) TimerEvent: {}
[204.004276] (-) TimerEvent: {}
[204.105161] (-) TimerEvent: {}
[204.206152] (-) TimerEvent: {}
[204.306932] (-) TimerEvent: {}
[204.407935] (-) TimerEvent: {}
[204.508852] (-) TimerEvent: {}
[204.609635] (-) TimerEvent: {}
[204.710611] (-) TimerEvent: {}
[204.811312] (-) TimerEvent: {}
[204.911985] (-) TimerEvent: {}
[205.012706] (-) TimerEvent: {}
[205.113394] (-) TimerEvent: {}
[205.214186] (-) TimerEvent: {}
[205.314980] (-) TimerEvent: {}
[205.415729] (-) TimerEvent: {}
[205.516407] (-) TimerEvent: {}
[205.617041] (-) TimerEvent: {}
[205.717803] (-) TimerEvent: {}
[205.818574] (-) TimerEvent: {}
[205.919222] (-) TimerEvent: {}
[206.019732] (-) TimerEvent: {}
[206.120213] (-) TimerEvent: {}
[206.220859] (-) TimerEvent: {}
[206.321601] (-) TimerEvent: {}
[206.422355] (-) TimerEvent: {}
[206.523151] (-) TimerEvent: {}
[206.623887] (-) TimerEvent: {}
[206.724866] (-) TimerEvent: {}
[206.825524] (-) TimerEvent: {}
[206.926031] (-) TimerEvent: {}
[207.026874] (-) TimerEvent: {}
[207.127779] (-) TimerEvent: {}
[207.228480] (-) TimerEvent: {}
[207.329424] (-) TimerEvent: {}
[207.430252] (-) TimerEvent: {}
[207.531010] (-) TimerEvent: {}
[207.631946] (-) TimerEvent: {}
[207.732810] (-) TimerEvent: {}
[207.833365] (-) TimerEvent: {}
[207.933835] (-) TimerEvent: {}
[208.034537] (-) TimerEvent: {}
[208.135150] (-) TimerEvent: {}
[208.235869] (-) TimerEvent: {}
[208.336565] (-) TimerEvent: {}
[208.437307] (-) TimerEvent: {}
[208.538157] (-) TimerEvent: {}
[208.638984] (-) TimerEvent: {}
[208.739896] (-) TimerEvent: {}
[208.840460] (-) TimerEvent: {}
[208.940978] (-) TimerEvent: {}
[209.041760] (-) TimerEvent: {}
[209.142651] (-) TimerEvent: {}
[209.243621] (-) TimerEvent: {}
[209.344587] (-) TimerEvent: {}
[209.445230] (-) TimerEvent: {}
[209.546217] (-) TimerEvent: {}
[209.646993] (-) TimerEvent: {}
[209.747858] (-) TimerEvent: {}
[209.848464] (-) TimerEvent: {}
[209.948807] (-) TimerEvent: {}
[210.049379] (-) TimerEvent: {}
[210.150035] (-) TimerEvent: {}
[210.250810] (-) TimerEvent: {}
[210.351596] (-) TimerEvent: {}
[210.452485] (-) TimerEvent: {}
[210.553433] (-) TimerEvent: {}
[210.653997] (-) TimerEvent: {}
[210.754742] (-) TimerEvent: {}
[210.855707] (-) TimerEvent: {}
[210.956133] (-) TimerEvent: {}
[211.056841] (-) TimerEvent: {}
[211.157514] (-) TimerEvent: {}
[211.258158] (-) TimerEvent: {}
[211.358728] (-) TimerEvent: {}
[211.459508] (-) TimerEvent: {}
[211.560126] (-) TimerEvent: {}
[211.660874] (-) TimerEvent: {}
[211.761515] (-) TimerEvent: {}
[211.862057] (-) TimerEvent: {}
[211.962512] (-) TimerEvent: {}
[212.063400] (-) TimerEvent: {}
[212.164327] (-) TimerEvent: {}
[212.264843] (-) TimerEvent: {}
[212.365576] (-) TimerEvent: {}
[212.466547] (-) TimerEvent: {}
[212.567200] (-) TimerEvent: {}
[212.668135] (-) TimerEvent: {}
[212.768934] (-) TimerEvent: {}
[212.869785] (-) TimerEvent: {}
[212.970335] (-) TimerEvent: {}
[213.070931] (-) TimerEvent: {}
[213.171870] (-) TimerEvent: {}
[213.272665] (-) TimerEvent: {}
[213.373894] (-) TimerEvent: {}
[213.474578] (-) TimerEvent: {}
[213.575596] (-) TimerEvent: {}
[213.676882] (-) TimerEvent: {}
[213.777633] (-) TimerEvent: {}
[213.878363] (-) TimerEvent: {}
[213.978703] (-) TimerEvent: {}
[214.079218] (-) TimerEvent: {}
[214.180065] (-) TimerEvent: {}
[214.280747] (-) TimerEvent: {}
[214.381268] (-) TimerEvent: {}
[214.481978] (-) TimerEvent: {}
[214.582715] (-) TimerEvent: {}
[214.683466] (-) TimerEvent: {}
[214.784255] (-) TimerEvent: {}
[214.885037] (-) TimerEvent: {}
[214.985494] (-) TimerEvent: {}
[215.086114] (-) TimerEvent: {}
[215.186884] (-) TimerEvent: {}
[215.287776] (-) TimerEvent: {}
[215.388495] (-) TimerEvent: {}
[215.489407] (-) TimerEvent: {}
[215.590100] (-) TimerEvent: {}
[215.690902] (-) TimerEvent: {}
[215.791741] (-) TimerEvent: {}
[215.892368] (-) TimerEvent: {}
[215.993113] (-) TimerEvent: {}
[216.093977] (-) TimerEvent: {}
[216.194808] (-) TimerEvent: {}
[216.295466] (-) TimerEvent: {}
[216.396226] (-) TimerEvent: {}
[216.496825] (-) TimerEvent: {}
[216.597360] (-) TimerEvent: {}
[216.697922] (-) TimerEvent: {}
[216.798461] (-) TimerEvent: {}
[216.899129] (-) TimerEvent: {}
[216.999619] (-) TimerEvent: {}
[217.100152] (-) TimerEvent: {}
[217.200956] (-) TimerEvent: {}
[217.301490] (-) TimerEvent: {}
[217.402042] (-) TimerEvent: {}
[217.502553] (-) TimerEvent: {}
[217.603078] (-) TimerEvent: {}
[217.703567] (-) TimerEvent: {}
[217.804259] (-) TimerEvent: {}
[217.905025] (-) TimerEvent: {}
[218.005918] (-) TimerEvent: {}
[218.106708] (-) TimerEvent: {}
[218.207588] (-) TimerEvent: {}
[218.308183] (-) TimerEvent: {}
[218.408913] (-) TimerEvent: {}
[218.509631] (-) TimerEvent: {}
[218.610312] (-) TimerEvent: {}
[218.711009] (-) TimerEvent: {}
[218.811823] (-) TimerEvent: {}
[218.912471] (-) TimerEvent: {}
[219.013186] (-) TimerEvent: {}
[219.113692] (-) TimerEvent: {}
[219.214286] (-) TimerEvent: {}
[219.315028] (-) TimerEvent: {}
[219.415688] (-) TimerEvent: {}
[219.516223] (-) TimerEvent: {}
[219.617007] (-) TimerEvent: {}
[219.717861] (-) TimerEvent: {}
[219.818832] (-) TimerEvent: {}
[219.919509] (-) TimerEvent: {}
[220.020274] (-) TimerEvent: {}
[220.121217] (-) TimerEvent: {}
[220.221995] (-) TimerEvent: {}
[220.322804] (-) TimerEvent: {}
[220.423866] (-) TimerEvent: {}
[220.524808] (-) TimerEvent: {}
[220.625711] (-) TimerEvent: {}
[220.726461] (-) TimerEvent: {}
[220.827001] (-) TimerEvent: {}
[220.927574] (-) TimerEvent: {}
[221.028448] (-) TimerEvent: {}
[221.129303] (-) TimerEvent: {}
[221.230140] (-) TimerEvent: {}
[221.330713] (-) TimerEvent: {}
[221.431409] (-) TimerEvent: {}
[221.532075] (-) TimerEvent: {}
[221.632685] (-) TimerEvent: {}
[221.733458] (-) TimerEvent: {}
[221.834247] (-) TimerEvent: {}
[221.934745] (-) TimerEvent: {}
[222.035284] (-) TimerEvent: {}
[222.135978] (-) TimerEvent: {}
[222.236343] (-) TimerEvent: {}
[222.336778] (-) TimerEvent: {}
[222.437451] (-) TimerEvent: {}
[222.538201] (-) TimerEvent: {}
[222.639092] (-) TimerEvent: {}
[222.739786] (-) TimerEvent: {}
[222.840359] (-) TimerEvent: {}
[222.940847] (-) TimerEvent: {}
[223.041641] (-) TimerEvent: {}
[223.142498] (-) TimerEvent: {}
[223.243581] (-) TimerEvent: {}
[223.344387] (-) TimerEvent: {}
[223.445089] (-) TimerEvent: {}
[223.545994] (-) TimerEvent: {}
[223.646758] (-) TimerEvent: {}
[223.747324] (-) TimerEvent: {}
[223.848093] (-) TimerEvent: {}
[223.948465] (-) TimerEvent: {}
[224.049058] (-) TimerEvent: {}
[224.149707] (-) TimerEvent: {}
[224.250389] (-) TimerEvent: {}
[224.350908] (-) TimerEvent: {}
[224.451418] (-) TimerEvent: {}
[224.552084] (-) TimerEvent: {}
[224.652836] (-) TimerEvent: {}
[224.753738] (-) TimerEvent: {}
[224.854238] (-) TimerEvent: {}
[224.954768] (-) TimerEvent: {}
[225.055544] (-) TimerEvent: {}
[225.156225] (-) TimerEvent: {}
[225.257014] (-) TimerEvent: {}
[225.357795] (-) TimerEvent: {}
[225.458621] (-) TimerEvent: {}
[225.559278] (-) TimerEvent: {}
[225.659902] (-) TimerEvent: {}
[225.760835] (-) TimerEvent: {}
[225.861607] (-) TimerEvent: {}
[225.962193] (-) TimerEvent: {}
[226.062947] (-) TimerEvent: {}
[226.163567] (-) TimerEvent: {}
[226.264359] (-) TimerEvent: {}
[226.364956] (-) TimerEvent: {}
[226.465700] (-) TimerEvent: {}
[226.566423] (-) TimerEvent: {}
[226.667140] (-) TimerEvent: {}
[226.767928] (-) TimerEvent: {}
[226.868613] (-) TimerEvent: {}
[226.968925] (-) TimerEvent: {}
[227.069664] (-) TimerEvent: {}
[227.170611] (-) TimerEvent: {}
[227.271268] (-) TimerEvent: {}
[227.371864] (-) TimerEvent: {}
[227.472432] (-) TimerEvent: {}
[227.573309] (-) TimerEvent: {}
[227.673946] (-) TimerEvent: {}
[227.774562] (-) TimerEvent: {}
[227.875206] (-) TimerEvent: {}
[227.975629] (-) TimerEvent: {}
[228.076497] (-) TimerEvent: {}
[228.177235] (-) TimerEvent: {}
[228.277764] (-) TimerEvent: {}
[228.378327] (-) TimerEvent: {}
[228.479055] (-) TimerEvent: {}
[228.579770] (-) TimerEvent: {}
[228.680371] (-) TimerEvent: {}
[228.781157] (-) TimerEvent: {}
[228.881803] (-) TimerEvent: {}
[228.982235] (-) TimerEvent: {}
[229.082789] (-) TimerEvent: {}
[229.183280] (-) TimerEvent: {}
[229.283900] (-) TimerEvent: {}
[229.384577] (-) TimerEvent: {}
[229.485216] (-) TimerEvent: {}
[229.585880] (-) TimerEvent: {}
[229.686702] (-) TimerEvent: {}
[229.787423] (-) TimerEvent: {}
[229.888295] (-) TimerEvent: {}
[229.988882] (-) TimerEvent: {}
[230.089346] (-) TimerEvent: {}
[230.189934] (-) TimerEvent: {}
[230.290555] (-) TimerEvent: {}
[230.391306] (-) TimerEvent: {}
[230.492139] (-) TimerEvent: {}
[230.592796] (-) TimerEvent: {}
[230.693250] (-) TimerEvent: {}
[230.793930] (-) TimerEvent: {}
[230.894593] (-) TimerEvent: {}
[230.995248] (-) TimerEvent: {}
[231.096025] (-) TimerEvent: {}
[231.196832] (-) TimerEvent: {}
[231.297515] (-) TimerEvent: {}
[231.398433] (-) TimerEvent: {}
[231.499563] (-) TimerEvent: {}
[231.600203] (-) TimerEvent: {}
[231.701028] (-) TimerEvent: {}
[231.801790] (-) TimerEvent: {}
[231.902359] (-) TimerEvent: {}
[232.002995] (-) TimerEvent: {}
[232.103707] (-) TimerEvent: {}
[232.204390] (-) TimerEvent: {}
[232.304936] (-) TimerEvent: {}
[232.405580] (-) TimerEvent: {}
[232.506337] (-) TimerEvent: {}
[232.607138] (-) TimerEvent: {}
[232.707900] (-) TimerEvent: {}
[232.808871] (-) TimerEvent: {}
[232.909735] (-) TimerEvent: {}
[233.010740] (-) TimerEvent: {}
[233.111430] (-) TimerEvent: {}
[233.212021] (-) TimerEvent: {}
[233.312790] (-) TimerEvent: {}
[233.413482] (-) TimerEvent: {}
[233.514435] (-) TimerEvent: {}
[233.615151] (-) TimerEvent: {}
[233.715934] (-) TimerEvent: {}
[233.816654] (-) TimerEvent: {}
[233.917377] (-) TimerEvent: {}
[234.018120] (-) TimerEvent: {}
[234.118955] (-) TimerEvent: {}
[234.219813] (-) TimerEvent: {}
[234.320337] (-) TimerEvent: {}
[234.420915] (-) TimerEvent: {}
[234.521458] (-) TimerEvent: {}
[234.622218] (-) TimerEvent: {}
[234.722984] (-) TimerEvent: {}
[234.823727] (-) TimerEvent: {}
[234.924118] (-) TimerEvent: {}
[235.024993] (-) TimerEvent: {}
[235.125936] (-) TimerEvent: {}
[235.226872] (-) TimerEvent: {}
[235.327735] (-) TimerEvent: {}
[235.428507] (-) TimerEvent: {}
[235.529466] (-) TimerEvent: {}
[235.629940] (-) TimerEvent: {}
[235.730497] (-) TimerEvent: {}
[235.831174] (-) TimerEvent: {}
[235.931597] (-) TimerEvent: {}
[236.032204] (-) TimerEvent: {}
[236.133125] (-) TimerEvent: {}
[236.233826] (-) TimerEvent: {}
[236.334470] (-) TimerEvent: {}
[236.435021] (-) TimerEvent: {}
[236.535518] (-) TimerEvent: {}
[236.636290] (-) TimerEvent: {}
[236.737048] (-) TimerEvent: {}
[236.837498] (-) TimerEvent: {}
[236.937831] (-) TimerEvent: {}
[237.038364] (-) TimerEvent: {}
[237.138849] (-) TimerEvent: {}
[237.239506] (-) TimerEvent: {}
[237.340258] (-) TimerEvent: {}
[237.441272] (-) TimerEvent: {}
[237.542119] (-) TimerEvent: {}
[237.643140] (-) TimerEvent: {}
[237.743906] (-) TimerEvent: {}
[237.844614] (-) TimerEvent: {}
[237.945211] (-) TimerEvent: {}
[238.046130] (-) TimerEvent: {}
[238.146966] (-) TimerEvent: {}
[238.247864] (-) TimerEvent: {}
[238.348628] (-) TimerEvent: {}
[238.449531] (-) TimerEvent: {}
[238.550311] (-) TimerEvent: {}
[238.651340] (-) TimerEvent: {}
[238.752031] (-) TimerEvent: {}
[238.852830] (-) TimerEvent: {}
[238.953152] (-) TimerEvent: {}
[239.053871] (-) TimerEvent: {}
[239.154736] (-) TimerEvent: {}
[239.255462] (-) TimerEvent: {}
[239.356308] (-) TimerEvent: {}
[239.456982] (-) TimerEvent: {}
[239.557712] (-) TimerEvent: {}
[239.658305] (-) TimerEvent: {}
[239.759034] (-) TimerEvent: {}
[239.859693] (-) TimerEvent: {}
[239.960004] (-) TimerEvent: {}
[240.060627] (-) TimerEvent: {}
[240.160938] (-) TimerEvent: {}
[240.261201] (-) TimerEvent: {}
[240.361449] (-) TimerEvent: {}
[240.461806] (-) TimerEvent: {}
[240.562226] (-) TimerEvent: {}
[240.662748] (-) TimerEvent: {}
[240.763466] (-) TimerEvent: {}
[240.864138] (-) TimerEvent: {}
[240.964460] (-) TimerEvent: {}
[241.065045] (-) TimerEvent: {}
[241.165890] (-) TimerEvent: {}
[241.266548] (-) TimerEvent: {}
[241.367138] (-) TimerEvent: {}
[241.467639] (-) TimerEvent: {}
[241.568448] (-) TimerEvent: {}
[241.669043] (-) TimerEvent: {}
[241.769460] (-) TimerEvent: {}
[241.869855] (-) TimerEvent: {}
[241.970128] (-) TimerEvent: {}
[242.070707] (-) TimerEvent: {}
[242.171403] (-) TimerEvent: {}
[242.272220] (-) TimerEvent: {}
[242.372931] (-) TimerEvent: {}
[242.473658] (-) TimerEvent: {}
[242.574610] (-) TimerEvent: {}
[242.675134] (-) TimerEvent: {}
[242.775412] (-) TimerEvent: {}
[242.875832] (-) TimerEvent: {}
[242.976215] (-) TimerEvent: {}
[243.076951] (-) TimerEvent: {}
[243.177431] (-) TimerEvent: {}
[243.278014] (-) TimerEvent: {}
[243.378829] (-) TimerEvent: {}
[243.479708] (-) TimerEvent: {}
[243.580444] (-) TimerEvent: {}
[243.681147] (-) TimerEvent: {}
[243.781846] (-) TimerEvent: {}
[243.882568] (-) TimerEvent: {}
[243.983265] (-) TimerEvent: {}
[244.083827] (-) TimerEvent: {}
[244.184327] (-) TimerEvent: {}
[244.284562] (-) TimerEvent: {}
[244.384816] (-) TimerEvent: {}
[244.485126] (-) TimerEvent: {}
[244.585635] (-) TimerEvent: {}
[244.686322] (-) TimerEvent: {}
[244.786738] (-) TimerEvent: {}
[244.887154] (-) TimerEvent: {}
[244.987580] (-) TimerEvent: {}
[245.087943] (-) TimerEvent: {}
[245.188379] (-) TimerEvent: {}
[245.288848] (-) TimerEvent: {}
[245.389411] (-) TimerEvent: {}
[245.489880] (-) TimerEvent: {}
[245.590286] (-) TimerEvent: {}
[245.690726] (-) TimerEvent: {}
[245.791091] (-) TimerEvent: {}
[245.891751] (-) TimerEvent: {}
[245.992320] (-) TimerEvent: {}
[246.092803] (-) TimerEvent: {}
[246.193249] (-) TimerEvent: {}
[246.293958] (-) TimerEvent: {}
[246.394431] (-) TimerEvent: {}
[246.494863] (-) TimerEvent: {}
[246.595371] (-) TimerEvent: {}
[246.695940] (-) TimerEvent: {}
[246.796451] (-) TimerEvent: {}
[246.897140] (-) TimerEvent: {}
[246.997807] (-) TimerEvent: {}
[247.098476] (-) TimerEvent: {}
[247.199183] (-) TimerEvent: {}
[247.299558] (-) TimerEvent: {}
[247.400062] (-) TimerEvent: {}
[247.500760] (-) TimerEvent: {}
[247.601359] (-) TimerEvent: {}
[247.701898] (-) TimerEvent: {}
[247.802586] (-) TimerEvent: {}
[247.903248] (-) TimerEvent: {}
[248.003889] (-) TimerEvent: {}
[248.104430] (-) TimerEvent: {}
[248.204980] (-) TimerEvent: {}
[248.305530] (-) TimerEvent: {}
[248.406077] (-) TimerEvent: {}
[248.506763] (-) TimerEvent: {}
[248.607021] (-) TimerEvent: {}
[248.707291] (-) TimerEvent: {}
[248.807807] (-) TimerEvent: {}
[248.908512] (-) TimerEvent: {}
[249.009189] (-) TimerEvent: {}
[249.109903] (-) TimerEvent: {}
[249.210733] (-) TimerEvent: {}
[249.311509] (-) TimerEvent: {}
[249.412003] (-) TimerEvent: {}
[249.512816] (-) TimerEvent: {}
[249.613524] (-) TimerEvent: {}
[249.714268] (-) TimerEvent: {}
[249.815030] (-) TimerEvent: {}
[249.915921] (-) TimerEvent: {}
[250.016816] (-) TimerEvent: {}
[250.117580] (-) TimerEvent: {}
[250.218314] (-) TimerEvent: {}
[250.318781] (-) TimerEvent: {}
[250.419208] (-) TimerEvent: {}
[250.519806] (-) TimerEvent: {}
[250.620452] (-) TimerEvent: {}
[250.721158] (-) TimerEvent: {}
[250.821857] (-) TimerEvent: {}
[250.922145] (-) TimerEvent: {}
[251.022866] (-) TimerEvent: {}
[251.123744] (-) TimerEvent: {}
[251.224397] (-) TimerEvent: {}
[251.325326] (-) TimerEvent: {}
[251.426241] (-) TimerEvent: {}
[251.526859] (-) TimerEvent: {}
[251.627516] (-) TimerEvent: {}
[251.728087] (-) TimerEvent: {}
[251.828840] (-) TimerEvent: {}
[251.929301] (-) TimerEvent: {}
[252.030018] (-) TimerEvent: {}
[252.130573] (-) TimerEvent: {}
[252.231252] (-) TimerEvent: {}
[252.332006] (-) TimerEvent: {}
[252.432612] (-) TimerEvent: {}
[252.533241] (-) TimerEvent: {}
[252.633940] (-) TimerEvent: {}
[252.734721] (-) TimerEvent: {}
[252.835250] (-) TimerEvent: {}
[252.935635] (-) TimerEvent: {}
[253.036343] (-) TimerEvent: {}
[253.137010] (-) TimerEvent: {}
[253.237814] (-) TimerEvent: {}
[253.338439] (-) TimerEvent: {}
[253.438878] (-) TimerEvent: {}
[253.539370] (-) TimerEvent: {}
[253.639847] (-) TimerEvent: {}
[253.740193] (-) TimerEvent: {}
[253.840746] (-) TimerEvent: {}
[253.941105] (-) TimerEvent: {}
[254.041982] (-) TimerEvent: {}
[254.142744] (-) TimerEvent: {}
[254.243372] (-) TimerEvent: {}
[254.344043] (-) TimerEvent: {}
[254.444820] (-) TimerEvent: {}
[254.545614] (-) TimerEvent: {}
[254.646332] (-) TimerEvent: {}
[254.746865] (-) TimerEvent: {}
[254.847362] (-) TimerEvent: {}
[254.947890] (-) TimerEvent: {}
[255.048703] (-) TimerEvent: {}
[255.149406] (-) TimerEvent: {}
[255.250072] (-) TimerEvent: {}
[255.350730] (-) TimerEvent: {}
[255.451366] (-) TimerEvent: {}
[255.551875] (-) TimerEvent: {}
[255.652284] (-) TimerEvent: {}
[255.752842] (-) TimerEvent: {}
[255.853404] (-) TimerEvent: {}
[255.953819] (-) TimerEvent: {}
[256.054365] (-) TimerEvent: {}
[256.155041] (-) TimerEvent: {}
[256.255945] (-) TimerEvent: {}
[256.356615] (-) TimerEvent: {}
[256.457368] (-) TimerEvent: {}
[256.557883] (-) TimerEvent: {}
[256.658533] (-) TimerEvent: {}
[256.759510] (-) TimerEvent: {}
[256.860020] (-) TimerEvent: {}
[256.960460] (-) TimerEvent: {}
[257.061148] (-) TimerEvent: {}
[257.161812] (-) TimerEvent: {}
[257.262390] (-) TimerEvent: {}
[257.363047] (-) TimerEvent: {}
[257.463893] (-) TimerEvent: {}
[257.564762] (-) TimerEvent: {}
[257.665228] (-) TimerEvent: {}
[257.765927] (-) TimerEvent: {}
[257.866433] (-) TimerEvent: {}
[257.966857] (-) TimerEvent: {}
[258.067595] (-) TimerEvent: {}
[258.168291] (-) TimerEvent: {}
[258.268810] (-) TimerEvent: {}
[258.369169] (-) TimerEvent: {}
[258.469736] (-) TimerEvent: {}
[258.570221] (-) TimerEvent: {}
[258.670980] (-) TimerEvent: {}
[258.771319] (-) TimerEvent: {}
[258.871987] (-) TimerEvent: {}
[258.972499] (-) TimerEvent: {}
[259.073121] (-) TimerEvent: {}
[259.173780] (-) TimerEvent: {}
[259.274329] (-) TimerEvent: {}
[259.374762] (-) TimerEvent: {}
[259.475117] (-) TimerEvent: {}
[259.575398] (-) TimerEvent: {}
[259.675920] (-) TimerEvent: {}
[259.776857] (-) TimerEvent: {}
[259.877702] (-) TimerEvent: {}
[259.978123] (-) TimerEvent: {}
[260.079051] (-) TimerEvent: {}
[260.179888] (-) TimerEvent: {}
[260.280816] (-) TimerEvent: {}
[260.381650] (-) TimerEvent: {}
[260.482516] (-) TimerEvent: {}
[260.583589] (-) TimerEvent: {}
[260.684056] (-) TimerEvent: {}
[260.784437] (-) TimerEvent: {}
[260.884968] (-) TimerEvent: {}
[260.985565] (-) TimerEvent: {}
[261.086021] (-) TimerEvent: {}
[261.186511] (-) TimerEvent: {}
[261.287251] (-) TimerEvent: {}
[261.388024] (-) TimerEvent: {}
[261.488893] (-) TimerEvent: {}
[261.589727] (-) TimerEvent: {}
[261.690320] (-) TimerEvent: {}
[261.791189] (-) TimerEvent: {}
[261.891944] (-) TimerEvent: {}
[261.992763] (-) TimerEvent: {}
[262.093724] (-) TimerEvent: {}
[262.194721] (-) TimerEvent: {}
[262.295508] (-) TimerEvent: {}
[262.396284] (-) TimerEvent: {}
[262.497134] (-) TimerEvent: {}
[262.597985] (-) TimerEvent: {}
[262.698847] (-) TimerEvent: {}
[262.799828] (-) TimerEvent: {}
[262.900741] (-) TimerEvent: {}
[263.001608] (-) TimerEvent: {}
[263.102543] (-) TimerEvent: {}
[263.203360] (-) TimerEvent: {}
[263.303987] (-) TimerEvent: {}
[263.404827] (-) TimerEvent: {}
[263.505634] (-) TimerEvent: {}
[263.606502] (-) TimerEvent: {}
[263.707227] (-) TimerEvent: {}
[263.808116] (-) TimerEvent: {}
[263.908573] (-) TimerEvent: {}
[264.008988] (-) TimerEvent: {}
[264.109271] (-) TimerEvent: {}
[264.209731] (-) TimerEvent: {}
[264.310248] (-) TimerEvent: {}
[264.410783] (-) TimerEvent: {}
[264.511307] (-) TimerEvent: {}
[264.611858] (-) TimerEvent: {}
[264.712421] (-) TimerEvent: {}
[264.812970] (-) TimerEvent: {}
[264.913814] (-) TimerEvent: {}
[265.014472] (-) TimerEvent: {}
[265.115407] (-) TimerEvent: {}
[265.215971] (-) TimerEvent: {}
[265.316517] (-) TimerEvent: {}
[265.417064] (-) TimerEvent: {}
[265.517851] (-) TimerEvent: {}
[265.618451] (-) TimerEvent: {}
[265.719192] (-) TimerEvent: {}
[265.819722] (-) TimerEvent: {}
[265.920242] (-) TimerEvent: {}
[266.020952] (-) TimerEvent: {}
[266.121791] (-) TimerEvent: {}
[266.222339] (-) TimerEvent: {}
[266.322879] (-) TimerEvent: {}
[266.423393] (-) TimerEvent: {}
[266.524049] (-) TimerEvent: {}
[266.624412] (-) TimerEvent: {}
[266.724955] (-) TimerEvent: {}
[266.825536] (-) TimerEvent: {}
[266.925847] (-) TimerEvent: {}
[267.026660] (-) TimerEvent: {}
[267.127503] (-) TimerEvent: {}
[267.228434] (-) TimerEvent: {}
[267.329235] (-) TimerEvent: {}
[267.429864] (-) TimerEvent: {}
[267.530751] (-) TimerEvent: {}
[267.631540] (-) TimerEvent: {}
[267.732393] (-) TimerEvent: {}
[267.833146] (-) TimerEvent: {}
[267.933664] (-) TimerEvent: {}
[268.034600] (-) TimerEvent: {}
[268.135607] (-) TimerEvent: {}
[268.236566] (-) TimerEvent: {}
[268.337521] (-) TimerEvent: {}
[268.438248] (-) TimerEvent: {}
[268.539037] (-) TimerEvent: {}
[268.639848] (-) TimerEvent: {}
[268.740604] (-) TimerEvent: {}
[268.841688] (-) TimerEvent: {}
[268.942045] (-) TimerEvent: {}
[269.042855] (-) TimerEvent: {}
[269.143878] (-) TimerEvent: {}
[269.244861] (-) TimerEvent: {}
[269.345726] (-) TimerEvent: {}
[269.446571] (-) TimerEvent: {}
[269.547428] (-) TimerEvent: {}
[269.648041] (-) TimerEvent: {}
[269.748885] (-) TimerEvent: {}
[269.849782] (-) TimerEvent: {}
[269.950328] (-) TimerEvent: {}
[270.051188] (-) TimerEvent: {}
[270.152209] (-) TimerEvent: {}
[270.253048] (-) TimerEvent: {}
[270.354016] (-) TimerEvent: {}
[270.454904] (-) TimerEvent: {}
[270.555891] (-) TimerEvent: {}
[270.656875] (-) TimerEvent: {}
[270.757873] (-) TimerEvent: {}
[270.858775] (-) TimerEvent: {}
[270.959313] (-) TimerEvent: {}
[271.060341] (-) TimerEvent: {}
[271.161256] (-) TimerEvent: {}
[271.262295] (-) TimerEvent: {}
[271.363211] (-) TimerEvent: {}
[271.464130] (-) TimerEvent: {}
[271.565174] (-) TimerEvent: {}
[271.666261] (-) TimerEvent: {}
[271.767283] (-) TimerEvent: {}
[271.868112] (-) TimerEvent: {}
[271.968561] (-) TimerEvent: {}
[272.069355] (-) TimerEvent: {}
[272.170294] (-) TimerEvent: {}
[272.271093] (-) TimerEvent: {}
[272.371622] (-) TimerEvent: {}
[272.472349] (-) TimerEvent: {}
[272.573195] (-) TimerEvent: {}
[272.674013] (-) TimerEvent: {}
[272.775046] (-) TimerEvent: {}
[272.875869] (-) TimerEvent: {}
[272.976409] (-) TimerEvent: {}
[273.077244] (-) TimerEvent: {}
[273.178201] (-) TimerEvent: {}
[273.279290] (-) TimerEvent: {}
[273.380366] (-) TimerEvent: {}
[273.481118] (-) TimerEvent: {}
[273.581976] (-) TimerEvent: {}
[273.682892] (-) TimerEvent: {}
[273.783832] (-) TimerEvent: {}
[273.884493] (-) TimerEvent: {}
[273.985091] (-) TimerEvent: {}
[274.085933] (-) TimerEvent: {}
[274.186831] (-) TimerEvent: {}
[274.287875] (-) TimerEvent: {}
[274.388883] (-) TimerEvent: {}
[274.489541] (-) TimerEvent: {}
[274.590196] (-) TimerEvent: {}
[274.690997] (-) TimerEvent: {}
[274.791822] (-) TimerEvent: {}
[274.892777] (-) TimerEvent: {}
[274.993743] (-) TimerEvent: {}
[275.094562] (-) TimerEvent: {}
[275.195333] (-) TimerEvent: {}
[275.296290] (-) TimerEvent: {}
[275.397084] (-) TimerEvent: {}
[275.497948] (-) TimerEvent: {}
[275.598895] (-) TimerEvent: {}
[275.699859] (-) TimerEvent: {}
[275.800792] (-) TimerEvent: {}
[275.901829] (-) TimerEvent: {}
[276.002764] (-) TimerEvent: {}
[276.103596] (-) TimerEvent: {}
[276.204400] (-) TimerEvent: {}
[276.305298] (-) TimerEvent: {}
[276.406134] (-) TimerEvent: {}
[276.507093] (-) TimerEvent: {}
[276.607886] (-) TimerEvent: {}
[276.708858] (-) TimerEvent: {}
[276.809619] (-) TimerEvent: {}
[276.910411] (-) TimerEvent: {}
[277.011182] (-) TimerEvent: {}
[277.112048] (-) TimerEvent: {}
[277.212968] (-) TimerEvent: {}
[277.313813] (-) TimerEvent: {}
[277.414623] (-) TimerEvent: {}
[277.515250] (-) TimerEvent: {}
[277.615975] (-) TimerEvent: {}
[277.716873] (-) TimerEvent: {}
[277.817741] (-) TimerEvent: {}
[277.918629] (-) TimerEvent: {}
[278.019668] (-) TimerEvent: {}
[278.120413] (-) TimerEvent: {}
[278.221390] (-) TimerEvent: {}
[278.322097] (-) TimerEvent: {}
[278.422491] (-) TimerEvent: {}
[278.523355] (-) TimerEvent: {}
[278.624269] (-) TimerEvent: {}
[278.725296] (-) TimerEvent: {}
[278.826093] (-) TimerEvent: {}
[278.926629] (-) TimerEvent: {}
[279.027491] (-) TimerEvent: {}
[279.128425] (-) TimerEvent: {}
[279.229490] (-) TimerEvent: {}
[279.330402] (-) TimerEvent: {}
[279.431494] (-) TimerEvent: {}
[279.532417] (-) TimerEvent: {}
[279.633445] (-) TimerEvent: {}
[279.734388] (-) TimerEvent: {}
[279.835159] (-) TimerEvent: {}
[279.935737] (-) TimerEvent: {}
[280.036430] (-) TimerEvent: {}
[280.136949] (-) TimerEvent: {}
[280.237638] (-) TimerEvent: {}
[280.338476] (-) TimerEvent: {}
[280.439242] (-) TimerEvent: {}
[280.539900] (-) TimerEvent: {}
[280.640665] (-) TimerEvent: {}
[280.741422] (-) TimerEvent: {}
[280.842032] (-) TimerEvent: {}
[280.942298] (-) TimerEvent: {}
[281.042767] (-) TimerEvent: {}
[281.143419] (-) TimerEvent: {}
[281.244273] (-) TimerEvent: {}
[281.344917] (-) TimerEvent: {}
[281.445602] (-) TimerEvent: {}
[281.546582] (-) TimerEvent: {}
[281.647367] (-) TimerEvent: {}
[281.748251] (-) TimerEvent: {}
[281.849180] (-) TimerEvent: {}
[281.949727] (-) TimerEvent: {}
[282.050632] (-) TimerEvent: {}
[282.151645] (-) TimerEvent: {}
[282.252653] (-) TimerEvent: {}
[282.353495] (-) TimerEvent: {}
[282.454204] (-) TimerEvent: {}
[282.554913] (-) TimerEvent: {}
[282.655820] (-) TimerEvent: {}
[282.756805] (-) TimerEvent: {}
[282.857646] (-) TimerEvent: {}
[282.958196] (-) TimerEvent: {}
[283.059201] (-) TimerEvent: {}
[283.160187] (-) TimerEvent: {}
[283.260988] (-) TimerEvent: {}
[283.361846] (-) TimerEvent: {}
[283.462536] (-) TimerEvent: {}
[283.563597] (-) TimerEvent: {}
[283.664603] (-) TimerEvent: {}
[283.765474] (-) TimerEvent: {}
[283.866093] (-) TimerEvent: {}
[283.966426] (-) TimerEvent: {}
[284.066870] (-) TimerEvent: {}
[284.167469] (-) TimerEvent: {}
[284.268660] (-) TimerEvent: {}
[284.369516] (-) TimerEvent: {}
[284.470543] (-) TimerEvent: {}
[284.571532] (-) TimerEvent: {}
[284.672406] (-) TimerEvent: {}
[284.773099] (-) TimerEvent: {}
[284.873932] (-) TimerEvent: {}
[284.974377] (-) TimerEvent: {}
[285.075024] (-) TimerEvent: {}
[285.175977] (-) TimerEvent: {}
[285.276892] (-) TimerEvent: {}
[285.377807] (-) TimerEvent: {}
[285.478589] (-) TimerEvent: {}
[285.579448] (-) TimerEvent: {}
[285.680467] (-) TimerEvent: {}
[285.781325] (-) TimerEvent: {}
[285.882194] (-) TimerEvent: {}
[285.982868] (-) TimerEvent: {}
[286.083779] (-) TimerEvent: {}
[286.184598] (-) TimerEvent: {}
[286.285513] (-) TimerEvent: {}
[286.386423] (-) TimerEvent: {}
[286.486981] (-) TimerEvent: {}
[286.587579] (-) TimerEvent: {}
[286.688048] (-) TimerEvent: {}
[286.788576] (-) TimerEvent: {}
[286.889210] (-) TimerEvent: {}
[286.989920] (-) TimerEvent: {}
[287.090912] (-) TimerEvent: {}
[287.191527] (-) TimerEvent: {}
[287.292036] (-) TimerEvent: {}
[287.392870] (-) TimerEvent: {}
[287.493590] (-) TimerEvent: {}
[287.594181] (-) TimerEvent: {}
[287.694916] (-) TimerEvent: {}
[287.795576] (-) TimerEvent: {}
[287.896417] (-) TimerEvent: {}
[287.997297] (-) TimerEvent: {}
[288.098239] (-) TimerEvent: {}
[288.199061] (-) TimerEvent: {}
[288.299860] (-) TimerEvent: {}
[288.400767] (-) TimerEvent: {}
[288.501645] (-) TimerEvent: {}
[288.602446] (-) TimerEvent: {}
[288.703277] (-) TimerEvent: {}
[288.803983] (-) TimerEvent: {}
[288.904939] (-) TimerEvent: {}
[289.005866] (-) TimerEvent: {}
[289.106715] (-) TimerEvent: {}
[289.207406] (-) TimerEvent: {}
[289.308054] (-) TimerEvent: {}
[289.408609] (-) TimerEvent: {}
[289.509196] (-) TimerEvent: {}
[289.609893] (-) TimerEvent: {}
[289.710562] (-) TimerEvent: {}
[289.811300] (-) TimerEvent: {}
[289.911999] (-) TimerEvent: {}
[290.012559] (-) TimerEvent: {}
[290.113116] (-) TimerEvent: {}
[290.213835] (-) TimerEvent: {}
[290.314475] (-) TimerEvent: {}
[290.415231] (-) TimerEvent: {}
[290.515838] (-) TimerEvent: {}
[290.616628] (-) TimerEvent: {}
[290.717503] (-) TimerEvent: {}
[290.818324] (-) TimerEvent: {}
[290.919054] (-) TimerEvent: {}
[291.019774] (-) TimerEvent: {}
[291.120513] (-) TimerEvent: {}
[291.221424] (-) TimerEvent: {}
[291.322424] (-) TimerEvent: {}
[291.423341] (-) TimerEvent: {}
[291.524365] (-) TimerEvent: {}
[291.625390] (-) TimerEvent: {}
[291.726436] (-) TimerEvent: {}
[291.827075] (-) TimerEvent: {}
[291.927584] (-) TimerEvent: {}
[292.028525] (-) TimerEvent: {}
[292.129484] (-) TimerEvent: {}
[292.230490] (-) TimerEvent: {}
[292.331363] (-) TimerEvent: {}
[292.432252] (-) TimerEvent: {}
[292.533303] (-) TimerEvent: {}
[292.634075] (-) TimerEvent: {}
[292.734585] (-) TimerEvent: {}
[292.835207] (-) TimerEvent: {}
[292.935765] (-) TimerEvent: {}
[293.036603] (-) TimerEvent: {}
[293.137567] (-) TimerEvent: {}
[293.238550] (-) TimerEvent: {}
[293.339370] (-) TimerEvent: {}
[293.440325] (-) TimerEvent: {}
[293.541192] (-) TimerEvent: {}
[293.641956] (-) TimerEvent: {}
[293.742898] (-) TimerEvent: {}
[293.843582] (-) TimerEvent: {}
[293.943958] (-) TimerEvent: {}
[294.044328] (-) TimerEvent: {}
[294.144995] (-) TimerEvent: {}
[294.245332] (-) TimerEvent: {}
[294.345977] (-) TimerEvent: {}
[294.446614] (-) TimerEvent: {}
[294.547393] (-) TimerEvent: {}
[294.648368] (-) TimerEvent: {}
[294.749244] (-) TimerEvent: {}
[294.849785] (-) TimerEvent: {}
[294.950262] (-) TimerEvent: {}
[295.051133] (-) TimerEvent: {}
[295.151828] (-) TimerEvent: {}
[295.252825] (-) TimerEvent: {}
[295.353803] (-) TimerEvent: {}
[295.454615] (-) TimerEvent: {}
[295.555393] (-) TimerEvent: {}
[295.656134] (-) TimerEvent: {}
[295.756951] (-) TimerEvent: {}
[295.857717] (-) TimerEvent: {}
[295.958184] (-) TimerEvent: {}
[296.059051] (-) TimerEvent: {}
[296.159983] (-) TimerEvent: {}
[296.260814] (-) TimerEvent: {}
[296.361491] (-) TimerEvent: {}
[296.462015] (-) TimerEvent: {}
[296.562565] (-) TimerEvent: {}
[296.663228] (-) TimerEvent: {}
[296.763825] (-) TimerEvent: {}
[296.864381] (-) TimerEvent: {}
[296.964859] (-) TimerEvent: {}
[297.065633] (-) TimerEvent: {}
[297.166660] (-) TimerEvent: {}
[297.267572] (-) TimerEvent: {}
[297.368395] (-) TimerEvent: {}
[297.468904] (-) TimerEvent: {}
[297.569555] (-) TimerEvent: {}
[297.670458] (-) TimerEvent: {}
[297.771391] (-) TimerEvent: {}
[297.872016] (-) TimerEvent: {}
[297.972546] (-) TimerEvent: {}
[298.073501] (-) TimerEvent: {}
[298.174310] (-) TimerEvent: {}
[298.275105] (-) TimerEvent: {}
[298.375847] (-) TimerEvent: {}
[298.476628] (-) TimerEvent: {}
[298.577462] (-) TimerEvent: {}
[298.678492] (-) TimerEvent: {}
[298.779482] (-) TimerEvent: {}
[298.880390] (-) TimerEvent: {}
[298.981032] (-) TimerEvent: {}
[299.081796] (-) TimerEvent: {}
[299.182445] (-) TimerEvent: {}
[299.283182] (-) TimerEvent: {}
[299.383953] (-) TimerEvent: {}
[299.484651] (-) TimerEvent: {}
[299.585540] (-) TimerEvent: {}
[299.686515] (-) TimerEvent: {}
[299.787396] (-) TimerEvent: {}
[299.888232] (-) TimerEvent: {}
[299.989126] (-) TimerEvent: {}
[300.089929] (-) TimerEvent: {}
[300.190764] (-) TimerEvent: {}
[300.291487] (-) TimerEvent: {}
[300.392522] (-) TimerEvent: {}
[300.493517] (-) TimerEvent: {}
[300.594224] (-) TimerEvent: {}
[300.695211] (-) TimerEvent: {}
[300.795924] (-) TimerEvent: {}
[300.896792] (-) TimerEvent: {}
[300.997627] (-) TimerEvent: {}
[301.098462] (-) TimerEvent: {}
[301.199301] (-) TimerEvent: {}
[301.300195] (-) TimerEvent: {}
[301.401213] (-) TimerEvent: {}
[301.502050] (-) TimerEvent: {}
[301.602701] (-) TimerEvent: {}
[301.702995] (-) TimerEvent: {}
[301.803349] (-) TimerEvent: {}
[301.903817] (-) TimerEvent: {}
[302.004402] (-) TimerEvent: {}
[302.105140] (-) TimerEvent: {}
[302.205803] (-) TimerEvent: {}
[302.306393] (-) TimerEvent: {}
[302.406981] (-) TimerEvent: {}
[302.507496] (-) TimerEvent: {}
[302.608158] (-) TimerEvent: {}
[302.708651] (-) TimerEvent: {}
[302.809368] (-) TimerEvent: {}
[302.910258] (-) TimerEvent: {}
[303.011272] (-) TimerEvent: {}
[303.112273] (-) TimerEvent: {}
[303.213268] (-) TimerEvent: {}
[303.314233] (-) TimerEvent: {}
[303.414805] (-) TimerEvent: {}
[303.515164] (-) TimerEvent: {}
[303.615513] (-) TimerEvent: {}
[303.715797] (-) TimerEvent: {}
[303.816106] (-) TimerEvent: {}
[303.916428] (-) TimerEvent: {}
[304.016789] (-) TimerEvent: {}
[304.117066] (-) TimerEvent: {}
[304.217426] (-) TimerEvent: {}
[304.317711] (-) TimerEvent: {}
[304.418029] (-) TimerEvent: {}
[304.518262] (-) TimerEvent: {}
[304.618515] (-) TimerEvent: {}
[304.718789] (-) TimerEvent: {}
[304.819133] (-) TimerEvent: {}
[304.919438] (-) TimerEvent: {}
[305.019720] (-) TimerEvent: {}
[305.120006] (-) TimerEvent: {}
[305.220282] (-) TimerEvent: {}
[305.320666] (-) TimerEvent: {}
[305.420992] (-) TimerEvent: {}
[305.521274] (-) TimerEvent: {}
[305.621543] (-) TimerEvent: {}
[305.722262] (-) TimerEvent: {}
[305.823318] (-) TimerEvent: {}
[305.923962] (-) TimerEvent: {}
[306.024812] (-) TimerEvent: {}
[306.125986] (-) TimerEvent: {}
[306.227085] (-) TimerEvent: {}
[306.327848] (-) TimerEvent: {}
[306.428626] (-) TimerEvent: {}
[306.529483] (-) TimerEvent: {}
[306.630357] (-) TimerEvent: {}
[306.730930] (-) TimerEvent: {}
[306.831625] (-) TimerEvent: {}
[306.932017] (-) TimerEvent: {}
[307.032901] (-) TimerEvent: {}
[307.133633] (-) TimerEvent: {}
[307.234395] (-) TimerEvent: {}
[307.335627] (-) TimerEvent: {}
[307.436663] (-) TimerEvent: {}
[307.537650] (-) TimerEvent: {}
[307.638647] (-) TimerEvent: {}
[307.739512] (-) TimerEvent: {}
[307.840794] (-) TimerEvent: {}
[307.941218] (-) TimerEvent: {}
[308.041889] (-) TimerEvent: {}
[308.142916] (-) TimerEvent: {}
[308.243886] (-) TimerEvent: {}
[308.344875] (-) TimerEvent: {}
[308.445881] (-) TimerEvent: {}
[308.546825] (-) TimerEvent: {}
[308.647770] (-) TimerEvent: {}
[308.748635] (-) TimerEvent: {}
[308.849484] (-) TimerEvent: {}
[308.949969] (-) TimerEvent: {}
[309.050584] (-) TimerEvent: {}
[309.150994] (-) TimerEvent: {}
[309.251378] (-) TimerEvent: {}
[309.351690] (-) TimerEvent: {}
[309.452100] (-) TimerEvent: {}
[309.552650] (-) TimerEvent: {}
[309.653306] (-) TimerEvent: {}
[309.753795] (-) TimerEvent: {}
[309.854297] (-) TimerEvent: {}
[309.954782] (-) TimerEvent: {}
[310.055589] (-) TimerEvent: {}
[310.156547] (-) TimerEvent: {}
[310.257225] (-) TimerEvent: {}
[310.357499] (-) TimerEvent: {}
[310.457742] (-) TimerEvent: {}
[310.558156] (-) TimerEvent: {}
[310.658437] (-) TimerEvent: {}
[310.758960] (-) TimerEvent: {}
[310.859849] (-) TimerEvent: {}
[310.960249] (-) TimerEvent: {}
[311.061279] (-) TimerEvent: {}
[311.162397] (-) TimerEvent: {}
[311.263255] (-) TimerEvent: {}
[311.364165] (-) TimerEvent: {}
[311.464801] (-) TimerEvent: {}
[311.565497] (-) TimerEvent: {}
[311.666247] (-) TimerEvent: {}
[311.766940] (-) TimerEvent: {}
[311.867521] (-) TimerEvent: {}
[311.967726] (-) TimerEvent: {}
[312.068281] (-) TimerEvent: {}
[312.169285] (-) TimerEvent: {}
[312.270310] (-) TimerEvent: {}
[312.371285] (-) TimerEvent: {}
[312.471928] (-) TimerEvent: {}
[312.572369] (-) TimerEvent: {}
[312.672914] (-) TimerEvent: {}
[312.773862] (-) TimerEvent: {}
[312.874625] (-) TimerEvent: {}
[312.975012] (-) TimerEvent: {}
[313.075721] (-) TimerEvent: {}
[313.176528] (-) TimerEvent: {}
[313.277196] (-) TimerEvent: {}
[313.377787] (-) TimerEvent: {}
[313.478229] (-) TimerEvent: {}
[313.578655] (-) TimerEvent: {}
[313.679331] (-) TimerEvent: {}
[313.779879] (-) TimerEvent: {}
[313.880434] (-) TimerEvent: {}
[313.980758] (-) TimerEvent: {}
[314.081357] (-) TimerEvent: {}
[314.182145] (-) TimerEvent: {}
[314.282661] (-) TimerEvent: {}
[314.383138] (-) TimerEvent: {}
[314.483507] (-) TimerEvent: {}
[314.584222] (-) TimerEvent: {}
[314.684899] (-) TimerEvent: {}
[314.785588] (-) TimerEvent: {}
[314.886506] (-) TimerEvent: {}
[314.987122] (-) TimerEvent: {}
[315.087997] (-) TimerEvent: {}
[315.188779] (-) TimerEvent: {}
[315.289376] (-) TimerEvent: {}
[315.389953] (-) TimerEvent: {}
[315.490257] (-) TimerEvent: {}
[315.590901] (-) TimerEvent: {}
[315.691544] (-) TimerEvent: {}
[315.791970] (-) TimerEvent: {}
[315.892850] (-) TimerEvent: {}
[315.993755] (-) TimerEvent: {}
[316.094560] (-) TimerEvent: {}
[316.195438] (-) TimerEvent: {}
[316.296227] (-) TimerEvent: {}
[316.396653] (-) TimerEvent: {}
[316.497094] (-) TimerEvent: {}
[316.597677] (-) TimerEvent: {}
[316.698205] (-) TimerEvent: {}
[316.799130] (-) TimerEvent: {}
[316.899830] (-) TimerEvent: {}
[317.000465] (-) TimerEvent: {}
[317.100891] (-) TimerEvent: {}
[317.201561] (-) TimerEvent: {}
[317.302329] (-) TimerEvent: {}
[317.402862] (-) TimerEvent: {}
[317.503471] (-) TimerEvent: {}
[317.604052] (-) TimerEvent: {}
[317.704808] (-) TimerEvent: {}
[317.805565] (-) TimerEvent: {}
[317.906264] (-) TimerEvent: {}
[318.006999] (-) TimerEvent: {}
[318.107825] (-) TimerEvent: {}
[318.208620] (-) TimerEvent: {}
[318.309214] (-) TimerEvent: {}
[318.409571] (-) TimerEvent: {}
[318.510035] (-) TimerEvent: {}
[318.610558] (-) TimerEvent: {}
[318.711098] (-) TimerEvent: {}
[318.811528] (-) TimerEvent: {}
[318.911874] (-) TimerEvent: {}
[319.012207] (-) TimerEvent: {}
[319.112571] (-) TimerEvent: {}
[319.213195] (-) TimerEvent: {}
[319.314043] (-) TimerEvent: {}
[319.414537] (-) TimerEvent: {}
[319.515448] (-) TimerEvent: {}
[319.616144] (-) TimerEvent: {}
[319.716694] (-) TimerEvent: {}
[319.817007] (-) TimerEvent: {}
[319.917324] (-) TimerEvent: {}
[320.018083] (-) TimerEvent: {}
[320.119242] (-) TimerEvent: {}
[320.219984] (-) TimerEvent: {}
[320.321036] (-) TimerEvent: {}
[320.421929] (-) TimerEvent: {}
[320.523058] (-) TimerEvent: {}
[320.624057] (-) TimerEvent: {}
[320.724887] (-) TimerEvent: {}
[320.825614] (-) TimerEvent: {}
[320.926243] (-) TimerEvent: {}
[321.027030] (-) TimerEvent: {}
[321.127577] (-) TimerEvent: {}
[321.228435] (-) TimerEvent: {}
[321.329298] (-) TimerEvent: {}
[321.430214] (-) TimerEvent: {}
[321.530902] (-) TimerEvent: {}
[321.631784] (-) TimerEvent: {}
[321.732501] (-) TimerEvent: {}
[321.833190] (-) TimerEvent: {}
[321.933753] (-) TimerEvent: {}
[322.034776] (-) TimerEvent: {}
[322.135783] (-) TimerEvent: {}
[322.236651] (-) TimerEvent: {}
[322.337394] (-) TimerEvent: {}
[322.438319] (-) TimerEvent: {}
[322.539080] (-) TimerEvent: {}
[322.640067] (-) TimerEvent: {}
[322.741061] (-) TimerEvent: {}
[322.841841] (-) TimerEvent: {}
[322.942253] (-) TimerEvent: {}
[323.043161] (-) TimerEvent: {}
[323.143846] (-) TimerEvent: {}
[323.244544] (-) TimerEvent: {}
[323.345429] (-) TimerEvent: {}
[323.446406] (-) TimerEvent: {}
[323.547610] (-) TimerEvent: {}
[323.648483] (-) TimerEvent: {}
[323.749443] (-) TimerEvent: {}
[323.850119] (-) TimerEvent: {}
[323.950603] (-) TimerEvent: {}
[324.051342] (-) TimerEvent: {}
[324.152253] (-) TimerEvent: {}
[324.253179] (-) TimerEvent: {}
[324.353846] (-) TimerEvent: {}
[324.454641] (-) TimerEvent: {}
[324.555549] (-) TimerEvent: {}
[324.656463] (-) TimerEvent: {}
[324.757483] (-) TimerEvent: {}
[324.858236] (-) TimerEvent: {}
[324.958750] (-) TimerEvent: {}
[325.059553] (-) TimerEvent: {}
[325.160450] (-) TimerEvent: {}
[325.261312] (-) TimerEvent: {}
[325.362247] (-) TimerEvent: {}
[325.462988] (-) TimerEvent: {}
[325.563851] (-) TimerEvent: {}
[325.664603] (-) TimerEvent: {}
[325.765242] (-) TimerEvent: {}
[325.865935] (-) TimerEvent: {}
[325.966456] (-) TimerEvent: {}
[326.067446] (-) TimerEvent: {}
[326.168385] (-) TimerEvent: {}
[326.269248] (-) TimerEvent: {}
[326.370047] (-) TimerEvent: {}
[326.470695] (-) TimerEvent: {}
[326.571399] (-) TimerEvent: {}
[326.672302] (-) TimerEvent: {}
[326.773007] (-) TimerEvent: {}
[326.873750] (-) TimerEvent: {}
[326.974253] (-) TimerEvent: {}
[327.075158] (-) TimerEvent: {}
[327.175995] (-) TimerEvent: {}
[327.276932] (-) TimerEvent: {}
[327.377930] (-) TimerEvent: {}
[327.478899] (-) TimerEvent: {}
[327.579757] (-) TimerEvent: {}
[327.680443] (-) TimerEvent: {}
[327.781453] (-) TimerEvent: {}
[327.882448] (-) TimerEvent: {}
[327.983162] (-) TimerEvent: {}
[328.084254] (-) TimerEvent: {}
[328.185177] (-) TimerEvent: {}
[328.286277] (-) TimerEvent: {}
[328.387361] (-) TimerEvent: {}
[328.488411] (-) TimerEvent: {}
[328.589324] (-) TimerEvent: {}
[328.690251] (-) TimerEvent: {}
[328.790902] (-) TimerEvent: {}
[328.891769] (-) TimerEvent: {}
[328.992443] (-) TimerEvent: {}
[329.093445] (-) TimerEvent: {}
[329.194490] (-) TimerEvent: {}
[329.295223] (-) TimerEvent: {}
[329.396204] (-) TimerEvent: {}
[329.497232] (-) TimerEvent: {}
[329.598257] (-) TimerEvent: {}
[329.699288] (-) TimerEvent: {}
[329.800259] (-) TimerEvent: {}
[329.901109] (-) TimerEvent: {}
[330.002154] (-) TimerEvent: {}
[330.103136] (-) TimerEvent: {}
[330.203841] (-) TimerEvent: {}
[330.304565] (-) TimerEvent: {}
[330.405449] (-) TimerEvent: {}
[330.506118] (-) TimerEvent: {}
[330.606970] (-) TimerEvent: {}
[330.707858] (-) TimerEvent: {}
[330.808653] (-) TimerEvent: {}
[330.909130] (-) TimerEvent: {}
[331.009862] (-) TimerEvent: {}
[331.110605] (-) TimerEvent: {}
[331.211372] (-) TimerEvent: {}
[331.312174] (-) TimerEvent: {}
[331.412993] (-) TimerEvent: {}
[331.513618] (-) TimerEvent: {}
[331.614398] (-) TimerEvent: {}
[331.715158] (-) TimerEvent: {}
[331.815773] (-) TimerEvent: {}
[331.916255] (-) TimerEvent: {}
[332.016913] (-) TimerEvent: {}
[332.117733] (-) TimerEvent: {}
[332.218343] (-) TimerEvent: {}
[332.319364] (-) TimerEvent: {}
[332.420213] (-) TimerEvent: {}
[332.520912] (-) TimerEvent: {}
[332.621383] (-) TimerEvent: {}
[332.722275] (-) TimerEvent: {}
[332.822813] (-) TimerEvent: {}
[332.923119] (-) TimerEvent: {}
[333.023889] (-) TimerEvent: {}
[333.124662] (-) TimerEvent: {}
[333.225301] (-) TimerEvent: {}
[333.325903] (-) TimerEvent: {}
[333.426224] (-) TimerEvent: {}
[333.526720] (-) TimerEvent: {}
[333.627023] (-) TimerEvent: {}
[333.727399] (-) TimerEvent: {}
[333.827690] (-) TimerEvent: {}
[333.927997] (-) TimerEvent: {}
[334.028450] (-) TimerEvent: {}
[334.129020] (-) TimerEvent: {}
[334.229876] (-) TimerEvent: {}
[334.330532] (-) TimerEvent: {}
[334.430944] (-) TimerEvent: {}
[334.531567] (-) TimerEvent: {}
[334.632028] (-) TimerEvent: {}
[334.733014] (-) TimerEvent: {}
[334.833631] (-) TimerEvent: {}
[334.933886] (-) TimerEvent: {}
[335.034166] (-) TimerEvent: {}
[335.134436] (-) TimerEvent: {}
[335.234862] (-) TimerEvent: {}
[335.335242] (-) TimerEvent: {}
[335.435868] (-) TimerEvent: {}
[335.536737] (-) TimerEvent: {}
[335.637594] (-) TimerEvent: {}
[335.738472] (-) TimerEvent: {}
[335.839289] (-) TimerEvent: {}
[335.939730] (-) TimerEvent: {}
[336.040822] (-) TimerEvent: {}
[336.142033] (-) TimerEvent: {}
[336.242955] (-) TimerEvent: {}
[336.343507] (-) TimerEvent: {}
[336.443850] (-) TimerEvent: {}
[336.544213] (-) TimerEvent: {}
[336.644624] (-) TimerEvent: {}
[336.745580] (-) TimerEvent: {}
[336.846282] (-) TimerEvent: {}
[336.946773] (-) TimerEvent: {}
[337.047486] (-) TimerEvent: {}
[337.148303] (-) TimerEvent: {}
[337.249327] (-) TimerEvent: {}
[337.350254] (-) TimerEvent: {}
[337.451069] (-) TimerEvent: {}
[337.551952] (-) TimerEvent: {}
[337.652640] (-) TimerEvent: {}
[337.753478] (-) TimerEvent: {}
[337.854227] (-) TimerEvent: {}
[337.954793] (-) TimerEvent: {}
[338.055663] (-) TimerEvent: {}
[338.156401] (-) TimerEvent: {}
[338.257286] (-) TimerEvent: {}
[338.358171] (-) TimerEvent: {}
[338.458949] (-) TimerEvent: {}
[338.559894] (-) TimerEvent: {}
[338.660755] (-) TimerEvent: {}
[338.761536] (-) TimerEvent: {}
[338.862213] (-) TimerEvent: {}
[338.962791] (-) TimerEvent: {}
[339.063578] (-) TimerEvent: {}
[339.164354] (-) TimerEvent: {}
[339.264947] (-) TimerEvent: {}
[339.365590] (-) TimerEvent: {}
[339.466267] (-) TimerEvent: {}
[339.566970] (-) TimerEvent: {}
[339.667880] (-) TimerEvent: {}
[339.768785] (-) TimerEvent: {}
[339.869381] (-) TimerEvent: {}
[339.969881] (-) TimerEvent: {}
[340.070788] (-) TimerEvent: {}
[340.171746] (-) TimerEvent: {}
[340.272598] (-) TimerEvent: {}
[340.373627] (-) TimerEvent: {}
[340.474491] (-) TimerEvent: {}
[340.575342] (-) TimerEvent: {}
[340.676293] (-) TimerEvent: {}
[340.777179] (-) TimerEvent: {}
[340.877969] (-) TimerEvent: {}
[340.978459] (-) TimerEvent: {}
[341.079049] (-) TimerEvent: {}
[341.179921] (-) TimerEvent: {}
[341.280756] (-) TimerEvent: {}
[341.381567] (-) TimerEvent: {}
[341.482404] (-) TimerEvent: {}
[341.583121] (-) TimerEvent: {}
[341.684089] (-) TimerEvent: {}
[341.785038] (-) TimerEvent: {}
[341.885922] (-) TimerEvent: {}
[341.986571] (-) TimerEvent: {}
[342.087544] (-) TimerEvent: {}
[342.188234] (-) TimerEvent: {}
[342.289279] (-) TimerEvent: {}
[342.390221] (-) TimerEvent: {}
[342.491168] (-) TimerEvent: {}
[342.591934] (-) TimerEvent: {}
[342.692467] (-) TimerEvent: {}
[342.793274] (-) TimerEvent: {}
[342.894277] (-) TimerEvent: {}
[342.995332] (-) TimerEvent: {}
[343.096363] (-) TimerEvent: {}
[343.197318] (-) TimerEvent: {}
[343.298237] (-) TimerEvent: {}
[343.398986] (-) TimerEvent: {}
[343.499307] (-) TimerEvent: {}
[343.599650] (-) TimerEvent: {}
[343.619074] (px4) StdoutLine: {'line': b'-- Building without demo. To enable demo build use: -DWITH_DEMO=True\n'}
[343.699745] (-) TimerEvent: {}
[343.799941] (-) TimerEvent: {}
[343.820352] (px4) StdoutLine: {'line': b'-- ROS_VERSION: 2\n'}
[343.820465] (px4) StdoutLine: {'line': b'-- AMENT_PREFIX_PATH: /opt/ros/humble\n'}
[343.900022] (-) TimerEvent: {}
[344.000320] (-) TimerEvent: {}
[344.100639] (-) TimerEvent: {}
[344.200850] (-) TimerEvent: {}
[344.301056] (-) TimerEvent: {}
[344.401310] (-) TimerEvent: {}
[344.501618] (-) TimerEvent: {}
[344.601845] (-) TimerEvent: {}
[344.702153] (-) TimerEvent: {}
[344.802408] (-) TimerEvent: {}
[344.902795] (-) TimerEvent: {}
[345.003092] (-) TimerEvent: {}
[345.103445] (-) TimerEvent: {}
[345.186864] (px4) StdoutLine: {'line': b'-- Found ament_cmake_ros: 0.10.0 (/opt/ros/humble/share/ament_cmake_ros/cmake)\n'}
[345.203556] (-) TimerEvent: {}
[345.303894] (-) TimerEvent: {}
[345.404244] (-) TimerEvent: {}
[345.504493] (-) TimerEvent: {}
[345.539679] (px4) StdoutLine: {'line': b'-- Using all available rosidl_typesupport_c: rosidl_typesupport_fastrtps_c;rosidl_typesupport_introspection_c\n'}
[345.604722] (-) TimerEvent: {}
[345.649846] (px4) StdoutLine: {'line': b'-- Using all available rosidl_typesupport_cpp: rosidl_typesupport_fastrtps_cpp;rosidl_typesupport_introspection_cpp\n'}
[345.667789] (px4) StdoutLine: {'line': b'-- Found PythonInterp: /usr/bin/python3.10 (found suitable version "3.10.12", minimum required is "3.6") \n'}
[345.669276] (px4) StdoutLine: {'line': b'-- Found python_cmake_module: 0.10.0 (/opt/ros/humble/share/python_cmake_module/cmake)\n'}
[345.689857] (px4) StdoutLine: {'line': b'-- Found PythonLibs: /usr/lib/x86_64-linux-gnu/libpython3.10.so (found suitable version "3.10.12", minimum required is "3.5") \n'}
[345.689999] (px4) StdoutLine: {'line': b'-- Using PYTHON_EXECUTABLE: /usr/bin/python3.10\n'}
[345.690076] (px4) StdoutLine: {'line': b'-- Using PYTHON_INCLUDE_DIRS: /usr/include/python3.10\n'}
[345.690138] (px4) StdoutLine: {'line': b'-- Using PYTHON_LIBRARIES: /usr/lib/x86_64-linux-gnu/libpython3.10.so\n'}
[345.704863] (-) TimerEvent: {}
[345.705215] (px4) StdoutLine: {'line': b'-- Found PythonExtra: .so  \n'}
[345.805064] (-) TimerEvent: {}
[345.891133] (px4) StdoutLine: {'line': b'-- PX4 SITL .deb version: 1.18.0~beta1-jammy (amd64)\n'}
[345.891275] (px4) StderrLine: {'line': b'\x1b[31mCMake Error at cmake/package.cmake:104 (target_compile_definitions):\n'}
[345.891360] (px4) StderrLine: {'line': b'  target_compile_definitions called with non-compilable target type\n'}
[345.891423] (px4) StderrLine: {'line': b'Call Stack (most recent call first):\n'}
[345.891484] (px4) StderrLine: {'line': b'  CMakeLists.txt:532 (include)\n'}
[345.891544] (px4) StderrLine: {'line': b'\n'}
[345.891607] (px4) StderrLine: {'line': b'\x1b[0m\n'}
[345.905201] (-) TimerEvent: {}
[345.958016] (px4) StdoutLine: {'line': b'-- Configuring incomplete, errors occurred!\n'}
[345.958177] (px4) StdoutLine: {'line': b'See also "/home/duy/VDT_project/build/px4/CMakeFiles/CMakeOutput.log".\n'}
[345.958253] (px4) StdoutLine: {'line': b'See also "/home/duy/VDT_project/build/px4/CMakeFiles/CMakeError.log".\n'}
[345.989263] (px4) JobEnded: {'identifier': 'px4', 'rc': 'SIGINT'}
[345.999910] (-) EventReactorShutdown: {}
